headword,pos,freq_rank
want,n./v.,83
even,adj./v./adv./n.,107
down,adj./adv./prep./n.,118
school,n./v.,125
mean,adj./v./n.,154
group,n./v.,163
hold,n./v.,213
lot,n./v.,238
issue,n./v.,248
meet,n./adj./v.,288
low,n./adj./adv./v.,360
guy,n./v.,364
moment,n.,369
die,v./n.,403
control,n./v.,432
base,n./v./adj.,536
table,n./v.,539
court,n./v.,541
produce,n./v.,542
available,adj.,622
choice,n./adj.,630
husband,n./v.,637
campaign,n./v.,640
defense,n.,657
sport,n./adj./v.,666
subject,n./adj./adv./v.,670
movement,n.,707
significant,adj.,719
response,n.,725
shoot,n./v.,732
stock,n./adj./v.,740
approach,n./v.,750
ready,n./adj./adv./v.,758
list,n./v.,761
individual,n./adj.,762
indicate,v.,785
forward,adj./v./adv.,815
blue,n./adj./v.,842
check,n./v.,854
claim,n./v.,874
remove,v./n.,876
green,n./adj.,890
nice,adj.,897
avoid,v.,908
impact,n./v.,919
contain,v.,931
particular,n./adj.,948
bit,n./v.,952
candidate,n.,957
conference,n.,965
shoulder,n./v.,986
institution,n.,987
bar,n./v.,991
reflect,v.,1004
generation,n.,1026
address,n./v.,1028
beat,n./v./adj.,1036
tend,v.,1039
collection,n.,1045
civil,adj.,1050
budget,n./v./adj.,1054
safe,n./adj.,1058
threat,n.,1066
attorney,n.,1069
score,n./v.,1070
audience,n.,1074
relate,v.,1080
debate,n./v.,1082
assume,v.,1091
fast,adj./adv./n./v.,1096
access,n./v.,1113
release,n./v.,1120
credit,n./v.,1125
critical,adj.,1126
recall,n./v.,1129
original,adj./n.,1135
track,n./v.,1143
plane,n./adj./v.,1150
conduct,n./v.,1162
announce,v.,1163
press,n./v.,1178
conflict,n./v.,1179
feature,n./v.,1190
status,n.,1215
scale,n./v.,1223
handle,n./v.,1238
resident,n./adj.,1254
hide,n./v.,1255
potential,n./adj.,1260
district,n.,1266
contract,n./v.,1269
previous,adj.,1276
band,n./v.,1277
demand,n./v.,1287
vehicle,n.,1293
flight,n./v.,1295
settle,n./v.,1316
promote,v.,1328
principle,n.,1341
survive,v.,1342
associate,n./v.,1354
critic,n.,1355
aspect,n.,1357
demonstrate,v.,1379
religion,n.,1383
document,n./v.,1389
cross,n./adj./v.,1391
commit,v.,1394
perspective,n./adj.,1412
context,n.,1427
extend,v.,1445
category,n.,1461
academic,adj./n.,1465
contact,n./v.,1480
appropriate,adj.,1493
studio,n.,1515
application,n.,1519
lean,n./adj./v.,1520
abuse,n./v.,1540
assessment,n.,1552
expand,v.,1572
corporate,adj.,1579
planet,n.,1592
panel,n./v.,1607
weather,n./adj./v.,1614
supreme,n./adj.,1618
poll,n./v./adj.,1623
proposal,n.,1625
consequence,n.,1626
adopt,v.,1632
code,n./v.,1648
acknowledge,v.,1654
prime,n./adj./v.,1667
revenue,n.,1681
obvious,adj.,1689
generate,v.,1692
trend,n./v.,1697
muscle,n.,1713
capture,n./v.,1715
emergency,n.,1725
unique,adj.,1726
ethnic,adj.,1729
content,n./adj./v.,1732
appreciate,v.,1738
file,n./v.,1745
ensure,v.,1754
catholic,n./adj.,1757
component,n./adj.,1760
contrast,n./v.,1762
zone,n./v.,1763
pilot,n./v./adj.,1772
pursue,v.,1785
soil,n./v.,1791
criterion,n.,1799
investigate,v.,1802
eliminate,v.,1838
regime,n.,1848
confirm,v.,1851
appeal,n./v.,1852
smart,adj./n./v.,1856
perception,n.,1866
confidence,n.,1870
separate,n./adj./v.,1892
stir,n./v.,1899
tear,n./v.,1905
grant,n./v.,1907
stretch,n./adj./v.,1915
cite,v.,1932
initial,n./adj./v.,1943
oppose,v.,1945
multiple,n./adj.,1948
essential,n./adj.,1949
witness,n./v.,1970
limited,adj./n.,1982
faculty,n.,1985
waste,n./adj./v.,1986
enormous,adj.,1994
massive,adj.,1996
decline,n./v.,2000
rural,adj.,2006
legislation,n.,2017
accuse,v.,2024
characteristic,n./adj.,2032
milk,n./v.,2033
cast,n./v.,2035
convince,v.,2039
assess,v.,2042
addition,n.,2048
guilty,adj.,2061
compete,v.,2065
illegal,adj.,2071
interaction,n.,2075
curriculum,n.,2077
signal,n./v./adj.,2078
asset,n.,2094
depression,n.,2095
spiritual,adj./n.,2096
suspect,n./adj./v.,2100
definition,n.,2110
priority,n.,2112
request,n./v.,2116
agenda,n.,2130
initiative,n./adj.,2138
arrest,n./v.,2140
purchase,n./v.,2149
chip,n./v.,2159
comparison,n.,2166
opponent,n./adj.,2181
abandon,v./n.,2182
tension,n./v.,2186
bend,v./n.,2194
desert,n./adj./v.,2196
transition,n.,2212
consistent,adj.,2225
exposure,n.,2229
pose,n./v.,2230
stream,n./v.,2231
coalition,n.,2241
quote,n./v.,2255
pack,n./v.,2273
numerous,adj.,2275
substance,n.,2277
discipline,n./v.,2278
implement,n./v.,2285
gene,n.,2287
adjust,v.,2300
dominate,v.,2312
transfer,n./v.,2315
analyze,v.,2316
attach,v.,2320
disaster,n.,2321
prospect,n./v.,2323
championship,n.,2326
fundamental,n./adj.,2328
severe,adj.,2330
enhance,v.,2331
impose,v.,2334
entry,n.,2338
accomplish,v.,2345
illustrate,v.,2348
evaluation,n.,2354
concentrate,n./v.,2358
peak,n./adj./v.,2364
missile,n./adj.,2367
commission,n./v.,2379
constant,n./adj.,2386
veteran,n./adj.,2389
toss,n./v.,2396
crucial,adj.,2397
deficit,n.,2403
objective,n./adj.,2406
reputation,n.,2411
confront,v.,2415
glance,n./v.,2417
toy,n./adj./v.,2418
dimension,n./v.,2420
smooth,adj./v./n.,2422
peer,n./v.,2424
personnel,n.,2425
designer,n.,2426
implication,n.,2434
accompany,v.,2438
flag,n./v.,2444
whisper,n./v.,2446
swing,n./v./adj.,2453
permanent,adj./n.,2464
embrace,n./v.,2473
construct,v./n.,2477
pan,n./v.,2479
secure,adj./v.,2489
buck,n./v./adj.,2493
enterprise,n.,2499
stomach,n./v.,2503
install,v.,2505
sensitive,adj.,2506
recipe,n.,2509
elementary,adj.,2511
aggressive,adj.,2514
diversity,n.,2531
impression,n.,2537
respondent,adj./n.,2538
negotiate,v.,2541
restore,v.,2543
substantial,n./adj.,2544
conventional,adj.,2554
shell,n./v.,2560
deputy,n.,2568
brand,n./v.,2570
assure,v.,2571
criteria,n.,2574
clinical,adj.,2584
wage,n./v.,2586
ingredient,n.,2590
stake,n./v.,2591
refugee,n.,2599
incorporate,adj./v.,2600
ultimate,n./adj.,2601
assumption,n.,2606
gear,n./v.,2607
barrier,n.,2609
provision,n./v.,2612
advocate,n./v.,2623
draft,n./v.,2624
pregnant,adj.,2629
distant,adj.,2630
spin,n./v.,2644
testimony,n.,2661
ceremony,n.,2670
communicate,v.,2672
profile,n./v.,2676
mechanism,n.,2677
penalty,n.,2680
resort,n./v.,2684
tissue,n.,2688
constitutional,adj.,2689
infection,n.,2692
cabinet,n./adj.,2693
virus,n.,2701
dispute,n./v.,2705
encounter,n./v.,2712
genetic,adj.,2721
retain,v.,2724
incentive,n./adj.,2726
ken,n.,2727
accurate,adj.,2728
elite,n.,2735
square,n./adj./adv./v.,2747
strip,n./v.,2754
scenario,n.,2756
champion,n./v./adj.,2758
tournament,n.,2761
tremendous,adj.,2768
guarantee,n./v.,2774
bench,n.,2782
withdraw,v.,2786
testify,v.,2790
mode,n.,2793
founder,n./v.,2800
diverse,adj.,2813
evolve,v.,2821
justify,v.,2834
protest,n./v.,2835
treaty,n.,2836
craft,n./v.,2839
episode,n.,2846
fault,n./v.,2849
tire,n./v.,2850
considerable,adj.,2855
intellectual,n./adj.,2857
characterize,v.,2859
assault,n./v.,2860
license,n./v.,2872
shelter,n./v.,2874
entrance,n./v.,2877
fade,v./n./adj.,2882
tragedy,n.,2883
constitute,v.,2887
alter,v.,2889
squeeze,n./v.,2891
mask,n./v.,2893
convert,n./v.,2895
comprehensive,adj.,2896
prominent,adj.,2897
presentation,n.,2898
pretend,v.,2905
violate,v.,2909
split,n./adj./v.,2910
vital,adj.,2916
distinction,n.,2921
segment,n./v.,2922
adapt,v.,2933
correspondent,n.,2934
vessel,n.,2940
distribute,v.,2944
vulnerable,adj.,2955
celebrity,n.,2960
fantasy,n.,2964
plot,n./v.,2967
gesture,n./v.,2969
psychology,n.,2972
slight,n./adj./v.,2982
sustain,v.,2986
obligation,n.,2988
scheme,n./v.,3007
crack,n./v./adj./adv.,3008
frequency,n.,3009
galaxy,n.,3016
admission,n.,3031
infant,n./adj.,3037
uniform,n./adj.,3043
formation,n.,3045
scandal,n.,3052
humor,n./v.,3057
fabric,n.,3059
contest,n./v.,3062
rifle,n./v.,3065
conviction,n.,3066
maintenance,n.,3067
sophisticated,adj.,3077
cow,n./v.,3078
nerve,n./v.,3083
controversial,adj.,3090
desperate,adj.,3091
narrative,n./adj.,3097
sufficient,adj.,3099
modest,adj.,3101
scope,n.,3107
stroke,n./v.,3108
prompt,n./adj./v./adv.,3114
absorb,v.,3120
principal,n./adj.,3124
overlook,v./n.,3139
assert,v.,3147
blade,n.,3148
pitch,n./v.,3157
pine,n./v.,3158
chef,n.,3164
absolute,adj./n.,3165
offensive,adj.,3168
boom,n./v.,3171
appoint,v.,3172
dominant,adj.,3174
submit,v.,3184
anticipate,v.,3187
legacy,n.,3189
shrug,n./v.,3191
legitimate,adj./v.,3195
cluster,n./v.,3200
depict,v.,3205
collapse,n./v.,3212
mortgage,n./v.,3215
sanction,n./v.,3217
civilian,n./adj.,3219
habitat,n.,3221
grain,n./v.,3222
ethics,n.,3231
odds,n.,3239
medium,n./adj.,3241
discourse,n./v.,3253
distinct,adj.,3254
ugly,adj./n.,3262
portray,v.,3263
subsequent,adj.,3267
frequent,adj./v.,3272
ban,n./v.,3273
admire,v.,3277
miracle,n.,3279
exceed,v.,3281
script,n./v.,3286
charity,n.,3287
tactic,n./adj.,3288
adequate,adj.,3297
piano,n.,3299
margin,n./v.,3308
concrete,n./adj./v.,3310
prescription,n.,3311
chase,n./v.,3312
recruit,n./v.,3314
patch,n./v.,3316
consensus,n.,3317
gaze,n./v.,3327
reinforce,v./n.,3329
swear,v./n.,3330
slice,n./v.,3333
occupation,n.,3334
sacred,adj.,3338
formula,n.,3340
exact,adj./v.,3341
attribute,n./v.,3346
defendant,n.,3356
grave,n./adj./v.,3358
lap,n./v.,3359
architect,n.,3365
inquiry,n.,3367
rail,n./v.,3373
hypothesis,n.,3377
compose,v.,3379
legend,n.,3383
regulate,v.,3384
adolescent,adj./n.,3386
norm,n.,3387
reward,n./v.,3392
gentle,adj.,3393
ritual,n./adj.,3404
salmon,n.,3406
interrupt,v./n.,3407
combat,n./v.,3412
surgeon,n.,3413
stem,n./v.,3414
log,n./v.,3423
compound,n./adj./v.,3428
bare,adj./v.,3430
integrate,v./adj.,3431
rent,n./v./adj.,3433
subtle,adj.,3435
medal,n./v.,3451
integrity,n.,3464
entitle,v.,3465
exclude,v.,3470
harsh,adj.,3471
closet,n./adj./v.,3473
pitcher,n.,3478
retail,n./adj./v.,3479
fold,n./v.,3493
reverse,n./adj./v.,3497
elbow,n./v.,3512
dose,n./v.,3523
initiate,n./adj./v.,3524
plead,v.,3525
trunk,n./v./adj.,3533
swallow,n./v.,3535
render,v./n.,3537
companion,n./v.,3547
plain,n./adj./adv.,3549
fraud,n.,3551
contend,v.,3552
array,n./v.,3554
assemble,v.,3557
facilitate,v.,3568
obstacle,n.,3569
rip,n./v.,3572
recession,n.,3576
pen,n./v.,3583
nightmare,n.,3586
inspection,n.,3588
arena,n.,3590
drain,n./v.,3601
prosecution,n.,3605
bacteria,n.,3611
privilege,n./v.,3612
random,n./adj./adv.,3619
wrist,n.,3624
domain,n.,3627
guilt,n.,3628
weird,adj./n.,3632
fiscal,adj.,3635
skirt,n./v.,3637
execute,v.,3642
limb,n./v.,3643
ideology,n.,3644
endure,v.,3650
horn,n./adj./v.,3653
chronic,adj./n.,3654
innovation,n.,3657
trigger,n./v.,3666
amendment,n.,3667
grateful,adj.,3672
colony,n.,3673
virtual,adj.,3675
convict,n./v.,3678
indigenous,adj.,3679
modify,v.,3685
boost,n./v.,3691
undermine,v.,3697
ballot,n./v.,3706
rhetoric,n.,3713
accommodate,v.,3717
mandate,n./v.,3724
chaos,n.,3727
mechanical,adj.,3729
canvas,n.,3732
profound,adj.,3735
lobby,n./v.,3736
trait,n.,3737
apologize,v.,3739
reserve,n./v.,3740
beam,n./v.,3741
doctrine,n.,3746
genuine,adj.,3747
compromise,n./v.,3751
exclusive,adj.,3753
scatter,n./v.,3754
convey,v.,3756
suspicion,n.,3762
signature,n.,3773
suspend,v.,3775
resume,v./n.,3780
theoretical,adj.,3781
pension,n./v.,3785
delicate,adj.,3787
carve,v.,3803
needle,n./v.,3804
scare,n./v.,3807
portfolio,n.,3809
shuttle,n./v.,3810
transaction,n.,3813
rescue,n./v.,3815
counterpart,n.,3816
rider,n.,3824
precise,adj.,3826
carbohydrate,n.,3831
diagnose,v.,3832
poster,n.,3834
liberty,n.,3835
determination,n.,3846
donor,n.,3847
jazz,n./adj./v.,3848
pastor,n.,3850
equity,n.,3863
decent,adj.,3878
endorse,v.,3884
feedback,n.,3888
spectrum,n.,3893
expertise,n.,3898
realm,n.,3911
constitution,n.,3917
recipient,adj./n.,3919
peel,n./v.,3920
flip,v./n./adj.,3922
metaphor,n.,3927
judicial,adj.,3930
entity,n.,3932
diplomatic,adj.,3940
minimize,v.,3941
confess,v.,3950
casual,adj./n.,3955
gravity,n.,3956
intent,n./adj.,3961
isolate,v./n.,3963
inventory,n./v.,3967
magnitude,n.,3971
steep,n./adj./v.,3973
dynamic,adj./n.,3978
equation,n.,3982
rage,n./v.,3984
artificial,adj.,4003
descend,v.,4006
abstract,adj./n./v.,4007
readily,adv.,4013
cooperate,v.,4015
continent,n./adj.,4022
circuit,n.,4023
scan,n./v.,4031
verbal,adj.,4037
import,n./v.,4050
sentiment,n.,4051
divine,adj./n.,4052
oversee,v.,4055
inspiration,n.,4058
mate,n./v.,4061
quest,n./v.,4067
sacrifice,n./v.,4068
bid,n./v.,4069
broker,n.,4073
accuracy,n.,4076
stiff,adj./n./v.,4084
diabetes,n.,4089
toxic,adj.,4090
grief,n.,4092
donate,v.,4095
tackle,n./v.,4096
dignity,n.,4100
bubble,n./v.,4104
barn,n.,4108
specialize,v.,4111
dilemma,n.,4118
liability,n.,4121
ancestor,n.,4137
condemn,v.,4138
costume,n.,4152
statute,n.,4153
grin,n./v.,4154
cartoon,n./v.,4155
productivity,n.,4158
hostile,adj./n.,4163
conceive,v.,4169
vaccine,n./adj.,4173
spite,n./v.,4179
revelation,n.,4184
concede,v.,4192
spectacular,adj./n.,4196
sheer,adj./v./adv./n.,4198
immune,adj./n.,4200
exotic,adj./n.,4205
clip,n./v.,4208
intimate,adj./v./n.,4217
secular,n./adj.,4219
tender,adj./v./n.,4225
flexible,adj.,4227
conspiracy,n.,4229
casualty,n.,4230
functional,adj.,4233
verdict,n.,4245
manipulate,v.,4248
cooperative,adj.,4249
loop,n./v.,4250
practitioner,n.,4251
subsidy,n.,4252
mushroom,n./v./adj.,4256
jar,n./v.,4262
utilize,v.,4264
underlying,adj.,4265
sock,n./v./adv./adj.,4277
entrepreneur,n.,4279
syndrome,n.,4281
metropolitan,n./adj.,4293
dissolve,v.,4295
aesthetic,adj.,4296
spell,n./v.,4299
insert,n./v.,4301
helmet,n./v.,4303
panic,n./adj./v.,4310
cord,n.,4314
illusion,n.,4317
anonymous,adj.,4318
scramble,n./v.,4326
decorate,v.,4327
equivalent,n./adj.,4330
pulse,n./v.,4331
momentum,n.,4335
sibling,n.,4337
irony,n.,4338
rival,n./adj.,4346
punch,n./v.,4348
icon,n.,4354
shed,n./v.,4356
purse,n./v.,4358
foster,adj./v.,4359
liquid,n./adj.,4360
legislature,n.,4361
filter,n./v.,4370
heal,v.,4371
exploit,n./v.,4374
organism,n.,4375
accessible,adj.,4377
sensation,n.,4378
shove,n./v.,4384
charter,n./v.,4386
reminder,n.,4390
consent,n./v.,4391
unprecedented,adj.,4401
preliminary,n./adj.,4404
patent,n./adj./v.,4405
gross,n./adj./v.,4409
texture,n.,4413
damn,n./int./v.,4414
hormone,n.,4416
disclose,v.,4420
custody,n.,4422
oak,n./adj.,4423
outline,n./v.,4429
innovative,adj.,4435
mill,n./v.,4439
tag,n./v.,4442
catalog,n./v.,4443
fleet,n./adj./adv./v.,4446
stance,n.,4447
vertical,adj.,4448
compel,v.,4449
sensitivity,n.,4452
proclaim,v.,4454
debut,n./v.,4455
hike,n./v.,4456
sack,n./v.,4467
inherit,v.,4471
shrink,n./v.,4474
rational,adj./n.,4481
envision,v.,4483
protocol,n./v.,4485
terrain,n.,4492
genre,n.,4496
distract,v.,4498
depressed,adj.,4499
merit,n./v.,4501
chunk,n.,4502
discount,n./v.,4504
invade,v.,4510
hurricane,n.,4512
coup,n.,4514
classify,v.,4515
aggression,n.,4521
dealing,n.,4521
stimulus,n.,4525
boast,n./v.,4534
unfold,v.,4541
weed,n./v.,4545
partial,adj./n.,4546
compliance,n.,4547
collar,n./v.,4548
streak,n./v.,4552
glimpse,n./v.,4555
premise,n./v.,4556
artifact,n.,4559
mentor,n.,4561
memorial,n./adj.,4564
rib,n./v.,4568
debris,n.,4572
commodity,n.,4581
cemetery,n.,4589
striking,adj.,4594
toll,n./v.,4599
suspicious,adj.,4603
cling,v.,4605
eligible,adj./n.,4608
plunge,n./v.,4610
rally,n./v.,4619
steer,v./n.,4623
outlet,n.,4624
vendor,n.,4625
intact,adj.,4626
thrive,v.,4628
elaborate,adj./v.,4630
auction,n./v.,4632
conception,n.,4636
comply,v.,4637
triumph,n./v.,4638
transport,n./v.,4640
conscience,n.,4641
constraint,n.,4643
feminist,n.,4648
bacterium,n.,4650
jurisdiction,n.,4651
butt,n.,4657
bulk,n./v.,4660
mortality,n.,4662
harmony,n.,4669
tolerance,n.,4670
mobile,adj./n.,4686
deposit,n./v.,4692
brake,n./v.,4693
impulse,n./v.,4695
brutal,adj.,4697
forbid,v.,4698
predator,n.,4699
poke,n./v.,4702
forum,n.,4705
soar,n./v.,4707
enact,v.,4710
autonomy,n.,4712
thread,n./v.,4714
landmark,n.,4715
fraction,n.,4719
distinctive,adj.,4723
fragile,adj.,4733
exhaust,n./v.,4734
objection,n.,4737
blast,n./v.,4739
prevail,v.,4741
fragment,n.,4744
screw,n./v.,4750
projection,n.,4755
drill,n./v.,4760
mansion,n.,4761
canyon,n.,4767
charm,n./v.,4768
loyal,adj.,4770
clay,n.,4771
balloon,n./v.,4774
molecule,n.,4785
retreat,n./v.,4787
favorable,adj.,4790
accountability,n.,4799
premium,n.,4801
contemplate,v.,4802
overwhelm,v.,4804
spark,n./v.,4805
fatigue,n./v./adj.,4806
speculate,v.,4809
bucket,n.,4812
preach,v./n.,4814
marble,n./adj.,4819
surveillance,n.,4825
explicit,adj.,4826
soak,n./v.,4835
transmit,v.,4836
mutter,n./v.,4837
slot,n./v.,4842
coordinate,n./adj./v.,4847
riot,n./v.,4848
nutrient,adj./n.,4849
sovereignty,n.,4852
ridge,n.,4853
frustrate,v./adj.,4856
articulate,adj./v.,4865
swell,n./adj./v.,4867
cue,n./v.,4874
hazard,n./v.,4876
compelling,adj.,4879
vague,adj.,4885
convenience,n.,4892
timber,n./v.,4896
bolt,n./v./adv.,4899
bulb,n.,4901
cargo,n.,4905
dock,n./v.,4912
boring,adj.,4915
marine,n./adj.,4916
summary,n./adj.,4917
epidemic,n./adj.,4919
trim,n./adj./v.,4920
fatal,adj.,4921
warehouse,n./v.,4922
accelerate,v.,4925
creek,n.,4931
dictate,v./n.,4933
stereotype,n./v.,4936
plaintiff,n.,4939
pistol,n./v.,4943
bore,n./v.,4946
retrieve,v./n.,4952
tribute,n.,4953
bizarre,adj.,4957
nominate,v.,4958
devise,v./n.,4960
anchor,n./v.,4961
bargain,n./v.,4962
extract,n./v.,4971
betray,v.,4974
consistency,n.,4975
bureaucracy,n.,4976
critique,n.,4982
compassion,n.,4986
awkward,adj.,4992
militia,n.,4998
composer,n.,4999
authentic,adj.,5000
concession,n.,5001
tenure,n.,5004
dome,n./v.,5005
haunt,n./v.,5014
sheriff,n.,5016
evoke,v.,5018
surrender,v./n.,5024
scar,n./v.,5026
variance,n.,5027
surge,n./v.,5029
commentary,n.,5032
imperial,adj./n.,5035
compensate,v.,5037
hover,v./n.,5041
stunning,adj.,5045
viable,adj.,5049
clarify,v.,5050
strive,v.,5062
tilt,n./v.,5070
medieval,adj.,5073
advocacy,n.,5074
monetary,adj.,5077
antibiotic,n./adj.,5080
prosperity,n.,5082
accumulate,v.,5083
prosecute,v.,5089
intervene,v.,5091
glow,n./v.,5092
embody,v.,5093
dull,adj./v.,5094
raid,n./v.,5096
crown,n./v.,5097
fake,n./adj./v.,5098
creep,n./v.,5099
crab,n./v.,5100
manuscript,n./adj.,5114
mandatory,adj.,5119
advertise,v.,5124
stun,v./n.,5131
devoted,adj.,5132
mature,adj./v.,5133
affection,n.,5137
stamp,n./v.,5139
conceal,v.,5148
kidney,n.,5152
solo,n./adj./v.,5164
leak,n./v.,5165
greenhouse,n.,5166
expenditure,n.,5170
herd,n./v.,5174
passionate,adj.,5175
probe,n./v.,5178
competence,n.,5191
supplement,n./v.,5192
distress,n./v./adj.,5194
pledge,n./v.,5198
paradigm,n.,5201
appetite,n.,5205
hierarchy,n.,5206
offend,v.,5207
hostility,n.,5211
spectator,n.,5215
litigation,n.,5216
choke,v./n.,5223
ensemble,n.,5224
pesticide,n.,5225
delegate,n./v.,5227
affordable,,5234
prejudice,n./v.,5235
designate,v./adj.,5240
robe,n./v.,5241
cult,n.,5245
diameter,n.,5253
enlist,v.,5254
acute,adj.,5255
predecessor,n.,5256
induce,v.,5257
rookie,n.,5259
juvenile,n./adj.,5261
torture,n./v.,5272
chorus,n./v.,5274
comic,n./adj.,5277
revive,v.,5278
revenge,n./v.,5280
reside,v.,5284
empirical,adj.,5285
lure,n./v.,5288
compile,v.,5289
erupt,v.,5291
loom,n./v.,5292
notable,n./adj.,5293
witch,n./v.,5294
cane,n./v.,5299
forge,n./v.,5304
disrupt,adj./v.,5307
specialized,adj.,5310
desirable,adj.,5313
remains,n.,5315
alert,adj./n./v.,5318
allege,v.,5319
hut,n./v.,5321
attain,v.,5323
urgent,adj.,5330
choir,n./v.,5331
insider,n.,5334
confine,v./n.,5337
orthodox,adj.,5340
strand,n./v.,5344
orchestra,n.,5347
grim,adj.,5348
drought,n.,5353
uphold,v.,5354
hazardous,adj.,5358
bin,n.,5370
grind,n./v.,5372
vanilla,n.,5374
prescribe,v.,5375
graphic,adj.,5381
circulation,n.,5384
explosive,n./adj.,5387
illuminate,v.,5388
penetrate,v.,5392
grill,n./v.,5395
innocence,n.,5397
parameter,n.,5398
flaw,n.,5399
optimism,n.,5401
posture,n./v.,5406
rehearsal,n.,5413
invoke,v.,5414
discard,v./n.,5416
restraint,n.,5419
abundance,n.,5425
duration,n.,5426
proposition,n./v.,5428
portable,adj.,5441
clarity,n.,5443
verse,n./v.,5446
trophy,n./v.,5448
ironic,adj.,5450
rattle,v./n.,5452
descent,n.,5454
startle,n./v.,5455
gorgeous,adj.,5457
tease,n./v.,5458
gospel,n.,5461
rigid,adj.,5469
rotate,adj./v.,5483
magnificent,adj.,5493
scrape,n./v.,5494
prey,n./v.,5502
audit,n./v.,5503
bump,n./v.,5504
applicant,n.,5512
nurture,n./v.,5533
vivid,adj.,5539
tenant,n./v.,5543
omit,v.,5550
obsession,n.,5558
certainty,n.,5560
damp,n./adj./v.,5562
nutrition,n.,5563
melody,n.,5565
distinguished,adj.,5567
maple,n.,5571
memoir,n.,5572
cultivate,v.,5574
luxury,n./adj.,5575
disposal,n.,5580
defy,v./n.,5583
scrap,n./v./adj.,5594
axis,n.,5598
applause,n.,5599
suitcase,n.,5600
dual,adj./n.,5602
supervise,v.,5603
precede,v.,5604
shield,n./v.,5606
aspiration,n.,5607
substitute,n./v./adj.,5613
calcium,n.,5615
quantum,n.,5616
gravel,n.,5620
eternal,adj.,5626
collision,n.,5633
verify,v.,5634
encompass,v.,5635
faction,n.,5641
skillet,n.,5643
immense,adj.,5645
instrumental,adj.,5653
aftermath,n.,5655
crust,n./v.,5659
millennium,n.,5666
mosquito,n.,5667
unconscious,adj.,5668
divert,v.,5673
passive,adj.,5680
outrage,n./v.,5684
monopoly,n.,5686
summon,v.,5691
optional,adj.,5692
dangle,v./n.,5695
breed,n./v.,5698
haven,n./v.,5699
mobility,n.,5701
jerk,n./v.,5703
affirm,v.,5714
sip,n./v.,5716
span,n./v.,5718
linger,v.,5721
applaud,v.,5722
harbor,n./v.,5726
dim,adj./v.,5733
injection,n.,5734
presume,v.,5740
excess,n./adj.,5741
constituent,n./adj.,5746
antique,n./adj.,5748
wit,n.,5755
fabulous,adj.,5757
resignation,n.,5762
deed,n./v.,5766
closure,n./v.,5773
erase,v.,5776
terminal,n./adj.,5777
amateur,n.,5795
mosque,n.,5801
linear,adj.,5802
worship,n./v.,5808
resentment,n.,5813
justification,n.,5816
niche,n./v.,5822
revise,n./v.,5829
bark,n./v.,5831
fascinate,v.,5834
stab,n./v.,5835
generator,n.,5836
parallel,n./adj./v.,5840
underscore,v./n.,5841
prop,n./v.,5845
incidence,n.,5847
fulfil,v.,5849
corrupt,adj./v.,5850
specimen,n.,5851
obscure,adj./v.,5853
wan,adj./v.,5854
bout,n.,5865
spatial,adj.,5869
matrix,n.,5874
cone,n./v.,5878
stroll,n./v.,5880
integral,n./adj.,5882
transparent,adj.,5884
circulate,v.,5888
forecast,n./v.,5890
maximize,v.,5895
absurd,adj./n.,5901
thrust,n./v.,5904
temptation,n.,5906
analogy,n.,5913
inhabitant,n.,5914
intensify,v.,5921
sway,n./v.,5924
upgrade,n./adv./v.,5927
manifest,n./adj./v.,5931
flush,n./adj./adv./v.,5935
align,v.,5939
mighty,n./adj./adv.,5943
defect,n.,5946
subjective,adj.,5947
valve,n./v.,5952
owl,n.,5953
petition,n./v.,5959
artery,n.,5962
static,n./adj.,5963
curator,n.,5964
humble,adj./v.,5970
gum,n./v.,5971
fishery,n.,5973
thesis,n.,5974
cosmic,adj.,5978
qualified,adj.,5981
ponder,v.,5982
complicate,v.,5983
denounce,v.,5987
lounge,n./v.,5990
credible,adj.,5991
warrant,n./v.,5999
horizontal,n./adj.,6000
mattress,n.,6001
exceptional,adj.,6002
wary,adj.,6004
saturated,adj.,6006
embed,v.,6007
linen,n./adj.,6009
gallon,n.,6013
elevate,v.,6022
loosen,v.,6023
lottery,n.,6027
chore,n.,6028
fringe,n./v./adj.,6029
hedge,n./v./adj.,6032
lease,n./v.,6035
murmur,n./v.,6039
gauge,n./v.,6046
census,n./v.,6047
inhabit,v.,6052
quota,n.,6055
stride,n./v.,6056
excerpt,n./v.,6058
miniature,n./adj.,6061
oversight,n.,6063
snatch,n./v.,6071
accord,n./v.,6075
perch,n./v.,6081
shrine,n./v.,6082
albeit,conj.,6086
mold,n./v.,6087
addict,v./n.,6091
marginal,adj.,6094
hail,n./v./int.,6105
garment,n.,6112
naive,adj.,6114
exert,v.,6115
arctic,adj./n.,6116
certification,n.,6117
boulder,n.,6122
cereal,n./adj.,6122
fracture,n./v.,6123
sensible,adj.,6126
tract,n.,6133
descendant,n./adj.,6138
lump,n./v.,6139
scarf,n./v.,6140
clash,n./v.,6143
mammal,n.,6146
multiply,v.,6148
configuration,n.,6153
notorious,adj.,6155
compost,n./v.,6156
lethal,adj./n.,6159
entail,v./n.,6162
swirl,n./v.,6166
heir,n.,6177
offset,n./v.,6179
affiliation,n.,6180
asteroid,n./adj.,6181
straightforward,adj.,6187
meditation,n.,6196
overturn,n./v.,6200
compact,adj./v.,6203
empower,v.,6207
flourish,v./n.,6209
solidarity,n.,6213
discharge,v./n.,6214
detection,n.,6216
saddle,n./v.,6217
lasting,adj./n.,6220
occurrence,n.,6221
partisan,n./adj.,6222
abundant,adj.,6223
prone,adj.,6224
formidable,adj.,6229
hammer,n./v.,6231
burial,n.,6234
vigorous,adj.,6236
surplus,n./adj.,6243
poise,n./v.,6244
marital,adj.,6246
vicious,adj.,6247
pharmaceutical,adj./n.,6268
prototype,n.,6270
emit,v.,6273
acquaintance,n.,6274
contempt,n.,6277
efficacy,n.,6281
anthropologist,n.,6282
ample,adj.,6289
exclaim,v.,6297
den,n.,6303
adverse,adj.,6307
provincial,n./adj.,6308
exaggerate,v.,6312
pastry,n.,6315
arch,n./v./adj.,6326
chuckle,n./v.,6334
swamp,n./v.,6335
deliberate,adj./v.,6343
bait,n./v.,6346
oath,n.,6353
embargo,n./v.,6354
erect,adj./v.,6356
implant,v./n.,6359
deficiency,n.,6360
blur,v.,6364
fertilizer,n.,6367
glare,n./v.,6371
squint,n./adj./v.,6372
differentiate,v.,6387
collaborate,v.,6388
remnant,n./adj.,6394
cement,n./v.,6395
communal,adj.,6398
cuisine,n.,6403
interference,n.,6409
spoil,n./v.,6411
maturity,n.,6413
devastate,v.,6414
clause,n.,6415
navigate,v.,6416
committed,adj.,6417
robust,adj.,6419
accessory,n./adj.,6429
resent,v.,6430
terrace,n./adj./v.,6431
petty,adj.,6435
temper,n./v.,6436
blossom,n./v.,6437
obsessed,adj.,6440
generic,adj.,6445
prestigious,adj.,6451
massacre,n./v.,6457
spur,n./v.,6458
trench,n./v.,6459
deviation,n.,6460
whistle,n./v.,6463
governance,n.,6467
insane,adj.,6471
roster,n.,6473
skeleton,n./adj.,6474
spawn,n./v.,6476
inflict,v.,6479
marked,adj.,6481
indict,v.,6483
muddy,adj./v.,6484
trio,n.,6491
ferry,n.,6492
turmoil,n.,6502
sustained,adj.,6509
rite,n.,6510
offspring,n.,6511
orient,n./adj./v.,6514
archive,v./n.,6515
adhere,v.,6516
amenity,n.,6516
receipt,n./v.,6517
pillar,n.,6521
artillery,n.,6538
retention,n.,6542
relevance,n.,6543
postpone,v.,6545
motif,n.,6546
contention,n.,6547
velocity,n.,6557
reconcile,v.,6560
compartment,n.,6561
hub,n.,6564
asthma,n.,6569
fury,n.,6574
spontaneous,adj.,6576
perimeter,n.,6584
brochure,n.,6585
manifestation,n.,6590
brace,n./v.,6591
flock,n./v.,6596
rivalry,n.,6597
firearm,n.,6598
sermon,n.,6599
volatile,adj./n.,6603
hurdle,n./v.,6611
sturdy,adj.,6613
definitive,n./adj.,6616
propel,v.,6618
distort,v.,6622
scoop,n./v.,6624
swift,n./adj./adv.,6627
nil,n.,6632
stalk,n./v.,6634
intimidate,v.,6635
verge,n./v.,6637
plague,n./v.,6638
batch,n./v.,6640
lace,n./v.,6642
deter,v.,6645
expire,v.,6647
catastrophe,n.,6648
adjacent,adj.,6649
withhold,v.,6650
ivory,n./adj.,6654
coincide,v.,6656
stark,adj./adv.,6659
lucrative,adj.,6660
transcend,v.,6661
rag,n./v.,6662
escort,n./v.,6668
stall,n./v.,6674
elicit,v.,6680
pact,n.,6682
hull,n./v.,6683
oblige,v.,6685
bust,n./v.,6688
signify,v.,6690
prestige,n.,6691
bolster,n./v.,6692
linguistic,adj.,6695
vibrant,adj.,6697
backdrop,n.,6700
stain,n./v.,6708
imminent,adj.,6712
foil,n./v.,6713
bearing,n.,6720
animated,adj.,6729
enduring,adj.,6731
curb,n./v.,6733
implicit,adj.,6734
conquer,v.,6737
crouch,n./v.,6738
dictator,n.,6740
therapeutic,adj.,6743
inhale,v.,6746
circular,adj.,6749
siren,n./adj./v.,6750
weary,adj./v.,6761
allocate,v.,6763
lush,adj./n./v.,6765
mourn,v.,6768
charitable,adj.,6772
siege,n./v.,6774
paradox,n.,6775
barbecue,n./v.,6778
definite,adj.,6780
preside,v.,6781
discriminate,v.,6782
displace,v.,6789
marsh,n./adj.,6794
polar,adj./n.,6795
solitary,n./adj.,6798
slump,n./v.,6804
remainder,n./v./adj.,6805
pending,adj./prep.,6809
badge,n.,6814
void,n./adj.,6815
granite,n.,6819
restrain,v.,6825
beverage,n.,6831
premiere,v./n./adj.,6832
mimic,adj./n./v.,6833
pierce,v.,6839
hybrid,n./adj.,6840
indulge,v.,6841
pest,n.,6842
interim,adj./n.,6845
flick,n./v.,6850
serial,n./adj.,6852
dwarf,n./v.,6855
surpass,v.,6859
contradict,v.,6863
muscular,adj.,6864
landfill,n.,6865
commute,v.,6867
temporal,adj./n.,6868
pluck,n./v.,6870
lunar,adj.,6871
discrepancy,n.,6872
utter,adj./v.,6873
sincere,adj.,6875
demise,n./v.,6878
chant,n./v.,6880
premature,adj./n.,6883
tout,v./n.,6885
crater,n.,6886
clown,n.,6889
ditch,n./v.,6890
loaf,n./v.,6892
cushion,n./v.,6893
comprehend,v.,6899
dispose,v.,6900
squirrel,n./v.,6904
royalty,n.,6908
superb,adj.,6911
responsive,adj.,6912
evacuate,v.,6917
squash,n./v.,6923
affiliate,v.,6929
elusive,adj.,6930
dodge,v./n.,6931
immunity,n.,6941
reliance,n.,6942
nucleus,n.,6944
cater,v.,6945
tornado,n.,6951
conform,v.,6957
cuff,n./v.,6960
bud,n./v.,6961
withstand,v.,6972
earring,n.,6973
expel,v.,6975
extinction,n.,6977
apparatus,n.,6978
slack,n./adj./adv./v.,6983
lumber,n./v.,6984
benign,adj.,6988
dedication,n.,6990
kidnap,v.,6993
apt,adj.,6999
earnest,n./adj.,7000
coherent,adj.,7004
staple,n./adj./v.,7008
plaque,n.,7009
confidential,adj.,7010
autobiography,n.,7011
compatible,adj.,7017
dune,n.,7022
rinse,n./v.,7024
susceptible,adj.,7030
relentless,adj.,7035
crumble,v.,7038
vampire,n.,7039
canopy,n./v.,7041
maternal,adj.,7048
blunt,adj.,7053
excel,v.,7055
gratitude,n.,7058
astronomical,adj.,7059
authoritarian,adj.,7061
hue,n.,7062
enzyme,n.,7064
disparity,n.,7067
intercept,n./v.,7069
ambiguous,adj.,7071
cylinder,n.,7075
dire,adj.,7077
membrane,n.,7078
dismantle,v.,7083
glide,n./v.,7090
onset,n.,7094
plaza,n.,7095
pottery,n.,7100
awe,n./v.,7103
myriad,n./adj.,7106
insufficient,adj.,7113
folder,n.,7114
antenna,n.,7121
plausible,adj.,7125
abusive,adj.,7131
airborne,adj.,7134
harass,v.,7135
embarrass,v.,7138
substantive,adj./n.,7140
confer,v.,7144
paralyze,v.,7146
thermal,adj./n.,7148
arouse,v.,7151
shrub,n.,7153
grove,n.,7155
pressing,adj./n.,7156
consolidate,v.,7157
tribunal,n.,7159
affluent,adj./n.,7167
exacerbate,v.,7171
tangible,n./adj.,7176
feat,n./adj.,7177
groan,n./v.,7178
militant,adj.,7179
lurk,n./v.,7183
terminate,adj./v.,7189
huddle,n./v.,7190
attic,n.,7194
constellation,n.,7195
maneuver,n./v.,7199
pirate,n./v.,7206
crumb,n./v.,7218
disposition,n.,7219
allergy,n.,7220
dart,n./v.,7226
wax,n./v.,7228
allegiance,n.,7232
felony,n.,7233
fusion,n.,7242
chapel,n.,7252
throne,n.,7253
intricate,adj.,7255
pastoral,n./adj.,7257
orchard,n.,7259
mural,adj./n.,7266
chord,n.,7270
frenzy,n.,7279
veto,n./v.,7289
shack,n./v.,7290
insurgent,adj./n.,7294
bleak,adj.,7297
setback,n.,7298
veil,n./v.,7300
restless,adj.,7303
crusade,n./v.,7310
deposition,n.,7312
torso,n.,7317
diagram,n.,7324
ginger,n./adj./v.,7328
hurl,n./v.,7332
friction,n.,7336
aerial,adj./n.,7339
kin,n./adj.,7340
prosperous,adj.,7343
forensic,adj./n.,7344
foliage,n.,7345
unleash,v.,7348
giggle,v./n.,7352
tariff,n./v.,7354
domination,n.,7356
ignorant,adj.,7357
dispatch,v./n.,7363
disguise,n./v.,7364
hatch,n./v.,7365
mediate,adj./v.,7370
amend,v.,7371
imitation,n.,7375
arthritis,n.,7377
genome,,7379
cram,v./n.,7380
cathedral,n.,7382
spike,n./v.,7383
palette,n.,7385
lament,n./v.,7387
ignite,v.,7393
alternate,adj./v.,7396
bully,n./v./adj./adv.,7398
arsenal,n.,7399
bracelet,n.,7400
contaminate,v.,7402
inhibit,v.,7404
plight,n./v.,7410
default,n./v.,7415
disperse,v./adj.,7421
sober,adj./v.,7423
peek,v./n.,7431
contradictory,adj./n.,7435
flatten,v.,7436
glowing,adj.,7437
impair,v.,7440
razor,n./v.,7444
frantic,adj.,7445
reclaim,v.,7452
sewer,n./v.,7453
fertile,adj.,7458
wield,v.,7460
slab,n./v.,7461
timely,adj./adv.,7462
disgust,n./v.,7464
prose,n./v./adj.,7468
crest,n./v.,7472
mumble,n./v.,7479
capsule,n.,7480
lever,n./v.,7487
upright,adj.,7488
abolish,v.,7490
persistence,n.,7491
liberate,v.,7492
yacht,n./v.,7495
fort,n./v.,7497
anonymity,n.,7498
autonomous,adj.,7499
topple,v.,7503
inferior,adj./n.,7505
morale,n.,7507
almond,n.,7510
subsidiary,n./adj.,7513
prophet,n.,7514
validate,v.,7516
pragmatic,adj.,7519
graze,n./v.,7524
reel,n./v.,7527
preview,n./v.,7529
alleviate,v.,7531
protagonist,n.,7533
sprawling,adj.,7539
mock,n./adj./adv./v.,7541
escalate,v.,7542
fig,n./v.,7542
discretion,n.,7544
arbitrary,adj.,7545
scrub,n./v./adj.,7546
stubborn,adj.,7548
rubble,n.,7549
avert,v.,7555
cavity,n.,7556
conjunction,n.,7557
detain,v.,7558
novice,n.,7564
compliment,n./v.,7568
blueprint,n./v.,7570
animation,n.,7572
pedestrian,n./adj.,7573
nude,adj./n.,7575
residue,n.,7576
agony,n.,7577
applicable,adj.,7582
empathy,n.,7585
deteriorate,v.,7587
ranger,n.,7589
reap,v.,7589
feasible,adj.,7591
arrogant,adj.,7597
dubious,adj.,7599
facade,n.,7600
vent,n./v.,7608
peril,n./v.,7617
bracket,n./v.,7618
bruise,n./v.,7621
wade,v./n.,7622
reign,v./n.,7626
procession,n.,7639
genetics,n.,7640
perpetuate,v.,7642
moan,n./v.,7649
conquest,n.,7652
brink,n.,7663
symphony,n.,7665
cellar,n.,7671
recede,v.,7675
abound,v.,7676
allowance,n./v.,7677
plummet,n./v.,7681
lust,n./v.,7684
maze,n./v.,7688
watershed,n.,7689
pronounced,adj.,7691
drainage,n.,7695
implicate,v./n.,7696
ordeal,n.,7701
adore,v.,7705
literal,adj./n.,7706
slippery,adj.,7707
mesh,n./v.,7709
discern,v.,7711
foul,adj./v./adv./n.,7712
solicit,v.,7716
nasal,adj./n.,7721
tentative,n./adj.,7722
stagger,n./v./adj.,7724
nudge,n.,7726
conjure,v.,7727
trajectory,n.,7728
wicked,adj.,7732
informed,adj.,7733
observatory,n.,7738
constrain,v.,7740
pinch,n./v.,7741
recess,n./v.,7747
culinary,adj.,7754
saga,n.,7760
degradation,n.,7764
superiority,n.,7766
asylum,n.,7774
exemplify,v.,7776
pedal,n./adj./v.,7777
hiss,n./v.,7778
repertoire,n.,7784
scrutinize,v.,7785
rehearse,v.,7786
shuffle,n./v.,7789
psyche,n.,7791
residual,adj./n.,7792
loft,n./v.,7794
crate,n.,7796
marvel,n./v.,7805
ceramic,adj./n.,7807
gem,n./v.,7808
compassionate,adj./v.,7812
convene,v.,7816
wrinkle,n./v.,7819
aspire,v.,7829
pier,n.,7841
bluff,n./adj./v.,7842
slick,adj./adv./v./n.,7846
breach,n./v.,7862
squat,n./adj./v.,7870
fumble,n./v.,7872
sediment,n.,7879
recollection,n.,7880
evaporate,v.,7887
succumb,v.,7888
seasoned,adj.,7891
simulate,v.,7892
stature,n.,7893
intrigue,n./v.,7897
grenade,n.,7899
shudder,n./v.,7900
wink,n./v.,7901
stellar,adj.,7902
coarse,adj.,7903
incumbent,adj./n.,7904
celebrated,adj.,7905
proceeds,n.,7911
whine,n./v.,7913
fetus,n.,7914
catalyst,n.,7915
extremist,,7916
wardrobe,n.,7918
ordinance,n.,7919
grease,n./v.,7921
hawk,n./v.,7924
pathetic,adj.,7927
confide,v.,7928
fasten,v.,7930
conserve,n./v.,7938
generosity,n.,7952
capitalize,v.,7953
sift,v.,7955
bail,n./v.,7956
compass,n./v.,7958
podium,n.,7960
novelty,n.,7961
hoop,n./v.,7962
outset,n.,7964
martial,adj.,7965
pastel,n./adj.,7966
jeopardize,v.,7976
subscribe,v.,7979
institute,n./v.,7980
sprout,n./v.,7981
latitude,n.,7992
equate,v.,7997
yearn,v.,7999
ceramics,n.,8006
adorn,v.,8007
unify,v.,8008
inaugural,adj./n.,8015
guru,n.,8024
flirt,n./v.,8036
sovereign,n./adj.,8038
atrocity,n.,8040
flutter,n./v.,8041
incur,v.,8042
flicker,n./v.,8044
brag,n./v.,8048
hypothetical,adj.,8049
plank,n./v.,8053
familiarity,n.,8057
physiological,adj.,8058
carpenter,n.,8059
glamorous,adj.,8060
slate,n./adj./v.,8061
relaxation,n.,8062
souvenir,n.,8063
disciple,n.,8067
monastery,n.,8072
intern,n./v.,8079
apron,n.,8084
nostalgia,n.,8085
preclude,v.,8092
litter,n./v.,8093
exquisite,adj.,8096
immerse,v.,8097
petroleum,n.,8098
bodyguard,n.,8100
jealousy,n.,8112
submission,n.,8114
cadet,n.,8115
drastic,adj.,8118
farewell,n./int.,8121
woe,n.,8122
ripple,n./v.,8123
patriotism,n.,8126
advent,n.,8129
seam,n./v.,8135
alienate,v.,8136
sting,n./v.,8139
sandal,n./v.,8141
longing,n./adj.,8143
idle,adj./v./n.,8146
ubiquitous,adj.,8148
pinpoint,n./v./adj.,8150
mince,n./v.,8153
cosmos,n.,8156
dissent,n./v.,8162
solitude,n.,8164
ragged,adj.,8166
sculptor,n.,8171
fragrance,n.,8174
authenticity,n.,8177
inch,n./v.,8178
converge,v.,8179
trivial,adj.,8180
porcelain,n./adj.,8181
designation,n.,8182
deception,n.,8186
famine,n.,8193
gourmet,n.,8196
eerie,adj.,8199
arrogance,n.,8202
aquatic,n./adj.,8203
harden,v.,8207
liaison,n.,8208
colon,n.,8209
dwelling,n.,8213
sage,n./adj.,8214
hack,n./v./adj.,8227
clamp,n./v.,8228
hinder,adj./v.,8229
pristine,adj.,8232
diver,n.,8238
plaster,n./v.,8240
tread,n./v.,8263
stifle,v.,8265
synthesis,n.,8268
inclusive,adj.,8272
monumental,adj.,8275
superficial,n./adj.,8281
rig,n./v.,8285
pecan,n.,8286
excursion,n.,8288
hallmark,n./v.,8292
mortar,n./v.,8303
impending,adj.,8308
microscope,n.,8309
spear,n./v./adj.,8310
characterization,n.,8311
lateral,n./adj.,8322
aroma,n.,8323
packed,adj.,8324
groove,n./v.,8325
thwart,adj./v./prep./adv.,8327
stint,v./n.,8331
dispense,v.,8334
jog,n./v.,8335
plateau,n.,8339
slaughter,n./v.,8340
mingle,v.,8350
pony,n./v./adj.,8352
peripheral,adj.,8353
reed,n./v.,8359
imperative,n./adj.,8360
indifferent,adj.,8368
citation,n.,8370
humidity,n.,8375
martyr,n./v.,8377
ominous,adj.,8379
pod,n./v.,8381
rotten,adj.,8385
relic,n.,8394
jeopardy,n.,8398
vie,v.,8399
materialize,v.,8408
anguish,n./v.,8411
decree,n./v.,8412
lesion,n.,8422
muster,n./v.,8426
oblivious,adj.,8431
narcotic,n./adj.,8433
multitude,n.,8435
knit,v.,8436
vault,n./v.,8437
convoy,n./v.,8446
lag,n./adj./v.,8448
disruptive,adj.,8450
lash,n./v.,8455
outskirts,n.,8456
abide,v.,8457
irritate,v.,8466
flare,n./v.,8467
retaliation,n.,8470
tasty,adj.,8471
cape,n.,8474
archaeology,n.,8477
devour,v.,8478
parasite,n.,8481
complementary,adj.,8490
rove,n./v.,8494
pry,n./v.,8498
denomination,n.,8503
consolidation,n.,8504
customary,adj.,8505
stigma,n.,8507
humane,adj.,8511
grate,n./v.,8512
boycott,n./v.,8514
skim,v./n./adj.,8515
referee,n./v.,8516
digit,n.,8519
intuition,n.,8521
reckon,v.,8525
canon,n.,8526
eccentric,n./adj.,8531
gracious,adj.,8538
overthrow,n./v.,8555
grumble,n./v.,8559
toxin,n.,8565
freight,n./v.,8566
vengeance,n.,8569
clout,n./v.,8570
glossy,adj.,8572
mar,v./n.,8573
athletics,n.,8574
sprint,n./v.,8582
influx,n.,8583
phony,n./adj.,8590
hemisphere,n.,8591
apprentice,n./v.,8593
cavalry,n.,8595
allude,v.,8601
epic,n./adj.,8602
coax,v.,8609
wig,n./v.,8616
renovate,v.,8620
electorate,n.,8624
grievance,n.,8625
rein,n./v.,8629
attest,v.,8631
duct,n./v.,8636
pathogen,n.,8637
monarch,n.,8640
helm,n./v.,8641
pulp,n./v.,8643
woo,v.,8645
crook,n./v.,8651
paranoid,adj./n.,8652
spacious,adj.,8653
seep,v./n.,8656
vista,n.,8658
relish,n./v.,8659
unravel,v.,8661
smuggle,v.,8668
commonplace,n./adj.,8669
boredom,n.,8671
mint,n./v.,8674
avid,adj.,8676
emanate,v.,8681
municipality,n.,8688
commemorate,v.,8691
groom,n./v.,8693
simultaneous,adj.,8695
defer,v.,8699
abrupt,adj.,8703
rampant,adj.,8704
antiquity,n.,8706
nestle,v.,8710
shred,n./v.,8713
veer,v./n.,8715
caucus,n./v.,8720
ailment,n.,8723
versatile,adj.,8734
battalion,n.,8735
rumble,n./v.,8741
intentional,adj.,8744
growl,n./v.,8745
purity,n.,8748
vomit,v./n.,8753
reiterate,v.,8754
rhythmic,adj.,8756
buffer,n./v.,8759
illicit,adj.,8764
perpetual,adj.,8766
makeshift,n./adj.,8767
goodwill,n.,8768
covert,adj./n.,8772
facet,n.,8774
disarm,v.,8775
beckon,v./n.,8776
improvise,v.,8778
candidacy,n.,8782
preoccupation,n.,8783
impede,v.,8791
wince,n./v.,8792
subside,v.,8793
needy,adj.,8796
outspoken,adj.,8801
petal,n.,8803
antibody,n.,8806
barren,adj./n.,8809
hinge,n./v.,8810
celestial,adj.,8813
clench,n./v.,8816
mundane,adj.,8820
prudent,adj.,8823
wreckage,n.,8825
unanimous,adj.,8826
etch,v./n.,8832
continuation,n.,8836
smear,v./n.,8842
inspired,adj.,8847
intellect,n.,8849
infuse,v.,8860
trickle,n./v.,8863
inflate,v.,8865
windy,adj.,8867
perennial,adj.,8869
overlap,n./v.,8870
longevity,n.,8871
muse,n./v.,8874
obsolete,adj./n.,8876
culprit,n.,8877
bankrupt,n./adj./v.,8878
anomaly,n.,8881
mogul,n.,8885
wail,n./v.,8887
cache,n./v.,8893
surrogate,n./v.,8901
causal,adj./n.,8904
salvage,n./v.,8909
disparate,adj./n.,8918
sophistication,n.,8920
anecdote,n.,8925
frail,adj./n.,8930
contentious,adj.,8932
trumpet,n./v.,8936
accomplished,adj.,8941
apparel,n./v.,8945
hone,n./v.,8949
revolt,n./v.,8955
sever,v.,8957
pamphlet,n.,8959
buckle,n./v.,8961
discredit,n./v.,8965
freak,n./adj.,8971
factual,adj.,8973
salute,v./n.,8974
fern,n.,8976
inscription,n.,8978
swarm,n./v.,8983
raisin,n.,8989
deterioration,n.,8990
mitigate,v.,8991
soothe,v.,8996
clasp,n./v.,8998
obstruction,n.,8999
blush,v./n.,9003
vantage,n.,9005
grit,n./v.,9008
peninsula,n.,9009
puddle,n./v.,9010
visionary,adj./n.,9013
despise,v.,9016
affected,adj.,9017
dismay,n./v.,9018
outgoing,n./adj.,9020
emulate,v.,9025
refrain,n./v.,9029
lavish,adj./v.,9031
pilgrim,n./v.,9037
milestone,n.,9040
curtail,v.,9041
hamper,n./v.,9044
lineage,n.,9046
motto,n.,9048
fragrant,adj.,9055
banquet,n.,9056
phenomenal,adj.,9058
equilibrium,n.,9063
luxurious,adj.,9064
ratify,v.,9065
imposing,adj.,9070
bourgeois,n./adj.,9071
murky,adj.,9073
upheaval,n.,9076
inadvertently,adv.,9077
seasoning,n.,9078
fluorescent,n./adj.,9083
demanding,adj.,9084
lava,n.,9085
bouquet,n.,9088
tutor,n./v.,9093
trek,v./n.,9100
furnace,n./v.,9102
pigment,n.,9103
nuance,n.,9104
gadget,n.,9105
stunt,n./v.,9106
intuitive,adj.,9109
eradicate,v.,9110
undercut,n./v.,9112
augment,v.,9113
shun,v.,9114
touching,adj.,9116
caption,n./v.,9117
safeguard,n./v.,9121
larva,n.,9123
insulin,n.,9128
interdisciplinary,,9130
heed,n./v.,9134
horrific,adj.,9137
liken,v.,9141
scant,adj./v.,9142
allergic,adj.,9143
lurch,n./v.,9145
gamble,n./v.,9148
brisk,adj./v.,9149
irritation,n.,9155
console,v./n.,9160
coma,n.,9163
hymn,n./v.,9164
solemn,adj.,9168
heave,n./v.,9170
concur,v.,9171
disregard,n./v.,9174
glaze,n./v.,9176
stringent,adj.,9188
revealing,adj.,9191
deprivation,n.,9193
inflammation,n.,9195
limestone,n.,9196
expansive,adj.,9197
inscribe,v.,9201
prod,n./v.,9206
clumsy,adj.,9209
belongings,n.,9215
infer,v.,9219
scripture,n.,9225
overt,adj.,9229
germ,n.,9241
affinity,n.,9246
fraternity,n.,9247
redeem,v.,9250
folly,n.,9254
stray,n./adj./v.,9258
appetizer,n.,9260
hunch,n./v.,9261
chic,n./adj.,9263
replica,n.,9266
elude,v.,9267
contingent,adj./n.,9268
sprawl,v./n.,9269
overflow,n./v.,9278
paramount,n./adj.,9287
suffice,v.,9294
engender,v.,9295
artisan,n.,9296
dissertation,n.,9303
asparagus,n.,9304
terminology,n.,9306
shriek,n./v.,9309
opaque,n./adj.,9310
nausea,n.,9312
menace,n./v.,9314
cactus,n.,9315
numb,adj./v.,9317
rewarding,adj.,9319
falter,v./n.,9324
fuss,n./v.,9325
warden,n.,9327
orchid,n.,9332
miraculous,adj.,9336
humiliate,v.,9338
gravitational,adj.,9340
unnoticed,adj.,9341
tyranny,n.,9346
breadth,n.,9348
scurry,v./n.,9351
sterile,adj.,9354
extinct,adj.,9357
impetus,n.,9359
muted,adj.,9361
plump,adj./v./adv.,9362
unilateral,adj.,9366
gorilla,n.,9367
futile,adj.,9374
posit,v.,9378
idol,n.,9381
refinery,n.,9383
conspicuous,adj.,9384
tenor,n./adj.,9386
testament,n.,9393
placebo,n.,9399
cripple,n./v./adj.,9401
ballad,n.,9402
braid,n./v.,9403
waver,n./v.,9407
salient,adj./n.,9408
radius,n.,9413
banish,v.,9415
prophecy,n.,9417
candid,adj.,9420
ecstasy,n.,9422
unison,n./adj.,9423
bestow,v.,9425
assimilate,v.,9426
beet,n.,9427
bandage,n.,9428
gloom,n./v.,9432
hoist,n./v.,9437
tangle,n./v.,9440
hasten,v.,9445
jagged,adj.,9448
prolong,v.,9450
relinquish,v.,9453
commence,v.,9454
clog,n./v.,9458
dismal,adj./n.,9459
plume,n./v.,9461
infantry,n.,9464
sloppy,adj.,9466
transcribe,v.,9467
predicament,n.,9468
garnish,n./v.,9470
override,v.,9471
notch,n./v.,9472
perish,v.,9475
vicinity,n.,9483
humility,n.,9485
locus,n.,9490
anthem,n.,9491
vanity,n.,9493
limp,n./adj./v.,9496
scour,v./n.,9501
dilute,v./adj.,9506
compress,v.,9510
jockey,n./v.,9512
exempt,n./adj./v.,9520
twig,n./v.,9522
pageant,n.,9524
overshadow,v.,9531
repeal,n./v.,9535
halo,n./v.,9536
ensue,v.,9538
havoc,n./v.,9540
bilingual,adj.,9541
evade,v.,9545
sane,adj.,9556
monarchy,n.,9558
metabolism,n.,9561
somber,adj.,9562
engulf,v.,9563
unsettle,v.,9564
containment,n.,9567
magnify,v.,9568
malpractice,n.,9572
sinister,adj.,9576
auditorium,n.,9580
microscopic,adj.,9581
limousine,n.,9586
deflect,v.,9591
defiance,n.,9592
shear,n./v.,9594
amplify,v.,9595
lofty,adj.,9596
foyer,n.,9597
fume,n./v.,9606
meager,adj.,9607
warranty,n.,9608
dent,n./v.,9610
pollen,n./v.,9612
terrestrial,n./adj.,9615
permeate,v.,9622
maritime,adj.,9625
loophole,n.,9628
acquaint,v.,9630
afflict,v.,9633
tan,n./adj./v.,9634
pollster,n.,9635
browse,v./n.,9636
amass,v.,9638
traverse,n./v./adj.,9649
disdain,n./v.,9653
savvy,v./n.,9659
precursor,n.,9664
poignant,adj.,9665
vibrate,v.,9666
statutory,adj.,9668
finite,adj./n.,9670
impart,v.,9673
dissident,adj./n.,9680
amuse,v.,9683
eclectic,n./adj.,9692
sly,adj.,9698
relegate,v.,9699
conspire,v.,9702
pundit,n.,9705
oust,v.,9709
entice,v.,9712
speculative,adj.,9713
partition,n./v.,9717
demolish,v.,9728
marrow,n.,9735
stitch,n./v.,9743
supernova,n.,9744
denote,v.,9748
devoid,adj.,9749
authorization,n.,9750
assorted,adj.,9756
grieve,v.,9760
receptive,adj.,9761
seminary,n.,9762
harness,n./v.,9768
coercion,n.,9770
drizzle,n./v.,9773
dissipate,v.,9775
publicize,v.,9776
incompetent,adj./n.,9777
finale,n.,9784
bulge,n./v.,9786
quarry,n./v.,9794
scarcity,n.,9799
locale,n.,9800
turbulent,adj.,9806
manure,n./v.,9810
tenet,n.,9811
aggravate,v.,9820
insanity,n.,9821
rustic,n./adj.,9825
mantle,n./v.,9827
rigor,n.,9829
flux,n./v.,9830
query,n./v.,9831
gloomy,adj.,9832
disposable,adj.,9833
sling,n./v.,9834
proprietary,adj./n.,9835
annoy,v.,9844
discrete,adj.,9847
scribble,n./v.,9854
enclosure,n.,9856
molest,v.,9857
umpire,n./v.,9861
indicative,adj.,9866
tidy,n./adj./v.,9867
dysfunctional,adj.,9869
lagoon,n.,9872
ambivalence,n.,9873
blizzard,n.,9875
melon,n.,9886
wrath,n.,9893
pertinent,adj.,9895
flinch,v./n.,9904
pulpit,n.,9905
presumption,n.,9906
endow,v.,9907
downplay,v.,9908
vocation,n.,9913
levee,n./v.,9918
logistics,n.,9920
tart,adj./v./n.,9921
stale,n./adj./v.,9924
fret,n./v.,9929
disseminate,v.,9930
flatter,v.,9933
injunction,n.,9935
errand,n.,9937
lapse,n./v.,9939
barge,n./v.,9954
chromosome,n.,9960
traitor,n.,9963
espouse,v.,9966
deserted,adj.,9992
unification,n.,9994
strew,v.,9997
tempo,n.,9998
acquit,v.,9999
wilt,v./n.,10000
yeast,n.,10001
wane,n./v.,10009
savage,adj./v./n.,10011
tack,n./v.,10013
willow,n./adj.,10016
bland,adj.,10017
termination,n.,10020
hegemony,n.,10022
homage,n.,10023
palpable,adj.,10039
aboriginal,adj./n.,10042
whim,n.,10044
stationary,adj.,10049
ridicule,n./v.,10051
denim,n.,10054
rectangle,n.,10058
angular,adj.,10062
revert,v./n.,10064
periphery,n.,10065
patronage,n.,10066
engaging,adj.,10067
poisonous,adj.,10074
zest,n./v.,10079
ulcer,n.,10083
translucent,adj.,10086
sensual,adj.,10089
hoof,n./v.,10091
chandelier,n.,10092
precarious,adj.,10101
mosaic,n./adj./v.,10103
winding,n./adj.,10105
rosy,adj.,10106
clam,n./v.,10109
avalanche,n./v.,10113
festive,adj.,10117
grope,v./n.,10123
microbe,n.,10126
engaged,adj.,10128
serene,adj./n.,10132
gust,n.,10137
fluffy,adj.,10139
stern,n./adj.,10140
pathology,n.,10141
incompatible,adj.,10142
blurt,v.,10143
vain,adj.,10144
neutron,n.,10155
taking,n./adj.,10158
excavate,v.,10160
intrude,v.,10162
cerebral,adj.,10167
symmetry,n.,10174
earthly,adj.,10176
innate,adj.,10178
rejoin,v.,10185
decipher,v./n.,10186
exemplary,adj.,10187
shattered,adj.,10190
deplete,v.,10191
perverse,adj.,10193
acoustic,adj.,10194
rhyme,n./v.,10200
analogous,adj.,10202
legion,n.,10204
gait,n./v.,10206
gleam,n./v.,10208
sect,n.,10216
brittle,adj.,10220
adept,adj./n.,10221
foray,v./n.,10224
torque,n.,10225
installment,n.,10234
precipitate,n./v./adj.,10236
subsistence,n.,10237
subtract,v.,10238
nourish,v.,10239
auspices,n.,10245
hysteria,n.,10247
barrage,n./v.,10255
conglomerate,adj./n./v.,10258
insulate,v.,10264
operative,adj./n.,10270
anthology,n.,10276
imprint,v./n.,10278
projector,n.,10289
prehistoric,adj.,10293
nicotine,n.,10295
regiment,n./v.,10298
quaint,adj.,10301
seedling,n.,10303
tapestry,n./v.,10311
oasis,n.,10318
inception,n.,10325
telling,adj.,10329
balk,n./v.,10330
monstrous,adj.,10332
obese,adj.,10333
moratorium,n.,10339
ore,n.,10340
sprig,n./v.,10342
monologue,n.,10344
clement,adj.,10345
feud,n./v.,10345
convertible,adj./n.,10346
embryonic,adj.,10348
audible,adj.,10350
resurgence,n.,10353
fledgling,n.,10357
pantry,n.,10360
fabricate,v.,10365
sow,n./v.,10366
complexion,n.,10375
wrench,n./v.,10376
sublime,adj./v./n.,10377
collateral,adj./n.,10379
stoop,n./v.,10380
ecstatic,n./adj.,10382
waive,v.,10383
thaw,n./v.,10385
disintegrate,v.,10387
hardy,adj./adv.,10388
obliterate,v.,10389
infiltrate,v./n.,10390
decency,n.,10391
forestry,n.,10394
cub,n.,10403
interrogate,v.,10405
hypertension,n.,10410
entrust,v.,10414
taut,adj.,10415
detach,v.,10420
sacrament,n./v.,10423
clientele,n.,10429
mediocre,adj.,10434
sparse,adj.,10437
beacon,n./v.,10441
speck,n./v.,10442
tattered,adj.,10444
rendition,n.,10446
delta,n.,10451
curfew,n.,10454
glisten,v./n.,10458
rift,n./v.,10462
encyclopedia,n.,10470
remorse,n.,10471
cubicle,n.,10473
margarine,n.,10482
scroll,n./v.,10484
affidavit,n.,10486
satire,n.,10491
behold,v.,10497
tedious,adj.,10501
parody,n./v.,10507
caste,n.,10508
neutralize,v.,10512
rebate,n./v.,10514
fleeting,adj.,10517
pedestal,n./v.,10518
delineate,v.,10523
paranoia,n.,10527
reptile,n./adj.,10530
majestic,adj.,10534
confound,v.,10535
confiscate,v./adj.,10551
amnesty,n.,10562
rafter,n./v.,10571
resurrect,v.,10572
resilience,n.,10578
measured,adj.,10581
revitalize,v.,10590
impediment,n.,10593
guise,n./v.,10606
ornate,adj.,10610
viral,adj.,10615
patriot,n.,10621
skyscraper,n.,10626
expend,v.,10629
resilient,adj.,10634
erratic,n./adj.,10635
reciprocal,adj./n.,10639
hilarious,adj.,10641
dispel,v.,10643
syringe,n./v.,10644
yawn,n./v.,10649
revere,v.,10655
renounce,v./n.,10656
emigrate,v.,10660
bribe,n./v.,10665
wiggle,v./n.,10667
overstate,v.,10668
cringe,n./v.,10670
lore,n.,10674
proclamation,n.,10682
climax,n./v.,10683
victimize,v.,10690
unearth,v.,10691
ambivalent,adj.,10693
humid,adj.,10699
obstruct,v.,10703
trudge,n./v.,10705
glean,v.,10706
generalize,v.,10707
induction,n.,10709
suggestive,adj.,10711
faucet,n.,10713
stash,v./n.,10715
shard,n.,10720
fillet,n./v.,10721
dialect,n.,10722
arid,adj.,10724
dwindle,v.,10733
transient,n./adj.,10735
rejoice,v.,10736
mare,n.,10747
caricature,n./v.,10757
propulsion,n.,10762
attire,n./v.,10764
derivative,adj./n.,10778
nominal,adj./n.,10783
splendor,n.,10786
blatant,adj.,10787
viability,n.,10788
cohesion,n.,10791
pictorial,adj./n.,10796
fanatic,n./adj.,10797
rendering,n.,10799
ancestry,n.,10801
repercussion,n.,10805
frivolous,adj.,10806
decoy,n./v.,10810
baton,n.,10811
tame,adj./v.,10816
hygiene,n.,10817
deport,v.,10824
debacle,n.,10825
detrimental,adj.,10826
genus,n.,10828
blare,n./v.,10830
gobble,n./v.,10836
attainment,n.,10837
jolt,n./v.,10838
ardent,adj.,10839
subpoena,n./v.,10846
provisional,adj.,10847
mend,n./v.,10849
metaphysical,adj.,10851
demolition,n.,10854
devout,adj.,10858
penetration,n.,10864
grimace,n./v.,10865
strife,n.,10875
exaggeration,n.,10878
accentuate,v.,10880
leash,n./v.,10882
gutter,n./v.,10884
propensity,n.,10887
reinstate,v.,10892
delusion,n.,10894
solidify,v.,10906
ascribe,v.,10907
uncanny,adj.,10910
pane,n./v.,10912
dampen,v.,10919
smother,v./n.,10923
marshal,n./v.,10929
undesirable,adj.,10932
hideous,adj.,10934
mute,n./adj./v.,10937
intersect,v.,10941
oatmeal,n.,10945
treacherous,adj.,10946
hassle,n./v.,10953
stipulate,v.,10956
corpus,n.,10962
embodiment,n.,10972
overdue,adj.,10973
prolific,adj.,10980
shabby,adj.,10996
censor,n./v.,10997
construe,v./n.,11000
overhaul,v./n.,11001
conducive,adj.,11002
ludicrous,adj.,11008
throng,n./adj./v.,11014
scoff,n./v.,11015
treasurer,n.,11019
optimum,n./adj.,11020
sanity,n.,11021
pitfall,n.,11022
mammoth,n./adj.,11025
fervor,n.,11027
dagger,n./v.,11028
hem,n./v./int.,11030
determinant,n./adj.,11034
shrewd,adj.,11036
cavern,n./v.,11041
involuntary,adj.,11042
thicket,n.,11043
prowess,n.,11047
ooze,n./v.,11056
hamstring,n./v.,11057
goggle,n./adj./v.,11064
bristle,n./v.,11066
truce,n./v.,11070
prerequisite,adj./n.,11079
baron,n.,11092
tenuous,adj.,11093
scowl,n./v.,11097
repository,n.,11102
refute,v.,11103
meticulous,adj.,11107
eminent,adj.,11109
garner,n./v.,11116
shingle,n.,11117
collage,n.,11120
fraudulent,adj.,11131
onslaught,n.,11133
budge,v./n.,11139
forage,n./v.,11147
sliver,n./v.,11156
saturate,v./adj./n.,11157
thorn,n.,11159
discreet,adj.,11161
rebellious,adj.,11168
divergent,adj.,11171
throttle,n./v.,11179
restored,adj.,11190
allusion,n.,11191
fad,n.,11194
homogeneous,adj.,11195
perjury,n.,11196
repel,v.,11198
condone,v.,11201
ferocious,adj.,11205
rehabilitate,v.,11206
subdued,adj.,11208
gulp,v./n.,11209
flair,n.,11212
bloated,adj.,11214
gloss,n./v.,11217
espionage,n.,11218
seismic,adj.,11220
infinity,n.,11224
giddy,adj./v.,11227
delicacy,n.,11228
bogus,adj.,11232
delve,v./n.,11237
frigid,adj.,11238
itinerary,n./adj.,11240
ethos,n.,11241
nibble,n./v.,11244
cypress,n.,11248
economical,adj.,11250
adamant,n./adj.,11251
gush,n./v.,11252
graphite,n.,11261
galley,n.,11266
covenant,n./v.,11267
expulsion,n.,11268
hepatitis,n.,11269
barricade,n./v.,11273
ecologist,n.,11275
bog,n./v.,11278
subversive,adj./n.,11280
deduct,v.,11281
tinker,n./v.,11283
quartet,n.,11286
dummy,n./adj.,11288
landslide,n.,11290
trample,n./v.,11298
timid,adj.,11301
ambush,n./v.,11303
taboo,n./adj./v.,11305
penalize,v.,11309
symposium,n.,11312
felon,n.,11315
vulgar,adj.,11317
entourage,n.,11325
slit,n./v.,11326
deference,n.,11329
doze,v./n.,11330
flora,n.,11331
discriminatory,adj.,11333
chancellor,n.,11335
recourse,n.,11337
kernel,n.,11338
purport,n./v.,11339
corroborate,v.,11342
grace,n./v.,11346
connotation,n.,11350
incite,v.,11352
primate,n.,11355
anarchy,n.,11357
coerce,v.,11362
immortal,n./adj.,11365
assertive,adj.,11368
relieved,adj.,11380
palate,n.,11384
wreak,v.,11385
seminal,adj.,11387
gruesome,adj.,11393
hive,n./v.,11401
subvert,v.,11404
caveat,n.,11411
ravine,n.,11413
folklore,n.,11419
redirect,v.,11425
tributary,adj./n.,11428
secretive,adj.,11436
penchant,n.,11438
abduct,v.,11439
drone,n./v.,11442
thrash,v./n.,11448
boon,n.,11451
yarn,n.,11457
ploy,n.,11458
teeter,v./n.,11462
bale,n./v.,11466
converse,n./adj./v.,11468
slay,v.,11472
conformity,n.,11474
benevolent,adj.,11475
coward,n.,11476
microorganism,n.,11483
strut,n./v.,11486
dormant,adj.,11487
carnage,n.,11499
juncture,n.,11501
ration,n./v.,11504
antidote,n.,11506
treatise,n.,11509
purge,n./v.,11512
quiver,n./v./adj.,11515
lobe,n.,11517
ingenious,adj.,11520
labyrinth,n.,11521
intertwine,v.,11522
vigilant,adj.,11523
contagious,adj.,11527
counterproductive,adj.,11531
saliva,n.,11532
enlighten,v.,11536
sporadic,adj.,11539
totalitarian,adj./n.,11541
troupe,n./v.,11543
blockade,n./v.,11548
pore,n./v.,11559
procurement,n.,11565
superstition,n.,11572
supremacy,n.,11573
rave,n./v.,11575
stench,n./v.,11585
sabotage,n./v.,11586
solvent,n./adj.,11587
thematic,adj.,11588
crutch,n./v.,11589
ingenuity,n.,11595
tally,n./v.,11596
cascade,n./v.,11599
conscientious,adj.,11605
charisma,n.,11606
retribution,n.,11613
parochial,adj.,11615
decry,v.,11621
apprehend,v.,11622
shawl,n./v.,11627
predominant,adj.,11628
tyrant,n.,11629
peddle,v.,11632
transcendent,adj./n.,11634
tremor,n.,11635
knack,n.,11646
instructive,adj.,11647
languish,v.,11648
commotion,n.,11651
bask,v.,11655
animosity,n.,11656
easel,n.,11660
glucose,n.,11666
squander,v.,11672
intestine,adj./n.,11678
etiquette,n.,11679
tripod,n.,11681
caress,n./v.,11683
harshly,adv.,11701
hobble,v./n.,11703
prognosis,n.,11704
intermediary,n./adj.,11705
queer,n./adj./v.,11708
deportation,n.,11709
fraught,adj.,11710
riddle,n./v.,11712
dribble,v./n.,11717
negligence,n.,11719
torrent,n.,11727
locomotive,n./adj.,11729
mast,n./v.,11745
grandeur,n.,11749
dogma,n.,11758
mesmerize,v.,11762
populace,n.,11767
lug,v./n.,11771
baffle,v./n.,11775
protrude,v.,11777
precipitation,n.,11784
horrendous,adj.,11785
gingerly,adv./adj.,11787
wretched,adj.,11796
interplay,n./v.,11797
exhale,v.,11798
waft,v./n.,11800
moody,adj.,11802
existential,adj.,11806
discretionary,,11809
optimist,n.,11811
adjunct,n./adj.,11816
formative,adj./n.,11818
crumple,v.,11820
fray,n./v.,11825
termite,n.,11828
tether,n./v.,11832
fencing,n.,11834
approximate,adj./v.,11835
prelude,n./v.,11839
glitter,n./v.,11840
dissect,v.,11844
attrition,n.,11848
rout,n./v.,11849
anterior,adj.,11851
estranged,adj.,11853
clandestine,adj.,11864
propagate,v.,11865
distraught,adj.,11877
wag,v./n.,11879
eschew,v.,11880
otter,n.,11888
wither,v.,11891
reimburse,v.,11893
solace,n./v.,11896
stratum,n.,11902
brute,n./adj.,11905
extinguish,v.,11906
ransom,n./v.,11907
inaugurate,v.,11908
reconnaissance,n.,11909
circumvent,v.,11924
bystander,n.,11928
flannel,n.,11931
tamper,v./n.,11932
scorn,n./v.,11935
mash,n./v.,11940
temp,n.,11941
latch,n./v.,11948
recital,n.,11952
exodus,n.,11955
swerve,n./v.,11962
bliss,n.,11965
snug,adj./v.,11967
incense,n./v.,11969
ravage,n./v.,11974
harp,n./v.,11984
plush,n./adj.,11985
illegitimate,adj./n./v.,11989
plumber,n.,11990
latent,adj./n.,11997
formality,n.,11999
figurative,adj.,12006
spectral,adj.,12007
clamor,n./v.,12008
instill,v.,12013
sequential,adj.,12014
desolate,adj.,12016
skew,adj./n./v.,12018
disarray,v./n.,12019
torment,n./v.,12020
retaliate,v.,12024
muffled,adj.,12026
whiff,n./v.,12029
prophetic,adj.,12034
sculpt,v.,12037
hangar,n.,12040
pervade,v.,12043
conduit,n.,12054
suspense,n.,12056
strait,n./adj.,12059
tuxedo,n.,12061
ram,n./v.,12064
literate,n./adj.,12067
endemic,n./adj.,12069
rapport,n.,12070
resin,n./v.,12072
fresco,n./v.,12076
parity,n.,12077
compulsion,n.,12079
fender,n.,12080
windfall,n.,12082
feeble,adj.,12083
devotee,n.,12085
supplant,v.,12090
gallop,n./v.,12092
obituary,adj./n.,12093
diagonal,adj./n.,12094
tonic,n./adj.,12096
metropolis,n.,12106
rudimentary,adj.,12107
inequity,n.,12110
mite,n.,12112
counteract,v.,12113
detached,adj.,12117
sill,n.,12120
burrow,n./v.,12121
delinquency,n.,12122
vascular,adj.,12123
duet,n.,12125
airtight,adj.,12126
camouflage,v./n.,12127
replenish,v.,12129
tango,n./v.,12132
agitate,v.,12134
proficient,n./adj.,12137
requisite,n./adj.,12141
bent,adj./n.,12145
hectic,adj./n.,12146
polarize,v.,12148
quirk,n.,12149
stagnant,adj.,12153
gorge,n./v.,12154
exude,v.,12157
detour,n./v.,12159
regal,adj.,12160
concussion,n.,12161
accrue,v.,12166
gull,n./v.,12178
migratory,adj.,12179
proliferate,v.,12185
assured,adj.,12188
cadence,n.,12193
rind,n./v.,12194
civility,n.,12195
overrule,v.,12198
pertain,v.,12205
utilitarian,adj./n.,12219
cede,v.,12221
enamel,n./v.,12226
cumbersome,adj.,12228
agrarian,adj.,12232
intermittent,adj.,12236
illiterate,n./adj.,12243
maverick,n./v.,12248
grotesque,n./adj.,12252
prerogative,n./adj.,12257
heyday,n./int.,12277
wry,adj./v.,12279
engrave,v.,12280
indignation,n.,12282
malignant,adj.,12287
snarl,v./n.,12288
crayon,n./v.,12296
mayhem,n.,12301
brim,n./v.,12307
gratification,n.,12309
clinch,n./v.,12311
originality,n.,12313
impartial,adj.,12318
evict,v.,12321
antarctic,adj./n.,12325
arson,n.,12326
insidious,adj.,12333
mountainous,adj.,12342
craving,n.,12347
negate,v.,12350
refresh,v.,12356
diffuse,v./adj.,12366
exuberant,adj.,12368
pagan,n./adj.,12376
meditate,v.,12380
emerald,n./adj.,12382
sadden,v.,12385
underdog,n.,12386
virtuous,adj.,12389
sham,n./adj./v.,12391
ledger,n.,12398
billow,n./v.,12401
concoct,v.,12403
cramp,n./adj./v.,12410
animate,v./adj.,12412
mania,n.,12415
overriding,,12417
admonish,v.,12419
skyrocket,v./n.,12421
acclaim,n./v.,12422
jargon,n.,12425
appease,v.,12426
trance,n./v.,12432
obscurity,n.,12434
pedagogy,n.,12445
aptitude,n.,12448
defuse,v.,12450
incarcerate,v.,12453
calculated,adj.,12454
stealth,n.,12455
incision,n.,12456
aberration,n.,12462
hunk,n./adj.,12464
spruce,n./adj./v.,12470
epitomize,v.,12479
fiasco,n.,12481
tundra,n.,12490
bombardment,n.,12491
legislate,v.,12493
transgression,n.,12496
glimmer,n./v.,12497
duel,n./v.,12498
conclusive,adj.,12501
calamity,n.,12502
floppy,adj.,12505
exhaustive,adj.,12508
cyclical,adj.,12518
propeller,n.,12524
suffocate,v.,12526
bleachers,n.,12530
tantrum,n.,12534
hallucination,n.,12535
congregate,v./adj.,12537
manifesto,n.,12540
aloft,adv.,12541
escalation,n.,12543
herald,n./v.,12546
placid,adj.,12548
smug,adj./n.,12560
aperture,n.,12567
forgo,v.,12568
ecumenical,adj.,12571
pinnacle,n./v.,12574
puberty,n.,12576
subdue,v.,12577
pendulum,n.,12582
reverberate,v./adj.,12585
embellish,v.,12591
mesa,n.,12592
detergent,n.,12593
euphoria,n.,12596
gnaw,v.,12600
soggy,adj.,12601
loathe,v.,12607
provocation,n.,12608
covet,v.,12611
sheath,n.,12614
underwrite,v.,12615
wobble,n./v.,12620
pawn,n./v.,12632
forfeit,n./v./adj.,12633
momentous,adj.,12634
detonate,v.,12637
captivate,v.,12641
appall,v.,12646
substantiate,v.,12648
utensil,n.,12652
cosmopolitan,adj./n.,12655
hasty,adj.,12658
immaculate,adj.,12659
glitch,,12660
pessimism,n.,12662
impasse,n.,12663
fluctuate,v.,12670
adherent,n./adj.,12675
aversion,n.,12694
idiom,n.,12698
coalesce,v.,12702
accomplice,n.,12704
insomnia,n.,12706
colossal,adj.,12711
scuttle,n./v.,12712
boo,v./int.,12713
egalitarian,adj./n.,12715
sneer,n./v.,12717
crease,n./v.,12719
skewer,n./v.,12721
compulsory,adj.,12735
calculus,n.,12738
apparition,n.,12742
sheen,n./adj./v.,12743
piercing,adj.,12744
fortify,v.,12751
shoal,n./adj./v.,12753
composure,n.,12757
equator,n.,12760
culmination,n.,12765
perilous,adj.,12773
pious,adj.,12776
rustle,n./v.,12778
earthy,adj.,12783
epoch,n.,12794
gimmick,n./v.,12796
limbo,n.,12798
astound,v.,12802
imbue,v.,12805
meander,n./v.,12806
pitiful,adj.,12810
knead,v.,12811
cunning,adj.,12813
hale,adj./v.,12816
sullen,adj.,12817
egregious,adj.,12820
poach,v.,12824
dreary,adj.,12828
aggregate,n./adj./v.,12841
promulgate,v.,12844
gale,n.,12845
paraphrase,n./v.,12845
venom,n./v.,12849
shroud,n./v.,12854
apocalyptic,adj.,12862
flail,n./v.,12868
impeccable,adj.,12871
inhibitor,n.,12876
fodder,n./v.,12879
stranded,adj.,12881
pun,n./v.,12887
wholesome,adj.,12893
entirety,n.,12896
persecute,v.,12900
drench,v./n.,12912
raucous,adj.,12915
slew,n./v.,12917
cohesive,adj.,12919
treason,n.,12926
parable,n.,12932
droplet,n.,12935
respite,n./v.,12950
quell,v.,12955
enrage,v.,12957
inertia,n.,12961
flimsy,adj./n.,12968
redundant,adj.,12969
cello,n.,12971
rendezvous,n./v.,12972
holster,n.,12973
agitated,adj.,12974
understate,v.,12982
vulture,n.,12983
torpedo,n./v.,12984
periodical,n./adj.,12986
auspice,n.,12999
painkiller,n.,13003
inexplicable,adj.,13006
toil,n./v.,13009
oppress,v.,13013
inundate,v.,13018
reparation,n.,13025
pungent,adj.,13027
postulate,n./v.,13028
sarcastic,adj.,13030
trilogy,n.,13032
panorama,n.,13033
untold,adj.,13034
diva,n.,13059
mire,n./v.,13062
scooter,n.,13066
trustworthy,adj.,13072
sidestep,n./v.,13073
whimsical,adj.,13075
recoil,n./v.,13083
evasion,n.,13087
ovation,n.,13095
ordain,v.,13110
malicious,adj.,13112
astute,adj.,13115
unaffected,adj.,13116
prowl,n./v.,13118
vestige,n.,13119
figurine,n.,13120
quail,n./v.,13122
appraise,v.,13123
discernible,adj.,13124
entrench,v.,13128
glee,n.,13136
understatement,n.,13139
stoke,v.,13140
heirloom,n.,13144
vindicate,v.,13147
overdose,n./v.,13149
uproar,n.,13150
din,n./v.,13151
jolly,adj./v./adv.,13154
candor,n.,13158
caterpillar,n.,13163
err,v.,13165
arcane,adj.,13167
renegade,n./adj./v.,13169
hoax,v./n.,13170
aspen,n./adj.,13173
axle,n.,13179
skirmish,n./v.,13180
semblance,n.,13183
replete,adj.,13185
junction,n.,13186
vanguard,n.,13189
blunder,n./v.,13190
thorny,adj.,13200
memento,n.,13201
pare,v.,13217
linoleum,n.,13222
clot,n./v.,13223
kiosk,n.,13231
increment,n.,13233
heterogeneous,adj.,13235
calorie,n.,13241
abate,v.,13243
veritable,adj.,13248
expatriate,n./v.,13251
nascent,adj.,13253
infuriate,adj./v.,13254
minuscule,n./adj.,13257
alibi,n./v.,13258
fanfare,n.,13260
cardiologist,n.,13262
caper,n./v.,13269
observance,n.,13271
molten,adj.,13274
prick,v./n./adj.,13277
preface,n./v.,13278
colonize,v.,13280
impromptu,n./adj./adv.,13281
deduce,v.,13290
pamper,v.,13298
levy,n./v.,13303
procure,v.,13308
muffle,n./v.,13309
nocturnal,adj.,13312
lull,n./v.,13314
misgiving,n.,13315
waffle,v./n.,13320
estuary,n.,13321
cultivated,adj.,13324
stout,adj./n.,13326
dermatologist,n.,13328
gouge,n./v.,13329
circumstantial,adj.,13341
flaunt,n./v.,13345
dislodge,v.,13346
impulsive,adj.,13349
beset,v.,13356
overture,n./v.,13359
unregulated,adj.,13363
slant,n./adj./v.,13370
chide,v.,13377
pathological,adj.,13390
apex,n.,13391
aggressor,n.,13396
repressed,adj.,13398
juxtapose,v.,13407
stalemate,n./v.,13412
veneer,n./v.,13417
buggy,adj./n.,13418
apprehensive,adj.,13421
spatula,n.,13422
pennant,n.,13423
chasm,n.,13437
purify,v.,13440
pretext,n./v.,13441
fathom,n./v.,13445
aquifer,,13448
attune,v.,13450
preposterous,adj.,13458
fertilize,v.,13459
ruffle,n./v.,13470
visceral,adj.,13473
evocative,adj.,13479
finesse,n./v.,13491
surmise,n./v.,13492
acronym,n.,13493
trivia,n.,13495
feign,v.,13497
fluke,v./n.,13510
discursive,adj.,13512
complicity,n.,13525
futility,n.,13526
swipe,n./v.,13529
veterinary,adj./n.,13531
vile,adj.,13534
brash,adj./n.,13535
cautionary,adj.,13544
garland,n./v.,13545
plethora,n.,13548
forbidding,adj.,13550
cleavage,n.,13551
smirk,v./n.,13553
porous,adj.,13555
malice,n.,13560
commencement,n.,13566
delinquent,n./adj.,13568
populous,adj.,13571
wean,v./n.,13577
quip,n./v.,13578
testator,n.,13579
automation,n.,13580
glorify,v.,13582
defined,adj.,13586
tombstone,n.,13593
anatomical,adj.,13594
melancholy,n./adj.,13596
padding,n.,13608
spire,n./v.,13610
deforestation,n.,13617
repudiate,v.,13624
crevice,n.,13625
flamboyant,adj.,13626
brandish,v./n.,13627
tarnish,n./v.,13635
parka,n.,13637
gully,n.,13639
tacit,adj.,13641
brat,n.,13644
expressly,adv.,13647
benefactor,n.,13649
coffer,n./v.,13651
allegory,n.,13663
agreeable,adj.,13667
propriety,n.,13670
condense,v.,13674
affliction,n.,13678
artistry,n.,13683
nag,n./v.,13685
brunt,n.,13686
impenetrable,adj.,13690
elaboration,n.,13692
laud,n./v.,13707
retrace,v.,13708
freckle,n.,13714
divulge,v.,13715
implore,v.,13717
austere,adj.,13720
aristocracy,n.,13722
sedentary,adj.,13725
reminisce,v.,13731
melodrama,n.,13732
abolition,n.,13737
alcove,n.,13738
jot,n./v.,13743
intractable,adj.,13751
sanitary,adj./n.,13757
exuberance,n.,13760
spoke,n./v.,13761
screwdriver,n.,13766
embroider,v.,13767
decode,v.,13774
snuggle,v.,13775
redistribution,n.,13781
esoteric,adj.,13782
filament,n.,13790
deviate,v./adj./n.,13796
dignitary,n.,13805
douse,v./n.,13808
disengage,v.,13810
hush,n./v./int.,13814
hereditary,adj.,13816
maize,n./adj.,13829
abstain,v.,13833
exclamation,n.,13840
obnoxious,adj.,13843
reactionary,n./adj.,13846
retort,n./v.,13847
scrawl,v./n.,13850
diverge,v.,13852
tactile,adj.,13853
herbicide,n.,13857
genesis,n.,13864
disband,v.,13868
affix,v./n.,13876
intangible,adj.,13879
perpendicular,n./adj.,13882
dilapidated,adj.,13887
elliptical,adj.,13889
impeach,v.,13892
rung,n.,13893
fiat,n.,13898
precept,n.,13906
inroad,n.,13908
retract,v.,13910
inert,adj.,13911
jumble,v./n.,13914
mischievous,adj.,13916
nip,n./v.,13918
obligatory,adj.,13922
medley,n./adj.,13930
predominate,v.,13934
decimate,v.,13942
responsiveness,n.,13943
percussion,n.,13946
farce,n.,13948
digestion,n.,13954
rupture,n./v.,13956
inept,adj.,13957
inflame,v.,13961
bravado,n.,13971
manipulative,adj.,13975
impassioned,adj.,13977
susceptibility,n.,13978
amble,n./v.,13980
deplore,v.,13986
antagonism,n.,13988
auxiliary,n./adj.,13990
falcon,n.,14005
hypocritical,adj.,14006
turquoise,n.,14012
dearth,n.,14013
rife,adj.,14019
willful,adj.,14022
codify,v.,14023
buoy,n./v.,14024
resonant,adj.,14025
calibrate,v.,14027
flask,n.,14030
grudge,n./v.,14032
bibliography,n.,14033
glacial,adj.,14042
galvanize,v.,14044
emphatic,adj.,14058
ratification,n.,14059
aromatic,adj.,14060
meek,adj.,14061
scorch,n./v.,14072
warp,n./v.,14074
graft,n./v.,14077
innocuous,adj.,14079
collected,adj.,14084
broil,v./n.,14085
dissuade,v.,14086
ambience,n.,14090
filibuster,n./v.,14092
fidget,v./n.,14094
aristocrat,n.,14099
hoarse,adj.,14101
foothold,n.,14102
septic,adj./n.,14103
gamut,n.,14112
ephemeral,adj.,14116
elm,n.,14120
commonwealth,n.,14121
nexus,n.,14124
vagary,n.,14124
slither,v.,14125
ghastly,adj./adv.,14128
cranky,adj.,14131
superimpose,v.,14132
commune,n./v.,14138
sawdust,n.,14143
unfounded,adj.,14146
preempt,v.,14157
alluring,adj.,14169
agile,adj.,14174
prank,n./v.,14176
sustenance,n.,14178
indebted,adj.,14179
instantaneous,adj.,14192
posterior,adj./n.,14194
prodigious,adj.,14195
compensatory,adj.,14201
slur,n./v.,14203
amplitude,n.,14205
unqualified,adj.,14210
supersede,v.,14213
grueling,adj./n.,14218
chirp,n./v.,14222
vandalism,n.,14225
canonical,adj.,14227
prune,n./v.,14230
pandemic,adj.,14231
vertigo,n.,14232
anemia,n.,14240
surveyor,n.,14241
prodigy,n.,14246
cessation,n.,14248
cocoon,n.,14249
extrapolate,v.,14252
entangle,v.,14257
lunatic,n./adj.,14269
turret,n.,14270
rebuff,n./v.,14271
irritable,adj.,14272
fang,n.,14276
biosphere,n.,14277
gape,n./v.,14282
mystic,adj./n.,14288
intersperse,v.,14292
ingest,v.,14304
exposition,n.,14307
credence,n.,14310
quarantine,n./v.,14311
stammer,v./n.,14314
deride,v.,14315
reverie,n.,14321
nimble,adj.,14327
monograph,n./v.,14332
spank,v./n.,14335
rickety,adj.,14346
stutter,n./v.,14348
rectify,v.,14350
multiplicity,n.,14352
monolithic,adj.,14354
husky,n./adj.,14361
heresy,n.,14362
detract,v.,14366
predisposition,n.,14376
conundrum,n.,14380
foresight,n.,14381
leakage,n.,14382
snip,v./n.,14389
rivet,n./v.,14390
antiquated,adj.,14392
pang,n./v.,14395
chastise,v.,14398
slouch,n./v.,14401
aloof,adj./adv.,14411
shimmer,n./v.,14417
husk,n./v.,14430
peruse,v.,14432
cordial,n./adj.,14433
insecticide,n.,14437
peck,n./v.,14442
balm,n.,14452
instinctive,adj.,14454
painstaking,n./adj.,14458
flit,n./v.,14466
brawl,n./v.,14479
complacent,adj.,14481
cryptic,adj.,14482
somatic,adj.,14487
obedient,adj.,14489
hospitable,adj.,14491
oar,n./v.,14498
choreography,n.,14499
subterranean,adj./n.,14509
virulent,adj.,14512
reek,n./v.,14513
meld,v.,14514
brood,n./v.,14517
forsake,v.,14525
seethe,v./n.,14528
conjecture,n./v.,14535
consummate,v./adj.,14545
pretension,n.,14551
sear,adj./v.,14553
cuddle,n./v.,14556
nomad,n./adj.,14560
bohemian,n./adj.,14563
skunk,n./v.,14568
deviant,adj./n.,14570
archipelago,n.,14572
connoisseur,n.,14575
genealogy,n.,14582
emblazon,v.,14584
soot,n./v.,14589
resourceful,adj.,14594
complacency,n.,14595
extant,adj.,14599
sash,n./v.,14607
custodian,n.,14618
extol,v.,14621
stimulant,adj./n.,14629
tinge,n./v.,14630
sumptuous,adj.,14631
tenacity,n.,14632
corrugated,adj.,14635
tenacious,adj.,14637
noose,n./v.,14639
grouse,n./v.,14640
maroon,n./adj./v.,14650
austerity,n.,14652
sap,n./v.,14653
incessant,adj.,14654
panther,n.,14654
gall,n./v.,14656
vogue,n./adj.,14657
cinder,n.,14664
rowdy,n./adj.,14674
intricacy,n.,14675
edifice,n.,14677
supple,adj./v.,14678
vocalist,n.,14681
fraternal,adj.,14687
archer,n.,14695
embankment,n.,14695
awry,adj./adv.,14699
innuendo,n./v.,14703
grandiose,adj.,14705
scourge,n./v.,14709
spontaneity,n.,14710
belie,v.,14713
throes,n.,14716
spate,n.,14718
icing,n.,14723
bleach,v./n.,14729
epithet,n.,14731
hoard,n./v.,14732
affluence,n.,14739
diligence,n.,14741
drove,n.,14747
ripen,v.,14750
minnow,n.,14753
enslave,v.,14755
discord,n./v.,14756
puncture,n./v.,14757
induct,v.,14759
additive,adj./n.,14762
fictitious,adj.,14763
methodical,adj.,14767
tycoon,n.,14774
pummel,v.,14775
dabble,v.,14779
agility,n.,14781
sentry,n./v.,14786
categorical,adj.,14789
indignant,adj.,14792
malfunction,n./v.,14802
brazen,adj./v.,14809
cower,v.,14810
adaptable,adj.,14811
ballast,n.,14813
infraction,n.,14815
concomitant,adj./n.,14816
jurisprudence,n.,14820
impunity,n.,14823
carcinogen,n.,14825
qualm,n.,14827
swagger,n./v./adj.,14830
deft,adj.,14831
etching,n.,14836
mercenary,n./adj.,14838
corral,n./v.,14839
emblematic,adj.,14844
reprimand,n./v.,14849
saunter,n./v.,14855
infringe,v.,14867
hypnotic,adj./n.,14877
sterilize,v.,14878
besiege,v.,14890
luscious,adj.,14893
stocky,adj.,14898
eavesdrop,v./n.,14900
violet,n./adj.,14924
furrow,n./v.,14926
metaphysics,n.,14929
reprisal,n.,14937
adobe,n.,14939
strident,adj.,14944
hiatus,n.,14945
fallacy,n.,14946
arbiter,n.,14948
forlorn,adj.,14953
oblique,adj.,14956
ebb,n./v.,14957
exonerate,v.,14961
amnesia,n.,14972
prudence,n.,14974
dingy,adj.,14979
wallow,v./n.,14983
shale,n.,14985
scamper,n./v.,14986
rampage,n./v.,14994
cameo,n.,14995
interchangeable,adj.,14996
sonnet,n.,14999
tint,n./v.,15007
gaudy,adj./n.,15011
rebuttal,n.,15012
tranquility,n.,15014
nomadic,adj.,15019
secrete,v.,15024
bode,v.,15027
nectar,n.,15031
fixate,v.,15032
demeanour,n.,15033
flunk,n./v.,15037
drab,adj.,15038
denigrate,v.,15041
enumerate,v.,15043
remission,n.,15046
stuffy,adj.,15048
restitution,n.,15053
acquired,adj.,15054
gripping,adj.,15055
whittle,v./n.,15062
antithesis,n.,15063
lattice,n./v.,15066
musket,n.,15068
euphemism,n.,15077
refurbish,v.,15086
blight,n./v.,15091
weld,n./v.,15095
omelet,n.,15101
elated,adj.,15102
presenter,n.,15106
scalpel,n./v.,15111
compliant,adj.,15112
outlandish,adj.,15124
bonnet,n.,15125
tantamount,adj.,15128
droop,v./n.,15135
bicker,v./n.,15140
clique,n./v.,15142
lukewarm,adj.,15156
subsume,v.,15157
obsess,v.,15161
offbeat,adj./n.,15164
forthright,adv./adj./n.,15167
varnish,n./v.,15169
lurid,adj.,15172
disinterested,adj.,15175
kinetic,adj.,15176
acquiesce,v.,15179
pelt,n./v.,15181
heinous,adj.,15184
unwarranted,adj.,15194
annexation,n.,15200
incubator,n.,15204
avenge,v.,15208
holocaust,n.,15211
fleck,n./v.,15214
accolade,n.,15220
recast,v./n.,15225
moron,n.,15227
lucid,adj.,15228
corny,adj.,15231
edict,n.,15238
impervious,adj.,15239
spurn,n./v.,15240
confidant,n.,15242
exponentially,adv.,15244
crux,n.,15246
lyric,n./adj.,15249
anarchist,n.,15254
enliven,v.,15255
locust,n.,15256
sadistic,adj.,15258
exhort,v.,15261
philanthropic,adj.,15267
buoyant,adj.,15273
acquittal,n.,15274
disillusion,n./v.,15275
syllabus,n.,15285
colt,n.,15287
filth,n.,15292
pander,v./n.,15297
wistful,adj.,15300
mottled,adj.,15312
ethereal,adj.,15313
intrepid,adj.,15314
encroach,v.,15316
tongs,n.,15320
panoramic,adj.,15322
contrive,v.,15323
queasy,adj.,15330
libel,n./v.,15335
isotope,n.,15337
fissure,n./v.,15338
condescending,adj.,15341
abet,v.,15345
grisly,adj.,15353
swine,n.,15358
fussy,adj.,15360
pivot,n./adj./v.,15361
phantom,n./adj.,15362
vaccinate,v.,15363
malaise,n.,15382
gnarled,adj.,15383
noxious,adj.,15386
volley,n./v.,15389
defunct,adj./n.,15391
acorn,n.,15397
upstart,n./adj.,15398
onerous,adj.,15400
nemesis,n.,15405
institutionalized,adj.,15406
annihilate,v.,15407
exacting,adj.,15409
transplantation,n.,15416
precocious,adj.,15417
indelible,adj.,15418
awning,n.,15420
sleazy,adj.,15423
insatiable,adj.,15425
bottleneck,n.,15429
broach,n./v.,15430
spout,n./v.,15431
lance,n./v.,15435
schematic,adj./n.,15435
justifiable,adj.,15440
retiring,adj.,15443
decomposition,n.,15445
unscathed,adj.,15451
ineligible,adj./n.,15452
munition,n./v.,15452
relent,v.,15454
blockage,n.,15456
musty,adj.,15457
gaunt,adj.,15460
urchin,n.,15461
cynic,n./adj.,15462
unsettling,adj.,15466
phobia,n.,15469
babble,v./n.,15475
barter,n./v.,15482
usurp,v.,15488
queue,n./v.,15489
compatriot,n./adj.,15497
conciliatory,adj.,15499
bemused,adj.,15501
stanza,n.,15504
regent,n./adj.,15506
proffer,v./n.,15510
consign,v.,15519
furor,n.,15523
headway,n.,15526
voluminous,adj.,15539
ballerina,n.,15542
inkling,n.,15544
embroil,v.,15548
montage,n.,15549
steadfast,adj.,15551
reciprocate,v.,15555
iodine,n.,15564
homogeneity,n.,15566
hoe,n./v.,15567
propagation,n.,15569
cardinal,n./adj.,15572
slumber,n./v.,15579
scathing,adj.,15580
standstill,n.,15581
quandary,n.,15583
lopsided,adj.,15586
insignia,n.,15592
appendage,n.,15598
morsel,n.,15599
morbid,adj.,15607
trepidation,n.,15615
stymie,n./v.,15618
croon,v./n.,15619
hubris,n.,15622
nymph,n.,15624
hypocrite,n.,15627
backwater,n.,15628
bazaar,n.,15634
mason,n./v.,15637
altruism,n.,15638
flint,n.,15638
instigate,v.,15639
insinuate,v.,15647
bewildering,adj.,15654
cursory,adj.,15656
congenital,adj.,15666
sultry,adj.,15667
sapling,n.,15669
archetype,n.,15672
linguistics,n.,15674
contiguous,adj.,15684
foreshadow,v.,15685
enormity,n.,15686
amenable,adj.,15693
decompose,v.,15704
kangaroo,n.,15706
invoice,n./v.,15708
leeway,n.,15712
dissection,n.,15713
fickle,adj.,15716
sampler,n.,15720
pantheon,n.,15727
gash,n./v.,15733
altruistic,adj.,15735
canine,n./adj.,15736
mournful,adj.,15738
jigsaw,n./v.,15739
amorphous,adj.,15741
ire,n.,15744
aria,n.,15746
revulsion,n.,15759
deceit,n.,15761
amiable,adj.,15763
frond,n.,15768
shelve,v.,15772
circumference,n.,15774
epitome,n.,15775
acuity,n.,15780
adage,n.,15783
paltry,adj.,15789
bough,n.,15790
permanence,n.,15791
fleece,n./v.,15794
riveting,adj.,15797
pulley,n.,15800
berate,v.,15807
encapsulate,v.,15818
recline,v.,15819
cougar,n.,15820
puny,adj.,15824
projectile,n./adj.,15825
zenith,n.,15834
unassuming,adj.,15838
panacea,n.,15848
masquerade,n./v.,15851
shambles,n.,15858
smudge,n./v.,15864
silt,n./v.,15872
impressed,adj.,15881
bile,n.,15883
inconsequential,adj.,15884
disprove,v.,15886
relapse,n./v.,15889
genteel,adj.,15890
chafe,n./v.,15894
reconstitute,v.,15898
assail,v.,15900
feisty,adj.,15906
endearing,adj.,15909
mirage,n.,15917
tantalize,v.,15919
forebear,n.,15920
char,n./v.,15921
ail,v.,15923
tepid,adj.,15927
constrict,v.,15930
fatten,v.,15932
depose,v.,15933
concise,adj.,15935
belittle,v.,15936
boisterous,adj.,15945
kennel,n./v.,15947
feral,adj.,15951
plunder,n./v.,15954
indigent,adj.,15961
roil,v.,15962
pernicious,adj.,15964
invert,adj./v./n.,15967
sketchy,adj.,15969
studied,adj.,15971
fetish,n.,15974
plod,n./v.,15975
trespass,n./v.,15976
scab,n./v.,15977
throwback,n.,15978
downpour,n.,15981
pseudonym,n.,15984
purported,adj.,15990
enshrine,v.,15992
consternation,n.,15994
flak,n.,16001
enthrall,v.,16003
lexicon,n.,16005
molding,n.,16008
promenade,n./v.,16011
surcharge,n./v.,16013
nautical,adj.,16018
twinge,n./v.,16020
extrinsic,adj.,16022
recuperate,v.,16025
stipulation,n.,16026
pretentious,adj.,16028
whirlpool,n.,16038
hitherto,adv.,16041
insurrection,n.,16043
dank,adj.,16049
lenient,adj.,16056
placate,v.,16057
layman,n.,16061
engross,v.,16062
laity,n.,16071
assent,n./v.,16073
rant,v./n.,16081
foreclose,v.,16084
jettison,n.,16098
yoke,n./v.,16099
snare,n./v.,16103
chagrin,n./v.,16105
gruff,adj.,16108
rescind,v.,16113
expiration,n.,16118
corrosive,adj./n.,16120
indeterminate,adj.,16129
tramp,n./v.,16137
motley,adj./n.,16138
bereft,adj.,16140
shrivel,v.,16142
bequeath,v.,16145
illusory,adj.,16148
baroque,n./adj.,16149
taxing,adj.,16151
eucalyptus,n.,16153
forestall,v.,16160
haphazard,n./adj./adv.,16170
touchy,adj.,16171
sojourn,n./v.,16174
bondage,n.,16176
itinerant,adj./n.,16178
sordid,adj.,16187
eviction,n.,16190
harbinger,n./v.,16191
superfluous,adj.,16195
patronize,v.,16199
congenial,adj.,16200
affable,adj.,16207
banal,adj.,16209
unwieldy,adj.,16217
stigmatize,v.,16222
jaded,adj.,16224
vindication,n.,16226
outstrip,v.,16231
indignity,n.,16237
falsify,v.,16242
magnate,n.,16243
affront,n./v.,16245
lubricant,adj./n.,16249
misrepresent,v.,16251
deluge,n./v.,16257
rabid,adj.,16269
skiff,n.,16271
settled,adj.,16274
buttress,n./v.,16275
cacophony,n.,16277
detest,v.,16282
elucidate,v.,16285
virtuoso,n.,16288
mutate,v.,16289
earshot,n.,16303
irrigate,v.,16313
jade,n./adj./v.,16319
spool,n./v.,16319
flounder,v.,16327
audacious,adj.,16335
goblet,n.,16341
conifer,n.,16342
abrasive,n./adj.,16344
interlude,n.,16345
despicable,adj.,16350
talon,n.,16363
inanimate,adj.,16370
vernacular,n./adj.,16371
frenetic,adj./n.,16374
hallowed,adj.,16380
denunciation,n.,16387
quagmire,n.,16401
antecedent,n./adj.,16403
abreast,adv.,16406
dupe,n./v.,16408
putative,adj.,16411
modulate,v.,16415
expound,v.,16419
firefly,n.,16424
adjourn,v.,16425
trifle,n./v.,16426
amphibian,adj./n.,16433
valiant,adj./n.,16441
barb,n./v.,16454
callous,adj./v.,16457
concentric,adj.,16458
fondle,v.,16459
illustrious,adj.,16464
forgery,n.,16466
kindle,v.,16468
evasive,adj.,16477
abject,adj.,16479
emissary,n./adj.,16487
suffrage,n.,16498
liquidate,v.,16502
blanch,v.,16503
demoralize,v.,16505
envisage,v.,16510
environs,n.,16512
skit,n.,16515
monsoon,n.,16516
exorbitant,adj.,16520
rhubarb,n.,16526
misrepresentation,,16528
totem,n.,16532
mitten,n.,16533
rudder,n.,16535
frugal,adj.,16538
destitute,adj.,16544
intoxicate,v.,16545
mediocrity,n.,16550
anaerobic,adj.,16553
voracious,adj.,16557
remittance,n.,16559
crescendo,n.,16560
extricate,v.,16562
fruition,n.,16563
equestrian,adj./n.,16564
embolden,v.,16565
decrepit,adj.,16566
transcendental,adj.,16575
dandy,n./adj.,16577
inverse,adj./n.,16580
repent,v./adj.,16583
redress,n./v.,16594
tangy,adj.,16595
clipper,n.,16596
opulent,adj.,16597
dimple,n./v.,16600
croak,n./v.,16607
peep,n./v.,16608
surmount,v.,16610
sobriety,n.,16615
unbridled,adj.,16628
brooch,n.,16633
outgrowth,n.,16635
paucity,n.,16637
meddle,v.,16645
carp,n./v.,16653
eloquence,n.,16655
cadaver,n.,16658
careen,v./n.,16659
geyser,n.,16661
congruent,adj.,16664
abhor,v.,16665
provenance,n.,16671
exhilaration,n.,16673
leery,adj.,16674
ruddy,adj./v.,16676
catapult,n./v.,16678
unscrupulous,adj.,16684
malevolent,adj.,16691
assuage,v.,16696
glut,n./v.,16700
iridescent,adj.,16703
sheaf,n./v.,16707
ointment,n.,16710
ruse,n.,16717
gratuitous,adj.,16720
gusto,n.,16728
penance,n./v.,16731
goad,n./v.,16733
contemptuous,adj.,16734
pique,n./v.,16736
commensurate,adj.,16742
repellent,adj./n.,16746
astray,adv.,16756
posse,n.,16759
dainty,adj.,16762
redundancy,n.,16763
lackluster,adj./n.,16764
anorexia,n.,16765
haggle,v./n.,16766
sleigh,n./v.,16769
tirade,n.,16772
glossary,n.,16773
ramble,n./v.,16774
anomalous,adj.,16778
sentient,adj./n.,16780
irate,adj.,16784
maim,v.,16796
monotonous,adj.,16805
moat,n./v.,16816
opine,v.,16834
singularity,n.,16837
cob,n./v.,16839
piazza,n.,16844
enunciate,v.,16845
pesky,adj.,16848
bigot,n.,16852
progeny,n.,16855
interweave,v.,16863
sideshow,n.,16865
interminable,adj.,16867
daze,v./n.,16871
reprieve,n./v.,16877
draconian,adj.,16880
judicious,adj.,16886
condor,n.,16894
rote,n.,16910
entwine,v.,16912
regress,n./v.,16913
raze,v.,16914
sanguine,adj./n./v.,16915
improvised,adj.,16919
optimization,n.,16923
circumscribe,v.,16931
hermit,n.,16933
convulsion,n.,16936
tusk,n./v.,16945
hyperactivity,n.,16949
disclaimer,n.,16950
falsehood,n.,16951
condiment,n.,16952
loath,adj.,16958
banter,n./v.,16960
rapt,adj.,16961
impel,v.,16966
axiom,n.,16970
parlance,n.,16974
amputate,v.,16975
anathema,n.,16986
discerning,adj.,16994
chisel,n./v.,16996
everlasting,adj./n.,16997
alchemy,n.,17003
coy,adj.,17006
implausible,adj.,17010
rile,v.,17012
grating,n./adj.,17014
garish,adj.,17017
chameleon,n.,17020
harry,v.,17022
pompous,adj.,17023
taper,n./adj./v.,17027
exasperate,v./adj.,17029
absolve,v.,17031
nullify,v.,17035
didactic,adj.,17040
deadpan,n.,17045
gallant,adj.,17058
decorum,n.,17060
bard,n.,17063
shoddy,adj./n.,17067
squabble,v./n.,17073
suffuse,v.,17080
retard,n./v.,17082
gargantuan,adj.,17088
amalgam,n.,17090
hyperbole,n.,17093
checkered,adj.,17095
drawl,v./n.,17106
tribulation,n.,17114
maestro,n.,17118
ancillary,adj.,17119
aghast,adj.,17120
penicillin,n.,17121
inquisitive,adj.,17122
balmy,adj.,17136
hilt,n.,17137
allay,v.,17138
adhesive,adj./n.,17140
extravagance,n.,17144
surly,adj.,17146
harrowing,adj.,17151
reticent,adj.,17152
gregarious,adj.,17153
ramshackle,adj.,17157
enmity,n.,17158
retainer,n.,17162
preservative,adj./n.,17163
blackmail,n./v.,17169
disinfectant,adj./n.,17170
vilify,v.,17173
devotional,adj.,17179
fortitude,n.,17185
defraud,v.,17191
distal,adj.,17192
baste,v.,17193
dictum,n.,17196
subsist,v.,17205
derogatory,adj.,17206
counterfeit,n./adj./v.,17208
sapphire,adj./n.,17213
platonic,adj.,17216
dehydrate,v.,17223
incipient,adj.,17230
exalt,v.,17234
snob,n.,17236
personification,n.,17240
weasel,n./v.,17242
petitioner,n.,17248
pester,v.,17263
resigned,adj.,17268
rebuke,n./v.,17270
smattering,n.,17275
pacifist,n.,17281
capricious,adj.,17285
disparage,v.,17289
signatory,n./adj.,17290
snappy,adj.,17299
unicorn,n.,17309
treachery,n.,17315
scorpion,n.,17316
genial,adj.,17323
ascendancy,n.,17325
unproductive,adj.,17328
intelligible,adj.,17337
hemorrhage,n.,17340
incendiary,adj./n.,17341
hearsay,n.,17347
scion,n.,17347
pout,n./v.,17350
luminary,n.,17353
shackle,n./v.,17357
copious,adj.,17362
ineffectual,adj.,17367
generality,n.,17375
homely,adj.,17381
consonant,n./adj.,17386
monopolize,v.,17391
informer,n.,17392
inordinate,adj.,17393
disavow,v.,17395
pancreas,n.,17398
lair,n./v.,17399
sorcery,n.,17405
contort,v.,17409
fell,v./n./adj.,17411
outmoded,adj.,17416
racy,adj.,17428
belch,v./n.,17429
loll,v.,17433
grumpy,adj.,17444
delude,v.,17446
enchant,v.,17449
gripe,n./v.,17456
germinate,v.,17457
respiration,n.,17458
assertiveness,n.,17462
infatuation,n.,17477
stalwart,n./adj.,17482
mallet,n.,17484
wick,n.,17490
accretion,n.,17492
sidle,v./n.,17493
imperil,v.,17494
ameliorate,v.,17496
tact,n.,17499
excise,n./v.,17506
lullaby,n.,17512
deleterious,adj.,17536
pariah,n.,17540
oracle,n.,17550
overpowering,adj.,17552
patina,n.,17560
blemish,n./v.,17561
extraneous,adj.,17572
implode,v.,17574
preamble,n.,17581
zigzag,n./adj./adv./v.,17582
polemic,adj./n.,17583
wrought,adj.,17584
resuscitate,v.,17589
introspective,adj.,17592
amiss,adj./adv.,17594
anemic,adj.,17595
vaporize,v.,17597
lope,v./n.,17601
denizen,n./v.,17602
blooming,adj.,17603
crass,adj.,17607
cobbler,n.,17611
heretic,n.,17615
demean,v.,17616
bawl,n./v.,17618
infest,v.,17621
touchstone,n.,17623
dour,adj.,17628
debunk,v.,17630
secede,v.,17631
demented,adj.,17632
exterminate,v.,17637
profane,adj./v.,17638
grotto,n.,17656
dowry,n.,17661
vex,v.,17663
uptight,adj.,17666
trawl,n./v.,17677
inexorable,adj.,17682
gist,n.,17685
foodstuff,n.,17696
valor,n.,17697
ferment,n./v.,17698
homily,n.,17700
nick,n./v.,17704
mermaid,n.,17705
beholder,n.,17707
premonition,n.,17716
antagonize,v.,17720
counterbalance,v./n.,17725
celibate,n./adj.,17726
voluptuous,adj.,17728
forerunner,n.,17730
interlocking,adj.,17731
eulogy,n.,17738
trinket,n.,17741
irk,v.,17751
photosynthesis,n.,17755
conceit,n.,17757
antipathy,n.,17759
lynch,n./v.,17761
gratify,v.,17764
waddle,v./n.,17765
meditative,adj.,17787
hatchet,n.,17797
insular,adj.,17801
belated,adj.,17806
coronation,n.,17819
halting,adj.,17820
loon,n.,17823
sequester,v.,17824
externalize,v.,17829
showy,adj.,17832
nettle,n./v.,17834
prohibitive,adj.,17838
acumen,n.,17842
snub,n./adj./v.,17845
midget,n./adj.,17846
reprehensible,adj.,17850
moor,n./v.,17855
gloat,v./n.,17861
tumult,n.,17862
magenta,n.,17863
botch,v./n.,17866
tuber,n.,17869
pathos,n.,17870
credo,n.,17871
bequest,n.,17885
furtive,adj.,17887
sully,v./n.,17902
deadlock,n./v.,17906
terse,adj.,17917
blissful,adj.,17918
decadence,n.,17922
cyclone,n.,17926
veracity,n.,17927
antiseptic,n./adj.,17931
steeple,n.,17934
summation,n.,17935
lithe,adj.,17946
schism,n.,17948
accede,v.,17950
pliers,n.,17958
wily,adj.,17961
repugnant,adj.,17964
anvil,n.,17970
frothy,adj.,17982
recalcitrant,adj./n.,17985
libido,n.,17995
inoculate,v.,18002
vouch,v.,18007
shanty,n.,18013
untapped,adj.,18033
travesty,n./v.,18038
invertebrate,adj./n.,18039
girth,n./v.,18049
scaffold,n.,18050
receptacle,n.,18066
stethoscope,n./v.,18070
erstwhile,adv./adj.,18074
untimely,adj.,18080
derelict,adj./n.,18085
spindly,adj.,18091
permissive,adj.,18103
esophagus,n.,18110
ascetic,n./adj.,18114
devolve,v.,18123
aurora,n.,18136
mortify,v.,18139
delirious,adj.,18142
repulse,n./v.,18145
demote,v.,18146
capitulate,v.,18153
vengeful,adj.,18155
stricture,n.,18158
artifice,n.,18184
gong,n./v.,18186
compendium,n.,18189
gaseous,adj.,18191
rancid,adj.,18196
devious,adj.,18198
flammable,adj.,18206
countenance,n.,18208
aegis,n.,18213
scuff,v./n.,18214
mortuary,n./adj.,18223
wont,n./adj./v.,18224
askew,adj./adv.,18225
vindictive,adj.,18233
jubilant,adj.,18234
abut,v.,18235
abrasion,n.,18254
tutelage,n.,18256
juggernaut,n.,18257
jaunt,n./v.,18264
staccato,adj./adv./n.,18265
crypt,n.,18273
headlong,adj./adv.,18274
convoluted,adj.,18275
quash,v.,18281
graduated,adj.,18285
reproach,n./v.,18288
verdant,adj.,18292
wiretap,v./n.,18310
timbre,n.,18312
facsimile,n./v./adj.,18332
sweltering,adj.,18335
dilate,v.,18343
dishearten,v.,18344
plagiarism,n.,18346
invigorating,adj.,18351
unpretentious,adj.,18354
restorative,adj./n.,18355
delectable,adj.,18357
idolize,v.,18359
ostracize,v.,18362
immunize,v.,18368
psalm,n./v.,18368
hew,v.,18374
foolproof,adj.,18375
fallow,n./adj.,18378
negation,n.,18380
charade,n.,18388
inscrutable,adj.,18390
impinge,v.,18394
asterisk,n.,18397
unwitting,adj.,18400
polarity,n.,18404
curt,adj.,18407
malleable,adj.,18412
portend,v.,18414
splurge,n./v.,18415
sardonic,adj.,18421
pucker,v./n.,18425
episodic,adj.,18428
spurious,adj.,18432
dapper,adj.,18440
evince,v.,18444
caustic,n./adj.,18453
gentry,n.,18454
impersonate,v.,18460
detonation,n.,18461
rabies,n.,18463
perky,adj.,18469
habitable,adj.,18476
lark,n./v.,18477
narcissism,n.,18480
anachronistic,adj.,18484
ostrich,n.,18490
writ,n.,18491
abysmal,adj.,18494
soluble,adj.,18497
percolate,v./n.,18498
predilection,n.,18504
rejuvenate,v.,18505
squelch,n./v.,18514
diocesan,adj./n.,18516
divest,v.,18517
detritus,n.,18523
corporal,n./adj.,18525
clemency,n.,18529
effigy,n.,18533
disfigure,v.,18538
regressive,adj.,18549
stingy,adj.,18550
macabre,adj.,18553
sedative,adj./n.,18556
inculcate,v.,18562
advisable,adj.,18573
jaunty,adj.,18576
crafty,adj.,18577
conservatory,adj./n.,18578
unconscionable,adj.,18598
acrid,adj.,18600
centrifugal,adj./n.,18605
latency,n.,18606
renege,v./n.,18611
damper,n.,18613
hinterland,n.,18616
spleen,n.,18619
curd,n.,18621
flagrant,adj.,18623
disembodied,adj.,18630
parse,v.,18644
cheetah,n.,18645
muffler,n.,18647
amulet,n.,18661
intermission,n.,18663
pensive,adj.,18665
oratory,n.,18667
neophyte,n.,18670
knoll,n./v.,18672
unkempt,adj.,18675
languid,adj.,18678
cachet,n.,18680
minutia,n.,18681
omnipresent,adj.,18682
sheathe,v.,18691
menial,adj./n.,18694
cuticle,n.,18707
incubate,v./n.,18723
porridge,n.,18724
monochrome,n./adj.,18726
glower,v./n.,18728
cognizant,adj.,18735
mete,v./n.,18736
renown,n./v.,18742
staid,adj.,18779
dislocate,v.,18786
quill,n./v.,18789
kindred,n./adj.,18790
industrious,adj.,18792
repute,n./v.,18809
coddle,v.,18813
servitude,n.,18822
occult,adj./v./n.,18836
fawn,n./v.,18845
deciduous,adj.,18846
ream,n./v.,18849
nicety,n.,18865
beholden,adj.,18867
spongy,adj.,18874
precipice,n.,18876
adjudicate,v.,18877
comma,n.,18884
synopsis,n.,18889
snicker,n./v.,18890
poncho,n.,18895
pacify,v.,18896
dumbfound,v.,18911
interlocutor,n.,18921
muddle,v./n.,18925
shunt,v./n.,18929
despondent,adj.,18930
docile,adj.,18932
vendetta,n.,18933
contented,adj.,18934
impassive,adj.,18936
nefarious,adj.,18942
inferno,n.,18943
gastric,adj.,18960
transitory,adj.,18961
contrived,adj.,18969
intercede,v.,18971
dexterity,n.,18973
rapprochement,n.,18980
assay,n./v.,18989
crinkle,n./v.,18991
concerto,n.,18992
opiate,n./adj./v.,18995
stasis,n.,19014
coloration,n.,19029
accost,v.,19030
wanton,n./adj./v.,19031
sloth,n.,19039
bucolic,adj./n.,19044
dogged,adj.,19046
plaintive,adj.,19048
bridle,n.,19059
overbearing,adj.,19060
threadbare,adj.,19064
conscript,adj./n./v.,19067
blasphemy,n.,19070
comatose,adj.,19074
opus,n.,19078
centralization,n.,19079
diatribe,n.,19083
resound,v.,19086
summarily,adv.,19090
ordnance,n.,19095
visage,n.,19096
prologue,n./v.,19104
livid,adj.,19109
quench,v.,19110
abdicate,v.,19114
plumb,n./adj./v.,19115
preen,v.,19121
personable,adj.,19125
moribund,adj./n.,19128
perfunctory,adj.,19128
paragon,n.,19134
dutiful,adj.,19141
upswing,n.,19142
berserk,adj./adv.,19143
banister,n.,19144
retroactive,adj.,19147
catharsis,n.,19148
understated,adj.,19153
cajole,v.,19154
enjoin,v.,19159
unsubstantiated,,19165
elixir,n.,19166
glade,n.,19174
mangle,v./n.,19177
imperious,adj.,19179
glib,adj.,19183
confection,n.,19184
repose,n./v.,19187
calligraphy,n.,19189
inter,v./prep.,19198
splice,v./n.,19204
oscillate,v.,19205
comprehensible,adj.,19208
naysayer,n.,19209
prosaic,adj.,19211
acrobat,n.,19213
consul,n.,19215
grandstand,n.,19216
transpose,v.,19217
anesthetic,n./adj.,19234
canary,n.,19242
faze,v.,19253
succinct,adj.,19254
sledgehammer,n./adj./v.,19255
unjustly,adv.,19257
canny,adj.,19263
gavel,n.,19269
corrode,v.,19273
absenteeism,n.,19278
conflate,v.,19279
incinerate,v.,19281
alphabetical,adj.,19282
plankton,n.,19300
slurp,n./v.,19312
sensitize,v.,19314
sentinel,n./v.,19315
facile,adj.,19319
fortuitous,adj.,19324
lien,n.,19325
fermentation,n.,19326
maelstrom,n.,19331
incubation,n.,19334
brocade,n.,19335
litigant,adj./n.,19336
revile,v.,19338
ponderous,adj.,19347
jest,n./v.,19350
imprecise,adj.,19370
sedate,adj./v.,19371
ravenous,adj.,19381
efficacious,adj.,19391
pediatrics,n.,19398
haughty,adj.,19401
bovine,adj.,19406
mariner,n.,19411
convergent,adj.,19429
morass,n.,19432
hodgepodge,n.,19435
machination,n.,19441
extort,v.,19443
recant,v.,19446
proselytize,v.,19449
ewe,n.,19450
atheism,n.,19451
inflamed,adj.,19453
kaleidoscope,n.,19457
lusty,adj.,19459
feline,adj./n.,19465
pejorative,adj./n.,19466
conflagration,n.,19480
dorsal,adj.,19488
talisman,n.,19492
consequential,adj.,19493
squalid,adj.,19503
unjustified,,19509
pervert,v./n.,19510
inhumane,adj.,19515
irreconcilable,adj.,19521
rancor,n.,19522
gaggle,n./v.,19525
impale,v.,19536
trowel,n./v.,19546
exponent,n./adj.,19547
redemptive,adj.,19552
functionary,n./adj.,19553
realign,v.,19555
simile,n.,19562
gaffe,n.,19567
subliminal,adj.,19571
hulk,n.,19575
regale,v./n.,19578
prim,adj./v.,19588
spat,n./v.,19601
quibble,n./v.,19608
malign,adj./v.,19612
elegy,n.,19616
chaste,adj.,19618
irrevocable,adj.,19624
debrief,v.,19638
duress,n.,19646
squall,n./v.,19648
ode,n.,19653
sinuous,adj.,19654
piecemeal,adv./adj./n.,19660
attenuate,adj./v.,19661
expediency,n.,19664
flout,v./n.,19665
whimsy,n.,19674
largesse,n.,19675
expedient,n./adj.,19681
monotone,adj./n.,19682
saintly,adj.,19683
modicum,n.,19686
porcupine,n.,19692
leer,n./v.,19693
incarnate,v./adj.,19696
scald,n./v.,19697
antihistamine,n.,19702
cavort,v.,19707
whet,n./v.,19708
delirium,n.,19712
mercantile,adj.,19718
negotiable,adj.,19719
rasp,n./v.,19721
gargoyle,n.,19726
atrophy,n.,19731
nova,n.,19731
uncooperative,adj.,19741
hydrant,n.,19742
fractious,adj.,19745
rankle,v.,19747
legible,adj.,19753
misshapen,adj.,19758
viscous,adj.,19766
epitaph,n.,19769
rampart,n./v.,19772
atrocious,adj.,19777
lustrous,adj.,19780
incongruity,n.,19783
fiend,n.,19784
truism,n.,19792
haggard,n./adj.,19796
unmoved,adj.,19810
inalienable,adj.,19812
stupor,n.,19814
gullible,adj.,19817
unspoiled,adj.,19823
pulsate,v.,19837
prodigal,n./adj.,19847
whit,n.,19851
monotony,n.,19859
personage,n.,19862
lubricate,v.,19873
disagreeable,adj.,19879
squalor,n.,19882
arroyo,n.,19883
clarion,n./adj.,19890
convulse,v.,19900
auspicious,adj.,19908
contraband,n./adj.,19922
truss,v./n.,19925
volition,n.,19937
nebulous,adj.,19938
demure,adj.,19945
diabolical,adj.,19967
vicarious,adj.,19968
frieze,n./v.,19969
misnomer,n.,19971
jovial,adj.,19973
deserter,n.,19974
jeer,n./v.,19977
progenitor,n.,19980
lectern,n.,19982
beget,v.,19985
consort,n./v.,19990
salutary,adj.,19993
minion,n.,20009
inexhaustible,adj.,20014
cornice,n./v.,20020
pall,n./v.,20025
dossier,n.,20031
icicle,n.,20039
totter,v./n.,20047
castigate,v.,20051
eminence,n.,20054
exhume,v.,20069
impresario,n.,20073
skittish,adj.,20080
rumple,v./n.,20081
upstage,adj./adv./v.,20083
grievous,adj.,20105
drudgery,n.,20108
exult,v.,20109
deferential,adj.,20111
sodden,adj./v.,20116
thatch,n./v.,20118
sprain,v./n.,20119
explicate,v.,20124
upsurge,v./n.,20132
desertion,n.,20133
foreword,n.,20134
culpable,adj.,20145
mauve,n./adj.,20146
presage,n./v.,20147
nonsensical,adj.,20151
concave,adj.,20157
carpentry,n.,20170
unseemly,adj.,20173
germane,adj.,20190
interloper,n.,20193
armada,n.,20195
platitude,n.,20203
patrician,n./adj.,20209
sociable,adj./n.,20210
fastidious,adj.,20212
incantation,n.,20216
verbatim,adj./adv.,20217
ambulatory,adj./n.,20221
unobtrusive,adj.,20244
vandalize,v.,20245
olfactory,adj./n.,20247
enmesh,v.,20263
neurosis,n.,20266
arresting,adj.,20267
encyclopedic,adj.,20268
demur,v./n.,20271
straggle,v./n.,20279
ingestion,n.,20280
listless,adj.,20285
pulverize,v.,20292
mime,n./v.,20294
dynamo,n.,20306
shuck,n./v.,20318
aphorism,n.,20331
serpentine,adj./n./v.,20333
impressionable,adj.,20334
appreciable,adj.,20337
scrappy,adj.,20340
gnat,n.,20343
metamorphose,v.,20344
begrudge,v.,20345
onus,n.,20348
capsize,v.,20349
exorcise,v.,20350
debar,v.,20355
technocrat,n.,20361
invigorate,v.,20365
ungainly,adj.,20371
averse,adj.,20377
serrated,adj.,20378
irrepressible,adj.,20380
derivation,n.,20388
ingrained,adj.,20391
cleaver,n.,20393
carnivorous,adj.,20396
fractional,adj.,20398
virtuosity,n.,20404
tadpole,n.,20412
foible,n.,20420
burnish,v./n.,20422
decibel,n.,20427
rhinestone,n.,20428
outwit,v.,20442
acolyte,n.,20449
cleave,v.,20460
serviceable,adj.,20461
mettle,n.,20465
stencil,n./v.,20471
vermin,n.,20475
dyslexia,n.,20476
excrete,v.,20479
ogle,n./v.,20488
botany,n.,20491
biennial,n./adj.,20512
demagogue,n.,20515
monochromatic,adj.,20516
obviate,v.,20519
ensconce,v.,20531
cavalier,n.,20536
hubbub,n.,20541
repatriate,v./n.,20545
slander,n./v.,20554
immanent,adj.,20559
resplendent,adj.,20564
corporeal,adj.,20571
sonata,n.,20594
myopic,adj.,20597
perishable,adj./n.,20600
sanctify,v.,20602
rambunctious,adj.,20609
presupposition,n.,20621
monogamy,n.,20622
dawdle,v.,20624
analgesic,adj./n.,20632
filly,n.,20635
subjugate,v.,20637
ironclad,adj.,20640
colossus,n.,20646
obelisk,n.,20650
heretical,adj.,20651
revue,n.,20653
consecrate,v./adj.,20656
pallid,adj.,20678
hydrate,n./v.,20682
unrepentant,adj.,20683
solemnity,n.,20688
ferret,n./v.,20690
leniency,n.,20692
lethargic,adj.,20701
granule,n.,20702
chalice,n.,20724
coda,n.,20731
hearten,v.,20744
cleft,n./adj.,20760
tortuous,adj.,20769
gallows,n.,20775
colander,n.,20787
girder,n.,20797
moralistic,adj.,20811
trite,adj.,20823
symbiosis,n.,20824
nonchalant,adj.,20830
infantile,adj.,20841
azure,n./adj.,20844
cogent,adj.,20848
stylus,n.,20851
wrangle,v./n.,20853
contrition,n.,20856
uninitiated,adj.,20858
fag,n./v.,20870
plenary,adj.,20877
transgress,v.,20882
purgatory,n./adj.,20888
circuitous,adj.,20890
unguarded,adj.,20902
theocracy,n.,20909
raspy,adj.,20914
dote,v.,20920
pliable,adj.,20923
potable,adj./n.,20938
girdle,n./v.,20948
ineptitude,n.,20958
disinfect,v.,20959
aqueduct,n.,20964
synchronous,adj.,20967
acrimonious,adj.,20973
dispassionate,adj.,20974
indecisive,adj.,20977
guillotine,n./v.,20980
loiter,v.,20984
sundry,adj.,20990
reprise,n./v.,20996
prance,n./v.,20998
mutilate,v.,20999
brawny,adj.,21002
rivulet,n.,21003
terminus,n.,21005
roe,n.,21007
senile,adj.,21012
finery,n.,21013
demystify,v.,21025
tamp,v./n.,21027
bludgeon,n.,21038
duplicity,n.,21039
panache,n.,21047
finicky,adj.,21048
beseech,v.,21052
recluse,adj./n.,21060
flabby,adj.,21061
pillage,n./v.,21088
depravity,n.,21090
mackintosh,n.,21101
lethargy,n.,21103
infernal,adj.,21105
serenade,n./v.,21111
embezzlement,n.,21122
tedium,n.,21125
blotch,n.,21129
demography,n.,21130
dejected,adj.,21137
neurology,n.,21144
grasping,adj.,21152
nauseate,v.,21153
unearthly,adj.,21162
maven,n.,21165
missive,n./adj.,21170
grounded,adj.,21182
yielding,adj.,21183
floodgate,n.,21192
trickery,n.,21193
academician,n.,21212
flay,v.,21222
despot,n.,21224
spoof,n./v./adj.,21227
pandemonium,n.,21228
teem,v.,21232
tawdry,adj./n.,21233
chrysanthemum,n.,21235
singe,v.,21246
badger,n./v.,21256
overreach,v.,21257
omniscient,adj./n.,21274
insubstantial,adj.,21275
torrential,adj.,21280
splashy,adj.,21281
mirth,n.,21285
underling,n.,21288
gangly,adj.,21290
deranged,adj.,21292
slippage,n.,21295
aberrant,adj.,21296
polemical,adj.,21297
ostensible,adj.,21306
kudos,n.,21322
flange,n./v.,21332
immensity,n.,21339
carrion,n./adj.,21344
demarcate,v.,21349
benediction,n.,21353
venerate,v.,21355
bane,n.,21357
astrology,n.,21372
pleat,n./v.,21373
digression,n.,21375
stodgy,adj.,21383
raffle,n./v.,21384
bluster,v./n.,21394
figurehead,n.,21400
restive,adj.,21413
cornucopia,n.,21423
sledge,n./v.,21425
slacken,v.,21432
thrifty,adj.,21446
forte,n.,21448
guzzle,v.,21455
lathe,n./v.,21462
acclimate,v.,21471
savant,n.,21472
salve,n./v.,21480
prostrate,adj./v.,21485
mollify,v.,21490
thrall,n.,21491
manifold,n./adj./v.,21492
lint,n.,21495
redolent,adj.,21497
conjugal,adj.,21505
ditty,n.,21521
vicar,n.,21524
vivacious,adj.,21526
fitful,adj.,21528
medicate,v.,21529
moldy,adj.,21531
slough,n./v.,21534
unsound,adj.,21539
disheveled,adj.,21541
wile,n./v.,21544
morose,adj.,21545
boggle,v./n.,21558
auger,n.,21561
splint,n./v.,21564
disentangle,v.,21565
maul,n./v.,21568
scorching,adj.,21591
solicitous,adj.,21592
gratuity,n.,21615
declassify,v.,21617
gradation,n.,21630
molar,adj./n.,21631
harrow,n./v.,21636
pithy,adj.,21638
verve,n.,21644
chimera,n.,21645
capillary,n./adj.,21650
inane,adj./n.,21653
surrealism,n.,21655
duckling,n.,21663
pauper,n.,21664
satirize,v.,21669
diminution,n.,21683
amicable,adj.,21684
commonsense,adj.,21690
indoctrinate,v.,21692
contrite,adj.,21695
bromide,n.,21697
sparring,n.,21698
ensign,n.,21714
annul,v.,21724
doting,adj.,21728
potpourri,n.,21734
chortle,v./n.,21740
xenophobia,n.,21750
impostor,n.,21752
alias,n./adv.,21758
incisive,adj.,21777
ineffable,adj.,21779
supine,adj.,21787
wizardry,n.,21796
doodle,v./n.,21799
abrogate,v.,21800
mercurial,adj./n.,21807
skimp,v./adj.,21812
instrumentalist,n.,21815
brusque,adj.,21819
roundabout,adj./n.,21821
proscribe,v.,21822
typhoon,n.,21835
animus,n.,21837
accommodating,adj.,21838
charlatan,n.,21841
obstinate,adj.,21852
epilogue,n.,21855
stupendous,adj.,21856
pylon,n.,21861
shirk,v.,21863
vicissitude,n.,21864
brackish,adj.,21865
arable,adj.,21874
aplomb,n.,21879
quixotic,adj.,21881
traceable,adj.,21887
oxidize,v.,21890
fritter,v./n.,21891
asymmetric,adj.,21906
dissociate,v.,21909
infatuated,adj.,21919
hibernate,v.,21924
bawdy,adj.,21928
harpoon,n./v.,21934
phoenix,n.,21936
entreaty,n.,21942
offhand,adj./adv.,21944
wrangler,n.,21954
armistice,n.,21955
proximate,adj.,21958
winnow,v./n.,21960
brassy,adj./n.,21962
combustible,adj./n.,21967
woodcut,n.,21971
flax,n.,21983
mote,n.,21985
meteoric,adj.,22008
rue,n./v.,22011
frisky,adj.,22020
horticulture,n.,22032
chivalry,n.,22033
expunge,v.,22036
laceration,n.,22041
cistern,n.,22043
permeable,adj.,22049
muggy,adj.,22058
cataclysm,n.,22077
defray,v.,22079
emboss,v.,22081
irreducible,adj.,22082
ulterior,adj.,22083
fester,v./n.,22086
oligarchy,n.,22089
iconoclastic,adj.,22103
transmute,v.,22104
erasure,n.,22110
anticipatory,adj.,22116
dappled,adj.,22117
conjoin,v.,22133
subterfuge,n.,22138
patrimony,n.,22150
arboretum,n.,22153
prickle,n./v.,22157
ruminate,v.,22163
strangulation,n.,22171
defile,v./n.,22173
mutton,n.,22179
carat,n.,22187
brook,n./v.,22189
insoluble,adj.,22195
gulch,n.,22197
bespeak,v./n.,22202
august,n./adj.,22206
odious,adj.,22215
infirm,adj.,22223
swindle,n./v.,22226
starchy,adj.,22229
lexical,adj.,22234
congeal,v.,22239
acrimony,n.,22245
crag,n.,22255
tempest,n./v.,22268
nonchalance,n.,22289
snide,n./adj.,22291
opportune,adj.,22301
byline,n.,22329
intermingle,v.,22330
nihilism,n.,22340
debase,v.,22355
quay,n.,22357
figment,n.,22358
highbrow,n./adj.,22359
swank,v./n.,22366
petulant,adj.,22374
skein,n.,22376
erudite,adj./n.,22378
opacity,n.,22379
cutlery,n.,22380
palliative,adj./n.,22389
gladiator,n.,22393
invective,n./adj.,22396
philistine,n./adj.,22399
incredulity,n.,22402
orifice,n.,22407
misinform,v.,22414
trapeze,n.,22416
torrid,adj.,22422
filial,adj.,22430
declination,n.,22432
pied,adj.,22433
desecrate,v.,22456
ersatz,n.,22476
pittance,n.,22478
daft,adj.,22479
cloying,adj.,22489
neolithic,adj.,22490
ensnare,v.,22506
gossamer,n./adj.,22515
spiny,adj.,22518
statuary,n./adj.,22523
timidity,n.,22528
deactivate,v.,22532
untoward,adj.,22533
behoove,v.,22545
cipher,n./v.,22546
fungicide,n.,22556
perspire,v.,22564
bungle,v./n.,22574
hedgehog,n.,22598
jubilation,n.,22602
petroglyph,n.,22620
oration,n.,22627
retrenchment,n.,22631
equanimity,n.,22634
chauvinism,n.,22640
alabaster,n./adj.,22647
annotate,v.,22649
libretto,n.,22650
impugn,v.,22652
minaret,n.,22657
excoriate,v.,22662
paleontology,n.,22667
augmentation,n.,22669
daredevil,n./adj.,22673
autocracy,n.,22674
parallelism,n.,22679
reptilian,adj./n.,22699
fecundity,n.,22711
locomotion,n.,22712
canto,n.,22714
jarring,adj./n.,22717
florid,adj.,22727
ornithologist,n.,22744
iota,n.,22753
frisk,n./v.,22757
abbreviate,v.,22759
denouement,n.,22761
vacillate,v.,22784
headstrong,adj.,22791
disburse,v.,22802
aver,v.,22804
abhorrent,adj.,22815
husbandry,n.,22827
tussle,n./v.,22830
forbearance,n.,22860
foment,v.,22862
outshine,v.,22869
abortive,adj.,22876
pygmy,n./adj.,22886
revelry,n.,22907
certitude,n.,22908
squeamish,adj.,22926
stolid,adj.,22932
walrus,n.,22942
atone,v.,22954
bracing,adj./n.,22957
sate,v.,22965
amoral,adj.,22966
malfeasance,n.,22972
dissociation,n.,22986
nepotism,n.,22988
earplug,n.,23001
garbled,adj.,23002
unpalatable,adj.,23003
jamb,n.,23005
vibrancy,n.,23006
flavoring,n.,23009
affectation,n.,23010
etymology,n.,23015
tourniquet,n.,23025
occidental,n./adj.,23052
stratify,v.,23053
palatial,adj.,23056
heckle,v./n.,23067
wallop,v./n.,23088
infinitesimal,adj./n.,23099
meteorology,n.,23122
arraign,v.,23132
bray,n./v.,23133
coterie,n.,23134
dregs,n.,23148
unrequited,adj.,23161
despotic,adj.,23171
luxuriant,adj.,23191
indecipherable,adj.,23196
cursive,adj./n.,23198
serendipity,n.,23199
pharmacology,n.,23200
comport,v.,23213
measly,adj.,23217
impetuous,adj.,23230
emancipate,v.,23235
colloquial,adj.,23240
uncommitted,adj.,23244
laconic,adj.,23248
bumble,v.,23250
gnome,n.,23254
marionette,n.,23264
alms,n.,23266
knotty,adj.,23275
convex,adj./n.,23277
apprise,v.,23282
deaden,v.,23285
laxative,adj./n.,23288
deface,v.,23301
collude,v.,23302
disjunction,n.,23304
cabal,n./v.,23307
loam,n./v.,23312
scruple,n./v.,23324
equine,n./adj.,23325
capacious,adj.,23330
ruthlessness,n.,23338
jibe,v./n.,23346
pantomime,n./v.,23363
bower,n.,23367
indefatigable,adj.,23369
penultimate,adj.,23374
cantankerous,adj.,23375
disgorge,v.,23376
despotism,n.,23378
agnostic,n.,23380
appellation,n.,23385
nadir,n.,23408
homogenize,v.,23413
rapacious,adj.,23424
deign,v.,23426
invulnerable,adj.,23429
ragtime,n./adj.,23435
bedraggled,adj.,23446
buffoon,n.,23455
stickler,n.,23484
vagabond,n./v./adj.,23492
myopia,n.,23496
papyrus,n.,23504
inimical,adj.,23505
gild,v.,23519
centaur,n.,23535
rejoinder,n.,23538
isthmus,n.,23546
distill,v.,23567
decentralize,v.,23572
gardenia,n.,23577
chromatic,adj.,23599
lampoon,n./v.,23603
sinew,n./v.,23614
apotheosis,n.,23615
hypodermic,adj./n.,23618
scythe,n./v.,23647
specious,adj.,23653
unmitigated,adj.,23666
carapace,n.,23667
daguerreotype,n./v.,23669
pith,n./v.,23670
defame,v.,23671
magnanimous,adj.,23690
welter,v./n.,23700
propitious,adj.,23702
armory,n.,23703
truancy,n.,23712
askance,adv.,23717
impute,v.,23721
droll,adj.,23727
pastiche,n.,23731
rollicking,adj.,23733
forfeiture,n.,23734
immemorial,adj.,23735
logjam,n.,23748
pollinate,v.,23751
intransigent,adj./n.,23753
eviscerate,v.,23773
hovel,n.,23775
drawbridge,n.,23776
inborn,adj.,23783
labored,adj.,23784
peremptory,adj.,23787
deductive,adj.,23788
disposed,adj.,23790
gridiron,n.,23805
ventilate,v.,23817
lode,n.,23821
depreciate,v.,23823
tambourine,n.,23826
acerbic,adj.,23834
daunt,v.,23838
bauble,n.,23858
premeditated,adj.,23864
ringlet,n.,23871
commiserate,v.,23875
gyrate,adj./v.,23876
chipmunk,n.,23888
extradite,v.,23897
sleight,n.,23927
quack,n./adj./v.,23929
cloister,n./v.,23940
vagrant,n./adj.,23961
obtuse,adj.,23968
imbibe,v.,23983
depredation,n.,23993
snowdrift,n.,23999
caulk,v.,24000
undeserved,adj.,24001
agape,adj./adv.,24011
guile,n.,24013
phonetic,adj.,24020
warble,n./v.,24023
pyre,n.,24032
liquefy,v.,24048
rectitude,n.,24055
privation,n.,24072
meritorious,adj.,24074
repulsion,n.,24076
riotous,adj.,24104
injurious,adj.,24105
magisterial,adj.,24112
harangue,n./v.,24121
digress,v.,24122
lactic,adj.,24124
virile,adj.,24126
exaltation,n.,24131
rucksack,n.,24144
sartorial,adj.,24151
ocular,adj./n.,24152
remiss,adj.,24156
paean,n.,24161
bandy,adj./v.,24176
cryogenic,adj.,24188
firebrand,n.,24190
underutilized,adj.,24203
underrate,v.,24204
insolvency,n.,24230
landlocked,adj.,24247
illegible,adj.,24257
interlock,v./n.,24273
ennui,n.,24297
efface,v.,24301
empiricism,n.,24305
aspirant,n./adj.,24315
laminate,v./adj./n.,24322
apocryphal,adj.,24326
mongrel,n./adj.,24348
superlative,adj./n.,24360
egocentric,adj./n.,24366
incontrovertible,adj.,24368
irascible,adj.,24370
barbarous,adj.,24373
appetizing,adj.,24374
putrid,adj.,24384
fetid,adj.,24391
odometer,n.,24399
beatific,adj.,24400
osmosis,n.,24405
profligate,adj./n.,24410
needlework,n.,24412
solder,n./v.,24452
unflappable,adj.,24453
sanctimonious,adj.,24464
surreptitious,adj.,24477
elongate,v./adj.,24478
virility,n.,24481
insolent,n./adj.,24483
apogee,n.,24484
lasso,n./v.,24486
tremulous,adj.,24494
wreathe,v.,24499
drenched,adj./v.,24500
procrastinate,v.,24515
grovel,v.,24523
prefigure,v.,24530
delimit,v.,24542
filigree,n.,24546
rabble,n./v.,24547
vestment,n.,24548
stratagem,n.,24573
postscript,n.,24579
reedy,adj.,24582
fallible,adj.,24585
internecine,adj.,24592
coop,n./v.,24610
contravene,v.,24626
tardy,adj.,24629
bellicose,adj.,24633
sacrilege,n.,24635
swarthy,adj.,24640
inveterate,adj.,24646
winsome,adj.,24647
supplicant,,24649
refraction,n.,24651
demonstrative,adj.,24654
epidermis,n.,24661
howler,n.,24665
lout,n./v.,24667
willowy,adj.,24680
granary,n.,24702
comely,adj.,24705
outmaneuver,v.,24711
feigned,adj.,24712
dowdy,adj./n.,24720
understudy,n./v.,24728
vanquish,v.,24737
guffaw,v./n.,24747
prissy,adj.,24749
tousle,v./n.,24766
stockade,n./v.,24774
abstention,n.,24775
garret,n.,24783
natal,adj.,24792
omnipotent,adj.,24801
unprovoked,adj.,24814
fulcrum,n.,24825
desultory,adj.,24838
insipid,adj.,24841
maudlin,adj./n.,24842
pitiless,adj.,24846
sedition,n.,24847
blurb,n./v.,24849
indemnity,n.,24857
laggard,n./adj.,24871
recapitulate,v.,24879
apropos,adj./adv.,24888
saboteur,n.,24897
unfasten,v.,24905
frolic,n./v./adj.,24916
quaver,v./n.,24924
pilfer,v.,24927
blighted,adj.,24941
tensile,adj.,24946
lackey,n./v.,24957
inimitable,adj.,24958
contemptible,adj.,24968
rotund,adj.,24970
bombastic,adj.,25009
plagiarize,v.,25035
truncate,v./adj.,25047
unremitting,adj.,25055
huckster,n./v.,25069
wizened,adj.,25082
tempestuous,adj.,25087
reshuffle,v./n.,25088
jaundice,n./v.,25091
cartographer,n.,25094
incorrigible,adj./n.,25104
unbecoming,adj.,25108
concord,n.,25113
jaundiced,adj.,25115
eddy,n./v.,25134
jabber,v./n.,25136
leaven,n./v.,25138
seafaring,n./adj.,25164
cronyism,n.,25177
parry,v./n.,25178
escapism,n.,25197
vestigial,adj.,25202
mope,v./n.,25204
herbaceous,adj.,25205
retinue,n.,25207
percussionist,n.,25213
dalliance,n.,25219
vintner,n.,25242
humdrum,adj./n./v.,25248
apostrophe,n.,25254
amateurish,adj.,25255
tangential,adj.,25263
extrude,v.,25266
expropriate,v.,25270
gangway,n./int.,25271
cohabit,v.,25276
levity,n.,25278
largess,n.,25280
riffle,n./v.,25287
providential,adj.,25293
bather,n.,25299
teetotal,adj./n.,25302
diaphanous,adj.,25309
slag,n./v.,25329
malcontent,adj./n.,25344
harpsichord,n.,25373
incise,v.,25389
incriminate,v.,25401
pliant,adj.,25405
parquet,n./v.,25408
retouch,v./n.,25414
bedlam,n.,25417
albino,n.,25420
fracas,n.,25421
feckless,adj.,25428
fissile,adj.,25437
chaff,n./v.,25449
actuarial,adj.,25450
imprudent,adj.,25452
curdle,v.,25455
lumen,n.,25456
beguile,v.,25475
avocation,n.,25485
impregnable,adj.,25486
hoary,adj.,25494
connive,v.,25506
obtainable,adj.,25510
ostracism,n.,25511
blithe,adj.,25516
reaper,n.,25526
declaim,v.,25530
flaccid,adj.,25540
idyll,n.,25541
typo,n.,25550
anagram,n.,25559
inchoate,adj.,25564
lumberjack,n.,25565
aorta,n.,25569
littoral,adj./n.,25575
deflated,adj.,25581
dereliction,n.,25605
sublimate,v./adj./n.,25619
flustered,adj./v.,25623
refractory,adj.,25642
podiatrist,n.,25648
gangrene,n./v.,25650
embitter,v.,25659
villainous,adj.,25669
yeoman,n.,25671
distracted,adj.,25676
asunder,adv.,25678
conversant,adj.,25681
undulate,adj./v.,25684
bravura,n.,25686
addendum,n.,25689
hawker,n.,25690
burlesque,n./adj.,25695
snitch,v./n.,25710
incisor,n.,25714
ventriloquist,n.,25719
mien,n.,25720
equivocation,n.,25752
reportage,n.,25757
vitriolic,adj.,25761
zesty,adj./v.,25766
desirous,adj.,25778
vacuous,adj.,25788
layover,n.,25794
constrained,adj.,25805
reversion,n.,25812
gadfly,n.,25817
ennoble,v.,25832
doctrinaire,n./adj.,25842
matador,n.,25858
bilk,v./n.,25865
titular,adj./n.,25872
oligarch,n.,25875
mannered,adj.,25883
ford,n./v.,25884
conclave,n.,25904
peripatetic,adj./n.,25907
lamentable,adj.,25908
forger,n.,25913
pestle,n./v.,25914
obliging,adj.,25935
scabbard,n./v.,25937
waylay,v.,26005
gaiety,n.,26016
miscreant,adj./n.,26021
penitent,adj./n.,26032
hermetic,adj.,26067
colonnade,n.,26068
garrulous,adj.,26070
stupefy,v.,26072
primp,v.,26078
farrow,n.,26091
carafe,n.,26092
tiff,n./v.,26103
mangy,adj.,26107
portentous,adj.,26114
eulogize,v.,26118
tarpaulin,n.,26124
composed,adj.,26125
domesticate,v.,26128
servile,adj.,26139
freelancer,n.,26140
confederacy,n.,26142
protean,adj.,26145
temerity,n.,26148
hedonism,n.,26154
ruffian,n./adj.,26175
tinder,n.,26176
rhapsody,n.,26202
denude,v.,26214
dogmatism,n.,26217
invidious,adj.,26230
quotidian,adj./n.,26235
upfront,adj./adv.,26236
adroit,adj.,26237
marsupial,n./adj.,26241
autocrat,n.,26254
ingratiate,v.,26257
barrister,n.,26259
molt,n./v.,26260
imbecile,adj./n.,26269
reincarnate,v./adj.,26272
imp,n./v.,26286
bedeck,v.,26287
cloture,n./v.,26300
toupee,n.,26306
conformist,n.,26307
scrumptious,adj.,26311
interdict,v./n.,26318
evanescent,adj.,26321
fantasia,n.,26327
fascia,n.,26330
periscope,n.,26344
hackneyed,adj.,26346
collate,v.,26353
quiescent,adj.,26369
enamored,adj.,26372
surfeit,n./v.,26381
disconcert,v.,26384
sonorous,n.,26388
interpose,v.,26395
proctor,n.,26396
pirouette,n./v.,26397
philology,n.,26407
larder,n.,26409
apothecary,n.,26413
sprightly,adj./adv.,26423
calculating,adj.,26424
shoplift,v.,26432
sop,n./v.,26443
unfailing,adj.,26465
obfuscate,v.,26473
baleful,adj.,26489
gasification,n.,26492
underhanded,adj.,26494
herdsman,n.,26495
daub,v./n.,26498
avuncular,adj.,26504
adduce,v.,26527
buxom,adj.,26548
gauche,adj.,26552
debilitate,v.,26558
superficiality,n.,26559
crockery,n.,26562
aeronautics,n.,26576
inviolable,adj.,26584
interlace,v.,26603
depraved,adj.,26605
salutation,n.,26613
augur,n./v.,26617
convivial,adj.,26618
emaciate,v.,26620
iconoclast,n.,26632
gerontology,n.,26636
magpie,n./adj.,26656
pugnacious,adj.,26665
balky,adj.,26666
iniquity,n.,26690
recombine,v.,26693
canard,n.,26702
dissemble,v.,26710
abridge,v.,26746
sacrilegious,adj.,26756
enrapture,v.,26757
succor,n./v.,26768
irradiate,v.,26774
seamy,adj.,26775
gander,n.,26778
aviary,n.,26795
fecund,adj.,26800
amity,n.,26804
indolent,adj.,26808
vapid,adj.,26818
recompense,n./v.,26822
aerate,v.,26826
caprice,n.,26827
impoverish,v.,26828
impermeable,adj.,26837
fealty,n.,26862
disclaim,v.,26866
miasma,n.,26867
disrepute,n.,26889
limerick,n.,26891
guileless,adj.,26907
umbrage,n.,26938
duplicitous,adj.,26948
deportment,n.,26949
hieroglyphic,n.,26950
musicologist,n.,26952
ignominious,adj.,26968
expeditious,adj.,26976
fatuous,adj.,26978
solicitude,n.,26980
ravish,v.,26986
tenable,adj.,26987
scurvy,adj./n.,27002
centigrade,adj.,27004
pillory,n./v.,27004
craven,n./adj.,27015
doff,v.,27016
plenitude,n.,27018
enlightening,adj.,27028
avarice,n.,27046
opinionated,adj.,27060
metallurgy,n.,27077
plait,n./v.,27091
miser,n.,27117
ravishing,adj.,27118
profuse,adj.,27123
scurrilous,adj.,27124
dirge,n.,27151
effeminate,adj.,27156
commingle,v.,27157
hearken,v.,27162
rend,v.,27164
crestfallen,adj.,27208
piquant,adj.,27211
scad,n.,27219
occlude,v.,27220
rakish,adj.,27226
cumulus,n.,27229
peerless,adj.,27233
illiberal,adj.,27259
pontificate,v.,27260
avow,v.,27261
insolence,n.,27276
compunction,n.,27278
belligerence,n.,27292
kaleidoscopic,adj.,27295
pulsation,n.,27303
callow,adj.,27305
estimable,adj.,27308
truant,n./adj./v.,27319
ejaculate,v./n.,27324
eclecticism,n.,27332
peeve,v./n.,27335
recumbent,adj.,27352
jitter,v.,27359
facetious,adj.,27377
hyphen,n./v.,27394
forager,n.,27395
hieroglyph,n.,27399
miserly,adj.,27418
feint,n./v./adj.,27424
encumber,v.,27430
transience,n.,27439
spineless,adj.,27444
gesticulate,v.,27445
leeward,adj./adv./n.,27446
spunk,n.,27451
pontifical,adj./n.,27462
bricklayer,n.,27474
coagulation,n.,27482
aspersion,n.,27487
slaver,n./v.,27503
entreat,v.,27532
divestiture,n.,27544
flagging,n./adj.,27569
diffident,adj.,27587
sluice,n./v.,27590
imitative,adj.,27592
cavalcade,n.,27598
drivel,v./n.,27601
chauvinistic,adj.,27608
turncoat,n.,27617
literati,n.,27622
accrete,v./adj.,27629
curmudgeon,n.,27641
preposition,n.,27652
sulky,adj.,27653
stanch,v./adj.,27684
abscond,v.,27687
dormancy,n.,27692
alacrity,n.,27693
dunce,n.,27716
extrovert,n.,27717
torpor,n.,27731
simian,adj./n.,27732
officious,adj.,27746
wheedle,v.,27751
ribald,adj./n.,27758
fallacious,adj.,27765
funereal,adj.,27791
perforate,v./adj.,27794
dilettante,n./adj.,27819
silversmith,n.,27834
antic,n./adj.,27837
gnawing,n./adj.,27851
prude,n.,27861
limber,adj./v.,27868
destitution,n.,27882
comity,n.,27885
intestate,adj./n.,27897
voluble,adj.,27932
uncouth,adj.,27951
polyglot,adj./n.,27952
venal,adj.,27972
sanatorium,n.,27977
apostasy,n.,27980
bullion,n.,27988
satiny,adj.,28014
ignoble,adj.,28022
habituate,v.,28024
histology,n.,28028
halcyon,n./adj.,28036
debonair,adj.,28046
diurnal,adj.,28051
vernal,adj.,28053
acme,n.,28061
stilted,adj.,28085
nuptial,n./adj.,28089
curvaceous,adj.,28092
flippant,adj.,28095
trenchant,adj.,28099
amethyst,n.,28106
paroxysm,n.,28107
repartee,n.,28110
ingratiating,adj.,28111
disabuse,v.,28116
exultant,adj.,28122
domicile,n./v.,28129
approbation,n.,28149
burgeon,n./v.,28159
wraith,n.,28186
fledge,v.,28200
lionize,v.,28203
witticism,n.,28208
hemophilia,n.,28211
loquacious,adj.,28217
mortification,n.,28228
obstinacy,n.,28241
cherubic,adj.,28255
cant,n./v.,28260
preternatural,adj.,28264
impudent,adj.,28279
specter,n.,28314
gab,n./v.,28315
tendentious,adj.,28321
unprincipled,adj.,28330
slobber,v./n.,28336
remit,v./n.,28338
arbitrate,v.,28357
unbend,v.,28359
matriculate,v./n.,28369
homeostasis,n.,28373
besmirch,v.,28398
ticklish,adj.,28399
nib,n./v.,28411
decamp,v.,28440
effete,adj.,28443
edify,v.,28444
backslide,v./n.,28454
expository,adj.,28484
alkali,n./adj.,28494
transfigure,v.,28501
probity,n.,28504
carouse,n./v.,28507
dissonant,adj.,28515
acquisitive,adj.,28517
condescend,v.,28540
flatulence,n.,28551
corpulent,adj.,28572
carol,n./v.,28576
coven,n.,28577
overexposure,n.,28583
genuflect,v.,28591
centurion,n.,28594
lassitude,n.,28597
viaduct,n.,28602
quadrangle,n.,28607
billowy,adj.,28611
despoil,v.,28620
perquisite,n.,28632
perjure,v.,28639
lackadaisical,adj.,28654
stowaway,n.,28655
abrade,v.,28660
infliction,,28692
possessed,adj.,28694
defeatist,n.,28702
profiteer,n./v.,28703
ethnology,n.,28724
asphyxiate,v.,28732
potentate,n.,28744
canker,n./v.,28745
cantata,n.,28749
swill,v./n.,28756
distend,v.,28761
penumbra,n.,28764
limpid,adj.,28767
verbiage,n.,28796
simpleton,n.,28804
turgid,adj.,28808
wanderlust,n.,28821
plough,n./v.,28832
obsequious,adj.,28840
underplay,v./n.,28853
unexceptional,adj.,28859
purvey,v.,28860
magnanimity,n.,28868
unidimensional,,28892
vexation,n.,28931
fallibility,n.,28935
retrench,v.,28948
synoptic,adj.,28952
parsimony,n.,28966
insouciance,n.,28970
stonewall,v.,29016
enthralling,adj.,29034
insularity,n.,29075
chicanery,n.,29077
reagent,n.,29096
disembody,v.,29109
limn,v.,29113
irksome,adj.,29114
hexagon,n.,29116
recessive,adj./n.,29127
scalding,adj.,29134
unctuous,adj.,29142
cravat,n.,29167
smarmy,adj.,29174
apoplectic,n./adj.,29192
fusillade,n./v.,29202
scud,v./n.,29233
spendthrift,n./adj.,29234
actuate,v.,29241
colloquium,n.,29252
jamboree,n.,29269
histrionic,adj./n.,29277
egress,n./v.,29282
colloquy,n.,29293
ingenuous,adj.,29301
doleful,adj.,29302
hoodwink,v.,29345
knave,n.,29367
usury,n.,29379
imbroglio,n.,29392
seclude,v.,29397
unprepossessing,adj.,29400
shiftless,adj.,29412
coagulate,v./adj.,29426
mistral,n.,29469
octogenarian,adj./n.,29499
filch,v.,29500
plaudit,n.,29504
bugaboo,n.,29515
bombast,n.,29525
snobbish,adj.,29534
gutless,adj.,29539
disbar,v.,29565
ferrous,adj.,29567
abeyance,n.,29581
procreate,v.,29588
zephyr,n.,29600
ineluctable,adj.,29606
bestial,adj.,29608
unenlightened,adj.,29625
sunder,v.,29641
proofread,v.,29646
seditious,adj.,29647
typographical,adj.,29653
madrigal,n.,29670
aesthete,n.,29682
gratis,adv./adj.,29686
mutinous,adj.,29701
asinine,adj.,29736
exactitude,n.,29783
gusher,,29800
aureole,n.,29801
chasten,v.,29804
arboreal,adj.,29842
partiality,n.,29852
yaw,v./n.,29864
quintessence,n.,29868
greenhorn,n.,29891
abstruse,adj.,29894
chivalrous,adj.,29901
amortize,v.,29906
inveigh,v.,29908
upbraid,v.,29948
dissolute,adj.,29963
multifarious,adj.,29977
credulous,adj.,29990
proboscis,n.,29996
riffraff,n.,29999
amalgamate,v.,30000
apostate,n./adj.,30036
vitiate,v.,30037
incongruent,adj.,30067
nonentity,n.,30076
ignominy,n.,30079
astringent,n./adj.,30090
cession,n.,30099
thresh,v.,30106
blandishment,n.,30129
raconteur,n.,30144
meddlesome,adj.,30161
felicitous,adj.,30186
screed,n.,30203
mellifluous,adj.,30205
convalescent,adj./n.,30210
bewilder,v.,30215
mutineer,n./v.,30221
prescience,n.,30257
miscellany,n.,30265
tractable,adj.,30266
unimpeachable,adj.,30271
comedienne,n.,30309
incorruptible,adj.,30321
blowhard,n.,30331
plinth,n.,30333
arabesque,n.,30341
epaulet,n.,30362
hippopotamus,n.,30367
dally,v.,30380
assiduous,adj.,30389
natty,adj.,30403
backhanded,adj.,30418
poseur,n.,30470
analgesia,n.,30474
discomfit,v.,30476
operetta,n.,30494
depute,v.,30506
exchequer,n.,30512
commodious,adj.,30517
awl,n.,30527
suture,n./v.,30528
anticlimax,n.,30538
argot,n.,30558
interpolate,v.,30561
vertex,n.,30568
untutored,adj.,30586
perfidy,n.,30587
impertinence,n.,30600
indent,n./v.,30607
carillon,n.,30640
obeisance,n.,30658
febrile,adj.,30661
nubile,adj.,30668
ornithology,n.,30670
nitpick,v.,30672
tarry,v./n./adj.,30701
overwrought,adj.,30708
minuet,n.,30709
abjure,v.,30718
ostentation,n.,30755
wangle,v./n.,30780
niggling,adj.,30781
omnivorous,adj.,30799
befuddle,v.,30845
languor,n.,30872
bamboozle,v.,30889
ventral,adj./n.,30893
conviviality,n.,30896
heterodox,adj.,30899
egoism,n.,30923
sycophant,n./adj.,30961
gourmand,n.,30968
jocular,adj.,30973
foreknowledge,n.,30999
caldron,n.,31004
verified,adj.,31014
remonstrate,v.,31022
ewer,n.,31026
saccharin,n.,31034
avaricious,adj.,31040
saccharine,adj./n.,31086
slipshod,adj.,31107
redoubtable,adj.,31113
browbeat,v.,31119
desperado,n.,31130
locution,n.,31131
fossilize,v.,31133
dexterous,adj.,31149
reprove,v.,31172
gerrymander,v./n.,31173
querulous,adj.,31183
consonance,n.,31195
rive,v.,31205
ablution,n.,31213
decant,v.,31215
peevish,adj.,31218
parabola,n.,31232
haft,n./v.,31237
fop,n.,31256
dispensable,adj.,31261
metrical,adj.,31272
artless,adj.,31274
malefactor,n.,31301
cacophonous,adj.,31325
bassoon,n.,31326
oracular,adj.,31331
quaff,v./n.,31334
agog,adj./adv.,31365
stultify,v.,31382
insincerity,n.,31388
pomposity,n.,31396
herbivorous,adj.,31402
slake,v.,31425
explicable,adj.,31436
emote,v.,31449
bifurcate,v./adj.,31454
equivocate,v.,31467
braggadocio,n.,31495
canvass,n./v.,31497
repugnance,n.,31519
pecuniary,adj.,31520
racketeer,n./v.,31532
nonconformist,n./adj.,31548
aseptic,n./adj.,31556
distension,n.,31583
winkle,n./v.,31610
taxonomist,n.,31621
lacerate,v./adj.,31623
hidebound,adj.,31658
vegetate,v.,31679
insuperable,adj.,31686
betroth,v.,31735
suffragist,n.,31757
glutinous,adj.,31765
licentious,adj.,31781
convalesce,v.,31784
obdurate,adj.,31789
ligature,n./v.,31810
gristle,n.,31820
valedictory,adj./n.,31841
dolt,n.,31843
menthol,n.,31846
spasmodic,adj.,31866
neonate,n.,31871
clairvoyant,adj./n.,31880
zealotry,n.,31883
stipple,n./v.,31896
bonhomie,n.,31897
deputize,v.,31903
imperturbable,adj.,31906
neologism,n.,31909
sophistry,n.,31944
spangle,n./v.,31956
breezeway,n.,31962
oratorio,n.,31978
eugenic,adj.,31979
serfdom,n.,31985
adulterate,v./adj.,32009
dilatory,adj.,32015
disjunctive,adj./n.,32034
epicurean,n./adj.,32071
supercilious,adj.,32081
clairvoyance,n.,32100
porcine,adj.,32137
petulance,n.,32147
monocle,n.,32172
disquisition,n.,32198
deify,v.,32213
emasculate,v./adj.,32219
torpid,adj.,32220
outfox,v.,32225
paunchy,adj.,32235
abstinent,adj./n.,32241
slanderous,adj.,32262
vim,n.,32287
piddling,adj.,32291
iridescence,n.,32295
pedagogue,n.,32330
nostrum,n.,32333
centripetal,adj.,32336
nestling,n.,32342
grouch,n./v.,32378
bilious,adj.,32379
numinous,adj.,32435
refectory,n.,32454
cognizance,n.,32457
vaporous,adj.,32463
rustler,n.,32481
substratum,n.,32521
crochet,n./v.,32522
honorarium,n.,32525
ebullience,n.,32546
mordant,adj./n./v.,32569
cornet,n.,32571
protuberance,n.,32583
doggerel,n.,32585
fulsome,adj.,32604
peptic,adj./n.,32610
hedonist,n.,32612
obstreperous,adj.,32642
rostrum,n.,32674
capitation,n.,32691
raffish,adj.,32693
investiture,n.,32718
indenture,n./v.,32727
aluminium,n./adj.,32731
denominate,v.,32750
penury,n.,32763
unworldly,adj.,32764
atonal,adj.,32766
miff,n./v.,32769
offstage,n./adj.,32806
manacle,n./v.,32808
somnolent,adj.,32814
gibe,v./n.,32913
prudish,adj.,32927
pasteurize,v.,32932
sextant,n.,32942
uproarious,adj.,32956
gainsay,v./n.,32959
fumigate,v.,32960
shopworn,adj.,32967
taciturn,adj.,32971
misanthrope,n.,32978
sneaking,adj.,33049
drizzly,adj.,33111
toady,n./v.,33119
callus,n.,33141
inclement,adj.,33147
pincers,n.,33150
deprecate,v.,33157
enervate,v./adj.,33185
blackball,n./v.,33199
insouciant,adj.,33214
salubrious,adj.,33215
numerology,n.,33227
impolitic,adj.,33246
derangement,n.,33255
herpetologist,n.,33322
ellipsis,n.,33335
sopping,adj.,33344
phlegmatic,adj.,33350
sidereal,adj.,33354
detestable,adj.,33378
jingoism,n.,33392
plebeian,n./adj.,33393
arachnid,n.,33420
egotist,n.,33424
perfunctorily,adv.,33429
avowal,n.,33430
puckish,adj.,33455
bereave,v.,33462
interregnum,n.,33467
fervid,adj.,33475
lancet,n.,33480
interstice,n.,33485
encomium,n.,33489
fulminate,v./n.,33491
mendacious,adj.,33502
univocal,adj.,33504
reportorial,adj.,33506
megalomania,n.,33512
hankering,n.,33521
bauxite,n.,33523
calumny,n.,33531
roughen,v.,33541
misperceive,v.,33565
necropolis,n.,33583
parley,n./v.,33587
interjection,n.,33605
shipshape,adj./adv.,33615
sibilant,adj./n.,33633
reconnoiter,v.,33663
expiation,n.,33669
friable,adj.,33686
sensitization,n.,33689
spoor,n./v.,33710
imprecation,n.,33712
enfeeble,v.,33734
fetter,n./v.,33738
cognate,adj./n.,33741
vituperative,adj.,33745
hauteur,n.,33776
emulsify,v.,33777
imputation,n.,33848
cauterize,v.,33877
illusive,adj.,33878
vagrancy,n.,33891
crotchety,adj.,33958
potboiler,n.,34002
gustatory,adj.,34034
yokel,n.,34037
vitreous,adj.,34060
extemporaneous,adj.,34062
libelous,adj.,34067
gastronomy,n.,34073
betoken,v.,34079
soporific,adj./n.,34106
lineal,adj.,34117
discomfiture,n.,34129
indemnify,v.,34150
scarp,n./v.,34157
braggart,n./adj.,34193
arrogate,v.,34229
hedonic,adj./n.,34242
pugilist,n.,34243
sepulchral,adj.,34253
truculent,adj.,34256
augury,n.,34266
peaky,adj.,34301
striated,adj.,34303
elephantine,adj.,34326
lank,adj.,34367
faddish,adj.,34379
doyen,n.,34410
libertine,n./adj.,34433
draftsmanship,n.,34460
cloudburst,n.,34471
countermand,v./n.,34472
sybaritic,adj.,34474
dyspeptic,adj./n.,34500
polymath,n.,34551
odium,n.,34553
garble,v.,34558
incandescence,n.,34691
astrolabe,n.,34697
dotage,n.,34799
ingress,n.,34813
unbidden,adj.,34829
gambol,n./v.,34837
elocution,n.,34856
warmonger,n.,34880
apposite,adj.,34890
gestate,v.,34904
anodyne,n./adj.,34956
interrogative,n./adj.,34959
sere,adj./n.,34987
espousal,n.,35028
incorporeal,adj.,35032
boor,n.,35049
punctilious,adj.,35050
stentorian,adj.,35060
scissor,v./n.,35098
dabbler,n.,35117
befuddlement,,35124
particularize,v.,35126
byproduct,n.,35174
provident,adj.,35182
dross,n.,35186
lave,v./n.,35196
timorous,adj.,35212
motility,n.,35233
mendacity,n.,35259
advert,v./n.,35264
igneous,adj.,35283
obverse,n./adj.,35301
crudity,n.,35330
stinginess,n.,35332
rigmarole,n./adj.,35339
premeditate,v.,35352
ductile,adj.,35384
imponderable,adj./n.,35424
ingrate,n./adj.,35467
testy,adj.,35482
effrontery,n.,35532
remonstrance,n.,35549
agronomy,n.,35609
intercessor,n.,35630
wearisome,adj.,35654
cadge,v.,35671
labile,adj.,35729
sod,n./v.,35742
palaver,n./v.,35755
persnickety,adj.,35792
diehard,n.,35833
seemly,adj.,35852
modish,adj.,35861
adumbrate,v.,35885
execrable,adj.,35889
preponderant,adj.,35901
tautological,adj.,35910
delectation,n.,35920
crepuscular,adj.,35924
sagacious,adj.,35944
ossify,v.,36004
depressant,adj./n.,36007
immolate,v.,36015
recondite,adj.,36019
puerile,adj.,36021
perfidious,adj.,36059
prehensile,adj.,36087
coterminous,adj.,36092
tatty,adj.,36118
ambidextrous,adj.,36119
extirpation,n.,36139
presentiment,n.,36150
impermanent,adj.,36170
peregrination,n.,36177
defoliate,v.,36184
gastritis,n.,36197
declamation,n.,36215
temporize,v.,36279
prig,n.,36294
legerdemain,n.,36343
asperity,n.,36349
mawkish,adj.,36363
verbose,adj.,36378
lingual,adj./n.,36403
perigee,n.,36407
heliotrope,n.,36423
epigram,n.,36427
liberality,n.,36472
scabrous,adj.,36473
forswear,v.,36477
seine,n./v.,36495
expiate,v.,36529
virago,n.,36532
undirected,adj.,36553
cosset,n./v.,36561
antediluvian,adj./n.,36562
lucre,n.,36563
reproof,n.,36635
unreserved,adj.,36725
otiose,adj.,36738
disinter,v.,36748
irremediable,adj.,36749
gluttonous,adj.,36758
aquiline,adj.,36759
irredeemable,adj.,36773
cytology,n.,36779
verdigris,n.,36794
matriarchy,n.,36831
gosling,n.,36865
gabble,v./n.,36875
insubordinate,adj.,36912
purloin,v.,36914
variegation,n.,36990
reactant,n.,37031
wastrel,n.,37075
meretricious,adj.,37088
striate,adj./v.,37117
dullard,n.,37162
perspicacious,adj.,37165
pedant,n.,37252
protract,v.,37286
recantation,n.,37288
careworn,adj.,37289
crabbed,adj.,37302
debility,n.,37382
excitability,n.,37398
mendicant,adj./n.,37406
indispensability,n.,37429
unscented,adj.,37450
corpuscle,n.,37455
skullduggery,n.,37459
discography,,37465
potentiate,v.,37489
lambaste,v.,37543
fosse,n.,37567
emollient,adj./n.,37573
inconstancy,n.,37595
fretwork,n.,37599
noisome,adj.,37605
addle,v./adj.,37606
palpitate,v.,37607
ceremonious,adj.,37612
remunerative,adj.,37629
pretence,n.,37692
sceptical,adj.,37694
impecunious,adj.,37761
estrange,v.,37800
wizen,v.,37880
overweening,adj.,37910
peccadillo,n.,37916
bounteous,adj.,37970
dodder,v./n.,37976
fusty,adj.,37995
cygnet,n.,38005
transfuse,v.,38041
restiveness,n.,38044
bibliophile,n.,38047
noncommittal,adj.,38053
turpitude,n.,38121
exigent,adj.,38164
auricular,n.,38172
importune,v.,38182
shibboleth,n.,38202
vaporization,n.,38270
sermonize,v.,38275
propitiate,v.,38295
suborn,v.,38303
quadruped,n.,38349
superfluity,n.,38373
pusillanimous,adj.,38405
harridan,n.,38420
hawser,n.,38453
bumptious,adj.,38476
windbag,n.,38503
hie,v.,38513
fluvial,adj.,38518
obsolescent,adj.,38519
numismatic,adj.,38545
sinecure,n.,38595
nonviable,adj.,38605
calibre,n.,38624
iterate,v.,38640
coagulant,n.,38646
parlous,adj./adv.,38676
shipwright,n.,38763
bacchanal,adj./n.,38794
aggrandize,v.,38797
castigation,n.,38839
lapidary,n./adj.,38849
derogate,v.,38883
imposture,n.,38913
rescission,n.,38914
petrify,v.,38922
dietetics,n.,38936
superintend,v.,38942
parch,v.,38955
fastness,n.,38967
puffery,n.,39000
ramify,v.,39018
iniquitous,adj.,39042
pellucid,adj.,39045
clannish,adj.,39075
choleric,adj.,39110
exculpate,v.,39121
conciliate,v.,39155
insensate,adj.,39220
denture,n.,39243
retentive,adj.,39250
preliterate,adj.,39284
voracity,n.,39286
antedate,v.,39293
unregenerate,adj.,39309
alimentary,adj.,39374
anhydrous,adj.,39389
diabolic,adj.,39391
putrefy,v.,39403
defoliant,n.,39413
cosmopolitanism,n.,39415
factotum,n.,39415
olfaction,n.,39507
mollycoddle,n./v.,39574
panegyric,n.,39590
incubus,n.,39616
gangling,adj.,39617
plutocracy,n.,39627
underbid,v.,39632
protuberant,adj.,39633
precipitant,adj./n.,39654
venial,adj.,39691
idolater,n.,39692
coarsen,v.,39724
lexicographer,n.,39731
suppliant,adj./n.,39761
gnomic,adj.,39775
reprobate,n./adj./v.,39801
supplicate,v.,39819
nonpareil,adj./n.,39821
prevaricate,v.,39840
malapropism,n.,39841
stagy,adj.,39844
tyro,n.,39862
circumlocution,n.,39880
debark,v.,39924
sybarite,n.,39963
killjoy,n.,39977
foppish,adj.,39988
dolorous,adj.,39999
tickler,n.,40023
plangent,adj.,40222
loutish,adj.,40226
munificence,n.,40252
souse,n./v./adv.,40260
chary,adj.,40272
arrhythmic,adj.,40284
holograph,n./adj.,40337
lubricious,adj.,40364
dissimulate,v.,40398
asphyxia,n.,40408
mountebank,n.,40437
biped,n./adj.,40451
impalpable,adj.,40482
dilapidation,n.,40504
emaciation,n.,40513
nonporous,adj.,40558
sententious,adj.,40579
lissome,adj.,40581
gloaming,n.,40621
frigidity,n.,40630
odoriferous,adj.,40663
obtrude,v.,40698
underestimated,v.,40724
runic,adj.,40729
warranted,adj.,40773
serried,adj.,40780
tare,n./v.,40934
valorous,adj.,40939
proverbially,adv.,40980
masticate,v.,40990
adventitious,adj.,40998
cupidity,n.,41024
unpremeditated,adj.,41051
abstemious,adj.,41055
tipple,v./n.,41067
abash,v.,41079
unwonted,adj.,41118
motile,adj./n.,41127
eclogue,n.,41132
espy,v.,41170
votary,n.,41179
piebald,adj./n.,41231
tackiness,n.,41252
convoke,v.,41305
demotic,adj.,41309
orthodontics,,41369
preeminent,adj.,41385
bruit,v.,41418
controvert,v.,41426
blustering,adj.,41446
superannuated,adj.,41486
maladroit,adj.,41492
twaddle,n./v.,41512
skinflint,n.,41548
pulchritude,n.,41610
coruscate,v.,41641
coltish,adj.,41676
macerate,v.,41680
abase,v.,41704
whelp,n./v.,41787
hector,n./v.,41855
oblation,n.,41873
phial,n.,42039
trammel,n./v.,42080
cringing,n.,42093
ruminant,adj./n.,42121
tauten,v.,42123
unexceptionable,adj.,42153
cogitate,v.,42191
connubial,adj.,42197
marred,v.,42220
indubitable,adj.,42227
bathetic,adj.,42228
riven,,42243
expostulate,v.,42256
unfeigned,adj.,42325
abnegation,n.,42346
indigence,n.,42348
mottle,v./n.,42394
purgative,adj./n.,42435
sapient,adj.,42436
remunerate,v.,42476
ravel,v./n.,42504
sparing,adj.,42561
puissance,n.,42652
inveigle,v.,42664
distention,n.,42717
simper,n./v.,42779
achromatic,adj.,42781
eaglet,n.,42804
pantechnicon,n.,42822
obloquy,n.,42823
gerontocracy,n.,42832
exiguous,adj.,42835
saturnine,adj.,42843
perambulate,v.,42884
snappish,adj.,42900
extenuate,v.,42910
rebus,n.,42920
svelte,adj.,42959
palmy,adj.,43002
schematize,v.,43033
gazetteer,n.,43068
valediction,n.,43084
improvident,adj.,43146
immure,v.,43148
apiary,n.,43190
illuminati,n.,43199
entrancing,adj.,43245
muzzy,adj.,43303
petrology,n.,43310
epicure,n.,43349
sluggard,n.,43350
osseous,adj.,43360
factitious,adj.,43371
naivety,n.,43398
blazon,v./n.,43428
predestine,v.,43440
sated,adj.,43445
counterpoise,v./n.,43460
jape,n./v.,43504
pullet,n.,43535
desideratum,n.,43536
ruck,v./n.,43571
malediction,n.,43594
seraphic,adj.,43613
frolicsome,adj.,43630
incommensurate,adj.,43644
diminuendo,n./adj./adv.,43668
hallow,v./n.,43681
mulish,adj.,43758
complaisant,adj.,43768
euphonious,adj.,43790
waspish,adj.,43867
ambrosial,adj.,43882
equable,adj.,43969
disport,v./n.,43973
unstinting,adj.,44027
testiness,n.,44119
sophism,n.,44183
provender,n.,44208
ratiocination,n.,44307
subvention,n.,44353
florescence,n.,44441
rarefaction,n.,44462
acerbity,n.,44484
drollery,n.,44487
traduce,v.,44516
congruous,adj.,44582
cavil,n./v.,44636
cynosure,n.,44637
nugatory,adj.,44641
expatiate,v.,44653
barefaced,adj.,44693
vitalize,v.,44731
debouch,v.,44841
emolument,n.,44843
flagellate,v./adj./n.,44845
malinger,v.,44875
homiletics,n.,44934
waggish,adj.,45013
prepossessing,adj.,45014
prognosticate,v.,45040
sequestrate,v.,45124
maleficent,adj.,45182
puissant,adj.,45296
emend,v.,45301
inadvertence,n.,45324
gregariousness,,45380
presumable,adj.,45526
desuetude,n.,45584
coeval,adj./n.,45585
vulpine,adj.,45763
numismatist,n.,45794
cineaste,n.,45795
hypotenuse,n.,45843
badinage,n.,45873
instate,v.,45894
parturition,n.,45949
fustian,n./adj.,46022
polyandry,n.,46027
ciliate,adj./n.,46169
hirsute,adj.,46255
satiated,adj.,46294
hangdog,adj./n.,46396
impermeability,n.,46779
anthropoid,n./adj.,46868
brindled,adj.,46987
effluvia,,47761
prate,v./n.,48340
palliate,v.,48762
abnegate,v.,
abominate,v.,
aboveboard,adv./adj.,
abscission,n.,
abstentious,adj.,
acarpous,adj.,
acquainted,adj.,
acrophobia,n.,
adlib,v.,
adulate,v.,
agglomerate,n./adj./v.,
aggrieve,v.,
alliterate,v.,
annals,n.,
antecedence,n.,
apocrypha,n.,
apothegm,n.,
artifacts,n.,
astigmatic,adj.,
avant-garde,n.,
awe-inspiring,adj.,
backset,n.,
bedizen,v.,
belabor,v.,
beleaguer,v.,
bellwether,n.,
benison,n.,
bibulous,adj.,
blinds,n.,
boding,adj./n.,
bootless,adj.,
bowdlerize,v.,
brattish,adj.,
calipers,n.,
calumniate,v.,
captious,adj.,
celerity,n.,
cephalic,adj.,
churl,n.,
circumlocutory,adj.,
closed-minded,adj.,
cloy,v.,
cognomen,n.,
cold-blooded,adj.,
comestible,adj./n.,
complaisance,n.,
concatenate,v./adj.,
condign,adj.,
condole,v.,
congest,v.,
conspectus,n.,
constringe,v.,
contumacious,adj.,
contumacy,n.,
contumely,n.,
corrugate,v./adj.,
cozen,v.,
cumber,v./n.,
currish,adj.,
damped,adj.,
dastard,n./adj.,
daubster,n.,
defalcate,v.,
defoliator,n.,
deforest,v.,
denunciate,v.,
deracinate,v.,
desalinize,v.,
descry,v.,
desiccate,v.,
destructible,adj.,
detraction,n.,
dilapidate,v.,
dipsomania,n.,
disaffect,v.,
discombobulate,v.,
discombobulated,v.,
discomfited,v.,
discompose,v.,
disenchant,v.,
disfranchise,v.,
disgruntle,v.,
dishevel,v.,
disproof,n.,
distain,v.,
distrait,adj.,
divagate,v.,
doggo,adv.,
doldrums,n.,
double-cross,v.,
down-to-earth,adj.,
dulcet,adj.,
earsplitting,adj.,
earthshaking,adj.,
ecdysis,n.,
effervesce,v.,
effulgent,adj.,
empyreal,adj.,
empyrean,n.,
encipher,v.,
encomiast,n.,
endue,v.,
enfetter,v.,
enflame,v.,
engrossment,n.,
environ,v.,
eulogistic,adj.,
even-tempered,adj.,
evenhanded,adj.,
exceptionable,adj.,
excogitate,v.,
excruciate,v.,
excursive,adj.,
execrate,v.,
execration,n.,
exhilarate,v.,
expurgate,v.,
extemporize,v.,
extricable,adj.,
facilities,n.,
factorable,,
fail-safe,n./adj.,
fainthearted,adj.,
famish,v.,
far-reaching,adj.,
fatuity,n.,
faultfinder,n.,
felicitate,v.,
festal,adj.,
filings,n.,
finable,adj.,
flaggy,adj.,
flatcar,n.,
flaunty,adj.,
footle,n./v.,
forebode,v.,
four-poster,n.,
frowzy,adj.,
fructify,v.,
full-blown,adj.,
full-bodied,adj.,
full-fledged,adj.,
fungi,n.,
furbish,v.,
garrulity,n.,
gaucherie,n.,
geometrician,n.,
germicide,n.,
goldbrick,v./n.,
gormandize,v./n.,
gustation,n.,
guttle,v.,
gynaecocracy,n.,
halfhearted,adj.,
hardbitten,adj.,
hardheaded,adj.,
hardihood,n.,
heartrending,adj.,
heavy-handedness,,
helot,n.,
helve,n./v.,
hemostat,n.,
henpecked,adj.,
homograph,n.,
horology,n.,
hortative,adj.,
idolatrize,v.,
impend,v.,
impenitent,adj./n.,
impuissance,n.,
inappreciable,adj.,
incertitude,n.,
incogitant,adj.,
incorrigibility,n.,
incrustation,n.,
inculpate,v.,
indices,n.,
indite,v.,
indurate,v./adj.,
inebriate,adj./n./v.,
ineffaceable,adj.,
inelasticity,n.,
inexpedient,adj.,
inexpiable,adj.,
infatuate,v./adj./n.,
infelicitous,adj.,
infelicity,n.,
insentient,adj.,
insolate,v.,
intangibility,n.,
interlope,v.,
intumescence,n.,
inured,adj.,
invigilate,v.,
irradicable,adj.,
jejune,adj.,
jesting,adj.,
jocund,adj.,
judiciousness,n.,
know-how,n.,
lachrymose,adj.,
leisureliness,n.,
levelheaded,adj.,
licit,adj.,
ligneous,adj.,
lineaments,n.,
long-winded,adj.,
lowbred,adj.,
lucubrate,v.,
maculate,adj./v.,
maculated,,
magniloquent,adj.,
malodor,n.,
manumit,v.,
maraud,v./n.,
mechanics,n.,
merited,adj.,
mesmerism,n.,
mettlesome,adj.,
minatory,adj.,
minutes,n.,
misogamy,n.,
mistimed,adj./v.,
mnemonics,n.,
monomania,n.,
mores,n.,
mulct,n./v.,
muniments,,
narcissist,n.,
natation,n.,
naysay,n./v.,
necessitous,adj.,
nephritis,n.,
nethermost,adj.,
niggard,n./adj.,
nippers,n.,
nipping,adj.,
nonesuch,n.,
nonflammable,adj.,
nonplus,v./n.,
nonradioactive,n.,
notability,n.,
nucleate,v./adj.,
oafishness,n.,
oddments,n.,
off-key,adj.,
offish,adj.,
opalescence,n.,
opprobrious,adj.,
orotund,adj.,
other-directed,adj.,
palings,n.,
palter,v.,
peculate,v.,
peery,,
pelf,n.,
pell-mell,adv./adj./n.,
pendent,adj.,
perfervid,adj.,
periphrastic,adj.,
perishing,adj.,
persiflage,n.,
perspicuity,n.,
perspicuous,adj.,
pertinacious,adj.,
pervious,adj.,
pestilent,adj.,
pettish,adj.,
pharisaic,,
phenomena,n.,
philatelist,n.,
philately,n.,
piscatorial,adj.,
pithiness,n.,
plentitude,n.,
pleonastic,adj.,
poltroon,n./adj.,
ponderable,adj./n.,
positiveness,n.,
potation,n.,
preponderate,v.,
prevision,n.,
prolix,adj.,
prolixity,n.,
prorogue,v.,
provisory,adj.,
pugilism,n.,
pullulate,v.,
purblind,adj./v.,
purlieu,n.,
pyromania,n.,
qualms,n.,
quisling,n.,
raillery,n.,
rapids,n.,
rapscallion,n.,
rebarbative,adj.,
refulgent,adj.,
relenting,v.,
remittent,adj./n.,
renascent,adj.,
renunciate,v.,
reparable,adj.,
repine,v.,
reprehend,v.,
requite,v.,
rescript,n.,
resurge,v.,
reticulation,n.,
roister,v.,
rubicund,adj.,
saliferous,adj.,
sangfroid,n.,
scads,n.,
scathe,n./v.,
scintillate,v.,
scission,n.,
scrutable,adj.,
scutter,v.,
securities,n.,
sedulity,n.,
sedulous,adj.,
self-abasement,n.,
self-absorbed,adj.,
self-assertion,n.,
sequacious,adj.,
sequela,n.,
serrate,adj.,
shavings,n.,
shiftiness,,
sibyl,n.,
sidesplitting,adj.,
sizzler,n.,
slapdash,n./adj.,
sloven,n.,
slue,v./n.,
smirch,v./n.,
spackle,,
specifics,n.,
speleology,n.,
star-crossed,adj.,
stouthearted,adj.,
synergic,adj.,
tendinous,adj.,
tightfisted,adj.,
timeworn,adj.,
tined,adj.,
tonsorial,adj.,
topsy-turvy,adv./adj./n./v.,
tractability,n.,
tresses,n.,
trumpery,n./adj.,
tumid,adj.,
ulcerate,v.,
ultramundane,adj.,
undergird,v.,
undisputable,adj.,
ungrudging,adj.,
unguent,n.,
unimpassioned,adj.,
unscrupulousness,n.,
unspotted,adj.,
unthreatening,,
ursine,adj.,
uxorious,adj.,
valetudinarian,adj./n.,
variegate,v.,
vaunting,adj.,
veracious,adj.,
verisimilar,adj.,
versemonger,n.,
vesture,n./v.,
viands,n.,
vicissitudinous,adj.,
viscid,adj.,
vitrify,v.,
vituperate,v.,
vying,adj.,
well-groomed,adj.,
whelm,v.,
xenophobe,n.,
xerophyte,n.,
