headword,pos,freq_rank
can,v./n./aux.,37
way,n./adv.,84
well,n./v./adj./adv./int.,100
even,adj./v./adv./n.,107
down,adj./adv./prep./n.,118
still,n./v./adj./adv./conj.,126
mean,adj./v./n.,154
company,n./v.,189
system,n.,191
issue,n./v.,248
head,n./v./adj.,251
long,adj./v./adv./n.,254
house,n./v.,257
provide,v.,262
stand,n./v.,281
community,n.,296
team,n./v.,307
minute,n./v./adj.,308
lead,n./v./adj.,318
understand,v.,320
watch,n./v.,323
face,n./v.,330
party,n./v.,351
reason,n./v.,359
moment,n.,369
air,n./v.,370
offer,n./v.,373
education,n.,376
age,n./v.,386
process,n./v./adj.,391
consider,v.,394
appear,v.,395
actually,adv.,396
human,n./adj.,399
interest,n./v.,416
effect,n./v.,427
suggest,v.,430
raise,n./v.,433
former,adj./n.,442
major,n./adj./v.,444
role,n.,451
economic,adj.,453
decide,v.,456
pull,v./n.,471
military,n./adj.,474
develop,v.,484
federal,adj.,493
action,n./v.,502
join,v./n.,505
season,n./v.,506
tax,n./v.,509
wear,n./v.,518
official,n./adj.,526
couple,n./v.,531
site,n./v.,532
project,n./v.,534
court,n./v.,541
produce,n./v.,542
figure,n./v.,552
image,n./v.,555
cover,n./v.,560
land,n./v.,566
recent,adj.,567
attention,n.,591
draw,v./n.,592
nearly,adv.,599
choose,v.,600
cause,n./v.,601
evidence,n.,606
culture,n./v.,611
billion,num.,612
chance,n./v.,613
realize,v.,616
period,n./adj./int.,617
available,adj.,622
opportunity,n.,625
term,n./v.,626
condition,n./v.,629
choice,n./adj.,630
rule,n./v.,633
administration,n.,635
congress,n.,638
campaign,n./v.,640
close,n./adj./v./adv.,649
risk,n./v.,650
current,n./adj.,652
involve,v.,656
defense,n.,657
behavior,n.,658
security,n.,661
board,n./v.,667
private,adj./n.,672
deal,n./v.,674
performance,n.,675
throw,v./n.,677
goal,n./v.,681
represent,v.,687
focus,n./v.,688
recently,adv.,699
reduce,v.,701
note,n./v.,703
fine,n./adj./v./adv.,704
natural,n./adj.,715
race,n./v.,716
significant,adj.,719
dead,adj./n./adv.,726
factor,n.,729
article,n.,731
save,n./v./prep.,735
scene,n.,738
stock,n./adj./v.,740
career,n.,741
treatment,n.,745
approach,n./v.,750
fund,n./v.,754
serious,adj.,755
occur,v.,756
media,n.,757
ready,n./adj./adv./v.,758
thought,n.,760
quality,n./adj.,764
pressure,n./v.,765
resource,n.,769
identify,v.,770
determine,v.,773
recognize,v.,779
amount,n./v.,782
ability,n.,783
staff,n./adj./v.,784
indicate,v.,785
character,n.,786
wonder,n./v.,790
election,n.,801
lay,v./n./adj.,803
general,n./adj.,804
standard,n./adj.,806
analysis,n.,811
benefit,n./v.,812
section,n./v.,818
financial,adj.,827
compare,v./n.,831
authority,n.,832
design,n./v.,834
sort,n./v.,835
strategy,n.,844
truth,n.,850
check,n./v.,854
various,adj.,859
executive,n./adj.,863
hang,n./v.,867
claim,n./v.,874
remove,v./n.,876
legal,adj.,883
religious,adj./n.,884
final,n./adj.,887
memory,n.,891
cell,n.,895
trial,n./adj.,898
spring,n./adj./v.,901
firm,n./adj./v./adv.,902
democrat,n.,903
avoid,v.,908
imagine,v.,909
finish,n./v.,916
impact,n./v.,919
respond,v.,920
maintain,v.,922
charge,n./v.,923
popular,adj.,924
reveal,v./n.,927
weapon,n./v.,929
employee,n.,930
contain,v.,931
apply,v.,938
shake,n./v.,942
politics,n.,951
perform,v.,953
candidate,n.,957
treat,n./v.,960
trip,n./v.,962
affect,v./n.,963
conference,n.,965
mention,n./v.,971
range,n./v.,972
edge,n./v.,977
specific,n./adj.,979
trouble,n./v.,981
challenge,n./v.,984
institution,n.,987
bar,n./v.,991
property,n.,993
soldier,n./v.,1003
tough,n./adj.,1012
surface,n./adj./v.,1015
exist,v.,1016
agent,n.,1020
commercial,adj./n.,1027
address,n./v.,1028
coach,n./v.,1033
means,n.,1033
beat,n./v./adj.,1036
violence,n.,1037
notice,n./v.,1044
positive,adj.,1049
civil,adj.,1050
kitchen,n.,1051
consumer,n.,1052
shot,n./v./adj.,1053
budget,n./v./adj.,1054
painting,n.,1056
mouth,n./v.,1060
threat,n.,1066
responsibility,n.,1067
attorney,n.,1069
score,n./v.,1070
account,n./v.,1071
audience,n.,1074
vote,n./v.,1078
debate,n./v.,1082
prevent,v.,1083
majority,n.,1085
admit,v.,1089
assume,v.,1091
professional,n./adj.,1094
mission,n./v.,1095
alone,adj./adv.,1097
customer,n.,1098
suffer,v.,1099
successful,adj.,1101
option,n.,1102
participant,n./adj.,1103
eventually,adv.,1106
global,adj.,1110
reform,n./v.,1112
access,n./v.,1113
release,n./v.,1120
opinion,n.,1124
credit,n./v.,1125
critical,adj.,1126
concerned,adj.,1128
recall,n./v.,1129
version,n.,1130
stare,v./n.,1131
effective,adj./n.,1133
original,adj./n.,1135
troop,n./v.,1137
species,n.,1141
immediately,adv.,1142
track,n./v.,1143
basic,n./adj.,1144
strike,n./v.,1145
absolutely,adv.,1149
achieve,v.,1152
refer,v.,1156
concept,n.,1158
perfect,n./adj./v.,1160
therefore,adv.,1161
conduct,n./v.,1162
announce,v.,1163
conversation,n.,1164
touch,n./v.,1166
attend,v.,1168
variety,n.,1171
involved,adj.,1174
investigation,n.,1175
nuclear,adj.,1176
conflict,n./v.,1179
spirit,n./v.,1180
replace,v.,1182
encourage,v.,1184
camp,n./v.,1188
brain,n./v.,1189
battle,n./v.,1199
date,n./v.,1201
generally,adv.,1202
complete,adj./v.,1207
stick,n./v.,1209
element,n.,1214
status,n.,1215
vision,n./v.,1216
normal,n./adj.,1217
solution,n.,1221
scale,n./v.,1223
attempt,n./v.,1227
spot,n./adj./v.,1228
distance,n.,1235
handle,n./v.,1238
survey,n./v.,1241
refuse,v./n./adj.,1247
roll,n./v.,1249
communication,n.,1250
screen,n./v.,1252
resident,n./adj.,1254
hide,n./v.,1255
potential,n./adj.,1260
presence,n.,1264
independent,n./adj.,1265
district,n.,1266
contract,n./v.,1269
crowd,n./v.,1270
strength,n.,1275
previous,adj.,1276
band,n./v.,1277
target,n./v.,1281
prison,n./v.,1282
vehicle,n.,1293
observe,v.,1294
facility,n.,1297
average,n./adj./v.,1299
emerge,v.,1300
leadership,n.,1304
pound,n./v.,1306
operate,v.,1309
sample,n./v.,1311
contribute,v.,1312
tiny,adj.,1313
block,n./v.,1314
protection,n.,1315
feed,n./v.,1317
additional,adj.,1319
identity,n.,1322
title,n./v.,1323
mostly,adv.,1324
faith,n.,1326
promote,v.,1328
unless,conj./prep.,1332
path,n.,1336
folk,n./adj.,1339
survive,v.,1342
lift,n./v.,1343
border,n./v.,1344
competition,n.,1345
fit,n./adj./v.,1349
equipment,n.,1352
associate,n./v.,1354
critic,n.,1355
aspect,n.,1357
insist,v.,1359
annual,n./adj.,1361
comment,n./v.,1363
affair,n.,1364
responsible,adj.,1365
procedure,n.,1369
regular,adj./n./adv.,1370
ignore,v.,1375
belief,n.,1378
demonstrate,v.,1379
religion,n.,1383
review,n./v.,1384
engage,v.,1387
document,n./v.,1389
cross,n./adj./v.,1391
commit,v.,1394
threaten,v.,1395
quarter,n./v.,1401
background,n.,1402
deny,v.,1406
slightly,adv.,1408
suit,n./v.,1411
perspective,n./adj.,1412
blow,n./v.,1414
construction,n.,1415
intelligence,n.,1417
connection,n.,1421
neighbor,n./v./adj.,1424
context,n.,1427
committee,n.,1428
location,n.,1433
promise,n./v.,1438
aware,adj.,1439
active,adj./n.,1444
extend,v.,1445
chief,n./adj.,1446
combine,v./n.,1448
below,prep./adv.,1450
voter,n.,1452
dangerous,adj.,1457
remind,v.,1458
moral,n./adj.,1459
category,n.,1461
victory,n.,1463
academic,adj./n.,1465
negative,n./adj.,1470
medicine,n./v.,1473
grab,n./v.,1477
direct,adj./v./adv.,1478
contact,n./v.,1480
justice,n.,1481
photograph,n./v.,1481
participate,v.,1482
fair,n./adj./adv./v.,1484
tape,n./v.,1490
appropriate,adj.,1493
search,n./v.,1500
democracy,n.,1502
primary,n./adj.,1504
circle,n./v.,1506
device,n.,1507
progress,n./v.,1508
exchange,n./v.,1513
clean,adj./adv./v./n.,1514
studio,n.,1515
colleague,n.,1518
application,n.,1519
lean,n./adj./v.,1520
neck,n./v.,1521
plastic,n./adj.,1523
plate,n./v.,1525
theater,n.,1535
abuse,n./v.,1540
shut,n./v.,1541
map,n./v.,1542
session,n.,1544
domestic,adj.,1547
desire,n./v.,1551
assessment,n.,1552
injury,n.,1553
respect,n./v.,1554
nod,n./v.,1557
fuel,n./v.,1558
instruction,n.,1563
expand,v.,1572
ticket,n./v.,1576
lip,n./v./adj.,1582
urban,adj.,1583
mental,adj./n.,1584
sugar,n./v.,1591
planet,n.,1592
explore,v.,1594
obtain,v.,1595
complex,n./adj.,1598
athlete,n.,1600
repeat,n./v.,1602
soul,n./adj.,1604
panel,n./v.,1607
instrument,n.,1611
predict,v.,1613
weather,n./adj./v.,1614
commitment,n.,1616
emotional,adj.,1617
supreme,n./adj.,1618
bear,n./v.,1619
thin,adj./v./adv./n.,1621
temperature,n.,1622
poll,n./v./adj.,1623
proposal,n.,1625
consequence,n.,1626
breath,n.,1628
sight,n./v./adj.,1629
balance,n./v.,1631
adopt,v.,1632
minority,n./adj.,1633
straight,n./adj./adv.,1634
connect,v.,1636
belong,v.,1639
advice,n.,1641
empty,adj./n./v.,1644
regional,adj.,1645
trail,n./v.,1646
novel,n./adj.,1647
jury,n./adj.,1650
acknowledge,v.,1654
theme,n.,1655
storm,n./v.,1656
union,n.,1658
prime,n./adj./v.,1667
struggle,n./v.,1669
conclude,v.,1670
regulation,n.,1675
ring,n./v.,1678
largely,adv.,1679
shift,n./v.,1680
revenue,n.,1681
locate,v.,1682
package,n./v./adj.,1685
recommend,v.,1688
obvious,adj.,1689
generate,v.,1692
propose,v.,1694
trend,n./v.,1697
loan,n./v.,1699
currently,adv.,1700
profit,n./v.,1704
crew,n.,1706
accident,n.,1707
traffic,n./v.,1712
notion,n.,1714
capture,n./v.,1715
chest,n.,1717
unique,adj.,1726
internal,adj.,1728
ethnic,adj.,1729
stress,n./v.,1731
content,n./adj./v.,1732
select,adj./v./n.,1733
declare,v.,1736
appreciate,v.,1738
actual,adj.,1739
hardly,adv.,1741
setting,n.,1742
launch,n./v.,1743
file,n./v.,1745
sick,n./adj./v.,1746
outcome,n.,1747
defend,v.,1750
sheet,n./v./adj.,1753
catholic,n./adj.,1757
extent,n.,1758
component,n./adj.,1760
contrast,n./v.,1762
zone,n./v.,1763
brown,n./adj./v.,1769
pilot,n./v./adj.,1772
warn,v.,1773
capacity,n.,1777
estate,n.,1778
circumstance,n.,1780
steal,v.,1784
pursue,v.,1785
slip,n./v./adj.,1786
percentage,n.,1787
surgery,n.,1793
correct,adj./v.,1794
due,n./adj.,1796
blame,n./v.,1797
estimate,n./v.,1798
investigate,v.,1802
crazy,adj.,1803
combination,n.,1808
governor,n.,1811
relief,n.,1812
silence,n./v./int.,1820
motion,n./v.,1822
solve,v.,1825
landscape,n./v.,1827
bowl,n./v.,1829
equal,n./adj./v.,1830
frame,n./v.,1833
forth,adv.,1834
typical,adj.,1835
eliminate,v.,1838
hall,n.,1839
row,n./v.,1843
afford,v.,1846
regime,n.,1848
division,n.,1849
confirm,v.,1851
appeal,n./v.,1852
smart,adj./n./v.,1856
rely,v.,1857
association,n.,1859
complain,v.,1859
topic,n.,1860
variable,n./adj.,1862
perception,n.,1866
attract,v.,1867
secret,n./adj.,1868
confidence,n.,1870
debt,n.,1871
rare,adj./adv.,1872
tank,n./v.,1874
nurse,n./v.,1875
opposition,n.,1876
coverage,n.,1877
bond,n./v.,1880
pleasure,n./v.,1882
era,n.,1884
requirement,n.,1885
somewhat,n./adv.,1897
stir,n./v.,1899
tear,n./v.,1905
doubt,n./v.,1906
seriously,adv.,1908
industrial,adj./n.,1913
stretch,n./adj./v.,1915
volume,n./v./adj.,1917
fashion,n./v.,1922
intervention,n.,1926
copy,n./v.,1927
tip,n./v.,1928
aim,n./v.,1931
cite,v.,1932
welfare,n./adj.,1933
vegetable,n./adj.,1934
overall,adj./adv./n.,1941
divide,v./n.,1942
initial,n./adj./v.,1943
terrible,adj.,1944
oppose,v.,1945
contemporary,n./adj.,1947
multiple,n./adj.,1948
essential,n./adj.,1949
league,n./v.,1951
careful,adj.,1952
rush,n./v./adj.,1956
employ,n./v.,1962
vast,adj.,1965
household,n./adj.,1967
resolution,n.,1968
witness,n./v.,1970
match,n./v.,1972
barely,adv.,1973
sector,n./v.,1974
emphasize,v.,1975
representative,n./adj.,1976
beneath,prep./adv.,1977
incident,n./adj.,1980
faculty,n.,1985
mass,n./adj./v.,1989
definitely,adv.,1991
liberal,n./adj.,1993
enormous,adj.,1994
massive,adj.,1996
decline,n./v.,2000
cable,n./v.,2003
expose,v.,2005
rural,adj.,2006
narrow,n./adj./v.,2007
unfortunately,adv.,2016
legislation,n.,2017
succeed,v.,2018
celebrate,v.,2019
achievement,n.,2021
accuse,v.,2024
reject,n./v.,2029
talent,n.,2030
taste,n./v.,2031
characteristic,n./adj.,2032
escape,n./v.,2034
cast,n./v.,2035
sentence,n./v.,2036
convince,v.,2039
height,n.,2040
physician,n.,2041
assess,v.,2042
virtually,adv.,2046
sharp,n./adj./adv.,2049
approve,v.,2053
honor,n./v.,2057
proper,adj./adv.,2058
campus,n.,2059
acquire,v.,2063
technical,adj.,2064
compete,v.,2065
immigrant,n./adj.,2069
alternative,n./adj.,2073
interaction,n.,2075
personality,n.,2076
curriculum,n.,2077
assistance,n.,2081
regard,n./v.,2084
wrap,n./v.,2090
display,n./v.,2092
asset,n.,2094
depression,n.,2095
spiritual,adj./n.,2096
journalist,n.,2099
suspect,n./adj./v.,2100
scholar,n.,2101
climate,n.,2103
observation,n.,2105
payment,n.,2106
proceeding,n.,2107
permit,n./v.,2109
definition,n.,2110
priority,n.,2112
graduate,n./adj./v.,2115
request,n./v.,2116
emotion,n.,2117
dramatic,adj.,2119
universe,n.,2120
gap,n./v.,2121
excellent,adj.,2123
drag,n./v.,2127
agenda,n.,2130
recover,v.,2131
selection,n.,2133
roof,n./v.,2135
diet,n./v.,2139
arrest,n./v.,2140
funding,,2141
therapy,n.,2142
schedule,n./v.,2144
brief,n./adj./v.,2146
post,n./v./adv.,2148
purchase,n./v.,2149
remaining,,2155
visual,adj.,2156
fairly,adv.,2157
violent,adj.,2158
chip,n./v.,2159
suppose,v.,2161
perceive,v.,2165
layer,n./v.,2168
slide,n./v.,2174
wedding,n.,2176
portion,n./v.,2178
territory,n.,2179
immediate,adj.,2180
opponent,n./adj.,2181
abandon,v./n.,2182
transform,v.,2185
tension,n./v.,2186
leading,n./adj.,2188
consist,v.,2190
enable,v.,2192
bend,v./n.,2194
desert,n./adj./v.,2196
error,n.,2198
preserve,v./n.,2209
passage,n./v.,2210
formal,adj./n.,2211
transition,n.,2212
arrange,v.,2216
atmosphere,n.,2217
opposite,adj./prep./n.,2222
deserve,v.,2224
consistent,adj.,2225
resistance,n.,2226
exposure,n.,2229
pose,n./v.,2230
sale,n.,2234
pot,n./v.,2235
mine,n./v./pron.,2236
grand,adj.,2237
tale,n.,2239
coalition,n.,2241
resolve,v./n.,2242
phase,n./v.,2244
coat,n./v.,2247
symptom,n.,2249
philosophy,n.,2252
negotiation,n.,2259
urge,n./v.,2261
occasion,n./v.,2262
breathe,v.,2264
reduction,n.,2270
rarely,adv.,2271
pack,n./v.,2273
numerous,adj.,2275
discipline,n./v.,2278
practical,adj.,2281
passion,n.,2283
volunteer,n./adj./v.,2284
implement,n./v.,2285
amazing,adj.,2294
intense,adj.,2295
advance,n./v./adj.,2296
employer,n.,2297
shock,n./v./adj.,2298
inspire,v.,2299
adjust,v.,2300
retire,n./v.,2301
cap,n./v.,2306
congressional,adj.,2309
juice,n./v.,2310
dominate,v.,2312
transfer,n./v.,2315
analyze,v.,2316
attach,v.,2320
disaster,n.,2321
prospect,n./v.,2323
complaint,n.,2325
championship,n.,2326
fundamental,n./adj.,2328
severe,adj.,2330
enhance,v.,2331
mystery,n.,2332
poverty,n.,2333
impose,v.,2334
entry,n.,2338
evaluate,v.,2339
symbol,n.,2340
mood,n.,2344
accomplish,v.,2345
emphasis,n.,2346
illustrate,v.,2348
monitor,n./v.,2349
entertainment,n.,2350
bean,n.,2352
commander,n.,2355
arrangement,n.,2357
peak,n./adj./v.,2364
approximately,adv.,2365
vary,v.,2371
distribution,n.,2373
commission,n./v.,2379
interpretation,n.,2380
constant,n./adj.,2386
clinic,n.,2388
veteran,n./adj.,2389
smell,n./v.,2390
capable,adj.,2392
nervous,adj.,2393
crucial,adj.,2397
tomato,n.,2400
exception,n.,2401
butter,n./v.,2402
deficit,n.,2403
objective,n./adj.,2406
ally,n./v.,2408
reputation,n.,2411
tower,n./v.,2412
smoke,n./v.,2414
confront,v.,2415
pure,adj.,2416
dimension,n./v.,2420
smooth,adj./v./n.,2422
peer,n./v.,2424
personnel,n.,2425
belt,n.,2430
immigration,n.,2431
implication,n.,2434
accompany,v.,2438
silver,n./adj./v.,2439
recognition,n.,2441
retirement,n.,2442
flag,n./v.,2444
corn,n./v.,2448
inner,adj./n.,2449
swing,n./v./adj.,2453
publication,n.,2459
permanent,adj./n.,2464
phenomenon,n.,2466
anxiety,n.,2467
literally,adv.,2469
resist,v./n.,2470
convention,n.,2472
embrace,n./v.,2473
assist,n./v.,2475
exhibition,n.,2476
construct,v./n.,2477
consultant,n.,2480
administrator,n.,2484
occasionally,adv.,2485
consideration,n.,2487
secure,adj./v.,2489
bind,v.,2496
constantly,adv.,2498
enterprise,n.,2499
stomach,n./v.,2503
install,v.,2505
sensitive,adj.,2506
recipe,n.,2509
elementary,adj.,2511
aggressive,adj.,2514
concert,n./v.,2515
intention,n.,2517
channel,n./v.,2518
tube,n./v.,2520
drawing,n.,2521
protein,n./adj.,2523
absence,n.,2524
diversity,n.,2531
pace,n./v.,2533
giant,n./adj.,2539
negotiate,v.,2541
restore,v.,2543
substantial,n./adj.,2544
origin,n.,2547
approval,n.,2549
advise,v.,2552
conventional,adj.,2554
shell,n./v.,2560
deputy,n.,2568
flat,adj./adv./n./v.,2569
assure,v.,2571
dealer,n.,2575
via,prep.,2576
utility,n./adj.,2578
arise,v.,2581
clinical,adj.,2584
routine,n./adj.,2585
wage,n./v.,2586
normally,adv.,2588
phrase,n./v.,2589
ingredient,n.,2590
stake,n./v.,2591
fiber,n.,2594
snap,v./n./adj./adv.,2597
incorporate,adj./v.,2600
ultimate,n./adj.,2601
switch,n./v.,2604
assumption,n.,2606
gear,n./v.,2607
barrier,n.,2609
assign,v.,2611
provision,n./v.,2612
label,n./v.,2619
vacation,n.,2622
advocate,n./v.,2623
draft,n./v.,2624
extraordinary,adj.,2625
heaven,n.,2626
rough,n./adj./v./adv.,2627
yell,v./n.,2628
pregnant,adj.,2629
distant,adj.,2630
drama,n.,2631
satellite,n.,2632
sweep,n./v.,2639
ceiling,n.,2641
universal,adj./n.,2642
spin,n./v.,2644
rank,n./adj./v.,2647
clothing,n.,2650
yield,n./v.,2652
portrait,n.,2655
survival,n./adj.,2656
roughly,adv.,2657
bunch,n.,2658
lawsuit,n.,2660
testimony,n.,2661
burden,n./v.,2665
react,v.,2666
chamber,n./v./adj.,2667
cooperation,n.,2668
furniture,n.,2669
ceremony,n.,2670
string,n./v.,2671
communicate,v.,2672
profile,n./v.,2676
mechanism,n.,2677
penalty,n.,2680
resort,n./v.,2684
destruction,n.,2685
unlikely,adj.,2687
tissue,n.,2688
constitutional,adj.,2689
infection,n.,2692
cabinet,n./adj.,2693
proceed,v.,2697
literary,adj.,2700
virus,n.,2701
fortune,n.,2703
dispute,n./v.,2705
assistant,n./adj.,2706
overcome,v.,2707
remarkable,adj.,2708
statistics,n.,2709
occupy,v.,2710
encounter,n./v.,2712
initially,adv.,2715
genetic,adj.,2721
retain,v.,2724
latter,adj.,2725
incentive,n./adj.,2726
ken,n.,2727
slave,n./v.,2727
accurate,adj.,2728
whereas,conj.,2731
terror,n.,2732
expansion,n.,2734
elite,n.,2735
odd,adj./n.,2738
tight,adj./adv.,2741
chart,n./v.,2743
solar,adj.,2744
square,n./adj./adv./v.,2747
complicated,adj.,2750
revolution,n.,2753
strip,n./v.,2754
interpret,v.,2755
reflection,n.,2757
champion,n./v./adj.,2758
telescope,n./v.,2759
tournament,n.,2761
fiction,n.,2762
detect,v.,2763
recommendation,n.,2765
tremendous,adj.,2768
senator,n.,2769
guarantee,n./v.,2774
innocent,adj./n.,2775
boundary,n.,2776
remote,adj.,2778
satisfaction,n.,2779
journal,n.,2780
raw,n./adj./v.,2783
awareness,n.,2784
withdraw,v.,2786
deck,n./v.,2788
testify,v.,2790
mode,n.,2793
dialogue,n./v.,2794
imply,v.,2796
advanced,adj.,2797
mutual,adj.,2799
founder,n./v.,2800
pride,n./v.,2801
dismiss,v.,2802
aircraft,n.,2803
platform,n.,2806
finance,n./v.,2808
sink,n./v.,2809
attractive,adj.,2811
diverse,adj.,2813
relevant,adj.,2814
ideal,n./adj.,2815
conservation,n.,2820
evolve,v.,2821
justify,v.,2834
protest,n./v.,2835
crash,n./v./adj.,2837
craft,n./v.,2839
insight,n.,2840
possess,v.,2842
tap,n./v.,2843
extensive,adj.,2845
episode,n.,2846
fault,n./v.,2849
tire,n./v.,2850
loose,n./adj./v./adv.,2851
originally,adv.,2854
considerable,adj.,2855
prior,adj./n.,2856
intellectual,n./adj.,2857
characterize,v.,2859
assault,n./v.,2860
relax,v.,2861
adventure,n./v.,2862
external,n./adj.,2864
proof,n./adj./v.,2865
confident,adj.,2866
headquarters,n.,2867
violation,n.,2870
tongue,n./v.,2871
shelter,n./v.,2874
rub,n./v.,2875
controversy,n.,2876
entrance,n./v.,2877
defensive,adj./n.,2881
fade,v./n./adj.,2882
tragedy,n.,2883
net,n./adj./v.,2884
profession,n.,2886
constitute,v.,2887
alter,v.,2889
squeeze,n./v.,2891
mask,n./v.,2893
convert,n./v.,2895
comprehensive,adj.,2896
prominent,adj.,2897
regardless,adj.,2899
load,n./v.,2901
stable,n./adj./v.,2903
pretend,v.,2905
representation,n.,2908
violate,v.,2909
split,n./adj./v.,2910
pollution,n.,2913
steady,adj./v.,2914
emission,n.,2915
vital,adj.,2916
oven,n.,2920
distinction,n.,2921
segment,n./v.,2922
poet,n.,2923
mere,n./adj.,2925
exciting,adj.,2926
variation,n.,2927
radical,n./adj.,2929
adapt,v.,2933
pale,n./adj./v.,2935
significance,n.,2937
vessel,n.,2940
storage,n.,2941
flee,v.,2942
leather,n./v./adj.,2943
distribute,v.,2944
evolution,n.,2946
shelf,n.,2947
tribe,n.,2948
entitled,adj.,2950
lawn,n.,2951
vulnerable,adj.,2955
capability,n.,2958
celebrity,n.,2960
stability,n.,2962
fantasy,n.,2964
plot,n./v.,2967
framework,n.,2968
ongoing,adj./n.,2970
psychology,n.,2972
counselor,n.,2973
divorce,n./v.,2978
slight,n./adj./v.,2982
shade,n./v.,2984
tail,n./adj./v.,2985
sustain,v.,2986
obligation,n.,2988
angle,n./v.,2989
custom,n./adj.,2993
soup,n./v.,2997
efficient,adj.,2998
composition,n.,3000
satisfy,v.,3001
pile,n./v.,3003
carbon,n.,3004
consume,v.,3006
scheme,n./v.,3007
crack,n./v./adj./adv.,3008
tobacco,n.,3010
survivor,n.,3011
besides,prep./adv.,3012
psychologist,n.,3014
galaxy,n.,3016
limitation,n.,3019
trace,n./v.,3020
appointment,n.,3021
preference,n.,3022
incredible,adj.,3026
admission,n.,3031
infant,n./adj.,3037
calculate,v.,3039
tendency,n.,3040
rid,v.,3041
uniform,n./adj.,3043
scholarship,n.,3044
formation,n.,3045
efficiency,n.,3047
qualify,v.,3049
mall,n.,3050
derive,v.,3051
scandal,n.,3052
helpful,adj.,3054
heel,n./v.,3056
resemble,v.,3058
fabric,n.,3059
proportion,n./v.,3063
rifle,n./v.,3065
conviction,n.,3066
maintenance,n.,3067
trick,n./v./adj.,3068
organic,adj.,3070
strengthen,v.,3074
myth,n.,3076
sophisticated,adj.,3077
standing,n./adj.,3080
barrel,n./v.,3084
menu,n.,3086
ratio,n.,3088
controversial,adj.,3090
desperate,adj.,3091
sufficient,adj.,3099
modest,adj.,3101
delay,n./v.,3105
explode,v.,3106
scope,n.,3107
stroke,n./v.,3108
handful,n.,3109
curious,adj.,3112
horizon,n.,3113
prompt,n./adj./v./adv.,3114
downtown,n./adj./adv.,3116
flavor,n./v.,3118
absorb,v.,3120
adjustment,n.,3121
eager,adj.,3123
principal,n./adj.,3124
motivation,n.,3126
restriction,n.,3127
assignment,n.,3128
laboratory,n.,3132
cotton,n./v.,3136
sue,v.,3137
overlook,v./n.,3139
float,n./v.,3140
undergo,v.,3141
demonstration,n.,3142
sequence,n./v.,3143
consumption,n.,3146
assert,v.,3147
blade,n.,3148
temporary,adj./n.,3150
cabin,n./v.,3152
bite,n./v.,3153
pitch,n./v.,3157
pine,n./v.,3158
chef,n.,3164
absolute,adj./n.,3165
discrimination,n.,3167
offensive,adj.,3168
boom,n./v.,3171
appoint,v.,3172
register,n./v.,3173
dominant,adj.,3174
heritage,n.,3175
wander,v.,3183
submit,v.,3184
naked,adj.,3185
economics,n.,3186
anticipate,v.,3187
legacy,n.,3189
extension,n./adj.,3190
battery,n.,3193
orientation,n.,3196
inflation,n.,3197
cope,v./n.,3198
flame,n./v.,3199
cluster,n./v.,3200
dependent,n./adj.,3201
shower,n./v.,3204
depict,v.,3205
operator,n.,3210
collapse,n./v.,3212
comedy,n.,3216
sanction,n./v.,3217
civilian,n./adj.,3219
habitat,n.,3221
grain,n./v.,3222
consciousness,n.,3224
devote,v.,3225
province,n.,3228
seize,v.,3230
ethics,n.,3231
permission,n.,3233
summit,n./adj.,3235
gifted,adj.,3237
acid,n./adj.,3238
odds,n.,3239
frustration,n.,3240
medium,n./adj.,3241
shore,n./v.,3244
distinguish,v.,3246
lung,n.,3247
discourse,n./v.,3253
distinct,adj.,3254
impressive,adj.,3258
powder,n./v.,3260
portray,v.,3263
moderate,adj./v.,3264
persuade,v.,3265
subsequent,adj.,3267
frequent,adj./v.,3272
ban,n./v.,3273
admire,v.,3277
pet,n./adj./v.,3278
miracle,n.,3279
rhythm,n.,3280
exceed,v.,3281
widespread,adj.,3282
sin,n./v.,3285
acre,n.,3286
charity,n.,3287
identification,n.,3289
transformation,n.,3290
venture,n./v.,3294
invasion,n.,3295
adequate,adj.,3297
nonetheless,conj./adv.,3298
exhibit,n./v.,3303
blanket,n./v./adj.,3306
margin,n./v.,3308
rope,n./v.,3309
concrete,n./adj./v.,3310
prescription,n.,3311
recruit,n./v.,3314
brick,n./adj./v.,3315
patch,n./v.,3316
consensus,n.,3317
horror,n.,3318
recording,adj./n.,3319
colonial,adj.,3321
sake,n.,3325
defeat,n./v.,3326
gaze,n./v.,3327
reinforce,v./n.,3329
clue,n./v.,3331
slice,n./v.,3333
occupation,n.,3334
confusion,n.,3335
sacred,adj.,3338
formula,n.,3340
exact,adj./v.,3341
collective,adj.,3342
cognitive,adj.,3344
attribute,n./v.,3346
sigh,n./v.,3349
gallery,n.,3354
tunnel,n./v.,3355
fitness,n.,3357
toe,n./v.,3360
container,n.,3361
virtue,n.,3362
abroad,adv./adj.,3363
dramatically,adv.,3364
architect,n.,3365
makeup,n.,3366
inquiry,n.,3367
highlight,n./v.,3369
decrease,n./v.,3370
rail,n./v.,3373
alliance,n.,3376
hypothesis,n.,3377
compose,v.,3379
legend,n.,3383
regulate,v.,3384
shine,n./v.,3385
adolescent,adj./n.,3386
norm,n.,3387
upset,adj./v.,3388
remark,n./v.,3389
reward,n./v.,3392
gentle,adj.,3393
concerning,prep.,3395
counseling,n.,3399
receiver,n.,3401
ritual,n./adj.,3404
interrupt,v./n.,3407
superior,n./adj.,3410
magic,n./adj.,3411
surgeon,n.,3413
stem,n./v.,3414
counsel,n./v.,3418
continuous,adj.,3422
log,n./v.,3423
echo,n./v.,3424
pill,n./v.,3425
sculpture,n./v.,3427
compound,n./adj./v.,3428
flour,n.,3429
bare,adj./v.,3430
integrate,v./adj.,3431
presidency,n.,3432
rent,n./v./adj.,3433
slope,n./v.,3434
subtle,adj.,3435
pump,n./v.,3444
beg,v.,3452
sponsor,n./v.,3453
secondary,adj.,3455
civilization,n.,3459
curve,n./v.,3462
integrity,n.,3464
entitle,v.,3465
evident,adj.,3466
essence,n.,3468
logic,n.,3469
exclude,v.,3470
harsh,adj.,3471
corridor,n.,3474
interior,n./adj.,3476
pitcher,n.,3478
retail,n./adj./v.,3479
snake,n./v.,3481
march,n./v.,3483
excuse,v./n.,3484
fold,n./v.,3493
reverse,n./adj./v.,3497
rumor,n./v.,3498
flash,n./v.,3500
humanity,n.,3501
reliable,adj.,3504
excitement,n.,3506
architecture,n.,3509
administrative,adj.,3510
occasional,adj.,3511
elbow,n./v.,3512
deadly,adj./adv.,3513
allegation,n.,3516
confuse,v.,3518
initiate,n./adj./v.,3524
plead,v.,3525
suburb,n.,3531
trunk,n./v./adj.,3533
motivate,v.,3534
swallow,n./v.,3535
render,v./n.,3537
trap,n./v.,3538
restrict,v.,3539
seemingly,adv.,3541
effectiveness,n.,3543
lens,n./v.,3544
companion,n./v.,3547
plain,n./adj./adv.,3549
inspector,n.,3550
fraud,n.,3551
contend,v.,3552
strict,adj.,3553
array,n./v.,3554
nail,n./v.,3556
assemble,v.,3557
rat,n./v.,3558
hallway,n.,3559
burst,n./v.,3560
inevitable,adj.,3561
monster,n.,3565
facilitate,v.,3568
obstacle,n.,3569
rip,n./v.,3572
herb,n.,3573
crystal,n./adj.,3574
recession,n.,3576
motive,n./adj.,3578
bitter,adj./adv./v.,3580
flood,n./v.,3582
inspection,n.,3588
supervisor,n.,3589
arena,n.,3590
consult,v.,3591
possession,n.,3593
diagnosis,n.,3594
consistently,adv.,3596
basement,n.,3598
drift,n./v.,3599
drain,n./v.,3601
wright,n.,3602
maximum,n./adj.,3603
announcement,n.,3604
questionnaire,n.,3606
warrior,n.,3607
prediction,n.,3608
graphics,n.,3609
mud,n./v.,3610
bacteria,n.,3611
privilege,n./v.,3612
temple,n.,3616
broadcast,n./adj./v./adv.,3617
random,n./adj./adv.,3619
leap,n./v.,3621
curtain,n./v.,3622
wrist,n.,3624
domain,n.,3627
weird,adj./n.,3632
minimum,adj./n.,3633
dump,n./v.,3636
hence,adv.,3639
execute,v.,3642
limb,n./v.,3643
ideology,n.,3644
tune,n./v.,3646
endure,v.,3650
harm,n./v.,3651
radiation,n.,3652
horn,n./adj./v.,3653
chronic,adj./n.,3654
innovation,n.,3657
strain,n./v.,3659
behave,v.,3660
administer,v.,3661
simultaneously,adv.,3662
transmission,n.,3665
trigger,n./v.,3666
amendment,n.,3667
spill,n./v.,3671
grateful,adj.,3672
colony,n.,3673
adoption,n.,3674
virtual,adj.,3675
convict,n./v.,3678
indigenous,adj.,3679
towel,n./v.,3682
particle,n.,3683
modify,v.,3685
landing,n.,3688
boost,n./v.,3691
alarm,n./v.,3693
grip,n./v.,3694
festival,adj./n.,3695
sweat,n./v.,3696
undermine,v.,3697
traditionally,adv.,3705
ballot,n./v.,3706
intelligent,adj.,3709
republic,n.,3709
govern,v.,3711
rhetoric,n.,3713
convinced,adj.,3714
enthusiasm,n.,3716
accommodate,v.,3717
praise,n./v.,3719
injure,v.,3721
endless,adj.,3722
mandate,n./v.,3724
respectively,adv.,3726
chaos,n.,3727
mechanical,adj.,3729
format,n./v.,3730
canvas,n.,3732
profound,adj.,3735
lobby,n./v.,3736
trait,n.,3737
currency,n.,3738
apologize,v.,3739
reserve,n./v.,3740
beam,n./v.,3741
corruption,n.,3743
astronomer,n.,3744
contractor,n.,3745
doctrine,n.,3746
genuine,adj.,3747
thumb,n./v.,3748
unity,n.,3749
compromise,n./v.,3751
exclusive,adj.,3753
scatter,n./v.,3754
convey,v.,3756
complexity,n.,3757
twist,n./v.,3759
suspicion,n.,3762
relieve,v.,3764
residence,n.,3766
meaningful,adj.,3769
signature,n.,3773
suspend,v.,3775
rebel,n./v./adj.,3776
spouse,n.,3777
fluid,n./adj.,3779
resume,v./n.,3780
theoretical,adj.,3781
sodium,n.,3783
delicate,adj.,3787
rebuild,v.,3790
hook,n./v.,3791
bounce,n./v.,3792
detective,n./adj.,3793
compensation,n.,3796
exit,n./v.,3798
dedicate,v.,3799
attraction,n.,3800
carve,v.,3803
scare,n./v.,3807
shuttle,n./v.,3810
transaction,n.,3813
rescue,n./v.,3815
counterpart,n.,3816
mild,adj.,3819
identical,adj.,3822
doll,n.,3823
amid,prep.,3825
precise,adj.,3826
anxious,adj.,3827
residential,adj.,3828
structural,adj.,3829
carbohydrate,n.,3831
diagnose,v.,3832
poster,n.,3834
liberty,n.,3835
crawl,n./v.,3836
oxygen,n.,3839
sum,n./v.,3843
promising,adj.,3844
conscious,adj.,3845
determination,n.,3846
donor,n.,3847
opera,n.,3851
acquisition,n.,3856
pit,n./v.,3857
wildlife,n.,3859
departure,n.,3867
elevator,n.,3871
statue,v./n.,3872
repair,n./v.,3874
oral,n./adj.,3875
clerk,n./v.,3877
decent,adj.,3878
fist,n./v.,3881
destination,n.,3883
endorse,v.,3884
exploration,n.,3885
generous,adj.,3886
thereby,adv.,3891
spectrum,n.,3893
purple,n./adj./v.,3894
sunlight,n.,3895
laser,n.,3896
bold,adj./n.,3897
expertise,n.,3898
reluctant,adj.,3900
practically,adv.,3901
parade,n./v.,3907
sharply,adv.,3908
hint,n./v.,3909
realm,n.,3911
blend,v./n.,3914
cancel,n./v.,3915
constitution,n.,3917
recipient,adj./n.,3919
accounting,n.,3921
flip,v./n./adj.,3922
hesitate,v.,3924
bias,n./adj./adv./v.,3925
metaphor,n.,3927
entity,n.,3932
garbage,n.,3934
lamp,n./v.,3936
regulatory,adj.,3939
diplomatic,adj.,3940
minimize,v.,3941
elegant,adj.,3942
reception,n.,3944
vanish,v.,3949
confess,v.,3950
necessity,n.,3951
casual,adj./n.,3955
gravity,n.,3956
diminish,v.,3958
intent,n./adj.,3961
performer,n.,3962
isolate,v./n.,3963
chop,n./v.,3964
assembly,n.,3965
flavour,n./v.,3966
productive,adj.,3966
inventory,n./v.,3967
civic,adj.,3970
magnitude,n.,3971
steep,n./adj./v.,3973
popularity,n.,3974
alien,n./adj.,3977
dynamic,adj./n.,3978
equation,n.,3982
rage,n./v.,3984
precious,adj.,3989
prohibit,v.,3990
enroll,v.,3994
outstanding,adj.,4000
stumble,n./v.,4001
artificial,adj.,4003
dawn,n./v.,4004
descend,v.,4006
abstract,adj./n./v.,4007
silly,adj.,4009
tide,n./v.,4010
readily,adv.,4013
revolutionary,n./adj.,4014
cooperate,v.,4015
romance,n./v.,4016
pillow,n./v.,4017
hardware,n.,4019
seal,n./v.,4021
continent,n./adj.,4022
circuit,n.,4023
annually,adv.,4025
shortage,n.,4027
lately,adv.,4028
scan,n./v.,4031
rear,n./adj./v.,4033
undertake,v.,4035
ranch,n./v.,4036
verbal,adj.,4037
burning,adj./n.,4041
tribal,adj.,4042
ridiculous,adj.,4043
automatic,n./adj.,4045
import,n./v.,4050
cart,n./v.,4053
oversee,v.,4055
quantity,n.,4057
inspiration,n.,4058
mate,n./v.,4061
genius,n.,4065
monument,n.,4066
quest,n./v.,4067
dynamics,n.,4071
treasure,n./v.,4074
accuracy,n.,4076
talented,adj.,4080
nominee,n.,4081
gasoline,n.,4082
extended,adj.,4083
stiff,adj./n./v.,4084
output,n.,4085
slap,n./v./adv.,4086
jaw,n./v.,4087
toxic,adj.,4090
mysterious,adj.,4093
donate,v.,4095
tackle,n./v.,4096
bow,n./v.,4098
dignity,n.,4100
bubble,n./v.,4104
barn,n.,4108
buddy,n.,4109
faint,n./adj./v.,4117
dilemma,n.,4118
shallow,n./adj./v.,4123
sail,n./v.,4124
merchant,n./adj.,4126
withdrawal,n.,4130
refrigerator,n.,4133
thoroughly,adv.,4135
ancestor,n.,4137
condemn,v.,4138
steam,n./adj./v.,4139
optimistic,adj.,4141
shrimp,n./v.,4144
equip,v.,4145
rack,n./v.,4151
costume,n.,4152
cartoon,n./v.,4155
hostile,adj./n.,4163
agriculture,n.,4165
conceive,v.,4169
bankruptcy,n.,4171
bonus,n.,4172
vaccine,n./adj.,4173
opposed,adj.,4175
collaboration,n.,4176
patience,n.,4177
orbit,n./v.,4178
grasp,n./v.,4181
tropical,adj.,4182
patrol,n./v.,4183
revelation,n.,4184
jewelry,n.,4187
calm,n./adj./v.,4189
haul,n./v.,4191
concede,v.,4192
wagon,n.,4194
spectacular,adj./n.,4196
ruin,n./v.,4197
sheer,adj./v./adv./n.,4198
immune,adj./n.,4200
reliability,n.,4202
fascinating,adj.,4204
exotic,adj./n.,4205
clip,n./v.,4208
thigh,n.,4209
discourage,v.,4211
drawer,n.,4212
ideological,adj.,4216
intimate,adj./v./n.,4217
secular,n./adj.,4219
cab,n./v.,4220
documentary,n./adj.,4222
neutral,n./adj.,4223
tender,adj./v./n.,4225
flexible,adj.,4227
progressive,n./adj.,4228
conspiracy,n.,4229
casualty,n.,4230
whale,n./v.,4232
functional,adj.,4233
execution,n.,4234
terrific,adj.,4237
instinct,n./adj.,4239
aluminum,n.,4241
ministry,n.,4242
instruct,v.,4243
skull,n.,4244
verdict,n.,4245
manipulate,v.,4248
cooperative,adj.,4249
loop,n./v.,4250
practitioner,n.,4251
subsidy,n.,4252
puzzle,n./v.,4255
mushroom,n./v./adj.,4256
mathematics,n.,4257
boil,n./v.,4258
earthquake,n.,4261
jar,n./v.,4262
utilize,v.,4264
underlying,adj.,4265
dessert,n.,4269
sympathy,n.,4270
isolation,n.,4276
entrepreneur,n.,4279
ambition,n.,4283
breeze,n./v.,4284
touchdown,n.,4285
ambitious,adj.,4287
presumably,adv.,4288
influential,adj.,4289
translation,n.,4290
metropolitan,n./adj.,4293
dissolve,v.,4295
aesthetic,adj.,4296
insert,n./v.,4301
waist,n.,4304
actively,adv.,4307
accomplishment,n.,4308
panic,n./adj./v.,4310
crush,n./v.,4311
cliff,n.,4312
minimal,adj.,4313
cord,n.,4314
illusion,n.,4317
anonymous,adj.,4318
tolerate,v.,4319
commissioner,n.,4320
appreciation,n.,4322
flexibility,n.,4323
scramble,n./v.,4326
decorate,v.,4327
equivalent,n./adj.,4330
pulse,n./v.,4331
fixed,adj.,4332
experienced,adj.,4333
donation,n.,4336
irony,n.,4338
spoon,n./v.,4339
interact,v./n.,4341
soap,n./v.,4344
rival,n./adj.,4346
punch,n./v.,4348
persist,v.,4351
icon,n.,4354
shed,n./v.,4356
foster,adj./v.,4359
liquid,n./adj.,4360
legislature,n.,4361
consequently,adv.,4363
filter,n./v.,4370
heal,v.,4371
exploit,n./v.,4374
organism,n.,4375
coin,n./v.,4376
accessible,adj.,4377
sensation,n.,4378
partially,adv.,4379
shove,n./v.,4384
charter,n./v.,4386
stove,n./v.,4388
alike,adj./adv.,4389
reminder,n.,4390
comprise,v.,4392
ecological,adj.,4396
dam,n./v.,4399
outfit,n./v.,4400
unprecedented,adj.,4401
preliminary,n./adj.,4404
patent,n./adj./v.,4405
shy,n./adj./v.,4407
trash,n./v.,4408
texture,n.,4413
frontier,n.,4415
hormone,n.,4416
spray,n./v.,4417
banker,n.,4421
interfere,v.,4424
beast,n.,4428
outline,n./v.,4429
speculation,n.,4431
ray,n./v.,4432
uncover,v.,4432
attendance,n.,4433
behalf,n.,4434
innovative,adj.,4435
mill,n./v.,4439
stimulate,v.,4440
tag,n./v.,4442
vertical,adj.,4448
compel,v.,4449
desperately,adv.,4450
sensitivity,n.,4452
instant,n./adj.,4453
proclaim,v.,4454
hike,n./v.,4456
worldwide,adj.,4457
scent,n./v.,4460
stack,n./v.,4466
sack,n./v.,4467
tray,n.,4469
cease,n./v.,4470
inherit,v.,4471
pioneer,n./v./adj.,4472
shrink,n./v.,4474
illustration,n.,4475
emerging,,4477
wheat,n.,4479
dot,n./v.,4480
rational,adj./n.,4481
fierce,adj.,4482
envision,v.,4483
kingdom,n.,4487
vocal,adj./n.,4488
exclusively,adv.,4489
terrain,n.,4492
unfair,adj.,4493
risky,adj.,4494
genre,n.,4496
distract,v.,4498
depressed,adj.,4499
merit,n./v.,4501
chunk,n.,4502
discount,n./v.,4504
jungle,n.,4507
breathing,n./adj.,4508
migration,n.,4509
invade,v.,4510
retailer,n.,4511
hurricane,n.,4512
density,n.,4513
classify,v.,4515
curiosity,n.,4518
skip,n./v.,4519
aggression,n.,4521
journalism,n.,4524
stimulus,n.,4525
ecosystem,n.,4528
informal,adj.,4529
likewise,adv.,4530
sphere,n./v.,4533
boast,n./v.,4534
sole,n./adj./v.,4535
publicity,n.,4540
unfold,v.,4541
validity,n.,4542
weed,n./v.,4545
partial,adj./n.,4546
supposedly,adv.,4551
streak,n./v.,4552
specialty,n./adj.,4553
deem,v.,4554
glimpse,n./v.,4555
premise,n./v.,4556
sneak,v./n./adj.,4557
artifact,n.,4559
mentor,n.,4561
excessive,adj.,4564
memorial,n./adj.,4564
disturb,v.,4565
disappointment,n.,4566
logical,adj.,4569
debris,n.,4572
rod,n.,4575
cure,n./v.,4579
commodity,n.,4581
mineral,n./adj.,4583
hunger,n./v.,4584
spare,n./adj./v.,4585
equality,n.,4590
deliberately,adv.,4592
fame,n.,4593
striking,adj.,4594
toll,n./v.,4599
rim,n./v.,4602
suspicious,adj.,4603
isolated,adj.,4604
cling,v.,4605
squad,n./v.,4606
blink,v./n.,4607
eligible,adj./n.,4608
plunge,n./v.,4610
refuge,n./v.,4616
chill,n./adj./v.,4618
rally,n./v.,4619
steer,v./n.,4623
outlet,n.,4624
intact,adj.,4626
thrive,v.,4628
elaborate,adj./v.,4630
steak,n.,4634
conception,n.,4636
comply,v.,4637
triumph,n./v.,4638
comparable,adj.,4639
conscience,n.,4641
calculation,n.,4642
constraint,n.,4643
scratch,n./v./adj.,4644
considerably,adv.,4645
interval,n.,4646
commerce,n.,4647
feminist,n.,4648
inevitably,adv.,4649
jurisdiction,n.,4651
expedition,n.,4654
butt,n.,4657
dumb,adj.,4659
bulk,n./v.,4660
conversion,n.,4664
patron,n.,4665
municipal,adj.,4666
liver,n.,4667
harmony,n.,4669
tolerance,n.,4670
solely,adv.,4671
blessing,n.,4673
neat,adj./n.,4683
formerly,adv.,4684
mobile,adj./n.,4686
calendar,n./v.,4689
beard,n./v.,4690
widow,n./v.,4691
deposit,n./v.,4692
impulse,n./v.,4695
brutal,adj.,4697
forbid,v.,4698
predator,n.,4699
fur,n./v.,4700
voluntary,adj./n.,4701
valid,adj.,4703
enact,v.,4710
autonomy,n.,4712
thread,n./v.,4714
landmark,n.,4715
fraction,n.,4719
distinctive,adj.,4723
threshold,n.,4724
suite,n.,4726
routinely,adv.,4727
fragile,adj.,4733
exhaust,n./v.,4734
objection,n.,4737
blast,n./v.,4739
prevail,v.,4741
fragment,n.,4744
rental,n./adj.,4746
fantastic,adj.,4747
screw,n./v.,4750
undergraduate,n./adj.,4751
projection,n.,4755
suitable,adj.,4756
drill,n./v.,4760
mansion,n.,4761
cruel,adj.,4762
authorize,v.,4767
canyon,n.,4767
loyal,adj.,4770
clay,n.,4771
balloon,n./v.,4774
radar,n.,4780
frown,n./v.,4784
molecule,n.,4785
retreat,n./v.,4787
favorable,adj.,4790
rehabilitation,n.,4793
youngster,n.,4797
integrated,adj.,4800
premium,n.,4801
contemplate,v.,4802
overwhelm,v.,4804
spark,n./v.,4805
fatigue,n./v./adj.,4806
speculate,v.,4809
preach,v./n.,4814
substantially,adv.,4815
confession,n.,4818
marble,n./adj.,4819
provoke,v.,4821
explicit,adj.,4826
depart,v.,4829
magnetic,adj.,4830
devastating,adj.,4834
transmit,v.,4836
ribbon,n./v.,4838
harvest,n./v.,4839
consecutive,adj.,4845
coordinate,n./adj./v.,4847
riot,n./v.,4848
nutrient,adj./n.,4849
citizenship,n.,4851
sovereignty,n.,4852
ridge,n.,4853
frustrate,v./adj.,4856
transit,n./v.,4859
specify,v.,4860
dense,adj.,4864
articulate,adj./v.,4865
swell,n./adj./v.,4867
accusation,n.,4870
terribly,adv.,4872
cue,n./v.,4874
biography,n.,4875
hazard,n./v.,4876
seldom,adj./adv.,4878
tile,n./v.,4880
vague,adj.,4885
balanced,adj.,4888
convenience,n.,4892
weave,n./v.,4893
plea,n.,4894
academy,n.,4895
timber,n./v.,4896
till,prep./conj./v./n.,4897
bulb,n.,4901
spine,n.,4904
cargo,n.,4905
narrator,n.,4907
fog,n./v.,4913
boring,adj.,4915
marine,n./adj.,4916
epidemic,n./adj.,4919
trim,n./adj./v.,4920
fatal,adj.,4921
warehouse,n./v.,4922
butterfly,n.,4923
inherent,adj.,4924
accelerate,v.,4925
bronze,n./adj.,4926
nationwide,adj.,4929
vacuum,n./adj./v.,4930
creek,n.,4931
dictate,v./n.,4933
stereotype,n./v.,4936
manual,n./adj.,4937
plaintiff,n.,4939
laundry,n.,4940
naval,adj.,4941
apology,n.,4944
bore,n./v.,4946
entertain,v.,4949
retrieve,v./n.,4952
tribute,n.,4953
bizarre,adj.,4957
nominate,v.,4958
devise,v./n.,4960
skeptical,adj.,4963
scrutiny,n.,4964
suppress,v.,4965
brass,n./adj./v.,4968
extract,n./v.,4971
intensive,adj./n.,4973
betray,v.,4974
consistency,n.,4975
interactive,adj.,4977
critique,n.,4982
aboard,adv./prep.,4984
delicious,adj.,4985
compassion,n.,4986
reproduce,v.,4987
beneficial,adj.,4991
awkward,adj.,4992
worm,n./v.,4993
complication,n.,4995
legendary,adj.,4997
authentic,adj.,5000
concession,n.,5001
restoration,n.,5002
rejection,n.,5003
inadequate,adj.,5006
subsequently,adv.,5011
merger,n.,5012
faithful,adj./n.,5013
haunt,n./v.,5014
crude,adj./n.,5015
evoke,v.,5018
vein,n./v.,5023
surrender,v./n.,5024
scar,n./v.,5026
variance,n.,5027
surge,n./v.,5029
inspect,v.,5031
commentary,n.,5032
compensate,v.,5037
hover,v./n.,5041
fossil,n./adj.,5043
stunning,adj.,5045
inappropriate,adj.,5047
cowboy,n.,5048
viable,adj.,5049
clarify,v.,5050
sketch,n./v.,5051
countless,adj.,5052
copper,n.,5053
chat,n./v.,5055
pupil,n.,5057
strive,v.,5062
neglect,n./v.,5063
ward,n./v.,5065
warfare,n.,5066
bang,n./v./adv.,5069
tilt,n./v.,5070
medieval,adj.,5073
biologist,n.,5075
monetary,adj.,5077
antibiotic,n./adj.,5080
prosperity,n.,5082
accumulate,v.,5083
prosecute,v.,5089
intervene,v.,5091
embody,v.,5093
dull,adj./v.,5094
raid,n./v.,5096
fake,n./adj./v.,5098
creep,n./v.,5099
crab,n./v.,5100
worthy,n./adj.,5102
hydrogen,n.,5103
vinegar,n./v.,5106
remedy,n./v.,5111
inability,n.,5112
smash,n./adj./v./adv.,5113
fancy,n./adj./v.,5118
mandatory,adj.,5119
dive,n./v.,5121
shiny,adj.,5128
memo,n.,5129
stun,v./n.,5131
devoted,adj.,5132
mature,adj./v.,5133
manufacture,n./v.,5134
affection,n.,5137
stamp,n./v.,5139
philosopher,n.,5141
clutch,n./v.,5145
breakdown,n.,5147
conceal,v.,5148
healing,adj.,5157
remarkably,adv.,5158
literacy,n.,5159
destiny,n.,5162
solo,n./adj./v.,5164
leak,n./v.,5165
trillion,n.,5167
expenditure,n.,5170
homicide,n.,5171
herd,n./v.,5174
passionate,adj.,5175
probe,n./v.,5178
atom,n.,5184
migrant,n.,5190
competence,n.,5191
supplement,n./v.,5192
distress,n./v./adj.,5194
adaptation,n.,5196
imagery,n.,5197
pledge,n./v.,5198
infect,v.,5200
backward,adv./adj.,5204
appetite,n.,5205
hierarchy,n.,5206
reconstruction,n.,5208
sympathetic,adj./n.,5209
hostility,n.,5211
temporarily,adv.,5213
spectator,n.,5215
comet,n.,5217
bleed,v.,5218
choke,v./n.,5223
ensemble,n.,5224
pesticide,n.,5225
delegate,n./v.,5227
preservation,n.,5229
rotation,n.,5230
cautious,adj.,5231
tremble,n./v.,5233
affordable,,5234
prejudice,n./v.,5235
designate,v./adj.,5240
cult,n.,5245
hatred,n.,5252
diameter,n.,5253
enlist,v.,5254
acute,adj.,5255
predecessor,n.,5256
induce,v.,5257
juvenile,n./adj.,5261
notably,adv.,5265
correlate,n./v.,5266
halt,n./v.,5267
persistent,adj.,5269
humanitarian,n./adj.,5270
exile,n./v.,5273
chorus,n./v.,5274
roar,n./v.,5275
architectural,adj.,5276
comic,n./adj.,5277
revive,v.,5278
fountain,n.,5279
sour,adj./v./n.,5281
endangered,adj.,5283
reside,v.,5284
caution,n./v.,5286
originate,v.,5287
lure,n./v.,5288
compile,v.,5289
erupt,v.,5291
loom,n./v.,5292
notable,n./adj.,5293
fortunate,adj.,5300
rap,n./v.,5303
forge,n./v.,5304
disrupt,adj./v.,5307
specialized,adj.,5310
odor,n.,5311
slim,adj./v.,5312
desirable,adj.,5313
alert,adj./n./v.,5318
allege,v.,5319
avenue,n.,5320
attain,v.,5323
dinosaur,n.,5326
excite,v.,5328
urgent,adj.,5330
banner,n./adj.,5333
confine,v./n.,5337
underground,n./adj./adv.,5341
outbreak,n.,5343
strand,n./v.,5344
freshly,adv.,5346
orchestra,n.,5347
grim,adj.,5348
bead,n./v.,5351
drought,n.,5353
uphold,v.,5354
commentator,n.,5355
hazardous,adj.,5358
confirmation,n.,5360
believer,n.,5362
merge,v.,5365
shaft,n./v.,5366
theft,n.,5367
convenient,adj.,5368
grind,n./v.,5372
prescribe,v.,5375
lone,adj.,5377
graphic,adj.,5381
subway,n./v.,5383
circulation,n.,5384
transplant,v./n.,5386
explosive,n./adj.,5387
illuminate,v.,5388
venue,n.,5389
congressman,n.,5390
penetrate,v.,5392
evolutionary,adj.,5393
canal,n./v.,5394
parameter,n.,5398
flaw,n.,5399
posture,n./v.,5406
systematic,adj.,5408
reassure,v.,5411
invoke,v.,5414
correspond,v.,5415
discard,v./n.,5416
revival,n.,5417
tub,n./v.,5418
restraint,n.,5419
prospective,adj.,5420
tin,n./v./adj.,5424
abundance,n.,5425
duration,n.,5426
proposition,n./v.,5428
attendant,n./adj.,5430
geographic,adj.,5436
atomic,adj.,5438
portable,adj.,5441
verse,n./v.,5446
moisture,n.,5447
ironic,adj.,5450
rattle,v./n.,5452
shatter,n./v.,5453
descent,n.,5454
startle,n./v.,5455
gorgeous,adj.,5457
tease,n./v.,5458
gospel,n.,5461
separately,adv.,5463
semester,n.,5465
precision,n./adj.,5466
rigid,adj.,5469
tumble,n./v.,5472
rotate,adj./v.,5483
recount,v./n.,5484
spotlight,n.,5487
magnificent,adj.,5493
scrape,n./v.,5494
contrary,adj./n./adv.,5495
superintendent,n.,5496
optical,adj.,5497
prey,n./v.,5502
audit,n./v.,5503
bump,n./v.,5504
peculiar,adj./n.,5505
continually,adv.,5510
applicant,n.,5512
absent,adj./v.,5516
modem,n.,5518
conceptual,adj.,5522
renew,v.,5526
nurture,n./v.,5533
vivid,adj.,5539
frightening,adj.,5540
keyboard,n.,5541
poison,n./v.,5542
tenant,n./v.,5543
furious,adj.,5544
undoubtedly,adv.,5545
rocky,adj.,5549
omit,v.,5550
spider,n.,5555
obsession,n.,5558
corpse,n.,5559
damp,n./adj./v.,5562
nutrition,n.,5563
melody,n.,5565
electron,n.,5566
distinguished,adj.,5567
physicist,n.,5568
wool,n.,5569
utterly,adv.,5570
cultivate,v.,5574
luxury,n./adj.,5575
realization,n.,5579
disposal,n.,5580
defy,v./n.,5583
magical,adj.,5584
tempt,v.,5592
scrap,n./v./adj.,5594
declaration,n.,5595
inject,v.,5597
axis,n.,5598
suitcase,n.,5600
evenly,adv.,5601
dual,adj./n.,5602
supervise,v.,5603
precede,v.,5604
triangle,n.,5605
shield,n./v.,5606
aspiration,n.,5607
financing,n.,5608
inclined,adj.,5609
substitute,n./v./adj.,5613
supervision,n.,5614
calcium,n.,5615
textile,n./adj.,5621
precedent,n./adj.,5624
eternal,adj.,5626
indictment,n.,5627
collision,n.,5633
verify,v.,5634
encompass,v.,5635
clan,n.,5636
diplomacy,n.,5638
faction,n.,5641
immense,adj.,5645
instrumental,adj.,5653
useless,adj.,5657
reproduction,n.,5658
crust,n./v.,5659
gasp,n./v.,5660
millennium,n.,5666
unconscious,adj.,5668
intimacy,n.,5670
divert,v.,5673
thoughtful,adj.,5674
vine,n./v.,5675
shocked,adj.,5677
methodology,n.,5679
passive,adj.,5680
outrage,n./v.,5684
monopoly,n.,5686
attachment,n.,5689
summon,v.,5691
optional,adj.,5692
dangle,v./n.,5695
breed,n./v.,5698
haven,n./v.,5699
mobility,n.,5701
jerk,n./v.,5703
competing,adj.,5706
weep,n./v.,5709
dioxide,n.,5712
affirm,v.,5714
span,n./v.,5718
emergence,n.,5719
linger,v.,5721
applaud,v.,5722
stabilize,v.,5723
cube,n.,5725
harbor,n./v.,5726
underneath,adv./prep.,5730
dim,adj./v.,5733
plantation,n.,5736
predictable,adj.,5738
sunset,n.,5739
presume,v.,5740
excess,n./adj.,5741
proponent,n.,5744
constituent,n./adj.,5746
antique,n./adj.,5748
dairy,n.,5750
sweeping,n./adj.,5752
wit,n.,5755
intersection,n.,5760
reconciliation,n.,5765
miserable,adj.,5769
lively,adj.,5775
erase,v.,5776
terminal,n./adj.,5777
irrelevant,adj.,5782
foolish,adj.,5783
armor,n./v.,5785
ignorance,n.,5789
amateur,n.,5795
cellular,adj.,5796
competent,adj.,5797
primitive,n./adj.,5798
balcony,n.,5799
linear,adj.,5802
recycle,v./n.,5806
harmful,adj.,5809
coincidence,n.,5812
dependence,n.,5814
tuition,n.,5817
destructive,adj.,5818
repetition,n.,5821
niche,n./v.,5822
terrify,v.,5828
revise,n./v.,5829
bark,n./v.,5831
fascinate,v.,5834
stab,n./v.,5835
parallel,n./adj./v.,5840
underscore,v./n.,5841
formulate,v.,5843
prop,n./v.,5845
microwave,n.,5846
incidence,n.,5847
specimen,n.,5851
thorough,adj.,5852
obscure,adj./v.,5853
wan,adj./v.,5854
spectacle,n.,5857
outlook,n.,5863
reproductive,adj.,5864
recreation,n.,5867
spatial,adj.,5869
sniff,n./v.,5870
cone,n./v.,5878
locally,adv.,5879
stroll,n./v.,5880
nitrogen,n.,5881
integral,n./adj.,5882
respective,adj.,5883
transparent,adj.,5884
circulate,v.,5888
forecast,n./v.,5890
classification,n.,5891
endeavor,n./v.,5892
intriguing,adj.,5894
absurd,adj./n.,5901
thrust,n./v.,5904
reservoir,n./v.,5907
strap,n./v.,5909
conductor,n.,5912
analogy,n.,5913
inhabitant,n.,5914
intensify,v.,5921
arc,n.,5923
sway,n./v.,5924
upgrade,n./adv./v.,5927
postwar,adj.,5928
erosion,n.,5930
recreational,adj.,5934
flush,n./adj./adv./v.,5935
educated,adj.,5938
predominantly,adv.,5942
mighty,n./adj./adv.,5943
idiot,n.,5944
courthouse,n.,5945
defect,n.,5946
accountant,n.,5949
valve,n./v.,5952
slash,v./n.,5955
petition,n./v.,5959
correspondence,n.,5961
artery,n.,5962
static,n./adj.,5963
curator,n.,5964
nonsense,n.,5969
humble,adj./v.,5970
thesis,n.,5974
cosmic,adj.,5978
qualified,adj.,5981
ponder,v.,5982
complicate,v.,5983
sanctuary,n.,5985
denounce,v.,5987
revision,n.,5994
warrant,n./v.,5999
horizontal,n./adj.,6000
exceptional,adj.,6002
wary,adj.,6004
bundle,n./v.,6005
saturated,adj.,6006
embed,v.,6007
linen,n./adj.,6009
ozone,n.,6010
gallon,n.,6013
memorable,adj.,6013
drip,n./v.,6019
shocking,adj.,6021
elevate,v.,6022
loosen,v.,6023
lottery,n.,6027
chore,n.,6028
fringe,n./v./adj.,6029
lengthy,adj.,6031
lease,n./v.,6035
coral,n.,6040
appliance,n.,6043
gauge,n./v.,6046
census,n./v.,6047
corps,n.,6050
inhabit,v.,6052
injustice,n.,6053
quota,n.,6055
stride,n./v.,6056
excerpt,n./v.,6058
soy,n.,6060
miniature,n./adj.,6061
oversight,n.,6063
ripe,adj.,6068
coordination,n.,6072
jewel,n./v.,6074
accord,n./v.,6075
slogan,n.,6076
outrageous,adj.,6077
perch,n./v.,6081
mold,n./v.,6087
misery,n.,6088
nickname,n./v.,6090
addict,v./n.,6091
ramp,n./v.,6097
relaxed,adj.,6104
hail,n./v./int.,6105
garment,n.,6112
activate,v.,6113
exert,v.,6115
arctic,adj./n.,6116
boulder,n.,6122
fracture,n./v.,6123
quilt,n./v.,6124
sensible,adj.,6126
pyramid,n./v.,6129
bachelor,n.,6130
tract,n.,6133
convincing,adj.,6135
decoration,n.,6136
descendant,n./adj.,6138
lump,n./v.,6139
mammal,n.,6146
multiply,v.,6148
pumpkin,n.,6149
imitate,v.,6150
configuration,n.,6153
notorious,adj.,6155
lethal,adj./n.,6159
entail,v./n.,6162
credential,n.,6165
smoothly,adv.,6168
ham,n./adj./v.,6170
livestock,n.,6173
basin,n.,6174
roam,v./n.,6175
heir,n.,6177
foam,n./v.,6178
asteroid,n./adj.,6181
abandoned,adj.,6184
bald,adj./v.,6185
anticipation,n.,6188
frustrating,adj.,6190
glorious,adj.,6191
crisp,adj./v./n.,6194
overturn,n./v.,6200
deprive,v.,6202
compact,adj./v.,6203
transcript,n.,6204
standpoint,n.,6206
empower,v.,6207
flourish,v./n.,6209
tug,n./v.,6210
lobster,n.,6212
solidarity,n.,6213
discharge,v./n.,6214
saddle,n./v.,6217
lasting,adj./n.,6220
occurrence,n.,6221
partisan,n./adj.,6222
abundant,adj.,6223
prone,adj.,6224
formidable,adj.,6229
hammer,n./v.,6231
exclusion,n.,6233
burial,n.,6234
vigorous,adj.,6236
questionable,adj.,6242
surplus,n./adj.,6243
poise,n./v.,6244
marital,adj.,6246
homemade,adj.,6251
sandy,adj.,6261
tense,adj./v./n.,6263
disturbance,n.,6265
comparative,adj./n.,6267
leisure,n./adj.,6269
prototype,n.,6270
vegetation,n.,6271
emit,v.,6273
acquaintance,n.,6274
contempt,n.,6277
seasonal,adj.,6279
efficacy,n.,6281
ample,adj.,6289
disadvantage,n.,6291
stripe,n.,6292
potent,adj.,6295
foremost,adj./adv.,6296
exclaim,v.,6297
dentist,n.,6301
crossing,n.,6302
den,n.,6303
oyster,n.,6305
adverse,adj.,6307
conditioning,n.,6309
scholarly,adj.,6310
exaggerate,v.,6312
volcano,n.,6321
jealous,adj.,6322
molecular,adj.,6323
arch,n./v./adj.,6326
pasture,n./v.,6330
rebellion,n.,6331
chuckle,n./v.,6334
swamp,n./v.,6335
standardized,adj.,6340
deliberate,adj./v.,6343
fictional,adj.,6344
bait,n./v.,6346
reef,n./v.,6352
oath,n.,6353
erect,adj./v.,6356
deficiency,n.,6360
dietary,adj./n.,6366
fertilizer,n.,6367
altitude,n.,6370
glare,n./v.,6371
flashlight,n.,6373
urgency,n.,6376
handy,adj.,6380
oddly,adv.,6383
varied,adj.,6384
differentiate,v.,6387
collaborate,v.,6388
remnant,n./adj.,6394
communal,adj.,6398
unemployed,adj.,6402
cuisine,n.,6403
expanding,,6406
interference,n.,6409
underestimate,n./v.,6410
spoil,n./v.,6411
devastate,v.,6414
clause,n.,6415
navigate,v.,6416
committed,adj.,6417
robust,adj.,6419
ecology,n.,6425
accessory,n./adj.,6429
resent,v.,6430
terrace,n./adj./v.,6431
continuity,n.,6432
temper,n./v.,6436
blossom,n./v.,6437
obsessed,adj.,6440
spacecraft,n.,6442
prestigious,adj.,6451
discomfort,n.,6452
backpack,n.,6456
spur,n./v.,6458
trench,n./v.,6459
devotion,n.,6466
astronomy,n.,6469
insane,adj.,6471
skeleton,n./adj.,6474
spawn,n./v.,6476
sew,v.,6478
inflict,v.,6479
profoundly,adv.,6485
turtle,n.,6490
ferry,n.,6492
sticky,adj.,6495
thereafter,adv.,6497
conflicting,adj.,6498
clergy,n.,6499
astonishing,adj.,6500
renewal,n.,6501
turmoil,n.,6502
migrate,v.,6504
perfection,n.,6505
keen,adj./n./v.,6508
sustained,adj.,6509
rite,n.,6510
offspring,n.,6511
imaginary,adj.,6513
orient,n./adj./v.,6514
adhere,v.,6516
amenity,n.,6516
radically,adv.,6520
pillar,n.,6521
contamination,n.,6525
appropriation,n.,6526
carriage,n.,6534
moist,adj.,6541
relevance,n.,6543
postpone,v.,6545
motif,n.,6546
contention,n.,6547
tractor,n.,6548
beneficiary,n./adj.,6549
helpless,adj.,6550
ballet,n.,6552
velocity,n.,6557
pathway,n.,6559
reconcile,v.,6560
hub,n.,6564
noisy,adj.,6565
opposing,adj.,6566
insult,n./v.,6568
usher,n./v.,6570
misleading,adj.,6573
fury,n.,6574
spontaneous,adj.,6576
slender,adj.,6578
proliferation,n.,6579
bloom,n./v.,6582
perimeter,n.,6584
brochure,n.,6585
proximity,n.,6588
lettuce,n.,6589
manifestation,n.,6590
brace,n./v.,6591
perfume,n./v.,6592
colonel,n.,6593
matching,adj.,6593
symbolize,v.,6594
flock,n./v.,6596
rivalry,n.,6597
sermon,n.,6599
refine,v.,6600
volatile,adj./n.,6603
oval,n./adj.,6604
rigorous,adj.,6606
hurdle,n./v.,6611
canoe,n./v.,6612
sturdy,adj.,6613
broaden,v.,6614
definitive,n./adj.,6616
propel,v.,6618
voyage,n./v.,6619
replicate,v./n./adj.,6621
distort,v.,6622
scoop,n./v.,6624
swift,n./adj./adv.,6627
advancement,n.,6629
undo,v.,6632
stalk,n./v.,6634
intimidate,v.,6635
plague,n./v.,6638
lace,n./v.,6642
deter,v.,6645
expire,v.,6647
catastrophe,n.,6648
adjacent,adj.,6649
messy,adj.,6651
unpredictable,adj.,6653
embryo,n.,6655
coincide,v.,6656
decorative,adj.,6658
stark,adj./adv.,6659
lucrative,adj.,6660
transcend,v.,6661
resistant,n./adj.,6664
escort,n./v.,6668
stall,n./v.,6674
elicit,v.,6680
fascination,n.,6681
pact,n.,6682
contender,n.,6684
oblige,v.,6685
bust,n./v.,6688
signify,v.,6690
prestige,n.,6691
bolster,n./v.,6692
elevation,n.,6693
linguistic,adj.,6695
splash,n./v.,6696
vibrant,adj.,6697
sensibility,n.,6698
backdrop,n.,6700
reformer,n.,6701
stain,n./v.,6708
imminent,adj.,6712
foil,n./v.,6713
unveil,v.,6721
clap,n./v.,6723
animated,adj.,6729
enduring,adj.,6731
curb,n./v.,6733
implicit,adj.,6734
anthropology,n.,6736
conquer,v.,6737
crouch,n./v.,6738
therapeutic,adj.,6743
genetically,adv.,6747
circular,adj.,6749
vacant,adj.,6751
complement,n./v.,6760
weary,adj./v.,6761
allocate,v.,6763
millionaire,n.,6769
scarce,adj.,6771
charitable,adj.,6772
siege,n./v.,6774
paradox,n.,6775
prevailing,adj.,6777
barbecue,n./v.,6778
pervasive,adj.,6779
definite,adj.,6780
discriminate,v.,6782
nowadays,n./adv.,6788
displace,v.,6789
marsh,n./adj.,6794
polar,adj./n.,6795
solitary,n./adj.,6798
documentation,n.,6799
slump,n./v.,6804
remainder,n./v./adj.,6805
pending,adj./prep.,6809
void,n./adj.,6815
granite,n.,6819
erode,v.,6821
synthetic,n./adj.,6824
restrain,v.,6825
syrup,n.,6827
qualification,n.,6828
beverage,n.,6831
mimic,adj./n./v.,6833
pierce,v.,6839
hybrid,n./adj.,6840
pest,n.,6842
lodge,n./v.,6843
prairie,n.,6846
commuter,n.,6849
dwarf,n./v.,6855
surpass,v.,6859
gossip,n./v.,6861
contradict,v.,6863
muscular,adj.,6864
commute,v.,6867
temporal,adj./n.,6868
bilateral,adj.,6869
pluck,n./v.,6870
lunar,adj.,6871
utter,adj./v.,6873
intermediate,n./adj./v.,6876
demise,n./v.,6878
enrich,v.,6879
submarine,n./adj./v.,6881
overwhelmingly,adv.,6882
premature,adj./n.,6883
crater,n.,6886
exploitation,n.,6888
ditch,n./v.,6890
cushion,n./v.,6893
wrestling,n.,6894
comprehend,v.,6899
dispose,v.,6900
squirrel,n./v.,6904
destine,v.,6906
superb,adj.,6911
responsive,adj.,6912
loosely,adv.,6916
evacuate,v.,6917
hardship,n.,6922
squash,n./v.,6923
postcard,n.,6924
affiliate,v.,6929
gulf,n./v.,6929
elusive,adj.,6930
dodge,v./n.,6931
claw,n./v.,6934
marvelous,adj.,6935
mercury,n.,6937
skepticism,n.,6937
laborer,n.,6939
immunity,n.,6941
reliance,n.,6942
planetary,adj.,6943
nucleus,n.,6944
cater,v.,6945
tornado,n.,6951
camel,n.,6953
conform,v.,6957
bud,n./v.,6961
shipment,n.,6962
admiration,n.,6964
accompanying,adj.,6968
withstand,v.,6972
irrigation,n.,6974
expel,v.,6975
extinction,n.,6977
scarcely,adv.,6981
lumber,n./v.,6984
prevalent,adj.,6987
benign,adj.,6988
archaeological,adj.,6992
kidnap,v.,6993
rugged,adj.,6996
apt,adj.,6999
earnest,n./adj.,7000
optimal,adj.,7002
coherent,adj.,7004
simplicity,n.,7007
staple,n./adj./v.,7008
confidential,adj.,7010
autobiography,n.,7011
compatible,adj.,7017
rinse,n./v.,7024
interpersonal,adj.,7026
staircase,n.,7028
susceptible,adj.,7030
sunglasses,n.,7032
appealing,adj.,7033
relentless,adj.,7035
fixture,n.,7036
crumble,v.,7038
canopy,n./v.,7041
merchandise,n./v.,7045
maternal,adj.,7048
cynical,adj.,7052
blunt,adj.,7053
excel,v.,7055
fungus,n.,7056
accidentally,adv.,7057
gratitude,n.,7058
astronomical,adj.,7059
hue,n.,7062
enzyme,n.,7064
intercept,n./v.,7069
postal,adj.,7070
ambiguous,adj.,7071
cylinder,n.,7075
membrane,n.,7078
preceding,adj.,7079
pave,v.,7086
precaution,n./v.,7088
glide,n./v.,7090
infectious,adj.,7091
onset,n.,7094
plaza,n.,7095
unstable,adj.,7097
invariably,adv.,7099
pottery,n.,7100
awe,n./v.,7103
myriad,n./adj.,7106
scout,n./v.,7109
insufficient,adj.,7113
exemption,n.,7116
stew,n./v.,7118
plausible,adj.,7125
energetic,adj.,7129
airborne,adj.,7134
harass,v.,7135
ethic,n.,7137
embarrass,v.,7138
substantive,adj./n.,7140
endanger,v.,7141
confer,v.,7144
paralyze,v.,7146
thermal,adj./n.,7148
arouse,v.,7151
shrub,n.,7153
consolidate,v.,7157
unload,v.,7160
dental,adj.,7161
affluent,adj./n.,7167
cozy,adj./n./v.,7168
realism,n.,7175
tangible,n./adj.,7176
feat,n./adj.,7177
militant,adj.,7179
dwell,v.,7180
lurk,n./v.,7183
hay,n./v.,7184
spinach,n.,7185
terminate,adj./v.,7189
huddle,n./v.,7190
constellation,n.,7195
maneuver,n./v.,7199
wreck,n./v.,7201
smack,n./v./adv.,7202
renowned,adj.,7209
disposition,n.,7219
provocative,adj./n.,7222
batter,v./n.,7225
dart,n./v.,7226
wax,n./v.,7228
allegiance,n.,7232
graceful,adj.,7236
wholesale,n./adj./adv./v.,7240
disastrous,adj.,7241
fusion,n.,7242
subsidize,v.,7246
fingertip,n.,7248
shovel,n./v.,7249
chapel,n.,7252
intricate,adj.,7255
orchard,n.,7259
auditor,n.,7264
renovation,n.,7265
mural,adj./n.,7266
glue,n./v.,7268
chord,n.,7270
visibility,n.,7273
frenzy,n.,7279
shining,adj.,7281
baggage,n.,7286
veto,n./v.,7289
eventual,adj.,7292
bleak,adj.,7297
veil,n./v.,7300
renewable,adj.,7302
insistence,n.,7306
deposition,n.,7312
sunrise,n.,7313
diagram,n.,7324
reconstruct,v.,7327
elimination,n.,7330
hurl,n./v.,7332
furnish,v.,7335
friction,n.,7336
knowledgeable,adj.,7342
prosperous,adj.,7343
foliage,n.,7345
pollutant,n.,7350
tariff,n./v.,7354
ignorant,adj.,7357
dispatch,v./n.,7363
hatch,n./v.,7365
mediate,adj./v.,7370
amend,v.,7371
imitation,n.,7375
raft,n./v.,7376
arthritis,n.,7377
shifting,,7378
cram,v./n.,7380
nutritional,adj.,7381
cathedral,n.,7382
spike,n./v.,7383
sideways,adv./adj.,7384
palette,n.,7385
selfish,adj.,7386
lament,n./v.,7387
ignite,v.,7393
alternate,adj./v.,7396
bully,n./v./adj./adv.,7398
arsenal,n.,7399
contaminate,v.,7402
inhibit,v.,7404
startling,adj.,7406
alumnus,n.,7409
plight,n./v.,7410
chaotic,adj.,7411
hollow,n./adj./v.,7413
default,n./v.,7415
sickness,n.,7417
vibration,n.,7418
disperse,v./adj.,7421
sober,adj./v.,7423
corresponding,adj.,7426
rainbow,n./adj.,7427
contradictory,adj./n.,7435
glowing,adj.,7437
impair,v.,7440
frantic,adj.,7445
charcoal,n.,7448
intrinsic,adj.,7449
starve,v.,7450
impatient,adj.,7451
reclaim,v.,7452
sewer,n./v.,7453
cautiously,adv.,7457
fertile,adj.,7458
wield,v.,7460
slab,n./v.,7461
daunting,adj.,7463
disgust,n./v.,7464
prose,n./v./adj.,7468
doom,n./v.,7469
rancher,n.,7473
layout,n.,7478
respiratory,adj.,7481
hamburger,n.,7483
accidental,adj./n.,7485
upright,adj.,7488
abolish,v.,7490
persistence,n.,7491
liberate,v.,7492
feminism,n.,7497
fort,n./v.,7497
autonomous,adj.,7499
librarian,n.,7502
inferior,adj./n.,7505
morale,n.,7507
diversion,n.,7508
distortion,n.,7511
announcer,n.,7512
subsidiary,n./adj.,7513
validate,v.,7516
dime,n.,7518
graze,n./v.,7524
reel,n./v.,7527
alleviate,v.,7531
protagonist,n.,7533
mock,n./adj./adv./v.,7541
escalate,v.,7542
discretion,n.,7544
arbitrary,adj.,7545
scrub,n./v./adj.,7546
foe,n.,7547
stubborn,adj.,7548
rubble,n.,7549
polished,adj.,7552
resemblance,n.,7553
avert,v.,7555
cavity,n.,7556
conjunction,n.,7557
detain,v.,7558
outdoors,n./adv.,7559
troubling,n.,7561
crave,v.,7562
novice,n.,7564
compliment,n./v.,7568
progression,n.,7571
residue,n.,7576
runoff,n.,7580
accustom,v.,7584
deteriorate,v.,7587
collide,v.,7588
reap,v.,7589
feasible,adj.,7591
arrogant,adj.,7597
dubious,adj.,7599
facade,n.,7600
underlie,v.,7604
playwright,n.,7605
vent,n./v.,7608
eclipse,n./v.,7609
foresee,v.,7614
harmless,adj.,7615
peril,n./v.,7617
bruise,n./v.,7621
wade,v./n.,7622
poultry,n.,7625
reign,v./n.,7626
patriotic,adj.,7633
genetics,n.,7640
perpetuate,v.,7642
fashionable,adj.,7651
packaging,n.,7654
parliamentary,adj.,7657
inheritance,n.,7658
furnishing,n.,7661
infamous,adj.,7661
quantitative,adj.,7662
brink,n.,7663
paycheck,n.,7665
symphony,n.,7665
cellar,n.,7671
breakup,n.,7673
recede,v.,7675
abound,v.,7676
roast,n./adj./v.,7679
plummet,n./v.,7681
lust,n./v.,7684
masterpiece,n.,7685
culminate,v.,7686
maze,n./v.,7688
pronounced,adj.,7691
drainage,n.,7695
implicate,v./n.,7696
refined,adj.,7700
ordeal,n.,7701
periodic,adj.,7702
adore,v.,7705
slippery,adj.,7707
splendid,adj.,7708
discern,v.,7711
foul,adj./v./adv./n.,7712
solicit,v.,7716
tentative,n./adj.,7722
outing,n./adj.,7723
stagger,n./v./adj.,7724
conjure,v.,7727
informed,adj.,7733
ornament,n./v.,7737
observatory,n.,7738
uprising,n.,7738
endurance,n.,7739
constrain,v.,7740
pinch,n./v.,7741
orderly,adj./n./adv.,7744
intentionally,adv.,7745
pants,n.,7747
nationality,n.,7751
sunshine,n.,7752
flake,n./v.,7753
culinary,adj.,7754
appraisal,n.,7757
saga,n.,7760
explorer,n.,7763
degradation,n.,7764
offshore,adj./adv.,7765
cubic,adj.,7772
exemplify,v.,7776
autopsy,n.,7782
gigantic,adj.,7783
repertoire,n.,7784
scrutinize,v.,7785
rehearse,v.,7786
shuffle,n./v.,7789
psyche,n.,7791
residual,adj./n.,7792
lizard,n.,7802
marvel,n./v.,7805
tailor,n./v.,7806
gem,n./v.,7808
brighten,v.,7814
convene,v.,7816
wrinkle,n./v.,7819
compute,v./n.,7824
comprehension,n.,7826
aspire,v.,7829
specification,n.,7835
walnut,n.,7840
bluff,n./adj./v.,7842
nickel,n./v.,7847
geometry,n.,7851
breach,n./v.,7862
squat,n./adj./v.,7870
glacier,n.,7875
sediment,n.,7879
recollection,n.,7880
akin,adj.,7884
evaporate,v.,7887
succumb,v.,7888
simulate,v.,7892
stature,n.,7893
intrigue,n./v.,7897
alignment,n.,7898
woods,n.,7899
stellar,adj.,7902
coarse,adj.,7903
celebrated,adj.,7905
regimen,n.,7909
proceeds,n.,7911
catalyst,n.,7915
contour,n./v./adj.,7917
ordinance,n.,7919
grease,n./v.,7921
aviation,n.,7923
imaginative,adj.,7925
confide,v.,7928
fasten,v.,7930
decay,n./v.,7931
resonance,n.,7935
conserve,n./v.,7938
casting,n.,7940
portrayal,n.,7945
durable,adj.,7949
industrialized,adj.,7950
compass,n./v.,7958
novelty,n.,7961
outset,n.,7964
pastel,n./adj.,7966
irresponsible,adj.,7972
stimulation,n.,7974
neon,n.,7977
institute,n./v.,7980
sprout,n./v.,7981
spinal,adj.,7983
categorize,v.,7985
pigeon,n.,7986
functioning,n.,7989
heighten,v.,7990
gland,n.,7991
latitude,n.,7992
expressive,adj.,7994
equate,v.,7997
yearn,v.,7999
bound,n./adj./v.,8004
ceramics,n.,8006
adorn,v.,8007
unify,v.,8008
acceleration,n.,8018
indifference,n.,8021
cardiac,n./adj.,8025
bill,n./v.,8026
spiral,n./adj./v.,8028
distinctly,adv.,8031
sovereign,n./adj.,8038
plow,n./v.,8039
incur,v.,8042
flicker,n./v.,8044
brag,n./v.,8048
delete,v.,8051
plank,n./v.,8053
exhausted,adj.,8054
blaze,n./v.,8056
physiological,adj.,8058
carpenter,n.,8059
glamorous,adj.,8060
relaxation,n.,8062
souvenir,n.,8063
successive,adj.,8065
disciple,n.,8067
consortium,n.,8081
nostalgia,n.,8085
thunder,n./v.,8090
preclude,v.,8092
litter,n./v.,8093
automated,adj.,8095
exquisite,adj.,8096
immerse,v.,8097
petroleum,n.,8098
consciously,adv.,8107
aura,n.,8108
competitiveness,,8110
jealousy,n.,8112
flap,n./v.,8113
submission,n.,8114
drastic,adj.,8118
advent,n.,8129
imbalance,n.,8131
seam,n./v.,8135
alienate,v.,8136
dolphin,n.,8137
sting,n./v.,8139
exhaustion,n.,8142
longing,n./adj.,8143
pinpoint,n./v./adj.,8150
scenery,n.,8152
mince,n./v.,8153
glamour,n./v.,8154
pivotal,adj.,8154
haze,n./v.,8157
anatomy,n.,8160
scenic,adj./n.,8163
solitude,n.,8164
ragged,adj.,8166
sculptor,n.,8171
disconnect,v.,8173
fragrance,n.,8174
converge,v.,8179
trivial,adj.,8180
porcelain,n./adj.,8181
deception,n.,8186
expanse,n.,8187
buzz,n./v.,8191
famine,n.,8193
gourmet,n.,8196
subdivision,n.,8198
nebula,n.,8201
arrogance,n.,8202
aquatic,n./adj.,8203
harden,v.,8207
liaison,n.,8208
cassette,n.,8210
vapor,n./v.,8212
dwelling,n.,8213
carving,n.,8224
frank,adj./v./n.,8225
clamp,n./v.,8228
hinder,adj./v.,8229
pristine,adj.,8232
armored,adj.,8233
navigation,n.,8237
diver,n.,8238
plaster,n./v.,8240
abnormal,adj./n.,8241
creditor,n.,8246
prosper,v.,8251
pianist,n.,8252
adaptive,adj.,8259
plasma,n.,8260
tread,n./v.,8263
stifle,v.,8265
sentimental,adj.,8266
synthesis,n.,8268
inclination,n.,8270
inclusive,adj.,8272
memorize,v.,8276
upscale,adj.,8277
superficial,n./adj.,8281
excursion,n.,8288
annoying,adj.,8290
hallmark,n./v.,8292
vocational,adj.,8293
cucumber,n.,8294
sharpen,v.,8298
crooked,adj.,8300
satisfactory,adj.,8301
asphalt,n./adj./v.,8302
mortar,n./v.,8303
savor,n./v.,8306
impending,adj.,8308
microscope,n.,8309
ledge,n.,8316
overtime,n./adj./adv./v.,8317
occupant,n.,8319
bitterness,n.,8320
lateral,n./adj.,8322
aroma,n.,8323
packed,adj.,8324
relay,n./v.,8326
thwart,adj./v./prep./adv.,8327
dispense,v.,8334
jog,n./v.,8335
plateau,n.,8339
retrospect,n./v.,8344
trot,n./v.,8347
mingle,v.,8350
peripheral,adj.,8353
floral,adj.,8357
reed,n./v.,8359
imperative,n./adj.,8360
compression,n.,8364
indifferent,adj.,8368
humidity,n.,8375
howl,n./v.,8380
rotten,adj.,8385
acting,n./adj.,8387
deceive,v.,8388
relic,n.,8394
jeopardy,n.,8398
vie,v.,8399
crow,n./v.,8402
variability,n.,8403
irregular,n./adj.,8410
anguish,n./v.,8411
decree,n./v.,8412
abstraction,n.,8413
indefinitely,adv.,8418
prominence,n.,8419
temperament,n.,8423
promoter,n.,8429
narcotic,n./adj.,8433
bodily,adj./adv.,8434
multitude,n.,8435
vault,n./v.,8437
chilly,adj.,8438
degrade,v.,8440
vitality,n.,8443
convoy,n./v.,8446
lag,n./adj./v.,8448
lash,n./v.,8455
abide,v.,8457
enclose,v.,8459
accumulation,n.,8460
insulation,n.,8462
fluctuation,n.,8463
irritate,v.,8466
flare,n./v.,8467
tasty,adj.,8471
archaeology,n.,8477
devour,v.,8478
aged,adj.,8479
parasite,n.,8481
sensory,adj.,8489
complementary,adj.,8490
radiate,v./adj.,8496
pry,n./v.,8498
denomination,n.,8503
humane,adj.,8511
boycott,n./v.,8514
skim,v./n./adj.,8515
intuition,n.,8521
accustomed,adj.,8524
reckon,v.,8525
restrictive,adj./n.,8527
eccentric,n./adj.,8531
refrigerate,v.,8533
gracious,adj.,8538
volcanic,adj./n.,8540
continuum,n.,8541
entertainer,n.,8547
diversify,v.,8552
thickness,n.,8553
tempting,adj.,8558
grumble,n./v.,8559
reckless,adj.,8562
drawback,n.,8563
freight,n./v.,8566
dazzling,adj.,8568
glossy,adj.,8572
ape,n.,8577
moth,n.,8580
influx,n.,8583
terrifying,adj.,8585
handicap,n./v.,8589
hemisphere,n.,8591
apprentice,n./v.,8593
absorption,n.,8596
outward,adj./adv.,8599
supernatural,adj.,8600
allude,v.,8601
epic,n./adj.,8602
seduce,v.,8606
amaze,v.,8607
coax,v.,8609
affective,adj.,8614
renovate,v.,8620
mutation,n.,8622
grievance,n.,8625
meteor,n.,8626
eyewitness,n.,8633
pathogen,n.,8637
monarch,n.,8640
pulp,n./v.,8643
spacious,adj.,8653
seep,v./n.,8656
vista,n.,8658
cherish,v.,8660
unravel,v.,8661
eruption,n.,8662
smuggle,v.,8668
commonplace,n./adj.,8669
mislead,v.,8670
ounce,n.,8670
boredom,n.,8671
persuasive,adj.,8672
mint,n./v.,8674
avid,adj.,8676
incidentally,adv.,8677
emanate,v.,8681
contraction,n.,8686
commemorate,v.,8691
mythology,n.,8692
simultaneous,adj.,8695
filthy,adj.,8696
exceptionally,adv.,8698
defer,v.,8699
outweigh,v.,8702
abrupt,adj.,8703
rampant,adj.,8704
antiquity,n.,8706
generalization,n.,8708
moss,n./v.,8708
shred,n./v.,8713
automotive,adj.,8714
veer,v./n.,8715
refreshing,adj.,8722
ailment,n.,8723
intrusion,n.,8731
versatile,adj.,8734
dizzy,adj./v.,8740
rumble,n./v.,8741
juicy,adj.,8742
reiterate,v.,8754
rhythmic,adj.,8756
endlessly,adv.,8760
exterior,n./adj.,8761
illicit,adj.,8764
skeptic,n.,8771
facet,n.,8774
disarm,v.,8775
improvise,v.,8778
slipper,n./v.,8779
preoccupation,n.,8783
assortment,n.,8790
impede,v.,8791
subside,v.,8793
needy,adj.,8796
hypothesize,v.,8799
outspoken,adj.,8801
petal,n.,8803
barren,adj./n.,8809
hinge,n./v.,8810
celestial,adj.,8813
forefront,n.,8815
mundane,adj.,8820
prudent,adj.,8823
unanimous,adj.,8826
tavern,n.,8828
assassin,n.,8830
cedar,n.,8831
etch,v./n.,8832
continuation,n.,8836
popcorn,n.,8839
smear,v./n.,8842
assassinate,v.,8844
intellect,n.,8849
outright,adj./adv.,8853
plumbing,n.,8854
quotation,n.,8858
infuse,v.,8860
trickle,n./v.,8863
inflate,v.,8865
perennial,adj.,8869
overlap,n./v.,8870
longevity,n.,8871
obsolete,adj./n.,8876
bankrupt,n./adj./v.,8878
anomaly,n.,8881
variant,n./adj.,8882
insignificant,adj.,8884
wail,n./v.,8887
arbitration,n.,8897
excavation,n.,8898
scissors,n.,8906
greedy,adj.,8908
salvage,n./v.,8909
shepherd,n./v.,8911
sophistication,n.,8920
anecdote,n.,8925
admittedly,adv.,8927
soybean,n.,8928
frail,adj./n.,8930
helper,n.,8933
trumpet,n./v.,8936
accomplished,adj.,8941
apparel,n./v.,8945
continental,adj./n.,8947
indispensable,n./adj.,8952
congestion,n.,8954
revolt,n./v.,8955
dye,n./v.,8956
sever,v.,8957
pamphlet,n.,8959
buckle,n./v.,8961
ancestral,adj.,8966
factual,adj.,8973
oriental,n./adj.,8982
swarm,n./v.,8983
mitigate,v.,8991
soothe,v.,8996
obstruction,n.,8999
tow,n./v.,9000
blush,v./n.,9003
vantage,n.,9005
alteration,n.,9007
peninsula,n.,9009
puddle,n./v.,9010
shutter,n./v.,9012
symbolism,n.,9014
doubtful,adj.,9015
despise,v.,9016
affected,adj.,9017
dismay,n./v.,9018
outgoing,n./adj.,9020
intruder,n.,9021
jelly,n./v.,9024
emulate,v.,9025
ceremonial,n./adj.,9026
untouched,adj.,9030
lavish,adj./v.,9031
retrospective,adj./n.,9036
milestone,n.,9040
curtail,v.,9041
hamper,n./v.,9044
lineage,n.,9046
vegetarian,n./adj.,9054
fragrant,adj.,9055
banquet,n.,9056
equilibrium,n.,9063
luxurious,adj.,9064
ratify,v.,9065
irresistible,adj.,9066
imposing,adj.,9070
upheaval,n.,9076
seasoning,n.,9078
fluorescent,n./adj.,9083
lava,n.,9085
pineapple,n.,9086
mediator,n.,9087
bouquet,n.,9088
tutor,n./v.,9093
chalk,n./v.,9095
displacement,n.,9099
furnace,n./v.,9102
pigment,n.,9103
stunt,n./v.,9106
eradicate,v.,9110
underwater,adj./adv.,9111
augment,v.,9113
shun,v.,9114
fortress,n./v.,9115
touching,adj.,9116
devastation,n.,9119
larva,n.,9123
insulin,n.,9128
barber,n.,9131
heed,n./v.,9134
avoidance,n.,9140
lurch,n./v.,9145
brisk,adj./v.,9149
cramped,adj.,9151
authoritative,adj.,9152
flea,n.,9159
console,v./n.,9160
tolerant,adj.,9167
solemn,adj.,9168
rainfall,n.,9169
heave,n./v.,9170
concur,v.,9171
disregard,n./v.,9174
glaze,n./v.,9176
proxy,n.,9178
dread,n./adj./v.,9181
livelihood,n.,9184
paddle,n./v.,9187
stringent,adj.,9188
syllable,n./v.,9192
deprivation,n.,9193
limestone,n.,9196
expansive,adj.,9197
energize,v.,9205
prod,n./v.,9206
pollute,v.,9208
clumsy,adj.,9209
coil,n./v.,9217
infer,v.,9219
mourning,n.,9222
instinctively,adv.,9224
scripture,n.,9225
conservatism,n.,9228
overt,adj.,9229
duplicate,n./adj./v.,9237
germ,n.,9241
affinity,n.,9246
redeem,v.,9250
folly,n.,9254
stray,n./adj./v.,9258
replica,n.,9266
elude,v.,9267
contingent,adj./n.,9268
sprawl,v./n.,9269
daring,adj.,9273
overflow,n./v.,9278
dreadful,adj.,9280
elegance,n.,9284
paramount,n./adj.,9287
sponge,n./v.,9290
engender,v.,9295
artisan,n.,9296
towering,adj.,9301
dissertation,n.,9303
terminology,n.,9306
shriek,n./v.,9309
opaque,n./adj.,9310
menace,n./v.,9314
numb,adj./v.,9317
falter,v./n.,9324
amazement,n.,9329
orchid,n.,9332
miraculous,adj.,9336
humiliate,v.,9338
gravitational,adj.,9340
heavenly,adj.,9350
scurry,v./n.,9351
gangster,n.,9353
sterile,adj.,9354
extinct,adj.,9357
cupboard,n.,9358
impetus,n.,9359
plump,adj./v./adv.,9362
gorilla,n.,9367
futile,adj.,9374
cultivation,n.,9376
idol,n.,9381
reshape,v.,9382
conspicuous,adj.,9384
hustle,n./v.,9394
ruthless,adj.,9398
cripple,n./v./adj.,9401
braid,n./v.,9403
waver,n./v.,9407
salient,adj./n.,9408
carcass,n.,9410
radius,n.,9413
banish,v.,9415
magician,n.,9416
candid,adj.,9420
ecstasy,n.,9422
bestow,v.,9425
assimilate,v.,9426
gloom,n./v.,9432
misconception,n.,9434
hoist,n./v.,9437
tangle,n./v.,9440
rearrange,v.,9441
undertaking,n.,9442
hasten,v.,9445
digest,n./v.,9447
prolong,v.,9450
relinquish,v.,9453
commence,v.,9454
apprehension,n.,9457
clog,n./v.,9458
dismal,adj./n.,9459
algae,n.,9463
sloppy,adj.,9466
garnish,n./v.,9470
notch,n./v.,9472
vicinity,n.,9483
humility,n.,9485
pleasing,adj.,9486
anthem,n.,9491
vanity,n.,9493
bulky,adj.,9495
limp,n./adj./v.,9496
motionless,adj.,9497
scour,v./n.,9501
dilute,v./adj.,9506
compress,v.,9510
mortal,n./adj.,9517
ascend,v.,9518
exempt,n./adj./v.,9520
ultraviolet,adj.,9521
twig,n./v.,9522
rectangular,adj.,9527
alligator,n.,9530
wed,v.,9544
evade,v.,9545
sulfur,n./v.,9550
sane,adj.,9556
deity,n.,9560
metabolism,n.,9561
engulf,v.,9563
magnify,v.,9568
ascertain,v.,9571
sinister,adj.,9576
auditorium,n.,9580
microscopic,adj.,9581
plainly,adv.,9585
plentiful,adj.,9587
starvation,n.,9590
deflect,v.,9591
luminous,adj.,9593
shear,n./v.,9594
amplify,v.,9595
lofty,adj.,9596
staggering,adj.,9598
rot,n./v.,9603
fume,n./v.,9606
meager,adj.,9607
warranty,n.,9608
dent,n./v.,9610
pollen,n./v.,9612
rusty,adj.,9614
terrestrial,n./adj.,9615
jug,n./v.,9618
permeate,v.,9622
defiant,adj.,9623
maritime,adj.,9625
acquaint,v.,9630
afflict,v.,9633
tan,n./adj./v.,9634
amass,v.,9638
slum,n./v.,9642
soaring,adj.,9645
traverse,n./v./adj.,9649
thermometer,n.,9651
disdain,n./v.,9653
vigor,n.,9655
precursor,n.,9664
vibrate,v.,9666
impart,v.,9673
parachute,n./v.,9674
treadmill,n.,9677
discontent,n.,9678
speedy,adj.,9690
intimidation,n.,9693
stained,adj.,9695
snag,n./v.,9696
prescribed,adj.,9697
sly,adj.,9698
credentials,n.,9700
conspire,v.,9702
oust,v.,9709
entice,v.,9712
recurring,,9718
deterrent,adj./n.,9721
swelling,n./adj.,9722
squarely,adv.,9723
pioneering,adj.,9727
demolish,v.,9728
ware,n./v./adj.,9728
radiant,adj.,9731
orbital,adj.,9732
backbone,n.,9733
marrow,n.,9735
greasy,adj.,9740
stitch,n./v.,9743
denote,v.,9748
devoid,adj.,9749
receptor,n.,9755
assorted,adj.,9756
stiffen,v.,9758
voltage,n.,9759
grieve,v.,9760
receptive,adj.,9761
harness,n./v.,9768
drizzle,n./v.,9773
dissipate,v.,9775
publicize,v.,9776
incompetent,adj./n.,9777
subordinate,n./adj./v.,9779
quarry,n./v.,9794
bidding,n.,9796
obscene,adj.,9798
combustion,n.,9802
invader,n.,9804
ventilation,n.,9805
turbulent,adj.,9806
inviting,adj.,9809
manure,n./v.,9810
aggravate,v.,9820
insanity,n.,9821
rustic,n./adj.,9825
mantle,n./v.,9827
rigor,n.,9829
flux,n./v.,9830
query,n./v.,9831
gloomy,adj.,9832
troublesome,adj.,9839
annoy,v.,9844
discrete,adj.,9847
geometric,adj.,9848
condemnation,n.,9852
scribble,n./v.,9854
enclosure,n.,9856
imprisonment,n.,9862
indicative,adj.,9866
lagoon,n.,9872
ambivalence,n.,9873
blizzard,n.,9875
humorous,adj.,9877
utilization,n.,9879
sensational,adj.,9888
wrath,n.,9893
pertinent,adj.,9895
nontraditional,adj.,9900
presumption,n.,9906
endow,v.,9907
vocation,n.,9913
rounded,adj.,9917
abandonment,n.,9919
favored,adj.,9922
witty,adj.,9923
stale,n./adj./v.,9924
obedience,n.,9926
equitable,adj.,9927
careless,adj.,9928
fret,n./v.,9929
disseminate,v.,9930
flatter,v.,9933
hamlet,n.,9947
barge,n./v.,9954
envoy,n.,9956
coexist,v.,9957
traitor,n.,9963
unconventional,adj.,9964
markedly,adv.,9965
adherence,n.,9972
traction,n.,9977
rodent,adj./n.,9980
journalistic,adj.,9983
iceberg,n.,9987
parrot,n./v.,9988
deserted,adj.,9992
thump,n./v.,9995
paralysis,n.,9996
acquit,v.,9999
botanical,adj./n.,10006
wane,n./v.,10009
emblem,n./v.,10014
willow,n./adj.,10016
bland,adj.,10017
termination,n.,10020
homage,n.,10023
whim,n.,10044
stationary,adj.,10049
continual,adj.,10050
ridicule,n./v.,10051
rectangle,n.,10058
angular,adj.,10062
revert,v./n.,10064
periphery,n.,10065
patronage,n.,10066
engaging,adj.,10067
comparatively,adv.,10073
zest,n./v.,10079
invaluable,adj.,10081
infusion,n.,10082
translucent,adj.,10086
fitting,adj./n.,10090
coordinated,v.,10096
enthusiastically,adv.,10100
precarious,adj.,10101
mosaic,n./adj./v.,10103
clam,n./v.,10109
breathtaking,adj.,10110
avalanche,n./v.,10113
numerical,adj.,10114
festive,adj.,10117
sluggish,adj.,10122
grope,v./n.,10123
venerable,adj.,10124
microbe,n.,10126
repetitive,adj.,10127
footnote,n.,10131
serene,adj./n.,10132
notation,n.,10133
sanitation,n.,10135
gust,n.,10137
folding,adj.,10138
fluffy,adj.,10139
stern,n./adj.,10140
incompatible,adj.,10142
neutron,n.,10155
fir,n.,10159
excavate,v.,10160
intrude,v.,10162
cider,n.,10172
fidelity,n.,10174
symmetry,n.,10174
innate,adj.,10178
zeal,n.,10184
exemplary,adj.,10187
deplete,v.,10191
proficiency,n.,10195
analogous,adj.,10202
legion,n.,10204
patriarchal,adj.,10205
gait,n./v.,10206
gleam,n./v.,10208
depot,n.,10213
sect,n.,10216
brittle,adj.,10220
adept,adj./n.,10221
foray,v./n.,10224
torque,n.,10225
outdated,adj.,10226
thrift,n.,10231
installment,n.,10234
precipitate,n./v./adj.,10236
subsistence,n.,10237
subtract,v.,10238
nourish,v.,10239
slug,n./v.,10241
auspices,n.,10245
inspiring,adj.,10256
conglomerate,adj./n./v.,10258
rust,n./v.,10260
insulate,v.,10264
disproportionate,adj.,10266
transmitter,n.,10271
ion,n.,10273
anthology,n.,10276
vacancy,n.,10277
imprint,v./n.,10278
audition,n.,10280
receptionist,n.,10281
addictive,adj.,10283
unbearable,adj.,10284
notoriously,adv.,10287
projector,n.,10289
prehistoric,adj.,10293
eloquent,adj.,10294
nicotine,n.,10295
ascent,n.,10299
quaint,adj.,10301
seedling,n.,10303
anecdotal,adj.,10309
tapestry,n./v.,10311
brilliance,n.,10319
scarlet,n./adj.,10320
aquarium,n.,10321
misfortune,n.,10322
reverence,n./v.,10327
balk,n./v.,10330
profess,v.,10336
ore,n.,10340
feud,n./v.,10345
embryonic,adj.,10348
audible,adj.,10350
behaviour,n.,10352
disgrace,n./v.,10352
brilliantly,adv.,10358
fuse,n./v.,10364
fabricate,v.,10365
sow,n./v.,10366
disapproval,n.,10369
collateral,adj./n.,10379
waive,v.,10383
thaw,n./v.,10385
disintegrate,v.,10387
hardy,adj./adv.,10388
obliterate,v.,10389
infiltrate,v./n.,10390
notwithstanding,adv./prep./conj.,10393
extravagant,adj.,10399
predictive,adj.,10404
interrogate,v.,10405
accessibility,n.,10407
detach,v.,10420
brew,n./v.,10422
gymnastics,n.,10424
endowment,n.,10430
mediocre,adj.,10434
sparse,adj.,10437
beacon,n./v.,10441
speck,n./v.,10442
zinc,n./v.,10443
rendition,n.,10446
delta,n.,10451
courtship,n.,10459
yen,n./v.,10461
rift,n./v.,10462
admirable,adj.,10469
encyclopedia,n.,10470
beforehand,adv.,10479
scroll,n./v.,10484
satire,n.,10491
dues,n.,10492
wring,n./v.,10500
tedious,adj.,10501
turbulence,n.,10503
dignified,adj.,10506
caste,n.,10508
neutralize,v.,10512
rebate,n./v.,10514
fleeting,adj.,10517
biographer,n.,10519
delineate,v.,10523
spew,v./n.,10524
reptile,n./adj.,10530
majestic,adj.,10534
confound,v.,10535
cleanse,v.,10540
identifiable,adj.,10546
commend,v.,10548
confiscate,v./adj.,10551
preferable,adj.,10561
amnesty,n.,10562
disgusted,adj.,10566
individualism,n.,10574
neuron,n.,10575
impediment,n.,10593
captivity,n.,10594
electromagnetic,adj.,10597
awkwardly,adv.,10600
guise,n./v.,10606
edible,n./adj.,10611
viral,adj.,10615
disciplined,adj.,10617
thunderstorm,n.,10620
patriot,n.,10621
skyscraper,n.,10626
erratic,n./adj.,10635
refinement,n.,10637
reciprocal,adj./n.,10639
hilarious,adj.,10641
taunt,n./v./adj.,10645
yawn,n./v.,10649
envelop,v./n.,10650
revere,v.,10655
renounce,v./n.,10656
emigrate,v.,10660
lore,n.,10674
gag,n./v.,10677
climax,n./v.,10683
improbable,adj.,10684
unearth,v.,10691
ambivalent,adj.,10693
caliber,n.,10694
confinement,n.,10696
humid,adj.,10699
obstruct,v.,10703
trudge,n./v.,10705
glean,v.,10706
generalize,v.,10707
faucet,n.,10713
worldly,adj.,10714
stash,v./n.,10715
dialect,n.,10722
arid,adj.,10724
kettle,n.,10726
dwindle,v.,10733
transient,n./adj.,10735
patriarch,n.,10741
loot,n./v.,10753
caricature,n./v.,10757
legalize,v.,10758
propulsion,n.,10762
evergreen,n./adj.,10763
attire,n./v.,10764
saucer,n.,10769
synonymous,adj.,10771
derivative,adj./n.,10778
informative,adj.,10780
splendor,n.,10786
viability,n.,10788
cohesion,n.,10791
funnel,n.,10793
abstinence,n.,10794
fanatic,n./adj.,10797
rendering,n.,10799
ancestry,n.,10801
accelerated,adj.,10808
flashy,adj.,10814
dweller,n.,10815
tame,adj./v.,10816
hygiene,n.,10817
nonfiction,n.,10818
bison,n.,10820
physiology,n.,10821
deport,v.,10824
detrimental,adj.,10826
genus,n.,10828
attainment,n.,10837
jolt,n./v.,10838
ardent,adj.,10839
naturalist,n.,10840
centennial,n./adj.,10841
mend,n./v.,10849
demolition,n.,10854
devout,adj.,10858
proprietor,n.,10859
noted,adj.,10860
narration,n.,10868
strife,n.,10875
exaggeration,n.,10878
accentuate,v.,10880
leash,n./v.,10882
auditory,adj.,10885
propensity,n.,10887
adventurous,adj.,10890
breathless,adj.,10896
daisy,n./adj.,10897
refund,n./v.,10901
synthesize,v.,10905
solidify,v.,10906
ascribe,v.,10907
uncanny,adj.,10910
aspiring,adj.,10911
pane,n./v.,10912
feeder,n.,10915
specified,adj.,10916
dampen,v.,10919
smother,v./n.,10923
eject,v.,10924
horde,n./v.,10933
hideous,adj.,10934
infancy,n.,10935
alternately,adv.,10939
intersect,v.,10941
professionalism,n.,10943
treacherous,adj.,10946
dormitory,n.,10947
stipulate,v.,10956
metabolic,adj.,10967
memorandum,n.,10968
overdue,adj.,10973
prolific,adj.,10980
mythical,adj.,10983
defective,adj./n.,10995
shabby,adj.,10996
censor,n./v.,10997
construe,v./n.,11000
overhaul,v./n.,11001
trough,n.,11006
tenderness,n.,11011
throng,n./adj./v.,11014
scoff,n./v.,11015
optimum,n./adj.,11020
sanity,n.,11021
revolutionize,v.,11024
mammoth,n./adj.,11025
fervor,n.,11027
dagger,n./v.,11028
hem,n./v./int.,11030
renaissance,n./adj.,11032
determinant,n./adj.,11034
chiefly,adv.,11035
shrewd,adj.,11036
predatory,adj.,11039
cavern,n./v.,11041
involuntary,adj.,11042
burglar,n.,11050
diffusion,n.,11051
overlapping,,11055
ooze,n./v.,11056
enlightenment,n.,11067
locality,n.,11068
astonished,adj.,11076
prerequisite,adj./n.,11079
shortcut,n.,11087
beak,n.,11092
tenuous,adj.,11093
pedagogical,adj.,11098
strikingly,adv.,11101
refute,v.,11103
spontaneously,adv.,11104
meticulous,adj.,11107
eminent,adj.,11109
garner,n./v.,11116
shingle,n.,11117
sympathize,v.,11121
fraudulent,adj.,11131
onslaught,n.,11133
budge,v./n.,11139
victor,n./adj.,11139
submerge,v.,11140
forage,n./v.,11147
institutionalize,v.,11149
illumination,n.,11150
dated,adj.,11152
saturate,v./adj./n.,11157
thorn,n.,11159
discreet,adj.,11161
pebble,n.,11162
rebellious,adj.,11168
divergent,adj.,11171
throttle,n./v.,11179
methane,n.,11180
allusion,n.,11191
homogeneous,adj.,11195
perjury,n.,11196
repel,v.,11198
condone,v.,11201
ferocious,adj.,11205
rehabilitate,v.,11206
gulp,v./n.,11209
flair,n.,11212
seismic,adj.,11220
inland,adj./n.,11233
frigid,adj.,11238
further,adj./v./adv.,11239
itinerary,n./adj.,11240
nibble,n./v.,11244
economical,adj.,11250
adamant,n./adj.,11251
gush,n./v.,11252
graphite,n.,11261
esteem,n./v.,11271
barricade,n./v.,11273
ecologist,n.,11275
subversive,adj./n.,11280
concerted,adj.,11285
landslide,n.,11290
taint,n./v.,11293
trample,n./v.,11298
incorporation,n.,11299
timid,adj.,11301
ambush,n./v.,11303
clarification,n.,11316
vulgar,adj.,11317
accompaniment,n.,11320
slit,n./v.,11326
deference,n.,11329
doze,v./n.,11330
flora,n.,11331
recourse,n.,11337
kernel,n.,11338
purport,n./v.,11339
corroborate,v.,11342
adversity,n.,11343
grace,n./v.,11346
yolk,n.,11348
incite,v.,11352
primate,n.,11355
immortal,n./adj.,11365
picturesque,adj.,11374
arithmetic,n.,11378
relieved,adj.,11380
axe,n./v.,11388
hive,n./v.,11401
subvert,v.,11404
ravine,n.,11413
quarterly,adj./adv./n.,11417
folklore,n.,11419
depress,v.,11421
redirect,v.,11425
tributary,adj./n.,11428
unpack,v.,11431
stately,adj.,11435
penchant,n.,11438
abduct,v.,11439
boon,n.,11451
lengthen,v.,11453
yarn,n.,11457
pretense,n.,11459
converse,n./adj./v.,11468
conformity,n.,11474
benevolent,adj.,11475
clockwise,adj./adv.,11482
microorganism,n.,11483
deceptive,adj.,11485
dormant,adj.,11487
acclaimed,v./adj.,11493
carnage,n.,11499
juncture,n.,11501
coherence,n.,11502
ration,n./v.,11504
purge,n./v.,11512
quiver,n./v./adj.,11515
ingenious,adj.,11520
labyrinth,n.,11521
vigilant,adj.,11523
calculator,n.,11525
contagious,adj.,11527
saliva,n.,11532
autobiographical,adj.,11535
enlighten,v.,11536
sporadic,adj.,11539
troupe,n./v.,11543
outcry,n./v.,11550
pore,n./v.,11559
milieu,n.,11563
rooster,n.,11564
superstition,n.,11572
supremacy,n.,11573
victorious,adj.,11574
spaceship,n.,11577
hazy,adj.,11578
tally,n./v.,11596
cascade,n./v.,11599
conscientious,adj.,11605
charisma,n.,11606
retribution,n.,11613
stony,adj.,11616
totality,n.,11619
decry,v.,11621
apprehend,v.,11622
predominant,adj.,11628
tremor,n.,11635
instructive,adj.,11647
languish,v.,11648
bask,v.,11655
animosity,n.,11656
incomprehensible,adj.,11659
streamline,n./v.,11669
squander,v.,11672
intestine,adj./n.,11678
etiquette,n.,11679
caress,n./v.,11683
fruitful,adj.,11687
intermediary,n./adj.,11705
queer,n./adj./v.,11708
fraught,adj.,11710
riddle,n./v.,11712
negligence,n.,11719
beaver,n.,11726
torrent,n.,11727
locomotive,n./adj.,11729
primal,adj.,11733
dimly,adv.,11736
grandeur,n.,11749
aptly,adv.,11756
dogma,n.,11758
interstellar,adj.,11761
mesmerize,v.,11762
lug,v./n.,11771
bandit,n.,11776
protrude,v.,11777
precipitation,n.,11784
heroism,n.,11794
exhale,v.,11798
alloy,n./v.,11808
optimist,n.,11811
adjunct,n./adj.,11816
formative,adj./n.,11818
helium,n.,11819
crumple,v.,11820
fray,n./v.,11825
termite,n.,11828
fencing,n.,11834
approximate,adj./v.,11835
workload,n.,11837
prelude,n./v.,11839
dissect,v.,11844
abyss,n.,11847
attrition,n.,11848
clandestine,adj.,11864
propagate,v.,11865
enigmatic,adj.,11873
allure,v./n.,11876
unruly,adj.,11878
wag,v./n.,11879
eschew,v.,11880
uniqueness,,11887
wither,v.,11891
reimburse,v.,11893
carnival,n.,11897
cancellation,n.,11898
stratum,n.,11902
extinguish,v.,11906
ransom,n./v.,11907
inaugurate,v.,11908
fluent,adj.,11910
meticulously,adv.,11911
leopard,n.,11916
weaver,n.,11920
circumvent,v.,11924
digestive,adj./n.,11925
tamper,v./n.,11932
conservationist,n.,11943
recital,n.,11952
exodus,n.,11955
compulsive,adj.,11963
postoperative,adj.,11964
bliss,n.,11965
assemblage,n.,11966
snug,adj./v.,11967
incense,n./v.,11969
adjoining,adj.,11972
ravage,n./v.,11974
illegitimate,adj./n./v.,11989
plumber,n.,11990
latent,adj./n.,11997
clamor,n./v.,12008
waterproof,n./adj./v.,12010
instill,v.,12013
desolate,adj.,12016
disarray,v./n.,12019
torment,n./v.,12020
meteorite,n.,12025
impersonal,adj./n.,12028
sculpt,v.,12037
creed,n.,12038
pervade,v.,12043
unimaginable,adj.,12047
negligible,adj.,12050
suspense,n.,12056
anesthesia,n.,12058
strait,n./adj.,12059
literate,n./adj.,12067
resin,n./v.,12072
fresco,n./v.,12076
fender,n.,12080
feeble,adj.,12083
supplant,v.,12090
diagonal,adj./n.,12094
metropolis,n.,12106
rudimentary,adj.,12107
affectionate,adj.,12111
counteract,v.,12113
detached,adj.,12117
clutter,n./v.,12119
burrow,n./v.,12121
camouflage,v./n.,12127
cove,n./v.,12127
replenish,v.,12129
agitate,v.,12134
utterance,n.,12135
proficient,n./adj.,12137
trolley,n./v.,12139
bent,adj./n.,12145
hectic,adj./n.,12146
polarize,v.,12148
stagnant,adj.,12153
gorge,n./v.,12154
exude,v.,12157
interdependence,n.,12165
magnesium,n.,12167
crimson,n./adj./v.,12173
fable,n./v.,12174
gull,n./v.,12178
migratory,adj.,12179
potassium,n.,12184
proliferate,v.,12185
cadence,n.,12193
civility,n.,12195
crisscross,n./adj./adv./v.,12199
unfavorable,adj.,12203
joyous,adj.,12213
utilitarian,adj./n.,12219
cumbersome,adj.,12228
engraving,n.,12231
agrarian,adj.,12232
concurrent,n./adj.,12234
intermittent,adj.,12236
illiterate,n./adj.,12243
squeak,n./v.,12246
maverick,n./v.,12248
wand,n.,12268
heyday,n./int.,12277
wry,adj./v.,12279
engrave,v.,12280
haunted,adj.,12286
malignant,adj.,12287
snarl,v./n.,12288
skillful,adj.,12290
crayon,n./v.,12296
brim,n./v.,12307
clinch,n./v.,12311
originality,n.,12313
oblivion,n.,12315
impartial,adj.,12318
insidious,adj.,12333
exertion,n.,12337
negate,v.,12350
refresh,v.,12356
reddish,adj.,12362
juxtaposition,n.,12364
diffuse,v./adj.,12366
transpire,v.,12367
exuberant,adj.,12368
segregate,adj./v.,12370
sunflower,n.,12373
horsepower,n.,12375
meditate,v.,12380
virtuous,adj.,12389
snowflake,n.,12400
abort,v.,12402
concoct,v.,12403
fateful,adj.,12405
toad,n.,12413
mania,n.,12415
dazzle,v./n.,12418
admonish,v.,12419
skyrocket,v./n.,12421
acclaim,n./v.,12422
tentacle,n.,12431
industrialization,n.,12437
arduous,adj.,12441
securely,adv.,12442
pedagogy,n.,12445
temperate,adj.,12446
aptitude,n.,12448
healthful,adj.,12451
incarcerate,v.,12453
ornamental,n./adj.,12466
bedrock,n.,12485
flickering,adj.,12486
tundra,n.,12490
irritating,adj.,12492
legislate,v.,12493
conclusive,adj.,12501
exhaustive,adj.,12508
lighthouse,n.,12513
majesty,n.,12516
harmonious,adj.,12523
volt,n.,12526
insulting,adj.,12529
congregate,v./adj.,12537
aloft,adv.,12541
astonish,v.,12542
irreversible,adj.,12545
herald,n./v.,12546
placid,adj.,12548
smug,adj./n.,12560
aperture,n.,12567
adversely,adv.,12569
influenza,n.,12570
revoke,v./n.,12572
pinnacle,n./v.,12574
subdue,v.,12577
dizzying,adj.,12578
pendulum,n.,12582
reverberate,v./adj.,12585
erroneous,adj.,12587
embellish,v.,12591
detergent,n.,12593
exhilarating,adj.,12598
gnaw,v.,12600
atheist,n.,12603
vacate,v.,12605
fright,n.,12606
loathe,v.,12607
provocation,n.,12608
fauna,n.,12609
glaring,adj.,12610
sheath,n.,12614
pocketbook,n.,12623
momentous,adj.,12634
millimeter,n.,12635
naughty,adj.,12639
captivate,v.,12641
chimpanzee,n.,12642
nook,n.,12643
strenuous,adj.,12644
appall,v.,12646
substantiate,v.,12648
entrenched,adj.,12651
utensil,n.,12652
cosmopolitan,adj./n.,12655
hasty,adj.,12658
enactment,n.,12667
fluctuate,v.,12670
checkup,n.,12677
foggy,adj.,12681
aversion,n.,12694
chronology,n.,12696
idiom,n.,12698
coalesce,v.,12702
accomplice,n.,12704
insomnia,n.,12706
serenity,n.,12707
colossal,adj.,12711
scuttle,n./v.,12712
sneer,n./v.,12717
compressed,adj.,12722
compulsory,adj.,12735
fortify,v.,12751
composure,n.,12757
equator,n.,12760
culmination,n.,12765
dramatize,v.,12771
perilous,adj.,12773
permissible,adj.,12774
pious,adj.,12776
algebra,n.,12790
epoch,n.,12794
astound,v.,12802
deficient,adj.,12804
imbue,v.,12805
meander,n./v.,12806
pitiful,adj.,12810
cunning,adj.,12813
sullen,adj.,12817
stamina,n.,12821
dreary,adj.,12828
aggregate,n./adj./v.,12841
promulgate,v.,12844
gale,n.,12845
paraphrase,n./v.,12845
venom,n./v.,12849
teapot,n.,12851
gamma,n.,12856
impeccable,adj.,12871
dependable,adj.,12873
manually,adv.,12880
nonverbal,adj.,12882
wholesome,adj.,12893
agitation,n.,12905
raucous,adj.,12915
cohesive,adj.,12919
treason,n.,12926
approaching,v.,12934
droplet,n.,12935
overestimate,v./n.,12942
smog,n.,12947
innumerable,adj.,12952
computation,n.,12953
quell,v.,12955
inaccessible,adj.,12956
enrage,v.,12957
lodging,n.,12958
flimsy,adj./n.,12968
redundant,adj.,12969
cello,n.,12971
periodical,n./adj.,12986
bigotry,n.,12992
auspice,n.,12999
recur,v.,13001
furry,adj.,13002
inundate,v.,13018
absentee,n.,13021
repress,v.,13023
pungent,adj.,13027
postulate,n./v.,13028
sarcastic,adj.,13030
trilogy,n.,13032
stardom,n.,13036
tranquil,adj.,13037
scapegoat,n.,13052
topography,n.,13053
shellfish,n.,13065
trustworthy,adj.,13072
sidestep,n./v.,13073
courier,n.,13082
recoil,n./v.,13083
evasion,n.,13087
undisturbed,adj.,13096
complimentary,adj.,13108
malicious,adj.,13112
astute,adj.,13115
archaic,adj.,13117
vestige,n.,13119
quail,n./v.,13122
appraise,v.,13123
discernible,adj.,13124
vindicate,v.,13147
uproar,n.,13150
caterpillar,n.,13163
ply,n./v.,13164
err,v.,13165
hoax,v./n.,13170
newscast,n.,13173
standardize,v.,13182
semblance,n.,13183
junction,n.,13186
primordial,adj.,13189
blunder,n./v.,13190
allot,v.,13192
seaweed,n.,13198
thorny,adj.,13200
encase,v.,13206
clot,n./v.,13223
nutritious,adj.,13225
heterogeneous,adj.,13235
calorie,n.,13241
abate,v.,13243
inconceivable,adj.,13249
sheltered,adj.,13256
minuscule,n./adj.,13257
tropics,n.,13268
observance,n.,13271
molten,adj.,13274
scuba,n.,13275
colonize,v.,13280
impromptu,n./adj./adv.,13281
repertory,n.,13284
unquestionably,adv.,13286
postage,n.,13293
unrestricted,adj.,13301
levy,n./v.,13303
nocturnal,adj.,13312
lull,n./v.,13314
misgiving,n.,13315
stout,adj./n.,13326
pendant,n.,13335
climatic,adj.,13339
flaunt,n./v.,13345
haste,n.,13347
impulsive,adj.,13349
beset,v.,13356
philharmonic,adj./n.,13357
slant,n./adj./v.,13370
chide,v.,13377
adventurer,n.,13381
debtor,n.,13382
leisurely,adj./adv.,13384
apex,n.,13391
chronological,adj.,13403
garb,n./v.,13405
inconvenient,adj.,13410
buggy,adj./n.,13418
diversification,n.,13436
chasm,n.,13437
purify,v.,13440
bustle,n./v.,13447
sarcasm,n.,13455
fertilize,v.,13459
ruffle,n./v.,13470
upland,n./adj.,13478
finesse,n./v.,13491
surmise,n./v.,13492
acronym,n.,13493
vigilance,n.,13494
feign,v.,13497
kerosene,n.,13503
confluence,n.,13507
unbroken,adj.,13515
conversational,adj.,13516
jeweler,n.,13520
laurel,n./v.,13523
complicity,n.,13525
starch,n./v.,13530
puzzling,adj.,13539
forbidding,adj.,13550
fanciful,adj.,13552
extremity,n.,13554
porous,adj.,13555
malice,n.,13560
melodic,adj.,13564
populous,adj.,13571
perseverance,n.,13573
glorify,v.,13582
vowel,n./adj.,13592
melancholy,n./adj.,13596
methodically,adv.,13601
choreographer,n.,13604
repudiate,v.,13624
crevice,n.,13625
flamboyant,adj.,13626
brandish,v./n.,13627
tarnish,n./v.,13635
tacit,adj.,13641
expressly,adv.,13647
benefactor,n.,13649
allegory,n.,13663
symmetrical,adj.,13664
outgrow,v.,13665
agreeable,adj.,13667
propriety,n.,13670
condense,v.,13674
affliction,n.,13678
penetrating,adj.,13681
laud,n./v.,13707
carver,n.,13713
sloping,adj.,13713
divulge,v.,13715
sedentary,adj.,13725
melodrama,n.,13732
abolition,n.,13737
wavy,adj.,13750
sanitary,adj./n.,13757
screwdriver,n.,13766
embroider,v.,13767
penal,adj.,13769
deviate,v./adj./n.,13796
persevere,v.,13798
transfix,v.,13826
idyllic,adj.,13828
maize,n./adj.,13829
immigrate,v.,13831
abstain,v.,13833
defection,n.,13837
mistrust,n./v.,13844
retort,n./v.,13847
diverge,v.,13852
tactile,adj.,13853
malnutrition,n.,13854
typify,v.,13861
genesis,n.,13864
disband,v.,13868
bonanza,n.,13870
perpendicular,n./adj.,13882
hump,n./v.,13883
regeneration,n.,13884
elliptical,adj.,13889
impeach,v.,13892
corrosion,n.,13900
retract,v.,13910
inert,adj.,13911
jumble,v./n.,13914
obligatory,adj.,13922
uniformity,n.,13931
predominate,v.,13934
unparalleled,adj.,13944
percussion,n.,13946
farce,n.,13948
diligently,adv.,13952
digestion,n.,13954
rupture,n./v.,13956
inept,adj.,13957
craze,n./v.,13958
urbanization,n.,13960
bravado,n.,13971
indefinite,adj.,13974
impassioned,adj.,13977
amble,n./v.,13980
wholesaler,n.,13985
deplore,v.,13986
antagonism,n.,13988
auxiliary,n./adj.,13990
scaffolding,n.,13997
ultimatum,n.,14001
falcon,n.,14005
perspiration,n.,14005
turquoise,n.,14012
negligent,adj.,14020
ethically,adv.,14021
codify,v.,14023
grudge,n./v.,14032
checkout,n.,14039
chubby,adj.,14040
glacial,adj.,14042
galvanize,v.,14044
inconclusive,adj.,14046
emphatic,adj.,14058
aromatic,adj.,14060
meek,adj.,14061
mishap,n.,14062
scorch,n./v.,14072
warp,n./v.,14074
buzzer,n.,14075
graft,n./v.,14077
ambience,n.,14090
aristocrat,n.,14099
crippling,,14100
hoarse,adj.,14101
glazed,adj.,14108
ephemeral,adj.,14116
fervent,adj.,14117
sparrow,n.,14123
diligent,adj.,14139
beaded,adj.,14141
felt,n./v.,14168
agile,adj.,14174
sustenance,n.,14178
psychoanalysis,n.,14180
instantaneous,adj.,14192
prodigious,adj.,14195
compensatory,adj.,14201
supersede,v.,14213
chirp,n./v.,14222
prune,n./v.,14230
vertigo,n.,14232
elasticity,n.,14233
springtime,n.,14237
prodigy,n.,14246
enigma,n.,14247
entangle,v.,14257
resentful,adj.,14259
stylized,adj.,14263
embroidery,n.,14265
irritable,adj.,14272
gape,n./v.,14282
detriment,n.,14289
effluent,adj./n.,14295
choreograph,v.,14305
exposition,n.,14307
credence,n.,14310
deride,v.,14315
practicality,n.,14322
raven,n./adj./v.,14323
gradient,n./adj.,14325
nimble,adj.,14327
acidic,adj.,14328
diminutive,adj./n.,14330
sculptural,adj.,14334
overload,v./n.,14339
rectify,v.,14350
heresy,n.,14362
tenement,n.,14363
detract,v.,14366
sparsely,adv.,14377
foresight,n.,14381
antiquated,adj.,14392
saline,adj./n.,14408
aloof,adj./adv.,14411
ranching,n.,14415
refreshment,n.,14418
textured,adj.,14429
husk,n./v.,14430
cordial,n./adj.,14433
peck,n./v.,14442
microcosm,n.,14447
dominion,n.,14454
instinctive,adj.,14454
painstaking,n./adj.,14458
flattering,adj.,14459
clamour,n./v.,14466
brawl,n./v.,14479
cryptic,adj.,14482
reigning,adj.,14483
hospitable,adj.,14491
harmonic,adj./n.,14496
choreography,n.,14499
subterranean,adj./n.,14509
reek,n./v.,14513
forsake,v.,14525
seethe,v./n.,14528
conjecture,n./v.,14535
pretension,n.,14551
invalidate,v.,14552
sear,adj./v.,14553
palatable,adj.,14564
spurt,n./v.,14565
revitalization,,14567
archipelago,n.,14572
connoisseur,n.,14575
tingle,v./n.,14576
inextricably,adv.,14581
feverish,adj.,14591
accordion,n./adj.,14592
dehydration,n.,14596
extant,adj.,14599
congested,adj.,14602
soloist,n.,14603
freighter,n.,14604
spinning,n.,14612
barbarian,n./adj.,14613
custodian,n.,14618
extol,v.,14621
freshness,n.,14623
stimulant,adj./n.,14629
sumptuous,adj.,14631
tenacious,adj.,14637
stationery,n.,14645
newsstand,n.,14646
austerity,n.,14652
sap,n./v.,14653
incessant,adj.,14654
spherical,adj.,14655
vogue,n./adj.,14657
judgement,n.,14669
disrespect,n.,14671
divergence,n.,14673
annex,n./v.,14676
edifice,n.,14677
supple,adj./v.,14678
squirt,v./n.,14682
attached,adj.,14684
fraternal,adj.,14687
innuendo,n./v.,14703
spontaneity,n.,14710
comical,adj.,14711
belie,v.,14713
bleach,v./n.,14729
affluence,n.,14739
blacksmith,n.,14740
escalator,n.,14743
nourishment,n.,14745
shyness,n.,14749
ripen,v.,14750
enslave,v.,14755
discord,n./v.,14756
puncture,n./v.,14757
additive,adj./n.,14762
fictitious,adj.,14763
methodical,adj.,14767
tycoon,n.,14774
agility,n.,14781
discouraging,adj.,14782
sentry,n./v.,14786
categorical,adj.,14789
indignant,adj.,14792
rigidity,n.,14794
naturalistic,adj.,14801
malfunction,n./v.,14802
dizziness,n.,14806
cower,v.,14810
adaptable,adj.,14811
interdependent,adj.,14814
concomitant,adj./n.,14816
consequent,n./adj.,14817
impunity,n.,14823
deft,adj.,14831
courteous,adj.,14858
unsatisfactory,adj.,14865
infringe,v.,14867
masonry,n.,14873
accelerating,,14876
regenerate,v./adj.,14883
besiege,v.,14890
stocky,adj.,14898
crystalline,adj.,14902
leaky,adj.,14906
rattlesnake,n.,14908
harmonize,v.,14919
rekindle,v.,14922
jogging,n.,14933
adobe,n.,14939
crystallize,v.,14941
exhausting,adj.,14951
forlorn,adj.,14953
zealot,n.,14954
rubbish,n.,14955
ebb,n./v.,14957
ascending,adj.,14959
selfishness,n.,14963
amnesia,n.,14972
impotence,n.,14973
resolute,n./adj.,14975
dingy,adj.,14979
shale,n.,14985
hummingbird,n.,14998
potted,adj.,15002
tint,n./v.,15007
null,adj./n.,15008
tranquility,n.,15014
nomadic,adj.,15019
secrete,v.,15024
submerged,adj.,15026
carnivore,n.,15028
nectar,n.,15031
enumerate,v.,15043
stuffy,adj.,15048
diversified,adj.,15056
whittle,v./n.,15062
stipend,n.,15076
refurbish,v.,15086
pueblo,n.,15092
paleontologist,n.,15094
weld,n./v.,15095
stub,n./v.,15097
spectacularly,adv.,15109
aggressiveness,n.,15115
inferiority,n.,15138
bicker,v./n.,15140
moisten,v.,15144
obsess,v.,15161
forthright,adv./adj./n.,15167
varnish,n./v.,15169
invocation,n.,15173
outlying,adj.,15174
disinterested,adj.,15175
kinetic,adj.,15176
blazing,adj.,15205
meteorologist,n.,15210
holocaust,n.,15211
depreciation,n.,15213
fleck,n./v.,15214
twine,n./v.,15215
moron,n.,15227
impervious,adj.,15239
lyric,n./adj.,15249
anarchist,n.,15254
disillusion,n./v.,15275
humanist,n.,15277
acupuncture,n./v.,15282
censure,n./v.,15287
colt,n.,15287
perceptive,adj.,15291
slimy,adj.,15294
grasshopper,n.,15296
condensation,n.,15298
wistful,adj.,15300
dispersal,n.,15305
retriever,n.,15310
intrepid,adj.,15314
neoclassical,adj.,15315
encroach,v.,15316
scavenger,n.,15319
contrive,v.,15323
libel,n./v.,15335
evaporation,n.,15342
clergyman,n.,15346
converter,n.,15349
perplex,v.,15354
fussy,adj.,15360
pivot,n./adj./v.,15361
vaccinate,v.,15363
noxious,adj.,15386
defunct,adj./n.,15391
agonize,v.,15401
detectable,adj.,15404
annihilate,v.,15407
exacting,adj.,15409
cottonwood,n.,15424
entanglement,n.,15426
impropriety,n.,15427
spout,n./v.,15431
purification,n.,15434
astounding,adj.,15438
luster,n./v.,15444
decomposition,n.,15445
ineligible,adj./n.,15452
octopus,n.,15455
synchronize,v.,15464
dissenter,n.,15480
barter,n./v.,15482
conventionally,adv.,15495
conciliatory,adj.,15499
stanza,n.,15504
emigrant,n./adj.,15516
fruitless,adj.,15518
consign,v.,15519
emancipation,n.,15524
particulate,n./adj.,15530
aviator,n.,15541
inkling,n.,15544
multifaceted,adj.,15547
steadfast,adj.,15551
predictability,n.,15556
reliant,adj.,15558
hoe,n./v.,15567
malady,n.,15568
cardinal,n./adj.,15572
slumber,n./v.,15579
quandary,n.,15583
minimalist,n.,15591
sensuous,adj.,15594
hilly,adj.,15597
abiding,adj.,15604
morbid,adj.,15607
trepidation,n.,15615
mason,n./v.,15637
altruism,n.,15638
flint,n.,15638
instigate,v.,15639
insinuate,v.,15647
cursory,adj.,15656
glassy,adj.,15665
congenital,adj.,15666
sultry,adj.,15667
linguistics,n.,15674
contiguous,adj.,15684
foreshadow,v.,15685
enormity,n.,15686
amenable,adj.,15693
decompose,v.,15704
lichen,n.,15705
preponderance,n.,15714
fickle,adj.,15716
tolerable,adj.,15726
boundless,adj.,15729
hatchery,n.,15731
gash,n./v.,15733
slime,n./v.,15734
mournful,adj.,15738
aria,n.,15746
saber,n./v.,15747
repulsive,adj.,15753
deceit,n.,15761
amiable,adj.,15763
circumference,n.,15774
adage,n.,15783
springboard,n.,15806
berate,v.,15807
domesticated,adj./v.,15833
zenith,n.,15834
unbiased,adj.,15836
trapper,n.,15840
panacea,n.,15848
insurmountable,adj.,15862
silt,n./v.,15872
fragility,n.,15874
disprove,v.,15886
relapse,n./v.,15889
genteel,adj.,15890
refrigeration,n.,15892
chafe,n./v.,15894
assail,v.,15900
baboon,n.,15908
mirage,n.,15917
tantalize,v.,15919
forebear,n.,15920
tepid,adj.,15927
constrict,v.,15930
depose,v.,15933
concise,adj.,15935
belittle,v.,15936
zealous,adj.,15938
eccentricity,n.,15942
kennel,n./v.,15947
plunder,n./v.,15954
antagonist,n.,15957
tutorial,n./adj.,15959
indigent,adj.,15961
invert,adj./v./n.,15967
fetish,n.,15974
trespass,n./v.,15976
incongruous,adj.,15979
belligerent,adj.,15987
consternation,n.,15994
enthrall,v.,16003
degenerate,adj./v.,16007
surcharge,n./v.,16013
stipulation,n.,16026
pretentious,adj.,16028
dank,adj.,16049
abundantly,adv.,16050
placate,v.,16057
layman,n.,16061
engross,v.,16062
convection,n.,16075
rant,v./n.,16081
disrespectful,adj.,16085
incoherent,adj.,16088
incandescent,adj.,16089
arbitrator,n.,16096
jettison,n.,16098
chagrin,n./v.,16105
gruff,adj.,16108
parasitic,adj.,16114
corrosive,adj./n.,16120
shrivel,v.,16142
baroque,n./adj.,16149
shameless,adj.,16159
forestall,v.,16160
elaborately,adv.,16169
haphazard,n./adj./adv.,16170
touchy,adj.,16171
sojourn,n./v.,16174
bondage,n.,16176
itinerant,adj./n.,16178
asymmetrical,adj.,16182
superfluous,adj.,16195
congenial,adj.,16200
fanatical,adj.,16201
affable,adj.,16207
enterprising,adj.,16208
unwieldy,adj.,16217
indignity,n.,16237
uncharted,adj.,16240
dissimilar,adj.,16241
supplementary,adj.,16252
indecent,adj.,16264
roost,n./v.,16270
woolly,adj.,16278
detest,v.,16282
elucidate,v.,16285
diagonally,adv.,16290
weariness,n.,16291
burdensome,adj.,16292
spotless,adj.,16294
dissonance,n.,16305
dietitian,n.,16311
irrigate,v.,16313
yelp,n./v.,16317
rapture,n./v.,16318
flounder,v.,16327
kiln,n./v.,16330
trying,adj.,16334
audacious,adj.,16335
conifer,n.,16342
abrasive,n./adj.,16344
interlude,n.,16345
chum,n./v.,16347
despicable,adj.,16350
barometer,n.,16352
snippet,n.,16367
feudal,adj.,16368
inanimate,adj.,16370
geologic,adj.,16372
frenetic,adj./n.,16374
wispy,adj.,16412
modulate,v.,16415
expound,v.,16419
dogmatic,adj.,16420
adjourn,v.,16425
collusion,n.,16440
valiant,adj./n.,16441
glider,n.,16453
barb,n./v.,16454
callous,adj./v.,16457
concentric,adj.,16458
illustrious,adj.,16464
carelessly,adv.,16467
kindle,v.,16468
evasive,adj.,16477
abject,adj.,16479
accredit,v.,16480
trove,n.,16489
decadent,adj./n.,16491
peculiarity,n.,16495
calibration,n.,16497
suffrage,n.,16498
posterity,n.,16501
exorbitant,adj.,16520
liberally,adv.,16524
frugal,adj.,16538
intoxicate,v.,16545
armament,n.,16549
voracious,adj.,16557
extricate,v.,16562
fruition,n.,16563
equestrian,adj./n.,16564
decrepit,adj.,16566
seclusion,n.,16579
inverse,adj./n.,16580
quartz,n.,16587
redress,n./v.,16594
immobile,adj.,16603
surmount,v.,16610
projecting,adj.,16613
immobilize,v.,16616
televise,v.,16618
synthesizer,n.,16622
unbridled,adj.,16628
woolen,n./adj.,16629
outgrowth,n.,16635
paucity,n.,16637
revered,v./adj.,16641
meddle,v.,16645
eloquence,n.,16655
irreverent,adj.,16657
abhor,v.,16665
fowl,n./v.,16675
unscrupulous,adj.,16684
underdeveloped,adj.,16686
perplexing,adj.,16689
malevolent,adj.,16691
assuage,v.,16696
glut,n./v.,16700
patronizing,adj.,16705
gratuitous,adj.,16720
elapse,v./n.,16721
sunburn,n./v.,16724
goad,n./v.,16733
contemptuous,adj.,16734
distasteful,adj.,16735
pique,n./v.,16736
sporadically,adv.,16744
exalted,adj.,16758
layering,,16761
haggle,v./n.,16766
glossary,n.,16773
anomalous,adj.,16778
legume,n.,16783
ajar,adj./adv.,16792
outlast,v.,16795
maim,v.,16796
monotonous,adj.,16805
scraping,n./adj.,16806
humanistic,adj.,16807
secretion,n.,16813
moat,n./v.,16816
longitude,n.,16823
depositor,n.,16829
enunciate,v.,16845
progeny,n.,16855
daze,v./n.,16871
choppy,adj.,16878
topsoil,n.,16882
rationing,n.,16883
judicious,adj.,16886
symbiotic,adj.,16889
merciless,adj.,16892
condor,n.,16894
satirical,adj.,16899
ablaze,adj./adv.,16903
synonym,n.,16906
precipitous,adj.,16908
rote,n.,16910
raze,v.,16914
harmonica,n.,16925
circumscribe,v.,16931
hermit,n.,16933
yardstick,n.,16939
condiment,n.,16952
reschedule,,16954
loath,adj.,16958
sunlit,adj.,16959
impel,v.,16966
debatable,adj.,16978
intricately,adv.,16979
supremely,adv.,16984
justly,adv.,16988
discerning,adj.,16994
chisel,n./v.,16996
everlasting,adj./n.,16997
cannibalism,n.,17002
alchemy,n.,17003
harry,v.,17022
drowsy,adj.,17024
exasperate,v./adj.,17029
absolve,v.,17031
postgraduate,adj./n.,17033
gallant,adj.,17058
decorum,n.,17060
squabble,v./n.,17073
unmatched,adj.,17076
suffuse,v.,17080
retard,n./v.,17082
considerate,adj.,17092
inflexible,adj.,17102
tribulation,n.,17114
subdivide,v.,17117
aghast,adj.,17120
penicillin,n.,17121
inquisitive,adj.,17122
stilt,n.,17133
dungeon,n.,17135
balmy,adj.,17136
adhesive,adj./n.,17140
abolitionist,n.,17150
gregarious,adj.,17153
enmity,n.,17158
preservative,adj./n.,17163
wristwatch,n.,17164
reversible,adj./n.,17167
blackmail,n./v.,17169
overcast,adj.,17180
fortitude,n.,17185
finch,n.,17186
organically,adv.,17187
alight,v./adj.,17190
defraud,v.,17191
baste,v.,17193
dictum,n.,17196
courtly,adj.,17198
subsist,v.,17205
counterfeit,n./adj./v.,17208
sapphire,adj./n.,17213
cog,n./v.,17219
dehydrate,v.,17223
spiky,adj.,17228
incipient,adj.,17230
exalt,v.,17234
confederate,n./adj./v.,17239
pester,v.,17263
rebuke,n./v.,17270
innermost,adj.,17271
aggregation,n.,17277
capricious,adj.,17285
disparage,v.,17289
undaunted,adj.,17313
genial,adj.,17323
knapsack,n.,17327
intelligible,adj.,17337
hearsay,n.,17347
idiotic,adj.,17349
retool,,17351
shackle,n./v.,17357
sparingly,adv.,17358
solicitor,n.,17384
consonant,n./adj.,17386
chateau,n.,17389
monopolize,v.,17391
inordinate,adj.,17393
pancreas,n.,17398
protectionist,n./adj.,17410
fell,v./n./adj.,17411
outmoded,adj.,17416
shipwreck,n./v.,17434
grumpy,adj.,17444
delude,v.,17446
enchant,v.,17449
acidity,n.,17453
germinate,v.,17457
respiration,n.,17458
luminosity,n.,17466
invalid,n./adj.,17470
mallet,n.,17484
sectional,adj./n.,17497
tact,n.,17499
skimpy,adj.,17532
deleterious,adj.,17536
absorbing,adj.,17537
unexplored,adj.,17548
oracle,n.,17550
elation,n.,17553
blemish,n./v.,17561
adjoin,v.,17562
extraneous,adj.,17572
bandanna,n.,17577
sieve,n./v.,17578
zigzag,n./adj./adv./v.,17582
wrought,adj.,17584
introspective,adj.,17592
vaporize,v.,17597
crass,adj.,17607
infest,v.,17621
merciful,adj.,17622
exterminate,v.,17637
profane,adj./v.,17638
vex,v.,17663
hardness,n.,17667
sicken,v.,17670
distinctively,adv.,17675
gist,n.,17685
valor,n.,17697
ferment,n./v.,17698
homily,n.,17700
amplification,n.,17701
neurotransmitter,n.,17712
antagonize,v.,17720
counterbalance,v./n.,17725
forerunner,n.,17730
interlocking,adj.,17731
tasteless,adj.,17733
eulogy,n.,17738
familiarize,v.,17746
exponential,adj./n.,17748
photosynthesis,n.,17755
conceit,n.,17757
antipathy,n.,17759
gratify,v.,17764
magnetism,n.,17795
hatchet,n.,17797
insular,adj.,17801
infertile,adj.,17816
readjust,v.,17822
sequester,v.,17824
nettle,n./v.,17834
prohibitive,adj.,17838
acumen,n.,17842
intoxication,n.,17843
homesick,adj.,17844
floodplain,n.,17852
nonviolence,n.,17853
gloat,v./n.,17861
tumult,n.,17862
mannerism,n.,17874
biochemistry,n.,17884
bequest,n.,17885
sully,v./n.,17902
lumbering,n./adj.,17919
decadence,n.,17922
cyclone,n.,17926
veracity,n.,17927
impurity,n.,17928
antiseptic,n./adj.,17931
rebut,v.,17936
lithe,adj.,17946
schism,n.,17948
submissive,adj.,17954
prospector,n.,17974
boarder,n.,18018
supplementation,n.,18020
untapped,adj.,18033
travesty,n./v.,18038
invertebrate,adj./n.,18039
commercialize,v.,18042
windswept,adj.,18045
supposition,n.,18056
salinity,n.,18060
receptacle,n.,18066
whir,n./v.,18084
vertebrate,n./adj.,18088
permissive,adj.,18103
ascetic,n./adj.,18114
orator,n.,18117
aurora,n.,18136
repulse,n./v.,18145
reticence,n.,18151
fishy,adj.,18190
gaseous,adj.,18191
devious,adj.,18198
indiscriminately,adv.,18203
scuff,v./n.,18214
morphology,n.,18221
jubilant,adj.,18234
abut,v.,18235
deformation,n.,18247
driftwood,n.,18250
abrasion,n.,18254
embellishment,n.,18280
reproach,n./v.,18288
vastness,n.,18290
facsimile,n./v./adj.,18332
dilate,v.,18343
plagiarism,n.,18346
delectable,adj.,18357
hew,v.,18374
fallow,n./adj.,18378
stubbornness,n.,18393
dragonfly,n.,18401
curt,adj.,18407
malleable,adj.,18412
portend,v.,18414
sardonic,adj.,18421
evince,v.,18444
rubbery,adj.,18446
herder,n.,18448
caustic,n./adj.,18453
gentry,n.,18454
mammalian,n./adj.,18457
impersonate,v.,18460
proclivity,n.,18478
soluble,adj.,18497
percolate,v./n.,18498
rejuvenate,v.,18505
laborious,adj.,18512
alder,n.,18527
effigy,n.,18533
disfigure,v.,18538
stingy,adj.,18550
dusky,adj.,18555
inculcate,v.,18562
advisable,adj.,18573
crafty,adj.,18577
conservatory,adj./n.,18578
acrid,adj.,18600
dimensional,adj.,18602
hinterland,n.,18616
spleen,n.,18619
mimetic,adj.,18655
fragmentary,adj.,18658
pensive,adj.,18665
forefather,n.,18671
languid,adj.,18678
sheathe,v.,18691
menial,adj./n.,18694
cuticle,n.,18707
incubate,v./n.,18723
monochrome,n./adj.,18726
jellyfish,n.,18731
mete,v./n.,18736
scuffle,v./n.,18739
industrious,adj.,18792
dilution,n.,18805
repute,n./v.,18809
coddle,v.,18813
expedite,v./adj.,18829
deciduous,adj.,18846
uproot,v.,18870
synopsis,n.,18889
glassware,n.,18913
muddle,v./n.,18925
docile,adj.,18932
contented,adj.,18934
impassive,adj.,18936
transitory,adj.,18961
intercede,v.,18971
fanaticism,n.,18972
unevenly,adv.,18987
dissenting,,18988
concerto,n.,18992
enthral,v.,18998
adornment,n.,19010
accost,v.,19030
idiosyncrasy,n.,19034
fuzz,n./v.,19037
sloth,n.,19039
dogged,adj.,19046
portraiture,n.,19055
overbearing,adj.,19060
superficially,adv.,19088
quench,v.,19110
unanimity,n.,19111
abdicate,v.,19114
plumb,n./adj./v.,19115
moribund,adj./n.,19128
posthumous,adj.,19140
unsubstantiated,,19165
elixir,n.,19166
dentistry,n.,19167
mangle,v./n.,19177
glib,adj.,19183
comprehensible,adj.,19208
incapacitate,v.,19224
laudable,adj.,19227
carnal,adj.,19233
anesthetic,n./adj.,19234
horned,adj.,19240
succinct,adj.,19254
canny,adj.,19263
corrode,v.,19273
absenteeism,n.,19278
subspecies,n.,19305
facile,adj.,19319
protruding,v.,19323
fortuitous,adj.,19324
fermentation,n.,19326
revile,v.,19338
ponderous,adj.,19347
unrestrained,adj.,19357
sedate,adj./v.,19371
ravenous,adj.,19381
customarily,adv.,19395
haughty,adj.,19401
vulgarity,n.,19407
ceaseless,adj.,19436
extort,v.,19443
recant,v.,19446
atheism,n.,19451
tyrannical,adj.,19452
vaulted,adj.,19455
lusty,adj.,19459
presumptuous,adj.,19469
dorsal,adj.,19488
pervert,v./n.,19510
irreconcilable,adj.,19521
rancor,n.,19522
undifferentiated,adj.,19524
impale,v.,19536
infallible,adj./n.,19542
exponent,n./adj.,19547
scrupulous,adj.,19556
silica,n.,19564
waxy,adj.,19583
uninhabited,adj.,19593
quibble,n./v.,19608
unadorned,adj.,19609
malign,adj./v.,19612
chaste,adj.,19618
hibernation,n.,19620
irrevocable,adj.,19624
trumpeter,n.,19636
interconnected,v.,19641
squall,n./v.,19648
sinuous,adj.,19654
reclamation,n.,19656
diction,n.,19662
foretell,v.,19663
flout,v./n.,19665
expedient,n./adj.,19681
porcupine,n.,19692
strenuously,adv.,19701
delirium,n.,19712
mercantile,adj.,19718
atrophy,n.,19731
fractious,adj.,19745
legible,adj.,19753
viscous,adj.,19766
earthenware,n.,19779
lustrous,adj.,19780
incongruity,n.,19783
venomous,adj.,19801
magma,n.,19802
apathetic,adj.,19822
unspoiled,adj.,19823
pulsate,v.,19837
prodigal,n./adj.,19847
whit,n.,19851
authenticate,v.,19855
dissension,n.,19856
disorganize,v.,19875
disagreeable,adj.,19879
auspicious,adj.,19908
scrupulously,adv.,19918
turnpike,n.,19929
hazel,n./adj.,19936
jovial,adj.,19973
jeer,n./v.,19977
progenitor,n.,19980
surging,v.,19981
beget,v.,19985
consort,n./v.,19990
salutary,adj.,19993
unaided,adj.,20002
abbreviation,n.,20008
icicle,n.,20039
castigate,v.,20051
eminence,n.,20054
exhume,v.,20069
crustacean,adj./n.,20077
mechanized,adj.,20087
stagecoach,n.,20090
pollinator,n.,20100
drudgery,n.,20108
deferential,adj.,20111
crevasse,n./v.,20113
thatch,n./v.,20118
suburbanite,n.,20123
citadel,n.,20138
confining,adj.,20143
culpable,adj.,20145
presage,n./v.,20147
concave,adj.,20157
disown,v.,20161
dieter,n.,20163
assuredly,adv.,20165
unseemly,adj.,20173
heredity,n.,20183
germane,adj.,20190
platitude,n.,20203
sociable,adj./n.,20210
seashore,n.,20222
cranial,adj.,20235
bellows,n.,20237
olfactory,adj./n.,20247
subsection,n.,20259
demur,v./n.,20271
listless,adj.,20285
swampy,adj.,20287
mime,n./v.,20294
rascal,n.,20319
cellist,n.,20324
appreciable,adj.,20337
begrudge,v.,20345
capsize,v.,20349
ardor,n.,20355
averse,adj.,20377
serrated,adj.,20378
irrepressible,adj.,20380
carnivorous,adj.,20396
eggshell,n.,20406
subjugation,n.,20410
tadpole,n.,20412
footpath,n.,20418
burnish,v./n.,20422
irreparable,adj.,20436
outwit,v.,20442
equivocal,adj.,20444
indigestion,n.,20451
cleave,v.,20460
prototypical,,20462
vehement,adj.,20463
botany,n.,20491
harshness,n.,20513
monochromatic,adj.,20516
obviate,v.,20519
lithograph,n./v.,20528
larynx,n.,20532
hubbub,n.,20541
dismember,v.,20543
slander,n./v.,20554
propellant,n.,20595
perishable,adj./n.,20600
unsophisticated,adj.,20607
circumspect,adj.,20608
dawdle,v.,20624
consecrate,v./adj.,20656
pinhead,n.,20666
fluster,n./v.,20669
ferret,n./v.,20690
lethargic,adj.,20701
overburden,v.,20715
shrinkage,n.,20716
starfish,n.,20725
renunciation,n.,20747
disallow,v.,20751
cleft,n./adj.,20760
tortuous,adj.,20769
faithfulness,n.,20790
girder,n.,20797
handcrafted,v.,20807
millennia,,20813
symbiosis,n.,20824
azure,n./adj.,20844
cogent,adj.,20848
circuitous,adj.,20890
unobstructed,adj.,20911
cellulose,n.,20912
pliable,adj.,20923
brownish,adj.,20941
girdle,n./v.,20948
synchronous,adj.,20967
acrimonious,adj.,20973
terminus,n.,21005
roe,n.,21007
aerodynamics,n.,21018
seaport,n.,21035
videocassette,n.,21042
recluse,adj./n.,21060
flabby,adj.,21061
lethargy,n.,21103
transcontinental,adj.,21106
overcharge,v./n.,21113
ruinous,adj.,21114
tedium,n.,21125
dejected,adj.,21137
bigoted,adj.,21186
packer,n.,21192
urbane,adj.,21204
academician,n.,21212
flay,v.,21222
lubrication,n.,21226
teem,v.,21232
singe,v.,21246
impersonation,n.,21249
badger,n./v.,21256
pollination,n.,21260
torrential,adj.,21280
erratically,adv.,21291
laboriously,adv.,21312
lyricist,n.,21313
veneration,n.,21317
irregularly,adv.,21327
ornamentation,n.,21335
carrion,n./adj.,21344
fatalism,n.,21345
perennially,adv.,21348
wren,n.,21349
venerate,v.,21355
digression,n.,21375
stodgy,adj.,21383
frost,n./v.,21397
figurehead,n.,21400
slacken,v.,21432
unselfish,adj.,21440
fittingly,adv.,21441
postmaster,n.,21445
thrifty,adj.,21446
forte,n.,21448
lathe,n./v.,21462
temperance,n.,21464
hornet,n.,21471
mollify,v.,21490
thrall,n.,21491
manifold,n./adj./v.,21492
distillation,n.,21496
scornful,adj.,21498
walkout,n.,21507
fitful,adj.,21528
auger,n.,21561
solicitous,adj.,21592
downcast,adj.,21594
suited,adj.,21600
deceitful,adj.,21623
harrow,n./v.,21636
capillary,n./adj.,21650
topographical,adj.,21660
pauper,n.,21664
magnificence,n.,21679
amicable,adj.,21684
commonsense,adj.,21690
contrite,adj.,21695
prohibitively,adv.,21706
ultrasonic,n./adj.,21711
annul,v.,21724
reinterpretation,,21736
incisive,adj.,21777
plumage,n.,21782
iconographic,adj.,21784
untamed,adj.,21786
skimp,v./adj.,21812
instrumentalist,n.,21815
proscribe,v.,21822
opulence,n.,21823
homespun,adj./n.,21830
accommodating,adj.,21838
obstinate,adj.,21852
facilitation,,21857
reverently,adv.,21862
arable,adj.,21874
outermost,adj.,21876
perturb,v.,21889
fritter,v./n.,21891
bugle,n./v.,21910
conveyance,n.,21915
hibernate,v.,21924
offhand,adj./adv.,21944
infirmary,n.,21949
concurrence,n.,21954
wrangler,n.,21954
combustible,adj./n.,21967
subtraction,n.,21980
flax,n.,21983
mote,n.,21985
sloop,n.,22005
frisky,adj.,22020
delineation,n.,22025
horticulture,n.,22032
chivalry,n.,22033
permeable,adj.,22049
apportion,v.,22067
cataclysm,n.,22077
emboss,v.,22081
fester,v./n.,22086
chlorophyll,n.,22096
mimicry,n.,22100
transmute,v.,22104
counterclockwise,adj./adv.,22115
meridian,n./adj.,22120
ruminate,v.,22163
entrap,v.,22164
loathsome,adj.,22172
defile,v./n.,22173
carat,n.,22187
brook,n./v.,22189
catalyze,v.,22190
bespeak,v./n.,22202
cubism,n.,22207
taxicab,n.,22213
acrimony,n.,22245
hominid,n.,22266
lipid,n.,22299
prefabricated,adj./v.,22349
mulberry,n.,22352
unblemished,adj.,22353
figment,n.,22358
erudite,adj./n.,22378
incredulity,n.,22402
lifesaver,n.,22409
becoming,adj.,22465
fossilized,v.,22480
spiny,adj.,22518
herculean,adj.,22524
infirmity,n.,22525
timidity,n.,22528
cipher,n./v.,22546
perspire,v.,22564
paddler,,22573
osprey,n.,22585
oration,n.,22627
marshy,adj.,22644
annotate,v.,22649
conductivity,n.,22680
potentiality,n.,22689
emaciated,adj.,22698
rhinoceros,n.,22710
fecundity,n.,22711
locomotion,n.,22712
florid,adj.,22727
embezzle,v.,22735
abbreviate,v.,22759
embalm,v.,22768
headstrong,adj.,22791
disburse,v.,22802
abhorrent,adj.,22815
husbandry,n.,22827
bashful,adj.,22828
wingspan,n.,22839
foment,v.,22862
abortive,adj.,22876
facelift,n.,22918
nourishing,adj.,22958
defrost,v.,22980
reputed,adj.,22981
unpalatable,adj.,23003
flavoring,n.,23009
indomitable,adj.,23022
deform,v.,23023
aglow,adj./adv.,23037
practicable,adj.,23062
impure,adj.,23085
meteorology,n.,23122
arraign,v.,23132
frugality,n.,23149
luxuriant,adj.,23191
skulk,v.,23193
comport,v.,23213
refrigerant,adj./n.,23229
impetuous,adj.,23230
emancipate,v.,23235
colloquial,adj.,23240
idiocy,n.,23256
formalized,v.,23260
porpoise,n.,23262
convex,adj./n.,23277
congratulation,n.,23287
deface,v.,23301
cabal,n./v.,23307
sallow,adj./v./n.,23323
scruple,n./v.,23324
capacious,adj.,23330
seabed,n.,23334
indefatigable,adj.,23369
avoidable,adj.,23370
satirist,n.,23377
homogenize,v.,23413
rapacious,adj.,23424
deign,v.,23426
unconvincing,adj.,23430
ragtime,n./adj.,23435
bay,n./v.,23460
fete,n./v.,23490
handicraft,n.,23494
gild,v.,23519
bumblebee,n.,23522
derange,v.,23529
disreputable,adj.,23539
addicted,adj.,23549
boardinghouse,n.,23563
eventful,adj.,23564
distill,v.,23567
dehydrated,adj.,23656
carapace,n.,23667
defame,v.,23671
armory,n.,23703
cabinetmaker,n.,23716
impute,v.,23721
pollinate,v.,23751
eviscerate,v.,23773
inborn,adj.,23783
disposed,adj.,23790
phenomenally,adv.,23802
heedless,adj.,23806
ventilate,v.,23817
lode,n.,23821
depreciate,v.,23823
commiserate,v.,23875
optometrist,n.,23881
immobility,n.,23903
pestilence,n.,23924
imbibe,v.,23983
depredation,n.,23993
snowdrift,n.,23999
undeserved,adj.,24001
guile,n.,24013
rayon,n.,24014
thermodynamics,n.,24038
insufferable,adj.,24043
dreadfully,adv.,24065
quilter,n.,24075
hilarity,n.,24090
weathering,n.,24103
injurious,adj.,24105
mockingbird,n.,24110
pronghorn,n.,24113
viscosity,n.,24117
digress,v.,24122
sedimentary,adj.,24168
odorless,adj.,24237
melodious,adj.,24239
illegible,adj.,24257
ennui,n.,24297
efface,v.,24301
softwood,n.,24319
desalination,,24321
matchstick,n.,24329
forcible,adj.,24340
knell,n./v.,24362
alternation,n.,24407
needlework,n.,24412
acoustical,adj.,24425
solder,n./v.,24452
sanctimonious,adj.,24464
elongate,v./adj.,24478
insolent,n./adj.,24483
ingeniously,adv.,24497
decimal,adj./n.,24527
urbanite,n.,24554
aquamarine,n.,24576
fallible,adj.,24585
gemstone,n.,24589
coop,n./v.,24610
purified,adj.,24617
contravene,v.,24626
propound,v.,24627
tardy,adj.,24629
refraction,n.,24651
epidermis,n.,24661
vanquish,v.,24737
crystallized,adj./v.,24739
tardiness,n.,24799
frivolity,n.,24829
minutely,adv.,24836
constricted,v.,24856
indemnity,n.,24857
trespasser,n.,24874
recapitulate,v.,24879
excitable,adj.,24892
tableware,n.,24945
tensile,adj.,24946
lackey,n./v.,24957
contemptible,adj.,24968
trifling,adj.,24998
bombastic,adj.,25009
scanty,adj.,25084
urbanism,n.,25092
unbecoming,adj.,25108
economize,v.,25167
parry,v./n.,25178
foist,v.,25184
landmass,n.,25228
extrude,v.,25266
levity,n.,25278
swelter,v./n.,25284
slag,n./v.,25329
gusty,adj.,25333
punctual,adj.,25334
discontented,adj.,25337
malcontent,adj./n.,25344
incise,v.,25389
incriminate,v.,25401
pliant,adj.,25405
bandleader,n.,25439
imprudent,adj.,25452
beguile,v.,25475
avocation,n.,25485
satiric,adj.,25495
overtax,v.,25504
connive,v.,25506
obtainable,adj.,25510
declaim,v.,25530
flaccid,adj.,25540
irreverence,n.,25545
tectonics,n.,25568
sublimate,v./adj./n.,25619
embitter,v.,25659
conversant,adj.,25681
hillbilly,n.,25706
swiftness,n.,25740
spanking,adj./adv./n.,25753
desirous,adj.,25778
unseasonably,adv.,25811
dignify,v.,25877
ford,n./v.,25884
portraitist,n.,25892
obliging,adj.,25935
transact,v.,25974
cometary,adj.,26003
unquestioning,adj.,26022
garrulous,adj.,26070
gravitation,n.,26117
composed,adj.,26125
domesticate,v.,26128
graph,n.,26137
sundial,n.,26138
confederacy,n.,26142
hatchling,n.,26157
ruffian,n./adj.,26175
telegraph,n./v.,26182
boastful,adj.,26220
adroit,adj.,26237
coffeepot,n.,26251
autocrat,n.,26254
bedeck,v.,26287
escapist,adj./n.,26317
obligated,adj./v.,26342
hackneyed,adj.,26346
collate,v.,26353
quiescent,adj.,26369
disconcert,v.,26384
gallantry,n.,26400
philology,n.,26407
gyration,n.,26430
defecate,v.,26436
inactivate,v.,26444
patroller,,26534
lampshade,n.,26545
gauche,adj.,26552
debilitate,v.,26558
convivial,adj.,26618
emaciate,v.,26620
dissemble,v.,26710
abridge,v.,26746
polygon,n.,26753
enrapture,v.,26757
irradiate,v.,26774
indolent,adj.,26808
inure,v.,26829
impermeable,adj.,26837
fealty,n.,26862
disclaim,v.,26866
disrepute,n.,26889
briny,adj.,26904
guileless,adj.,26907
ignominious,adj.,26968
expeditious,adj.,26976
fatuous,adj.,26978
ravish,v.,26986
touched,adj.,26996
centigrade,adj.,27004
avarice,n.,27046
miser,n.,27117
profuse,adj.,27123
commingle,v.,27157
rend,v.,27164
grouchy,adj.,27166
demobilize,v.,27171
notate,v.,27217
peerless,adj.,27233
avow,v.,27261
estimable,adj.,27308
condenser,n.,27316
eclecticism,n.,27332
facetious,adj.,27377
hypersensitive,adj.,27381
rawhide,n./v.,27396
miserly,adj.,27418
feint,n./v./adj.,27424
encumber,v.,27430
spineless,adj.,27444
mingling,v.,27453
flighty,adj.,27481
aspersion,n.,27487
overconfident,adj.,27552
gentility,n.,27599
potter,n.,27631
sulky,adj.,27653
scaled,adj.,27654
fused,adj.,27677
dunce,n.,27716
torpor,n.,27731
slovenly,adj./adv.,27734
wheedle,v.,27751
systematize,v.,27762
fallacious,adj.,27765
funereal,adj.,27791
unpromising,adj.,27814
silversmith,n.,27834
foghorn,n.,27857
subjection,n.,27879
comity,n.,27885
coinage,n.,27919
improviser,n.,27950
uncouth,adj.,27951
dismembered,v.,27969
apostasy,n.,27980
ignoble,adj.,28022
crystallization,n.,28058
acme,n.,28061
exultant,adj.,28122
silicate,n.,28153
burgeon,n./v.,28159
survivability,,28191
fahrenheit,adj./n.,28229
watercourse,n.,28245
impudent,adj.,28279
remit,v./n.,28338
edify,v.,28444
threateningly,adv.,28453
cohere,v.,28478
alkali,n./adj.,28494
probity,n.,28504
acquisitive,adj.,28517
corpulent,adj.,28572
courteously,adv.,28595
impertinent,adj.,28609
impartially,adv.,28613
despoil,v.,28620
abashed,adj.,28626
gainful,adj.,28673
alliteration,n.,28716
fireproof,adj./v.,28760
distend,v.,28761
limpid,adj.,28767
inoffensive,adj.,28791
idiomatic,adj.,28819
slavish,adj.,28912
prognostic,adj./n.,28996
bipedal,,29097
hexagon,n.,29116
toothed,adj.,29151
gymnastic,adj.,29203
fortuitously,,29221
scud,v./n.,29233
actuate,v.,29241
compaction,,29244
egress,n./v.,29282
doleful,adj.,29302
sewerage,n.,29322
assistantship,n.,29344
designing,adj./n.,29360
dawning,n.,29374
lyrically,adv.,29395
seclude,v.,29397
satiate,v./adj.,29496
filch,v.,29500
snobbish,adj.,29534
photosphere,n.,29609
spoilage,n.,29626
proofread,v.,29646
canter,n./v.,29652
falconer,n.,29743
arms,n.,29761
catching,adj.,29820
arboreal,adj.,29842
inelastic,adj.,29872
clamorous,adj.,29877
abstruse,adj.,29894
projectionist,n.,29918
upbraid,v.,29948
credulous,adj.,29990
amalgamate,v.,30000
tapering,adj.,30085
cession,n.,30099
thresh,v.,30106
suburbanization,n.,30112
magnetosphere,n.,30179
screed,n.,30203
bewilder,v.,30215
tractable,adj.,30266
incorruptible,adj.,30321
correlated,adj.,30371
malleability,n.,30388
assiduous,adj.,30389
discomfit,v.,30476
celsius,adj.,30514
commodious,adj.,30517
aggravating,adj.,30556
urbanize,v.,30564
indent,n./v.,30607
hovercraft,n.,30629
soundproof,adj.,30637
vacillation,n.,30662
unbridgeable,adj.,30728
barrenness,n.,30758
smelting,,30773
befuddle,v.,30845
glandular,adj.,30882
egoism,n.,30923
gourmand,n.,30968
avaricious,adj.,31040
stonemason,n.,31114
fossilize,v.,31133
dexterous,adj.,31149
matchless,adj.,31177
ablution,n.,31213
dispensable,adj.,31261
ionosphere,n.,31313
nonconformity,n.,31316
slake,v.,31425
equivocate,v.,31467
magnetize,v.,31529
nonconformist,n./adj.,31548
crosscut,v./adj./n.,31697
multicellular,adj.,31821
pinion,n./v.,31917
provincialism,n.,31927
regimentation,n.,31949
spangle,n./v.,31956
endeavour,n./v.,31964
oratorio,n.,31978
pedagogic,adj.,32126
seismograph,n.,32181
torpid,adj.,32220
colloquialism,n.,32292
fruitlessly,adv.,32304
rhythmical,adj.,32320
rashly,adv.,32329
cognizance,n.,32457
vivacity,n.,32504
handedness,,32542
invariable,n./adj.,32543
cornet,n.,32571
fulsome,adj.,32604
continence,n.,32640
coalescence,n.,32650
endotoxin,n.,32684
indenture,n./v.,32727
aluminium,n./adj.,32731
penury,n.,32763
choreographic,adj.,32791
gibe,v./n.,32913
gainsay,v./n.,32959
fumigate,v.,32960
proprietorship,n.,33024
tapeworm,n.,33061
rebroadcast,v./n.,33095
deprecate,v.,33157
enervate,v./adj.,33185
covetous,adj.,33282
phlegmatic,adj.,33350
bereave,v.,33462
potash,,33468
cowhand,n.,33473
fervid,adj.,33475
fulminate,v./n.,33491
connivance,n.,33617
byword,n.,33651
seamount,n.,33652
gibbon,n.,33668
jolting,n.,33690
fetter,n./v.,33738
coincident,adj.,33816
overtaxed,v.,33819
illusive,adj.,33878
careerism,n.,33899
conjectural,adj.,33926
dauntless,adj.,33982
bush,n.,34013
fruitfulness,n.,34018
extemporaneous,adj.,34062
betoken,v.,34079
indemnify,v.,34150
venturesome,adj.,34155
impious,adj.,34209
retrograde,adj./v.,34237
thousandfold,adj./adv.,34323
geomagnetic,adj.,34347
lank,adj.,34367
interconnecting,,34448
slothful,adj.,34516
saltiness,n.,34715
impracticality,n.,34723
subtractive,adj.,34803
gambol,n./v.,34837
trainload,n.,34858
rarefy,v.,34861
balloonist,n.,34953
drub,v.,34954
provident,adj.,35182
unfertilized,adj.,35195
lave,v./n.,35196
igneous,adj.,35283
shipload,n.,35361
ductile,adj.,35384
effrontery,n.,35532
sentimentalize,v.,35690
sagacious,adj.,35944
immolate,v.,36015
symbology,n.,36264
temporize,v.,36279
debauch,v./n.,36457
hornbill,n.,36471
moiety,n.,36568
dethrone,v.,36609
administrate,v.,36644
indented,adj.,36710
gabble,v./n.,36875
insubordinate,adj.,36912
sentimentalism,n.,36965
platitudinous,adj.,37039
protract,v.,37286
prospecting,n.,37320
bicameral,adj.,37409
martinet,n.,37538
fogged,adj.,37555
overtire,v.,37567
addle,v./adj.,37606
palpitate,v.,37607
ceremonious,adj.,37612
lithosphere,n.,37627
undistorted,adj.,37726
dissipated,adj.,37791
intruding,v.,37794
brawling,,37935
tableland,n.,37962
atomization,n.,38042
munificent,adj.,38050
irresolute,adj.,38088
importune,v.,38182
chilli,n.,38267
vaporization,n.,38270
propitiate,v.,38295
photosensitive,adj.,38340
polygonal,adj.,38342
reformism,n.,38466
theist,n.,38478
parapsychology,n.,38562
avocational,,38611
calibre,n.,38624
iterate,v.,38640
congruity,n.,38644
springwater,n.,38755
shipwright,n.,38763
immodesty,,38858
petrify,v.,38922
dietetics,n.,38936
parch,v.,38955
gazette,n./v.,39036
exculpate,v.,39121
retentive,adj.,39250
antedate,v.,39293
gage,n./v.,39299
carping,adj.,39504
chromosphere,n.,39512
phonetics,n.,39601
mainspring,n.,39681
declivity,n.,39774
irreproachable,adj.,39794
prevaricate,v.,39840
ichthyosaur,n.,39869
rustproof,adj.,39953
dolorous,adj.,39999
chary,adj.,40272
gilding,n.,40325
supercontinent,n.,40390
dissimulate,v.,40398
ferromagnetic,adj.,40493
obtrude,v.,40698
craftspeople,n.,40758
surpassingly,adv.,40839
masticate,v.,40990
adventitious,adj.,40998
pestilential,adj.,41028
tipple,v./n.,41067
despatch,v./n.,41259
convoke,v.,41305
preeminent,adj.,41385
manoeuvre,n./v.,41423
controvert,v.,41426
postdate,v./n.,41509
adulteration,n.,41561
profitless,adj.,41709
deodorizer,n.,41939
eclat,n.,42156
seismology,n.,42563
vitalism,n.,42645
obloquy,n.,42823
extenuate,v.,42910
factious,adj.,42944
improvident,adj.,43146
despoiler,,43157
stickpin,n.,43241
factitious,adj.,43371
spinet,n.,43384
malediction,n.,43594
disarrange,v.,43686
euphonious,adj.,43790
impassible,adj.,43965
traduce,v.,44516
emolument,n.,44843
euphony,n.,45273
emend,v.,45301
complacence,n.,45326
briskness,n.,45362
embryological,,45382
reheating,,45420
quadrilateral,adj.,45434
airsickness,n.,45524
pearl,n./v.,45772
hirsute,adj.,46255
overbalance,v./n.,46345
conciseness,,46894
tinplate,n.,48118
prate,v./n.,48340
acquainted,adj.,
aesthetical,adj.,
antiquate,v.,
avant-garde,n.,
avouch,v.,
baby-sitter,n.,
bandmaster,n.,
blues,n.,
bowlegged,adj.,
broad-brimmed,,
by-product,n.,
cacti,n.,
captious,adj.,
cast-iron,adj.,
contemn,v.,
crossbones,n.,
crossbreeding,n./v.,
customs,n.,
demagnetize,v.,
detraction,n.,
discompose,v.,
distent,adj.,
disunite,v.,
dripstone,n.,
edentate,adj./n.,
educable,adj.,
educe,v.,
effervesce,v.,
embosom,v.,
endotherm,n.,
endue,v.,
exhilarate,v.,
exocrine,adj.,
eye-catching,adj.,
fagot,n./v.,
famish,v.,
far-reaching,adj.,
flagella,,
flyspeck,n./v.,
frowzy,adj.,
fungi,n.,
galvanization,n.,
garrulity,n.,
hands-on,,
hardheaded,adj.,
hydrosphere,n.,
imprecate,v.,
indiscrimination,n.,
indite,v.,
inducible,adj.,
intersected,adj.,
jewels,n.,
jocose,adj.,
kymograph,n.,
larvae,,
laurels,n.,
limner,n.,
locomote,v.,
locoweed,n.,
long-lasting,adj.,
long-range,adj.,
long-standing,adj.,
manful,adj.,
measures,n.,
mechanics,n.,
midair,n.,
mincing,adj.,
multistory,adj.,
nonhuman,adj.,
nonprofessional,adj.,
nuclei,n.,
nutriment,n.,
oversecretion,,
oxen,,
patricide,n.,
peculate,v.,
petrifaction,n.,
phenomena,n.,
pilferage,n.,
plainspoken,adj.,
plash,n./v.,
platelike,,
prorogue,v.,
recompose,v.,
rentable,adj.,
reorient,v.,
requital,n.,
ruins,n.,
sapience,n.,
savings,n.,
scathe,n./v.,
seamen,,
secretin,n.,
self-sufficient,adj.,
semiarid,adj.,
semiliterate,n.,
semimolten,,
short-range,adj.,
spectra,,
spined,adj.,
stereophotograph,,
stimuli,,
strata,n.,
strings,n.,
subdiscipline,n.,
subduct,v.,
subjected,v.,
superheat,v./n.,
suspender,n.,
tactics,n.,
teens,n.,
telecommuter,,
thousand-fold,adv./adj.,
threadlike,adj.,
three-dimensional,adj.,
time-consuming,adj.,
toed,adj.,
tumid,adj.,
ultrasonics,n.,
unscrupulously,adv.,
upside-down,adj.,
veining,n.,
vitalist,n.,
warrantable,adj.,
weaverbird,n.,
wedge-shaped,adj.,
well-being,adj.,
