word_id,word,pos,meaning_cn,stage,grade,volume,unit,source_type,source_page,confidence
pri-3A-U1-0001,PEP,,,primary,3,3A,U1,wordlist,2,high
pri-3A-U1-0002,Larry Swartz Beth Levy,,,primary,3,3A,U1,text_only,3,high
pri-3A-U1-0003,Fraser Bewick,,,primary,3,3A,U1,text_only,3,high
pri-3A-U1-0004,Copyright by People s Education Press Ltd and Lingo Learning Inc,,,primary,3,3A,U1,wordlist,3,high
pri-3A-U1-0005,No part of this publication may be reproduced or transmitted in any form or by any means,,,primary,3,3A,U1,wordlist,3,high
pri-3A-U1-0006,without permission in writing from the publisher,,,primary,3,3A,U1,wordlist,3,high
pri-3A-U1-0007,http,,,primary,3,3A,U1,text_only,3,high
pri-3A-U1-0008,www,,,primary,3,3A,U1,text_only,3,high
pri-3A-U1-0009,com,,,primary,3,3A,U1,text_only,3,high
pri-3A-U1-0010,cn,,,primary,3,3A,U1,text_only,3,low
pri-3A-U1-0011,jcyjfk,,,primary,3,3A,U1,text_only,3,high
pri-3A-U1-0012,Mike,,,primary,3,3A,U1,text_only,4,high
pri-3A-U1-0013,John,,,primary,3,3A,U1,text_only,4,high
pri-3A-U1-0014,Sarah,,,primary,3,3A,U1,text_only,4,high
pri-3A-U1-0015,Zoom,,,primary,3,3A,U1,text_only,4,high
pri-3A-U1-0016,Zip,,,primary,3,3A,U1,text_only,4,high
pri-3A-U1-0017,Appendix Useful expressions,,,primary,3,3A,U1,wordlist,5,high
pri-3A-U1-0018,Appendix Vocabulary,,,primary,3,3A,U1,wordlist,5,high
pri-3A-U1-0019,Appendix Words in each unit,,,primary,3,3A,U1,wordlist,5,high
pri-3A-U1-0020,CONTENTS,,,primary,3,3A,U1,wordlist,5,high
pri-3A-U1-0021,Recycle,,,primary,3,3A,U1,wordlist,5,high
pri-3A-U1-0022,Hello I m Zoom,,,primary,3,3A,U1,wordlist,7,high
pri-3A-U1-0023,Hello I m Mike,,,primary,3,3A,U1,wordlist,7,high
pri-3A-U1-0024,Hi I m Wu Binbin,,,primary,3,3A,U1,wordlist,7,high
pri-3A-U1-0025,Unit One,,,primary,3,3A,U1,wordlist,7,high
pri-3A-U1-0026,Hi My name s Zip,,,primary,3,3A,U1,wordlist,8,high
pri-3A-U1-0027,My name s Sarah,,,primary,3,3A,U1,wordlist,8,high
pri-3A-U1-0028,Goodbye,,,primary,3,3A,U1,wordlist,8,high
pri-3A-U1-0029,Bye Miss White,,,primary,3,3A,U1,wordlist,8,high
pri-3A-U1-0030,Hello I m Chen Jie,,,primary,3,3A,U1,wordlist,8,high
pri-3A-U1-0031,What s your name,,,primary,3,3A,U1,wordlist,8,high
pri-3A-U1-0032,Hello,,,primary,3,3A,U1,wordlist,8,high
pri-3A-U1-0033,A,,,primary,3,3A,U1,wordlist,9,high
pri-3A-U1-0034,Hi I m John,,,primary,3,3A,U1,wordlist,9,high
pri-3A-U1-0035,Hello I m Liu Xin,,,primary,3,3A,U1,wordlist,9,high
pri-3A-U1-0036,Hi I m Sarah,,,primary,3,3A,U1,wordlist,9,high
pri-3A-U1-0037,Hello I m Wu Binbin,,,primary,3,3A,U1,wordlist,9,high
pri-3A-U1-0038,Hello I m Miss White,,,primary,3,3A,U1,wordlist,9,high
pri-3A-U1-0039,Let s talk,,,primary,3,3A,U1,wordlist,9,high
pri-3A-U1-0040,Let s play,,,primary,3,3A,U1,wordlist,9,high
pri-3A-U1-0041,eraser,,,primary,3,3A,U1,wordlist,10,high
pri-3A-U1-0042,crayon,,,primary,3,3A,U1,wordlist,10,high
pri-3A-U1-0043,pencil,,,primary,3,3A,U1,wordlist,10,high
pri-3A-U1-0044,I have a,,,primary,3,3A,U1,wordlist,10,high
pri-3A-U1-0045,Me too,,,primary,3,3A,U1,wordlist,10,high
pri-3A-U1-0046,I have a Me too,,,primary,3,3A,U1,wordlist,10,high
pri-3A-U1-0047,I have an,,,primary,3,3A,U1,wordlist,10,high
pri-3A-U1-0048,ruler,,,primary,3,3A,U1,wordlist,10,high
pri-3A-U1-0049,I have an eraser,,,primary,3,3A,U1,wordlist,10,high
pri-3A-U1-0050,I have a ruler,,,primary,3,3A,U1,wordlist,10,high
pri-3A-U1-0051,Let s learn,,,primary,3,3A,U1,wordlist,10,high
pri-3A-U1-0052,Let s chant,,,primary,3,3A,U1,wordlist,10,high
pri-3A-U1-0053,Words,,,primary,3,3A,U1,wordlist,10,high
pri-3A-U1-0054,A B C song,,,primary,3,3A,U1,wordlist,11,high
pri-3A-U1-0055,Let s sing,,,primary,3,3A,U1,wordlist,11,high
pri-3A-U1-0056,Let s find out,,,primary,3,3A,U1,wordlist,11,high
pri-3A-U2-0001,Hello I m Mike,,,primary,3,3A,U2,wordlist,12,high
pri-3A-U2-0002,What s your name,,,primary,3,3A,U2,wordlist,12,high
pri-3A-U2-0003,My name s John,,,primary,3,3A,U2,wordlist,12,high
pri-3A-U2-0004,My name s Lily,,,primary,3,3A,U2,wordlist,12,high
pri-3A-U2-0005,Goodbye,,,primary,3,3A,U2,wordlist,12,high
pri-3A-U2-0006,Bye,,,primary,3,3A,U2,wordlist,12,high
pri-3A-U2-0007,Miss White,,,primary,3,3A,U2,wordlist,12,high
pri-3A-U2-0008,B,,,primary,3,3A,U2,wordlist,12,high
pri-3A-U2-0009,Let s talk,,,primary,3,3A,U2,wordlist,12,high
pri-3A-U2-0010,Let s play,,,primary,3,3A,U2,wordlist,12,high
pri-3A-U2-0011,bag,,,primary,3,3A,U2,wordlist,13,high
pri-3A-U2-0012,pen,,,primary,3,3A,U2,wordlist,13,high
pri-3A-U2-0013,pencil box,,,primary,3,3A,U2,wordlist,13,high
pri-3A-U2-0014,book,,,primary,3,3A,U2,wordlist,13,high
pri-3A-U2-0015,Open your,,,primary,3,3A,U2,wordlist,13,high
pri-3A-U2-0016,Show me your pen,,,primary,3,3A,U2,wordlist,13,high
pri-3A-U2-0017,Close your book,,,primary,3,3A,U2,wordlist,13,high
pri-3A-U2-0018,Carry your bag,,,primary,3,3A,U2,wordlist,13,high
pri-3A-U2-0019,Oh no,,,primary,3,3A,U2,wordlist,13,high
pri-3A-U2-0020,Zoom Your bag,,,primary,3,3A,U2,wordlist,13,high
pri-3A-U2-0021,Let s learn,,,primary,3,3A,U2,wordlist,13,high
pri-3A-U2-0022,Let s do,,,primary,3,3A,U2,wordlist,13,high
pri-3A-U2-0023,Words,,,primary,3,3A,U2,wordlist,13,high
pri-3A-U2-0024,a,,,primary,3,3A,U2,wordlist,14,high
pri-3A-U2-0025,c,,,primary,3,3A,U2,wordlist,14,high
pri-3A-U2-0026,o,,,primary,3,3A,U2,wordlist,14,high
pri-3A-U2-0027,e,,,primary,3,3A,U2,wordlist,14,high
pri-3A-U2-0028,j,,,primary,3,3A,U2,wordlist,14,high
pri-3A-U2-0029,d,,,primary,3,3A,U2,wordlist,14,high
pri-3A-U2-0030,q,,,primary,3,3A,U2,wordlist,14,high
pri-3A-U2-0031,g,,,primary,3,3A,U2,wordlist,14,high
pri-3A-U2-0032,H,,,primary,3,3A,U2,wordlist,14,high
pri-3A-U2-0033,N,,,primary,3,3A,U2,wordlist,14,high
pri-3A-U2-0034,Z,,,primary,3,3A,U2,wordlist,14,high
pri-3A-U2-0035,P,,,primary,3,3A,U2,wordlist,14,high
pri-3A-U2-0036,pencil,,,primary,3,3A,U2,wordlist,14,high
pri-3A-U2-0037,ruler,,,primary,3,3A,U2,wordlist,14,high
pri-3A-U2-0038,crayon,,,primary,3,3A,U2,wordlist,14,high
pri-3A-U2-0039,eraser,,,primary,3,3A,U2,wordlist,14,high
pri-3A-U2-0040,Start to read,,,primary,3,3A,U2,wordlist,14,high
pri-3A-U2-0041,Read and count,,,primary,3,3A,U2,wordlist,14,high
pri-3A-U2-0042,Circle the same letters,,,primary,3,3A,U2,wordlist,14,high
pri-3A-U2-0043,Hello Sarah Do oh do Hello John Do oh do,,,primary,3,3A,U2,wordlist,15,high
pri-3A-U2-0044,Hello Mike Do oh do Hello Hello Hello,,,primary,3,3A,U2,wordlist,15,high
pri-3A-U2-0045,Let s check,,,primary,3,3A,U2,wordlist,15,high
pri-3A-U2-0046,Let s sing,,,primary,3,3A,U2,wordlist,15,high
pri-3A-U2-0047,Look and match,,,primary,3,3A,U2,wordlist,15,high
pri-3A-U2-0048,Listen and number,,,primary,3,3A,U2,wordlist,15,high
pri-3A-U2-0049,Hello,,,primary,3,3A,U2,wordlist,15,high
pri-3A-U2-0050,Great,,,primary,3,3A,U2,wordlist,16,high
pri-3A-U2-0051,Hi Zip,,,primary,3,3A,U2,wordlist,16,high
pri-3A-U2-0052,My name s Zoom,,,primary,3,3A,U2,wordlist,16,high
pri-3A-U2-0053,OK,,,primary,3,3A,U2,wordlist,16,high
pri-3A-U2-0054,Haha,,,primary,3,3A,U2,wordlist,16,high
pri-3A-U2-0055,I m Zip,,,primary,3,3A,U2,wordlist,16,high
pri-3A-U2-0056,No,,,primary,3,3A,U2,wordlist,16,high
pri-3A-U2-0057,Guess,,,primary,3,3A,U2,wordlist,16,high
pri-3A-U2-0058,Are you Tutu,,,primary,3,3A,U2,wordlist,16,high
pri-3A-U2-0059,Hi,,,primary,3,3A,U2,wordlist,16,high
pri-3A-U2-0060,Who s there,,,primary,3,3A,U2,wordlist,16,high
pri-3A-U2-0061,Story time,,,primary,3,3A,U2,wordlist,16,high
pri-3A-U2-0062,Let s paint,,,primary,3,3A,U2,wordlist,17,high
pri-3A-U2-0063,Good afternoon,,,primary,3,3A,U2,wordlist,17,high
pri-3A-U2-0064,Good afternoon Binbin,,,primary,3,3A,U2,wordlist,17,high
pri-3A-U2-0065,Unit Two,,,primary,3,3A,U2,wordlist,17,high
pri-3A-U2-0066,Nice to meet you,,,primary,3,3A,U2,wordlist,18,high
pri-3A-U2-0067,Nice to meet you too,,,primary,3,3A,U2,wordlist,18,high
pri-3A-U2-0068,Colours,,,primary,3,3A,U2,wordlist,18,high
pri-3A-U2-0069,Dad this is,,,primary,3,3A,U2,wordlist,18,high
pri-3A-U2-0070,Mr Jones,,,primary,3,3A,U2,wordlist,18,high
pri-3A-U2-0071,This is Miss Green,,,primary,3,3A,U2,wordlist,19,high
pri-3A-U2-0072,This is Mr Jones,,,primary,3,3A,U2,wordlist,19,high
pri-3A-U2-0073,Good morning,,,primary,3,3A,U2,wordlist,19,high
pri-3A-U2-0074,Miss Green,,,primary,3,3A,U2,wordlist,19,high
pri-3A-U2-0075,Draw and say,,,primary,3,3A,U2,wordlist,19,high
pri-3A-U2-0076,I see red,,,primary,3,3A,U2,wordlist,20,high
pri-3A-U2-0077,I see green,,,primary,3,3A,U2,wordlist,20,high
pri-3A-U2-0078,red yellow,,,primary,3,3A,U2,wordlist,20,high
pri-3A-U2-0079,green,,,primary,3,3A,U2,wordlist,20,high
pri-3A-U2-0080,blue,,,primary,3,3A,U2,wordlist,20,high
pri-3A-U2-0081,Show me red,,,primary,3,3A,U2,wordlist,20,high
pri-3A-U2-0082,Show me green,,,primary,3,3A,U2,wordlist,20,high
pri-3A-U2-0083,Show me yellow,,,primary,3,3A,U2,wordlist,20,high
pri-3A-U2-0084,Show me blue,,,primary,3,3A,U2,wordlist,20,high
pri-3A-U2-0085,ant,,,primary,3,3A,U2,wordlist,21,high
pri-3A-U2-0086,apple,,,primary,3,3A,U2,wordlist,21,high
pri-3A-U2-0087,cat,,,primary,3,3A,U2,wordlist,21,high
pri-3A-U2-0088,dog,,,primary,3,3A,U2,wordlist,21,high
pri-3A-U2-0089,duck,,,primary,3,3A,U2,wordlist,21,high
pri-3A-U2-0090,b d,,,primary,3,3A,U2,wordlist,21,high
pri-3A-U2-0091,c d,,,primary,3,3A,U2,wordlist,21,high
pri-3A-U2-0092,b c,,,primary,3,3A,U2,wordlist,21,high
pri-3A-U2-0093,c b,,,primary,3,3A,U2,wordlist,21,high
pri-3A-U2-0094,d b,,,primary,3,3A,U2,wordlist,21,high
pri-3A-U2-0095,Letters and sounds,,,primary,3,3A,U2,wordlist,21,high
pri-3A-U2-0096,Listen repeat and chant,,,primary,3,3A,U2,wordlist,21,high
pri-3A-U2-0097,Listen and circle,,,primary,3,3A,U2,wordlist,21,high
pri-3A-U2-0098,Write and say,,,primary,3,3A,U2,wordlist,21,high
pri-3A-U3-0001,B,,,primary,3,3A,U3,wordlist,22,high
pri-3A-U3-0002,Let s talk,,,primary,3,3A,U3,wordlist,22,high
pri-3A-U3-0003,Let s play,,,primary,3,3A,U3,wordlist,22,high
pri-3A-U3-0004,Nice to meet you too,,,primary,3,3A,U3,wordlist,22,high
pri-3A-U3-0005,Good afternoon,,,primary,3,3A,U3,wordlist,22,high
pri-3A-U3-0006,Nice to meet you,,,primary,3,3A,U3,wordlist,22,high
pri-3A-U3-0007,Chen Jie This is Zoom,,,primary,3,3A,U3,wordlist,22,high
pri-3A-U3-0008,Hello Zoom This is Zip,,,primary,3,3A,U3,wordlist,22,high
pri-3A-U3-0009,Wu Binbin,,,primary,3,3A,U3,wordlist,22,high
pri-3A-U3-0010,Hi Mum,,,primary,3,3A,U3,wordlist,22,high
pri-3A-U3-0011,This is Wu Binbin,,,primary,3,3A,U3,wordlist,22,high
pri-3A-U3-0012,OK,,,primary,3,3A,U3,wordlist,23,high
pri-3A-U3-0013,Black black,,,primary,3,3A,U3,wordlist,23,high
pri-3A-U3-0014,Stand up,,,primary,3,3A,U3,wordlist,23,high
pri-3A-U3-0015,Orange orange,,,primary,3,3A,U3,wordlist,23,high
pri-3A-U3-0016,Sit down,,,primary,3,3A,U3,wordlist,23,high
pri-3A-U3-0017,White white,,,primary,3,3A,U3,wordlist,23,high
pri-3A-U3-0018,Touch the ground,,,primary,3,3A,U3,wordlist,23,high
pri-3A-U3-0019,Brown brown,,,primary,3,3A,U3,wordlist,23,high
pri-3A-U3-0020,Turn around,,,primary,3,3A,U3,wordlist,23,high
pri-3A-U3-0021,Colour it brown,,,primary,3,3A,U3,wordlist,23,high
pri-3A-U3-0022,white,,,primary,3,3A,U3,wordlist,23,high
pri-3A-U3-0023,orange,,,primary,3,3A,U3,wordlist,23,high
pri-3A-U3-0024,black,,,primary,3,3A,U3,wordlist,23,high
pri-3A-U3-0025,brown,,,primary,3,3A,U3,wordlist,23,high
pri-3A-U3-0026,Let s learn,,,primary,3,3A,U3,wordlist,23,high
pri-3A-U3-0027,Let s do,,,primary,3,3A,U3,wordlist,23,high
pri-3A-U3-0028,Words,,,primary,3,3A,U3,wordlist,23,high
pri-3A-U3-0029,blue,,,primary,3,3A,U3,wordlist,24,high
pri-3A-U3-0030,red,,,primary,3,3A,U3,wordlist,24,high
pri-3A-U3-0031,green,,,primary,3,3A,U3,wordlist,24,high
pri-3A-U3-0032,yellow,,,primary,3,3A,U3,wordlist,24,high
pri-3A-U3-0033,I see C a D,,,primary,3,3A,U3,wordlist,24,high
pri-3A-U3-0034,Start to read,,,primary,3,3A,U3,wordlist,24,high
pri-3A-U3-0035,Read and tick,,,primary,3,3A,U3,wordlist,24,high
pri-3A-U3-0036,Find and say,,,primary,3,3A,U3,wordlist,24,high
pri-3A-U3-0037,Let s check,,,primary,3,3A,U3,wordlist,25,high
pri-3A-U3-0038,Match and colour,,,primary,3,3A,U3,wordlist,25,high
pri-3A-U3-0039,Listen and tick or cross,,,primary,3,3A,U3,wordlist,25,high
pri-3A-U3-0040,Red and yellow and pink and green,,,primary,3,3A,U3,wordlist,25,high
pri-3A-U3-0041,Purple and orange and blue,,,primary,3,3A,U3,wordlist,25,high
pri-3A-U3-0042,I can sing a rainbow sing a rainbow,,,primary,3,3A,U3,wordlist,25,high
pri-3A-U3-0043,Sing a rainbow now,,,primary,3,3A,U3,wordlist,25,high
pri-3A-U3-0044,Colour song,,,primary,3,3A,U3,wordlist,25,high
pri-3A-U3-0045,Let s sing,,,primary,3,3A,U3,wordlist,25,high
pri-3A-U3-0046,C,,,primary,3,3A,U3,wordlist,26,high
pri-3A-U3-0047,Good morning,,,primary,3,3A,U3,wordlist,26,high
pri-3A-U3-0048,Zoom,,,primary,3,3A,U3,wordlist,26,high
pri-3A-U3-0049,Zip,,,primary,3,3A,U3,wordlist,26,high
pri-3A-U3-0050,How are you,,,primary,3,3A,U3,wordlist,26,high
pri-3A-U3-0051,Fine,,,primary,3,3A,U3,wordlist,26,high
pri-3A-U3-0052,thank you,,,primary,3,3A,U3,wordlist,26,high
pri-3A-U3-0053,Wow,,,primary,3,3A,U3,wordlist,26,high
pri-3A-U3-0054,Flowers,,,primary,3,3A,U3,wordlist,26,high
pri-3A-U3-0055,A red flower,,,primary,3,3A,U3,wordlist,26,high
pri-3A-U3-0056,A yellow flower,,,primary,3,3A,U3,wordlist,26,high
pri-3A-U3-0057,A blue flower,,,primary,3,3A,U3,wordlist,26,high
pri-3A-U3-0058,look,,,primary,3,3A,U3,wordlist,26,high
pri-3A-U3-0059,Story time,,,primary,3,3A,U3,wordlist,26,high
pri-3A-U3-0060,I m fine thank you,,,primary,3,3A,U3,wordlist,27,high
pri-3A-U3-0061,Unit Three,,,primary,3,3A,U3,wordlist,27,high
pri-3A-U3-0062,Very well thanks,,,primary,3,3A,U3,wordlist,28,high
pri-3A-U3-0063,Look at me,,,primary,3,3A,U3,wordlist,28,high
pri-3A-U3-0064,Look at my nose,,,primary,3,3A,U3,wordlist,28,high
pri-3A-U3-0065,A,,,primary,3,3A,U3,wordlist,29,high
pri-3A-U3-0066,Hello Hello,,,primary,3,3A,U3,wordlist,29,high
pri-3A-U3-0067,I m fine thank you Let s go to school,,,primary,3,3A,U3,wordlist,29,high
pri-3A-U3-0068,Open your mouth,,,primary,3,3A,U3,wordlist,30,high
pri-3A-U3-0069,Close your eyes,,,primary,3,3A,U3,wordlist,30,high
pri-3A-U3-0070,Touch your nose,,,primary,3,3A,U3,wordlist,30,high
pri-3A-U3-0071,Touch your face,,,primary,3,3A,U3,wordlist,30,high
pri-3A-U3-0072,Touch your ear,,,primary,3,3A,U3,wordlist,30,high
pri-3A-U3-0073,This is my face,,,primary,3,3A,U3,wordlist,30,high
pri-3A-U3-0074,ear,,,primary,3,3A,U3,wordlist,30,high
pri-3A-U3-0075,eye,,,primary,3,3A,U3,wordlist,30,high
pri-3A-U3-0076,nose,,,primary,3,3A,U3,wordlist,30,high
pri-3A-U3-0077,mouth,,,primary,3,3A,U3,wordlist,30,high
pri-3A-U3-0078,face,,,primary,3,3A,U3,wordlist,30,high
pri-3A-U3-0079,egg,,,primary,3,3A,U3,wordlist,31,high
pri-3A-U3-0080,elephant,,,primary,3,3A,U3,wordlist,31,high
pri-3A-U3-0081,hand,,,primary,3,3A,U3,wordlist,31,high
pri-3A-U3-0082,foot,,,primary,3,3A,U3,wordlist,31,high
pri-3A-U3-0083,ice,,,primary,3,3A,U3,wordlist,31,high
pri-3A-U3-0084,g d,,,primary,3,3A,U3,wordlist,31,high
pri-3A-U3-0085,c h,,,primary,3,3A,U3,wordlist,31,high
pri-3A-U3-0086,r f,,,primary,3,3A,U3,wordlist,31,high
pri-3A-U3-0087,a e,,,primary,3,3A,U3,wordlist,31,high
pri-3A-U3-0088,i a,,,primary,3,3A,U3,wordlist,31,high
pri-3A-U3-0089,hi,,,primary,3,3A,U3,wordlist,31,high
pri-3A-U3-0090,ice cream,,,primary,3,3A,U3,wordlist,31,high
pri-3A-U3-0091,gift,,,primary,3,3A,U3,wordlist,31,high
pri-3A-U3-0092,Listen repeat and chant,,,primary,3,3A,U3,wordlist,31,high
pri-3A-U3-0093,Listen and circle,,,primary,3,3A,U3,wordlist,31,high
pri-3A-U3-0094,Write and say,,,primary,3,3A,U3,wordlist,31,high
pri-3A-U3-0095,Letters and sounds,,,primary,3,3A,U3,wordlist,31,high
pri-3A-U4-0001,I m fine,,,primary,3,3A,U4,wordlist,32,high
pri-3A-U4-0002,B,,,primary,3,3A,U4,wordlist,32,high
pri-3A-U4-0003,Let s make a puppet,,,primary,3,3A,U4,wordlist,32,high
pri-3A-U4-0004,Great,,,primary,3,3A,U4,wordlist,32,high
pri-3A-U4-0005,Very well thanks,,,primary,3,3A,U4,wordlist,32,high
pri-3A-U4-0006,Hi Mike,,,primary,3,3A,U4,wordlist,32,high
pri-3A-U4-0007,How are you,,,primary,3,3A,U4,wordlist,32,high
pri-3A-U4-0008,Let s talk,,,primary,3,3A,U4,wordlist,32,high
pri-3A-U4-0009,Let s play,,,primary,3,3A,U4,wordlist,32,high
pri-3A-U4-0010,thank you,,,primary,3,3A,U4,wordlist,32,high
pri-3A-U4-0011,Hi John,,,primary,3,3A,U4,wordlist,32,high
pri-3A-U4-0012,Very well,,,primary,3,3A,U4,wordlist,32,high
pri-3A-U4-0013,thanks,,,primary,3,3A,U4,wordlist,32,high
pri-3A-U4-0014,Hi Chen Jie,,,primary,3,3A,U4,wordlist,32,high
pri-3A-U4-0015,Ok,,,primary,3,3A,U4,wordlist,33,high
pri-3A-U4-0016,Clap your hands,,,primary,3,3A,U4,wordlist,33,high
pri-3A-U4-0017,Touch your head,,,primary,3,3A,U4,wordlist,33,high
pri-3A-U4-0018,Wave your arms,,,primary,3,3A,U4,wordlist,33,high
pri-3A-U4-0019,Shake your legs,,,primary,3,3A,U4,wordlist,33,high
pri-3A-U4-0020,This is the leg,,,primary,3,3A,U4,wordlist,33,high
pri-3A-U4-0021,Shake your body,,,primary,3,3A,U4,wordlist,33,high
pri-3A-U4-0022,Stamp your foot,,,primary,3,3A,U4,wordlist,33,high
pri-3A-U4-0023,head,,,primary,3,3A,U4,wordlist,33,high
pri-3A-U4-0024,leg,,,primary,3,3A,U4,wordlist,33,high
pri-3A-U4-0025,foot,,,primary,3,3A,U4,wordlist,33,high
pri-3A-U4-0026,arm,,,primary,3,3A,U4,wordlist,33,high
pri-3A-U4-0027,body,,,primary,3,3A,U4,wordlist,33,high
pri-3A-U4-0028,hand,,,primary,3,3A,U4,wordlist,33,high
pri-3A-U4-0029,This is the arm,,,primary,3,3A,U4,wordlist,33,high
pri-3A-U4-0030,Let s learn,,,primary,3,3A,U4,wordlist,33,high
pri-3A-U4-0031,Let s do,,,primary,3,3A,U4,wordlist,33,high
pri-3A-U4-0032,Words,,,primary,3,3A,U4,wordlist,33,high
pri-3A-U4-0033,I see E i,,,primary,3,3A,U4,wordlist,34,high
pri-3A-U4-0034,ear,,,primary,3,3A,U4,wordlist,34,high
pri-3A-U4-0035,mouth,,,primary,3,3A,U4,wordlist,34,high
pri-3A-U4-0036,nose,,,primary,3,3A,U4,wordlist,34,high
pri-3A-U4-0037,eye,,,primary,3,3A,U4,wordlist,34,high
pri-3A-U4-0038,Start to read,,,primary,3,3A,U4,wordlist,34,high
pri-3A-U4-0039,Read and count,,,primary,3,3A,U4,wordlist,34,high
pri-3A-U4-0040,Find and say,,,primary,3,3A,U4,wordlist,34,high
pri-3A-U4-0041,Look and match,,,primary,3,3A,U4,wordlist,35,high
pri-3A-U4-0042,Head and shoulders knees and toes knees and toes,,,primary,3,3A,U4,wordlist,35,high
pri-3A-U4-0043,Eyes and ears and mouth and nose,,,primary,3,3A,U4,wordlist,35,high
pri-3A-U4-0044,Head and shoulders knees and toes,,,primary,3,3A,U4,wordlist,35,high
pri-3A-U4-0045,Let s sing,,,primary,3,3A,U4,wordlist,35,high
pri-3A-U4-0046,Let s check,,,primary,3,3A,U4,wordlist,35,high
pri-3A-U4-0047,Listen and number,,,primary,3,3A,U4,wordlist,35,high
pri-3A-U5-0001,C,,,primary,3,3A,U5,wordlist,36,high
pri-3A-U5-0002,Let s make,,,primary,3,3A,U5,wordlist,36,high
pri-3A-U5-0003,a puppet,,,primary,3,3A,U5,wordlist,36,high
pri-3A-U5-0004,First make,,,primary,3,3A,U5,wordlist,36,high
pri-3A-U5-0005,the head,,,primary,3,3A,U5,wordlist,36,high
pri-3A-U5-0006,Then make,,,primary,3,3A,U5,wordlist,36,high
pri-3A-U5-0007,the body,,,primary,3,3A,U5,wordlist,36,high
pri-3A-U5-0008,Good,,,primary,3,3A,U5,wordlist,36,high
pri-3A-U5-0009,idea,,,primary,3,3A,U5,wordlist,36,high
pri-3A-U5-0010,Let s play with,,,primary,3,3A,U5,wordlist,36,high
pri-3A-U5-0011,the puppet,,,primary,3,3A,U5,wordlist,36,high
pri-3A-U5-0012,Look An arm,,,primary,3,3A,U5,wordlist,36,high
pri-3A-U5-0013,and a leg,,,primary,3,3A,U5,wordlist,36,high
pri-3A-U5-0014,Goodbye,,,primary,3,3A,U5,wordlist,36,high
pri-3A-U5-0015,Story time,,,primary,3,3A,U5,wordlist,36,high
pri-3A-U5-0016,Morning,,,primary,3,3A,U5,wordlist,37,high
pri-3A-U5-0017,Good morning,,,primary,3,3A,U5,wordlist,37,high
pri-3A-U5-0018,I m Chen Jie,,,primary,3,3A,U5,wordlist,37,high
pri-3A-U5-0019,This is Sarah,,,primary,3,3A,U5,wordlist,37,high
pri-3A-U5-0020,Hello,,,primary,3,3A,U5,wordlist,37,high
pri-3A-U5-0021,My name s,,,primary,3,3A,U5,wordlist,37,high
pri-3A-U5-0022,Zip,,,primary,3,3A,U5,wordlist,37,high
pri-3A-U5-0023,I m Zoom,,,primary,3,3A,U5,wordlist,37,high
pri-3A-U5-0024,Hey,,,primary,3,3A,U5,wordlist,37,high
pri-3A-U5-0025,Bye,,,primary,3,3A,U5,wordlist,37,high
pri-3A-U5-0026,Brown,,,primary,3,3A,U5,wordlist,37,high
pri-3A-U5-0027,arms,,,primary,3,3A,U5,wordlist,37,high
pri-3A-U5-0028,Look,,,primary,3,3A,U5,wordlist,37,high
pri-3A-U5-0029,Zoom and Zip,,,primary,3,3A,U5,wordlist,37,high
pri-3A-U5-0030,White,,,primary,3,3A,U5,wordlist,37,high
pri-3A-U5-0031,hands,,,primary,3,3A,U5,wordlist,37,high
pri-3A-U5-0032,Can you act it out,,,primary,3,3A,U5,wordlist,37,high
pri-3A-U5-0033,Recycle,,,primary,3,3A,U5,wordlist,37,high
pri-3A-U5-0034,Read aloud,,,primary,3,3A,U5,wordlist,37,high
pri-3A-U5-0035,Listen and colour,,,primary,3,3A,U5,wordlist,38,high
pri-3A-U5-0036,a yellow body,,,primary,3,3A,U5,wordlist,38,high
pri-3A-U5-0037,a red body,,,primary,3,3A,U5,wordlist,38,high
pri-3A-U5-0038,blue arms,,,primary,3,3A,U5,wordlist,38,high
pri-3A-U5-0039,brown arms,,,primary,3,3A,U5,wordlist,38,high
pri-3A-U5-0040,a red mouth a white mouth,,,primary,3,3A,U5,wordlist,38,high
pri-3A-U5-0041,orange eyes black eyes,,,primary,3,3A,U5,wordlist,38,high
pri-3A-U5-0042,I see,,,primary,3,3A,U5,wordlist,38,high
pri-3A-U5-0043,Look and tick,,,primary,3,3A,U5,wordlist,38,high
pri-3A-U5-0044,Go up the ladders Go down the snakes,,,primary,3,3A,U5,wordlist,39,high
pri-3A-U5-0045,Start,,,primary,3,3A,U5,wordlist,39,high
pri-3A-U5-0046,Match write and read aloud,,,primary,3,3A,U5,wordlist,40,high
pri-3A-U5-0047,Sing a song,,,primary,3,3A,U5,wordlist,40,high
pri-3A-U5-0048,Hello Mike Hello Chen Jie Hello hello How are you,,,primary,3,3A,U5,wordlist,40,high
pri-3A-U5-0049,This is Mary This is Willy Nice to meet you How are you,,,primary,3,3A,U5,wordlist,40,high
pri-3A-U5-0050,I m fine I m fine Thank you thank you very much,,,primary,3,3A,U5,wordlist,40,high
pri-3A-U5-0051,How are you,,,primary,3,3A,U5,wordlist,40,high
pri-3A-U5-0052,Look a panda,,,primary,3,3A,U5,wordlist,41,high
pri-3A-U5-0053,It s an elephant,,,primary,3,3A,U5,wordlist,41,high
pri-3A-U5-0054,Cool I like it,,,primary,3,3A,U5,wordlist,41,high
pri-3A-U5-0055,What s that,,,primary,3,3A,U5,wordlist,41,high
pri-3A-U5-0056,Unit Four,,,primary,3,3A,U5,wordlist,41,high
pri-3A-U5-0057,Look Zoom,,,primary,3,3A,U5,wordlist,42,high
pri-3A-U5-0058,What s this,,,primary,3,3A,U5,wordlist,42,high
pri-3A-U5-0059,It s a bear,,,primary,3,3A,U5,wordlist,42,high
pri-3A-U5-0060,We love,,,primary,3,3A,U5,wordlist,42,high
pri-3A-U5-0061,animals,,,primary,3,3A,U5,wordlist,42,high
pri-3A-U5-0062,A,,,primary,3,3A,U5,wordlist,43,high
pri-3A-U5-0063,It s a duck,,,primary,3,3A,U5,wordlist,43,high
pri-3A-U5-0064,It s a dog,,,primary,3,3A,U5,wordlist,43,high
pri-3A-U5-0065,Oh it s Zoom,,,primary,3,3A,U5,wordlist,43,high
pri-3A-U5-0066,Oh no,,,primary,3,3A,U5,wordlist,43,high
pri-3A-U5-0067,Let s talk,,,primary,3,3A,U5,wordlist,43,high
pri-3A-U5-0068,Let s play,,,primary,3,3A,U5,wordlist,43,high
pri-3A-U5-0069,Look at the cat It is fat,,,primary,3,3A,U5,wordlist,44,high
pri-3A-U5-0070,Look at the pig It is big,,,primary,3,3A,U5,wordlist,44,high
pri-3A-U5-0071,Look at the dog It s on the log,,,primary,3,3A,U5,wordlist,44,high
pri-3A-U5-0072,Look at the duck It s in the truck,,,primary,3,3A,U5,wordlist,44,high
pri-3A-U5-0073,Look at the bear It s on the pear,,,primary,3,3A,U5,wordlist,44,high
pri-3A-U5-0074,cat,,,primary,3,3A,U5,wordlist,44,high
pri-3A-U5-0075,bear,,,primary,3,3A,U5,wordlist,44,high
pri-3A-U5-0076,pig,,,primary,3,3A,U5,wordlist,44,high
pri-3A-U5-0077,duck,,,primary,3,3A,U5,wordlist,44,high
pri-3A-U5-0078,dog,,,primary,3,3A,U5,wordlist,44,high
pri-3A-U5-0079,Let s learn,,,primary,3,3A,U5,wordlist,44,high
pri-3A-U5-0080,Words,,,primary,3,3A,U5,wordlist,44,high
pri-3A-U5-0081,Let s chant,,,primary,3,3A,U5,wordlist,44,high
pri-3A-U5-0082,jeep,,,primary,3,3A,U5,wordlist,45,high
pri-3A-U5-0083,jump,,,primary,3,3A,U5,wordlist,45,high
pri-3A-U5-0084,kite,,,primary,3,3A,U5,wordlist,45,high
pri-3A-U5-0085,Kate,,,primary,3,3A,U5,wordlist,45,high
pri-3A-U5-0086,milk,,,primary,3,3A,U5,wordlist,45,high
pri-3A-U5-0087,nose,,,primary,3,3A,U5,wordlist,45,high
pri-3A-U5-0088,g j,,,primary,3,3A,U5,wordlist,45,high
pri-3A-U5-0089,l n,,,primary,3,3A,U5,wordlist,45,high
pri-3A-U5-0090,k c,,,primary,3,3A,U5,wordlist,45,high
pri-3A-U5-0091,m n,,,primary,3,3A,U5,wordlist,45,high
pri-3A-U5-0092,long,,,primary,3,3A,U5,wordlist,45,high
pri-3A-U5-0093,leg,,,primary,3,3A,U5,wordlist,45,high
pri-3A-U5-0094,mum,,,primary,3,3A,U5,wordlist,45,high
pri-3A-U5-0095,noodles,,,primary,3,3A,U5,wordlist,45,high
pri-3A-U5-0096,Listen repeat and chant,,,primary,3,3A,U5,wordlist,45,high
pri-3A-U5-0097,Listen and circle,,,primary,3,3A,U5,wordlist,45,high
pri-3A-U5-0098,Write and say,,,primary,3,3A,U5,wordlist,45,high
pri-3A-U5-0099,Letters and sounds,,,primary,3,3A,U5,wordlist,45,high
pri-3A-U6-0001,B,,,primary,3,3A,U6,wordlist,46,high
pri-3A-U6-0002,What s that,,,primary,3,3A,U6,wordlist,46,high
pri-3A-U6-0003,It s a panda I like it,,,primary,3,3A,U6,wordlist,46,high
pri-3A-U6-0004,Thanks,,,primary,3,3A,U6,wordlist,46,high
pri-3A-U6-0005,Guess,,,primary,3,3A,U6,wordlist,46,high
pri-3A-U6-0006,Cool I like it,,,primary,3,3A,U6,wordlist,46,high
pri-3A-U6-0007,Look A funny dog,,,primary,3,3A,U6,wordlist,46,high
pri-3A-U6-0008,A bear,,,primary,3,3A,U6,wordlist,46,high
pri-3A-U6-0009,No It s a panda,,,primary,3,3A,U6,wordlist,46,high
pri-3A-U6-0010,Let s talk,,,primary,3,3A,U6,wordlist,46,high
pri-3A-U6-0011,Let s play,,,primary,3,3A,U6,wordlist,46,high
pri-3A-U6-0012,Ok,,,primary,3,3A,U6,wordlist,47,high
pri-3A-U6-0013,Act like,,,primary,3,3A,U6,wordlist,47,high
pri-3A-U6-0014,an elephant,,,primary,3,3A,U6,wordlist,47,high
pri-3A-U6-0015,Act like a bird,,,primary,3,3A,U6,wordlist,47,high
pri-3A-U6-0016,Act like a tiger,,,primary,3,3A,U6,wordlist,47,high
pri-3A-U6-0017,a monkey,,,primary,3,3A,U6,wordlist,47,high
pri-3A-U6-0018,Act like a panda,,,primary,3,3A,U6,wordlist,47,high
pri-3A-U6-0019,elephant,,,primary,3,3A,U6,wordlist,47,high
pri-3A-U6-0020,monkey,,,primary,3,3A,U6,wordlist,47,high
pri-3A-U6-0021,bird,,,primary,3,3A,U6,wordlist,47,high
pri-3A-U6-0022,zoo,,,primary,3,3A,U6,wordlist,47,high
pri-3A-U6-0023,tiger,,,primary,3,3A,U6,wordlist,47,high
pri-3A-U6-0024,panda,,,primary,3,3A,U6,wordlist,47,high
pri-3A-U6-0025,It s a tiger,,,primary,3,3A,U6,wordlist,47,high
pri-3A-U6-0026,Let s learn,,,primary,3,3A,U6,wordlist,47,high
pri-3A-U6-0027,Let s do,,,primary,3,3A,U6,wordlist,47,high
pri-3A-U6-0028,Words,,,primary,3,3A,U6,wordlist,47,high
pri-3A-U6-0029,I see K j,,,primary,3,3A,U6,wordlist,48,high
pri-3A-U6-0030,cat,,,primary,3,3A,U6,wordlist,48,high
pri-3A-U6-0031,dog,,,primary,3,3A,U6,wordlist,48,high
pri-3A-U6-0032,pig,,,primary,3,3A,U6,wordlist,48,high
pri-3A-U6-0033,Start to read,,,primary,3,3A,U6,wordlist,48,high
pri-3A-U6-0034,Read and count,,,primary,3,3A,U6,wordlist,48,high
pri-3A-U6-0035,Find and say,,,primary,3,3A,U6,wordlist,48,high
pri-3A-U6-0036,Look and match,,,primary,3,3A,U6,wordlist,49,high
pri-3A-U6-0037,Old MacDonald had a farm E-I-E-I-O,,,primary,3,3A,U6,wordlist,49,high
pri-3A-U6-0038,And on that farm he had some ducks E-I-E-I-O,,,primary,3,3A,U6,wordlist,49,high
pri-3A-U6-0039,With a quack quack here and a quack quack there,,,primary,3,3A,U6,wordlist,49,high
pri-3A-U6-0040,Here a quack there a quack everywhere a quack quack,,,primary,3,3A,U6,wordlist,49,high
pri-3A-U6-0041,Old MacDonald,,,primary,3,3A,U6,wordlist,49,high
pri-3A-U6-0042,pig tiger bear dog elephant duck bird,,,primary,3,3A,U6,wordlist,49,high
pri-3A-U6-0043,Let s sing,,,primary,3,3A,U6,wordlist,49,high
pri-3A-U6-0044,Let s check,,,primary,3,3A,U6,wordlist,49,high
pri-3A-U6-0045,Listen and number,,,primary,3,3A,U6,wordlist,49,high
pri-3A-U6-0046,C,,,primary,3,3A,U6,wordlist,50,high
pri-3A-U6-0047,Hello Pig,,,primary,3,3A,U6,wordlist,50,high
pri-3A-U6-0048,Follow me,,,primary,3,3A,U6,wordlist,50,high
pri-3A-U6-0049,Hello Dog,,,primary,3,3A,U6,wordlist,50,high
pri-3A-U6-0050,Follow Pig,,,primary,3,3A,U6,wordlist,50,high
pri-3A-U6-0051,Hello Duck,,,primary,3,3A,U6,wordlist,50,high
pri-3A-U6-0052,Follow Zoom Follow,,,primary,3,3A,U6,wordlist,50,high
pri-3A-U6-0053,Pig Follow me,,,primary,3,3A,U6,wordlist,50,high
pri-3A-U6-0054,Hello Rabbit,,,primary,3,3A,U6,wordlist,50,high
pri-3A-U6-0055,Pig Follow Dog,,,primary,3,3A,U6,wordlist,50,high
pri-3A-U6-0056,I have a carrot,,,primary,3,3A,U6,wordlist,50,high
pri-3A-U6-0057,Follow Zip,,,primary,3,3A,U6,wordlist,50,high
pri-3A-U6-0058,Story time,,,primary,3,3A,U6,wordlist,50,high
pri-3A-U6-0059,Can I have some milk,,,primary,3,3A,U6,wordlist,51,high
pri-3A-U6-0060,Have some cake,,,primary,3,3A,U6,wordlist,51,high
pri-3A-U6-0061,Here you are,,,primary,3,3A,U6,wordlist,51,high
pri-3A-U6-0062,You re welcome,,,primary,3,3A,U6,wordlist,51,high
pri-3A-U6-0063,I d like some,,,primary,3,3A,U6,wordlist,51,high
pri-3A-U6-0064,bread please,,,primary,3,3A,U6,wordlist,51,high
pri-3A-U6-0065,Unit Five,,,primary,3,3A,U6,wordlist,51,high
pri-3A-U6-0066,Let s eat,,,primary,3,3A,U6,wordlist,52,high
pri-3A-U6-0067,Thank you,,,primary,3,3A,U6,wordlist,52,high
pri-3A-U6-0068,A,,,primary,3,3A,U6,wordlist,53,high
pri-3A-U6-0069,bread eggs and juice,,,primary,3,3A,U6,wordlist,53,high
pri-3A-U6-0070,Have some bread too,,,primary,3,3A,U6,wordlist,53,high
pri-3A-U6-0071,juice please,,,primary,3,3A,U6,wordlist,53,high
pri-3A-U6-0072,bread and eggs,,,primary,3,3A,U6,wordlist,53,high
pri-3A-U6-0073,bread,,,primary,3,3A,U6,wordlist,53,high
pri-3A-U6-0074,Have some eggs,,,primary,3,3A,U6,wordlist,54,high
pri-3A-U6-0075,Eat some bread,,,primary,3,3A,U6,wordlist,54,high
pri-3A-U6-0076,Have some juice,,,primary,3,3A,U6,wordlist,54,high
pri-3A-U6-0077,Drink some milk,,,primary,3,3A,U6,wordlist,54,high
pri-3A-U6-0078,Have some bread,,,primary,3,3A,U6,wordlist,54,high
pri-3A-U6-0079,Mum I m hungry,,,primary,3,3A,U6,wordlist,54,high
pri-3A-U6-0080,juice,,,primary,3,3A,U6,wordlist,54,high
pri-3A-U6-0081,egg,,,primary,3,3A,U6,wordlist,54,high
pri-3A-U6-0082,milk bread,,,primary,3,3A,U6,wordlist,54,high
pri-3A-U6-0083,orange,,,primary,3,3A,U6,wordlist,55,high
pri-3A-U6-0084,on,,,primary,3,3A,U6,wordlist,55,high
pri-3A-U6-0085,pen,,,primary,3,3A,U6,wordlist,55,high
pri-3A-U6-0086,Sarah,,,primary,3,3A,U6,wordlist,55,high
pri-3A-U6-0087,quiet,,,primary,3,3A,U6,wordlist,55,high
pri-3A-U6-0088,queen,,,primary,3,3A,U6,wordlist,55,high
pri-3A-U6-0089,red,,,primary,3,3A,U6,wordlist,55,high
pri-3A-U6-0090,ten,,,primary,3,3A,U6,wordlist,55,high
pri-3A-U6-0091,rice,,,primary,3,3A,U6,wordlist,55,high
pri-3A-U6-0092,six,,,primary,3,3A,U6,wordlist,55,high
pri-3A-U6-0093,p b,,,primary,3,3A,U6,wordlist,55,high
pri-3A-U6-0094,k q,,,primary,3,3A,U6,wordlist,55,high
pri-3A-U6-0095,s c,,,primary,3,3A,U6,wordlist,55,high
pri-3A-U6-0096,r l,,,primary,3,3A,U6,wordlist,55,high
pri-3A-U6-0097,d t,,,primary,3,3A,U6,wordlist,55,high
pri-3A-U6-0098,Listen repeat and chant,,,primary,3,3A,U6,wordlist,55,high
pri-3A-U6-0099,Listen and circle,,,primary,3,3A,U6,wordlist,55,high
pri-3A-U6-0100,Write and say,,,primary,3,3A,U6,wordlist,55,high
pri-3A-U6-0101,Letters and sounds,,,primary,3,3A,U6,wordlist,55,high
pri-3A-U6-0102,Can I have some,,,primary,3,3A,U6,wordlist,56,high
pri-3A-U6-0103,Can I have some water please,,,primary,3,3A,U6,wordlist,56,high
pri-3A-U6-0104,Have some milk,,,primary,3,3A,U6,wordlist,56,high
pri-3A-U6-0105,Drink some water,,,primary,3,3A,U6,wordlist,57,high
pri-3A-U6-0106,Eat some rice,,,primary,3,3A,U6,wordlist,57,high
pri-3A-U6-0107,Cut the cake,,,primary,3,3A,U6,wordlist,57,high
pri-3A-U6-0108,Eat some,,,primary,3,3A,U6,wordlist,57,high
pri-3A-U6-0109,water please,,,primary,3,3A,U6,wordlist,57,high
pri-3A-U6-0110,sh,,,primary,3,3A,U6,text_only,57,low
pri-3A-U6-0111,water,,,primary,3,3A,U6,wordlist,57,high
pri-3A-U6-0112,cake,,,primary,3,3A,U6,wordlist,57,high
pri-3A-U6-0113,I see R t,,,primary,3,3A,U6,wordlist,58,high
pri-3A-U6-0114,fish,,,primary,3,3A,U6,wordlist,58,high
pri-3A-U6-0115,milk,,,primary,3,3A,U6,wordlist,58,high
pri-3A-U6-0116,Let s have some cake today Let s have some cake today,,,primary,3,3A,U6,wordlist,59,high
pri-3A-U6-0117,Let s have some cake today on such a lovely day,,,primary,3,3A,U6,wordlist,59,high
pri-3A-U6-0118,Let s have some milk today Let s have some milk today,,,primary,3,3A,U6,wordlist,59,high
pri-3A-U6-0119,Let s have some milk today on such a lovely day,,,primary,3,3A,U6,wordlist,59,high
pri-3A-U6-0120,Let s have a picnic today,,,primary,3,3A,U6,wordlist,59,high
pri-3A-U6-0121,Listen and tick,,,primary,3,3A,U6,wordlist,59,high
pri-3A-U6-0122,Oh no,,,primary,3,3A,U6,wordlist,60,high
pri-3A-U6-0123,My fish,,,primary,3,3A,U6,wordlist,60,high
pri-3A-U6-0124,I d like,,,primary,3,3A,U6,wordlist,60,high
pri-3A-U6-0125,some fish,,,primary,3,3A,U6,wordlist,60,high
pri-3A-U6-0126,please,,,primary,3,3A,U6,wordlist,60,high
pri-3A-U6-0127,rice please,,,primary,3,3A,U6,wordlist,60,high
pri-3A-U6-0128,Sure,,,primary,3,3A,U6,wordlist,60,high
pri-3A-U6-0129,Coke please,,,primary,3,3A,U6,wordlist,60,high
pri-3A-U6-0130,ice cream please,,,primary,3,3A,U6,wordlist,60,high
pri-3A-U6-0131,How old are you,,,primary,3,3A,U6,wordlist,61,high
pri-3A-U6-0132,I m six,,,primary,3,3A,U6,wordlist,61,high
pri-3A-U6-0133,Unit Six,,,primary,3,3A,U6,wordlist,61,high
pri-3A-U6-0134,Happy,,,primary,3,3A,U6,wordlist,62,high
pri-3A-U6-0135,birthday,,,primary,3,3A,U6,wordlist,62,high
pri-3A-U6-0136,Happy birthday,,,primary,3,3A,U6,wordlist,62,high
pri-3A-U6-0137,This one please,,,primary,3,3A,U6,wordlist,63,high
pri-3A-U6-0138,Five,,,primary,3,3A,U6,wordlist,63,high
pri-3A-U6-0139,How many plates,,,primary,3,3A,U6,wordlist,63,high
pri-3A-U6-0140,Count and say,,,primary,3,3A,U6,wordlist,63,high
pri-3A-U6-0141,How many,,,primary,3,3A,U6,wordlist,63,high
pri-3A-U6-0142,Let s chant,,,primary,3,3A,U6,wordlist,64,high
pri-3A-U6-0143,Jump,,,primary,3,3A,U6,wordlist,64,high
pri-3A-U6-0144,One two three,,,primary,3,3A,U6,wordlist,64,high
pri-3A-U6-0145,Three two one,,,primary,3,3A,U6,wordlist,64,high
pri-3A-U6-0146,Four and five,,,primary,3,3A,U6,wordlist,64,high
pri-3A-U6-0147,Jump up high,,,primary,3,3A,U6,wordlist,64,high
pri-3A-U6-0148,Four,,,primary,3,3A,U6,wordlist,64,high
pri-3A-U6-0149,It s so fun,,,primary,3,3A,U6,wordlist,64,high
pri-3A-U6-0150,under,,,primary,3,3A,U6,wordlist,65,high
pri-3A-U6-0151,vet,,,primary,3,3A,U6,wordlist,65,high
pri-3A-U6-0152,vest,,,primary,3,3A,U6,wordlist,65,high
pri-3A-U6-0153,yellow,,,primary,3,3A,U6,wordlist,65,high
pri-3A-U6-0154,wet,,,primary,3,3A,U6,wordlist,65,high
pri-3A-U6-0155,fox,,,primary,3,3A,U6,wordlist,65,high
pri-3A-U6-0156,Zip,,,primary,3,3A,U6,wordlist,65,high
pri-3A-U6-0157,box,,,primary,3,3A,U6,wordlist,65,high
pri-3A-U6-0158,yo-yo,,,primary,3,3A,U6,wordlist,65,high
pri-3A-U6-0159,f v,,,primary,3,3A,U6,wordlist,65,high
pri-3A-U6-0160,w y,,,primary,3,3A,U6,wordlist,65,high
pri-3A-U6-0161,x v,,,primary,3,3A,U6,wordlist,65,high
pri-3A-U6-0162,z c,,,primary,3,3A,U6,wordlist,65,high
pri-3A-U6-0163,w m,,,primary,3,3A,U6,wordlist,65,high
pri-3A-U6-0164,umbrella,,,primary,3,3A,U6,wordlist,65,high
pri-3A-U6-0165,I m six years old,,,primary,3,3A,U6,wordlist,66,high
pri-3A-U6-0166,John this is my brother Sam,,,primary,3,3A,U6,wordlist,66,high
pri-3A-U6-0167,I m Jin Bao,,,primary,3,3A,U6,wordlist,66,high
pri-3A-U6-0168,I m four years old,,,primary,3,3A,U6,wordlist,66,high
pri-3A-U6-0169,Hi Sam,,,primary,3,3A,U6,wordlist,66,high
pri-3A-U6-0170,What s your name,,,primary,3,3A,U6,wordlist,66,high
pri-3A-U6-0171,Lu Yao,,,primary,3,3A,U6,wordlist,67,high
pri-3A-U6-0172,Lucy,,,primary,3,3A,U6,wordlist,67,high
pri-3A-U6-0173,Show me six,,,primary,3,3A,U6,wordlist,67,high
pri-3A-U6-0174,Show me eight,,,primary,3,3A,U6,wordlist,67,high
pri-3A-U6-0175,Show me nine,,,primary,3,3A,U6,wordlist,67,high
pri-3A-U6-0176,Show me seven,,,primary,3,3A,U6,wordlist,67,high
pri-3A-U6-0177,Show me ten,,,primary,3,3A,U6,wordlist,67,high
pri-3A-U6-0178,seven,,,primary,3,3A,U6,wordlist,67,high
pri-3A-U6-0179,eight,,,primary,3,3A,U6,wordlist,67,high
pri-3A-U6-0180,nine,,,primary,3,3A,U6,wordlist,67,high
pri-3A-U6-0181,Li Li,,,primary,3,3A,U6,wordlist,67,high
pri-3A-U6-0182,Kate,,,primary,3,3A,U6,wordlist,67,high
pri-3A-U6-0183,Tom,,,primary,3,3A,U6,wordlist,67,high
pri-3A-U6-0184,I see V,,,primary,3,3A,U6,wordlist,68,high
pri-3A-U6-0185,one,,,primary,3,3A,U6,wordlist,68,high
pri-3A-U6-0186,two,,,primary,3,3A,U6,wordlist,68,high
pri-3A-U6-0187,three,,,primary,3,3A,U6,wordlist,68,high
pri-3A-U6-0188,Find tick and match,,,primary,3,3A,U6,wordlist,68,high
pri-3A-U6-0189,Look and circle,,,primary,3,3A,U6,wordlist,69,high
pri-3A-U6-0190,One little two little three little candles,,,primary,3,3A,U6,wordlist,69,high
pri-3A-U6-0191,Four little five little six little candles,,,primary,3,3A,U6,wordlist,69,high
pri-3A-U6-0192,Seven little eight little nine little candles,,,primary,3,3A,U6,wordlist,69,high
pri-3A-U6-0193,Ten little candles dancing,,,primary,3,3A,U6,wordlist,69,high
pri-3A-U6-0194,Ten little candles,,,primary,3,3A,U6,wordlist,69,high
pri-3A-U6-0195,monkeys five,,,primary,3,3A,U6,wordlist,69,high
pri-3A-U6-0196,six pencils nine,,,primary,3,3A,U6,wordlist,69,high
pri-3A-U6-0197,rulers eight,,,primary,3,3A,U6,wordlist,69,high
pri-3A-U6-0198,eggs,,,primary,3,3A,U6,wordlist,69,high
pri-3A-U6-0199,Listen and tick or cross,,,primary,3,3A,U6,wordlist,69,high
pri-3A-U6-0200,I have two gifts,,,primary,3,3A,U6,wordlist,70,high
pri-3A-U6-0201,Shh,,,primary,3,3A,U6,wordlist,70,high
pri-3A-U6-0202,There s Zoom,,,primary,3,3A,U6,wordlist,70,high
pri-3A-U6-0203,Surprise,,,primary,3,3A,U6,wordlist,70,high
pri-3A-U6-0204,Let s eat the cake,,,primary,3,3A,U6,wordlist,70,high
pri-3A-U6-0205,I see so many,,,primary,3,3A,U6,wordlist,70,high
pri-3A-U6-0206,candles You,,,primary,3,3A,U6,wordlist,70,high
pri-3A-U6-0207,are old,,,primary,3,3A,U6,wordlist,70,high
pri-3A-U6-0208,Hey cat,,,primary,3,3A,U6,wordlist,71,high
pri-3A-U6-0209,Go away,,,primary,3,3A,U6,wordlist,71,high
pri-3A-U6-0210,Morning,,,primary,3,3A,U6,wordlist,71,high
pri-3A-U6-0211,Baby have,,,primary,3,3A,U6,wordlist,71,high
pri-3A-U6-0212,some water,,,primary,3,3A,U6,wordlist,71,high
pri-3A-U6-0213,No thanks,,,primary,3,3A,U6,wordlist,71,high
pri-3A-U6-0214,I m Tom,,,primary,3,3A,U6,wordlist,71,high
pri-3A-U6-0215,You are a big boy,,,primary,3,3A,U6,wordlist,71,high
pri-3A-U6-0216,Look at your head,,,primary,3,3A,U6,wordlist,71,high
pri-3A-U6-0217,I like it,,,primary,3,3A,U6,wordlist,71,high
pri-3A-U6-0218,Look at your face,,,primary,3,3A,U6,wordlist,71,high
pri-3A-U6-0219,Look at your body,,,primary,3,3A,U6,wordlist,71,high
pri-3A-U6-0220,I m,,,primary,3,3A,U6,wordlist,71,high
pri-3A-U6-0221,wait a,,,primary,3,3A,U6,wordlist,71,high
pri-3A-U6-0222,minute,,,primary,3,3A,U6,wordlist,71,high
pri-3A-U6-0223,Bobby,,,primary,3,3A,U6,wordlist,71,high
pri-3A-U6-0224,Can you act it out,,,primary,3,3A,U6,wordlist,71,high
pri-3A-U6-0225,Recycle,,,primary,3,3A,U6,wordlist,71,high
pri-3A-U6-0226,Read aloud,,,primary,3,3A,U6,wordlist,71,high
pri-3A-U6-0227,Cross out the words that don t belong,,,primary,3,3A,U6,wordlist,72,high
pri-3A-U6-0228,bear,,,primary,3,3A,U6,wordlist,72,high
pri-3A-U6-0229,eye,,,primary,3,3A,U6,wordlist,72,high
pri-3A-U6-0230,eraser,,,primary,3,3A,U6,wordlist,72,high
pri-3A-U6-0231,crayon,,,primary,3,3A,U6,wordlist,72,high
pri-3A-U6-0232,duck,,,primary,3,3A,U6,wordlist,72,high
pri-3A-U6-0233,hand,,,primary,3,3A,U6,wordlist,72,high
pri-3A-U6-0234,blue,,,primary,3,3A,U6,wordlist,72,high
pri-3A-U6-0235,Start,,,primary,3,3A,U6,wordlist,73,high
pri-3A-U6-0236,Go up the ladders Go down the snakes,,,primary,3,3A,U6,wordlist,73,high
pri-3A-U6-0237,Fill in the blanks,,,primary,3,3A,U6,wordlist,74,high
pri-3A-U6-0238,Sing a song,,,primary,3,3A,U6,wordlist,74,high
pri-3A-EXTRA-0001,Appendix,,,primary,3,3A,EXTRA,wordlist,75,high
pri-3A-U1-0057,bag,,包,primary,3,3A,U1,wordlist,75,high
pri-3A-U1-0058,pen,,钢笔,primary,3,3A,U1,wordlist,75,high
pri-3A-U1-0059,pencil box,,铅笔盒,primary,3,3A,U1,wordlist,75,high
pri-3A-U1-0060,book,,书,primary,3,3A,U1,wordlist,75,high
pri-3A-U1-0061,no,,不,primary,3,3A,U1,wordlist,75,high
pri-3A-U1-0062,your,,你（们）的,primary,3,3A,U1,wordlist,75,high
pri-3A-U2-0099,red,,红色；红色的,primary,3,3A,U2,wordlist,75,high
pri-3A-U2-0100,yellow,,黄色；黄色的,primary,3,3A,U2,wordlist,75,high
pri-3A-U2-0101,black,,黑色；黑色的,primary,3,3A,U2,wordlist,75,high
pri-3A-U2-0102,brown,,棕色；棕色的,primary,3,3A,U2,wordlist,75,high
pri-3A-U2-0103,white,,白色；白色的,primary,3,3A,U2,wordlist,75,high
pri-3A-U2-0104,orange,,橙色；橙色的,primary,3,3A,U2,wordlist,75,high
pri-3A-U2-0105,mum,,妈妈,primary,3,3A,U2,wordlist,75,high
pri-3A-U2-0106,mom,,,primary,3,3A,U2,wordlist,75,high
pri-3A-U3-0096,arm,,胳膊,primary,3,3A,U3,wordlist,75,high
pri-3A-U3-0097,head,,头,primary,3,3A,U3,wordlist,75,high
pri-3A-U3-0098,body,,身体,primary,3,3A,U3,wordlist,75,high
pri-3A-U3-0099,leg,,腿,primary,3,3A,U3,wordlist,75,high
pri-3A-U3-0100,school,,学校,primary,3,3A,U3,wordlist,75,high
pri-3A-U4-0048,duck,,鸭子,primary,3,3A,U4,wordlist,75,high
pri-3A-U4-0049,pig,,猪,primary,3,3A,U4,wordlist,75,high
pri-3A-U4-0050,cat,,猫,primary,3,3A,U4,wordlist,75,high
pri-3A-U4-0051,bear,,熊,primary,3,3A,U4,wordlist,75,high
pri-3A-U4-0052,dog,,狗,primary,3,3A,U4,wordlist,75,high
pri-3A-U4-0053,elephant,,大象,primary,3,3A,U4,wordlist,75,high
pri-3A-U4-0054,monkey,,猴子,primary,3,3A,U4,wordlist,75,high
pri-3A-U4-0055,bird,,鸟,primary,3,3A,U4,wordlist,75,high
pri-3A-U4-0056,tiger,,老虎,primary,3,3A,U4,wordlist,75,high
pri-3A-U4-0057,pp,,,primary,3,3A,U4,wordlist,75,high
pri-3A-U4-0058,Appendix,,,primary,3,3A,U4,wordlist,76,high
pri-3A-U4-0059,panda,,大熊猫,primary,3,3A,U4,wordlist,76,high
pri-3A-U4-0060,zoo,,动物园,primary,3,3A,U4,wordlist,76,high
pri-3A-U4-0061,funny,,滑稽的；好笑的,primary,3,3A,U4,wordlist,76,high
pri-3A-U5-0100,bread,,面包,primary,3,3A,U5,wordlist,76,high
pri-3A-U5-0101,juice,,果汁,primary,3,3A,U5,wordlist,76,high
pri-3A-U5-0102,egg,,蛋,primary,3,3A,U5,wordlist,76,high
pri-3A-U5-0103,water,,水,primary,3,3A,U5,wordlist,76,high
pri-3A-U5-0104,cake,,蛋糕,primary,3,3A,U5,wordlist,76,high
pri-3A-U5-0105,sh,,,primary,3,3A,U5,wordlist,76,low
pri-3A-U5-0106,rice,,米饭,primary,3,3A,U5,wordlist,76,high
pri-3A-U6-0239,ve,,,primary,3,3A,U6,wordlist,76,low
pri-3A-U6-0240,brother,,兄；弟,primary,3,3A,U6,wordlist,76,high
pri-3A-U6-0241,plate,,盘子,primary,3,3A,U6,wordlist,76,high
pri-3A-EXTRA-0002,A,,,primary,3,3A,EXTRA,wordlist,77,high
pri-3A-EXTRA-0003,arm,,胳膊,primary,3,3A,EXTRA,wordlist,77,high
pri-3A-EXTRA-0004,B,,,primary,3,3A,EXTRA,wordlist,77,high
pri-3A-EXTRA-0005,bag,,包,primary,3,3A,EXTRA,wordlist,77,high
pri-3A-EXTRA-0006,bear,,熊,primary,3,3A,EXTRA,wordlist,77,high
pri-3A-EXTRA-0007,bird,,鸟,primary,3,3A,EXTRA,wordlist,77,high
pri-3A-EXTRA-0008,black,,黑色；黑色的,primary,3,3A,EXTRA,wordlist,77,high
pri-3A-EXTRA-0009,blue,,蓝色；蓝色的,primary,3,3A,EXTRA,wordlist,77,high
pri-3A-EXTRA-0010,body,,身体,primary,3,3A,EXTRA,wordlist,77,high
pri-3A-EXTRA-0011,book,,书,primary,3,3A,EXTRA,wordlist,77,high
pri-3A-EXTRA-0012,bread,,面包,primary,3,3A,EXTRA,wordlist,77,high
pri-3A-EXTRA-0013,brother,,兄；弟,primary,3,3A,EXTRA,wordlist,77,high
pri-3A-EXTRA-0014,brown,,棕色；棕色的,primary,3,3A,EXTRA,wordlist,77,high
pri-3A-EXTRA-0015,C,,,primary,3,3A,EXTRA,wordlist,77,high
pri-3A-EXTRA-0016,cake,,蛋糕,primary,3,3A,EXTRA,wordlist,77,high
pri-3A-EXTRA-0017,cat,,猫,primary,3,3A,EXTRA,wordlist,77,high
pri-3A-EXTRA-0018,crayon,,蜡笔,primary,3,3A,EXTRA,wordlist,77,high
pri-3A-EXTRA-0019,D,,,primary,3,3A,EXTRA,wordlist,77,high
pri-3A-EXTRA-0020,dog,,狗,primary,3,3A,EXTRA,wordlist,77,high
pri-3A-EXTRA-0021,duck,,鸭子,primary,3,3A,EXTRA,wordlist,77,high
pri-3A-EXTRA-0022,E,,,primary,3,3A,EXTRA,wordlist,77,high
pri-3A-EXTRA-0023,ear,,耳朵,primary,3,3A,EXTRA,wordlist,77,high
pri-3A-EXTRA-0024,egg,,蛋,primary,3,3A,EXTRA,wordlist,77,high
pri-3A-EXTRA-0025,eight,,八,primary,3,3A,EXTRA,wordlist,77,high
pri-3A-EXTRA-0026,elephant,,大象,primary,3,3A,EXTRA,wordlist,77,high
pri-3A-EXTRA-0027,eraser,,橡皮,primary,3,3A,EXTRA,wordlist,77,high
pri-3A-EXTRA-0028,eye,,眼睛,primary,3,3A,EXTRA,wordlist,77,high
pri-3A-EXTRA-0029,F,,,primary,3,3A,EXTRA,wordlist,77,high
pri-3A-EXTRA-0030,face,,脸,primary,3,3A,EXTRA,wordlist,77,high
pri-3A-EXTRA-0031,sh,,,primary,3,3A,EXTRA,wordlist,77,low
pri-3A-EXTRA-0032,ve,,,primary,3,3A,EXTRA,wordlist,77,low
pri-3A-EXTRA-0033,foot,,脚,primary,3,3A,EXTRA,wordlist,77,high
pri-3A-EXTRA-0034,four,,四,primary,3,3A,EXTRA,wordlist,77,high
pri-3A-EXTRA-0035,funny,,滑稽的；好笑的,primary,3,3A,EXTRA,wordlist,77,high
pri-3A-EXTRA-0036,G,,,primary,3,3A,EXTRA,wordlist,77,high
pri-3A-EXTRA-0037,green,,绿色；绿色的,primary,3,3A,EXTRA,wordlist,77,high
pri-3A-EXTRA-0038,H,,,primary,3,3A,EXTRA,wordlist,77,high
pri-3A-EXTRA-0039,hand,,手,primary,3,3A,EXTRA,wordlist,77,high
pri-3A-EXTRA-0040,head,,头,primary,3,3A,EXTRA,wordlist,77,high
pri-3A-EXTRA-0041,J,,,primary,3,3A,EXTRA,wordlist,77,high
pri-3A-EXTRA-0042,juice,,果汁,primary,3,3A,EXTRA,wordlist,77,high
pri-3A-EXTRA-0043,L,,,primary,3,3A,EXTRA,wordlist,78,high
pri-3A-EXTRA-0044,leg,,腿,primary,3,3A,EXTRA,wordlist,78,high
pri-3A-EXTRA-0045,M,,,primary,3,3A,EXTRA,wordlist,78,high
pri-3A-EXTRA-0046,milk,,牛奶,primary,3,3A,EXTRA,wordlist,78,high
pri-3A-EXTRA-0047,monkey,,猴子,primary,3,3A,EXTRA,wordlist,78,high
pri-3A-EXTRA-0048,mouth,,嘴,primary,3,3A,EXTRA,wordlist,78,high
pri-3A-EXTRA-0049,mum,,妈妈,primary,3,3A,EXTRA,wordlist,78,high
pri-3A-EXTRA-0050,mom,,,primary,3,3A,EXTRA,wordlist,78,high
pri-3A-EXTRA-0051,N,,,primary,3,3A,EXTRA,wordlist,78,high
pri-3A-EXTRA-0052,nine,,九,primary,3,3A,EXTRA,wordlist,78,high
pri-3A-EXTRA-0053,no,,不,primary,3,3A,EXTRA,wordlist,78,high
pri-3A-EXTRA-0054,nose,,鼻子,primary,3,3A,EXTRA,wordlist,78,high
pri-3A-EXTRA-0055,O,,,primary,3,3A,EXTRA,wordlist,78,high
pri-3A-EXTRA-0056,OK,,好；行,primary,3,3A,EXTRA,wordlist,78,high
pri-3A-EXTRA-0057,one,,一,primary,3,3A,EXTRA,wordlist,78,high
pri-3A-EXTRA-0058,orange,,橙色；橙色的,primary,3,3A,EXTRA,wordlist,78,high
pri-3A-EXTRA-0059,P,,,primary,3,3A,EXTRA,wordlist,78,high
pri-3A-EXTRA-0060,panda,,大熊猫,primary,3,3A,EXTRA,wordlist,78,high
pri-3A-EXTRA-0061,pen,,钢笔,primary,3,3A,EXTRA,wordlist,78,high
pri-3A-EXTRA-0062,pencil,,铅笔,primary,3,3A,EXTRA,wordlist,78,high
pri-3A-EXTRA-0063,pencil box,,铅笔盒,primary,3,3A,EXTRA,wordlist,78,high
pri-3A-EXTRA-0064,pig,,猪,primary,3,3A,EXTRA,wordlist,78,high
pri-3A-EXTRA-0065,plate,,盘子,primary,3,3A,EXTRA,wordlist,78,high
pri-3A-EXTRA-0066,R,,,primary,3,3A,EXTRA,wordlist,78,high
pri-3A-EXTRA-0067,red,,红色；红色的,primary,3,3A,EXTRA,wordlist,78,high
pri-3A-EXTRA-0068,rice,,米饭,primary,3,3A,EXTRA,wordlist,78,high
pri-3A-EXTRA-0069,ruler,,尺子,primary,3,3A,EXTRA,wordlist,78,high
pri-3A-EXTRA-0070,S,,,primary,3,3A,EXTRA,wordlist,78,high
pri-3A-EXTRA-0071,school,,学校,primary,3,3A,EXTRA,wordlist,78,high
pri-3A-EXTRA-0072,seven,,七,primary,3,3A,EXTRA,wordlist,78,high
pri-3A-EXTRA-0073,six,,六,primary,3,3A,EXTRA,wordlist,78,high
pri-3A-EXTRA-0074,T,,,primary,3,3A,EXTRA,wordlist,78,high
pri-3A-EXTRA-0075,ten,,十,primary,3,3A,EXTRA,wordlist,78,high
pri-3A-EXTRA-0076,three,,三,primary,3,3A,EXTRA,wordlist,78,high
pri-3A-EXTRA-0077,tiger,,老虎,primary,3,3A,EXTRA,wordlist,78,high
pri-3A-EXTRA-0078,two,,二,primary,3,3A,EXTRA,wordlist,78,high
pri-3A-EXTRA-0079,W,,,primary,3,3A,EXTRA,wordlist,78,high
pri-3A-EXTRA-0080,water,,水,primary,3,3A,EXTRA,wordlist,78,high
pri-3A-EXTRA-0081,white,,白色；白色的,primary,3,3A,EXTRA,wordlist,78,high
pri-3A-EXTRA-0082,Y,,,primary,3,3A,EXTRA,wordlist,78,high
pri-3A-EXTRA-0083,yellow,,黄色；黄色的,primary,3,3A,EXTRA,wordlist,78,high
pri-3A-EXTRA-0084,your,,你（们）的,primary,3,3A,EXTRA,wordlist,78,high
pri-3A-EXTRA-0085,Z,,,primary,3,3A,EXTRA,wordlist,78,high
pri-3A-EXTRA-0086,zoo,,动物园,primary,3,3A,EXTRA,wordlist,78,high
pri-3A-U6-0242,Hello I m Wu Binbin,,,primary,3,3A,U6,wordlist,79,high
pri-3A-U6-0243,Hi I m Sarah,,,primary,3,3A,U6,wordlist,79,high
pri-3A-U6-0244,I have a ruler an eraser,,,primary,3,3A,U6,wordlist,79,high
pri-3A-U6-0245,My name s John,,,primary,3,3A,U6,wordlist,79,high
pri-3A-U6-0246,Goodbye,,,primary,3,3A,U6,wordlist,79,high
pri-3A-U6-0247,Bye Miss White,,,primary,3,3A,U6,wordlist,79,high
pri-3A-U6-0248,Mr Jones this is Miss Green,,,primary,3,3A,U6,wordlist,79,high
pri-3A-U6-0249,Good morning Miss Green,,,primary,3,3A,U6,wordlist,79,high
pri-3A-U6-0250,I see red,,,primary,3,3A,U6,wordlist,79,high
pri-3A-U6-0251,Good afternoon Wu Binbin,,,primary,3,3A,U6,wordlist,79,high
pri-3A-U6-0252,Nice to meet you,,,primary,3,3A,U6,wordlist,79,high
pri-3A-U6-0253,Nice to meet you too,,,primary,3,3A,U6,wordlist,79,high
pri-3A-U6-0254,Colour it brown,,,primary,3,3A,U6,wordlist,79,high
pri-3A-U6-0255,How are you,,,primary,3,3A,U6,wordlist,79,high
pri-3A-U6-0256,I m fine thank you,,,primary,3,3A,U6,wordlist,79,high
pri-3A-U6-0257,Let s go to school,,,primary,3,3A,U6,wordlist,79,high
pri-3A-U6-0258,Look at me,,,primary,3,3A,U6,wordlist,79,high
pri-3A-U6-0259,Very well thanks,,,primary,3,3A,U6,wordlist,79,high
pri-3A-U6-0260,Let s make a puppet,,,primary,3,3A,U6,wordlist,79,high
pri-3A-U6-0261,Great,,,primary,3,3A,U6,wordlist,79,high
pri-3A-U6-0262,What s this,,,primary,3,3A,U6,wordlist,79,high
pri-3A-U6-0263,It s a duck,,,primary,3,3A,U6,wordlist,79,high
pri-3A-U6-0264,Useful expressions,,,primary,3,3A,U6,wordlist,79,high
pri-3A-U5-0107,Appendix,,,primary,3,3A,U5,wordlist,80,high
pri-3A-U5-0108,I d like some juice please,,,primary,3,3A,U5,wordlist,80,high
pri-3A-U5-0109,Here you are,,,primary,3,3A,U5,wordlist,80,high
pri-3A-U5-0110,Have some bread,,,primary,3,3A,U5,wordlist,80,high
pri-3A-U5-0111,I m hungry,,,primary,3,3A,U5,wordlist,80,high
pri-3A-U5-0112,Can I have some water please,,,primary,3,3A,U5,wordlist,80,high
pri-3A-U5-0113,You re welcome,,,primary,3,3A,U5,wordlist,80,high
pri-3A-U5-0114,This one please,,,primary,3,3A,U5,wordlist,80,high
pri-3A-U5-0115,Sure,,,primary,3,3A,U5,wordlist,80,high
pri-3A-U5-0116,How many plates,,,primary,3,3A,U5,wordlist,80,high
pri-3A-U5-0117,Happy birthday,,,primary,3,3A,U5,wordlist,80,high
pri-3A-U5-0118,How old are you,,,primary,3,3A,U5,wordlist,80,high
pri-3A-U5-0119,I m six years old,,,primary,3,3A,U5,wordlist,80,high
pri-3A-U6-0265,Lingo Learning Inc,,,primary,3,3A,U6,text_only,81,high
pri-3A-U6-0266,David Booth Jack Booth Kathy Broad Shelly Peterson,,,primary,3,3A,U6,wordlist,81,high
pri-3A-U6-0267,jcfk,,,primary,3,3A,U6,text_only,81,high
pri-3A-U6-0268,pep,,,primary,3,3A,U6,text_only,81,high
pri-3A-U6-0269,com,,,primary,3,3A,U6,text_only,81,high
pri-3A-U6-0270,cn,,,primary,3,3A,U6,text_only,81,low
pri-3A-U6-0271,YINGYU,,,primary,3,3A,U6,wordlist,82,high
pri-3A-U6-0272,YIWU JIAOYU JIAOKESHU,,,primary,3,3A,U6,wordlist,82,high
pri-3B-U1-0001,PEP,,,primary,3,3B,U1,wordlist,2,high
pri-3B-U1-0002,Larry Swartz Beth Levy,,,primary,3,3B,U1,text_only,3,high
pri-3B-U1-0003,Fraser Bewick,,,primary,3,3B,U1,text_only,3,high
pri-3B-U1-0004,Copyright by People s Education Press Ltd and Lingo Learning Inc,,,primary,3,3B,U1,wordlist,3,high
pri-3B-U1-0005,No part of this publication may be reproduced or transmitted in any form or by any means,,,primary,3,3B,U1,wordlist,3,high
pri-3B-U1-0006,without permission in writing from the publisher,,,primary,3,3B,U1,wordlist,3,high
pri-3B-U1-0007,http,,,primary,3,3B,U1,text_only,3,high
pri-3B-U1-0008,www,,,primary,3,3B,U1,text_only,3,high
pri-3B-U1-0009,com,,,primary,3,3B,U1,text_only,3,high
pri-3B-U1-0010,cn,,,primary,3,3B,U1,text_only,3,low
pri-3B-U1-0011,ISBN,,,primary,3,3B,U1,text_only,3,high
pri-3B-U1-0012,GS,,,primary,3,3B,U1,text_only,3,low
pri-3B-U1-0013,jcyjfk,,,primary,3,3B,U1,text_only,3,high
pri-3B-U1-0014,Sarah,,,primary,3,3B,U1,text_only,4,high
pri-3B-U1-0015,Zoom,,和Zip等老朋友，还会认识新朋友张鹏和,primary,3,3B,U1,wordlist,4,high
pri-3B-U1-0016,Amy,,你们会一起学习英语，一起长大,primary,3,3B,U1,wordlist,4,high
pri-3B-U1-0017,CONTENTS,,,primary,3,3B,U1,wordlist,5,high
pri-3B-U1-0018,Recycle,,,primary,3,3B,U1,wordlist,5,high
pri-3B-U1-0019,Appendix Words in each unit,,,primary,3,3B,U1,wordlist,5,high
pri-3B-U1-0020,Appendix Vocabulary,,,primary,3,3B,U1,wordlist,5,high
pri-3B-U1-0021,Appendix Useful expressions,,,primary,3,3B,U1,wordlist,5,high
pri-3B-U1-0022,Wu Binbin this is Amy,,,primary,3,3B,U1,wordlist,7,high
pri-3B-U1-0023,I m from the UK,,,primary,3,3B,U1,wordlist,7,high
pri-3B-U1-0024,Welcome,,,primary,3,3B,U1,wordlist,7,high
pri-3B-U1-0025,Hi Nice to meet you,,,primary,3,3B,U1,wordlist,7,high
pri-3B-U1-0026,Where are you from,,,primary,3,3B,U1,wordlist,7,high
pri-3B-U1-0027,Unit One,,,primary,3,3B,U1,wordlist,7,high
pri-3B-U1-0028,Nice to see you too,,,primary,3,3B,U1,wordlist,8,high
pri-3B-U1-0029,Welcome back,,,primary,3,3B,U1,wordlist,8,high
pri-3B-U1-0030,Nice to see you again,,,primary,3,3B,U1,wordlist,8,high
pri-3B-U1-0031,back to school,,,primary,3,3B,U1,wordlist,8,high
pri-3B-U1-0032,A,,,primary,3,3B,U1,wordlist,9,high
pri-3B-U1-0033,Boys and girls,,,primary,3,3B,U1,wordlist,9,high
pri-3B-U1-0034,we have two new friends today,,,primary,3,3B,U1,wordlist,9,high
pri-3B-U1-0035,Hi I m Zhang Peng,,,primary,3,3B,U1,wordlist,9,high
pri-3B-U1-0036,I m from Shandong,,,primary,3,3B,U1,wordlist,9,high
pri-3B-U1-0037,Hi I m Amy,,,primary,3,3B,U1,wordlist,9,high
pri-3B-U1-0038,Hi I m Sarah,,,primary,3,3B,U1,wordlist,9,high
pri-3B-U1-0039,I m from the USA,,,primary,3,3B,U1,wordlist,9,high
pri-3B-U1-0040,Hi I m Mike,,,primary,3,3B,U1,wordlist,9,high
pri-3B-U1-0041,I m from Canada,,,primary,3,3B,U1,wordlist,9,high
pri-3B-U1-0042,What about you,,,primary,3,3B,U1,wordlist,9,high
pri-3B-U1-0043,Let s talk,,,primary,3,3B,U1,wordlist,9,high
pri-3B-U1-0044,Look and say,,,primary,3,3B,U1,wordlist,9,high
pri-3B-U1-0045,We are friends We like to play,,,primary,3,3B,U1,wordlist,10,high
pri-3B-U1-0046,A boy from Canada,,,primary,3,3B,U1,wordlist,10,high
pri-3B-U1-0047,A girl from the UK,,,primary,3,3B,U1,wordlist,10,high
pri-3B-U1-0048,Friends from China and the USA,,,primary,3,3B,U1,wordlist,10,high
pri-3B-U1-0049,China,,,primary,3,3B,U1,wordlist,10,high
pri-3B-U1-0050,Canada,,,primary,3,3B,U1,wordlist,10,high
pri-3B-U1-0051,USA,,,primary,3,3B,U1,wordlist,10,high
pri-3B-U1-0052,UK,,,primary,3,3B,U1,wordlist,10,high
pri-3B-U1-0053,Let s learn,,,primary,3,3B,U1,wordlist,10,high
pri-3B-U1-0054,Let s chant,,,primary,3,3B,U1,wordlist,10,high
pri-3B-U1-0055,Words,,,primary,3,3B,U1,wordlist,10,high
pri-3B-U1-0056,cat,,,primary,3,3B,U1,wordlist,11,high
pri-3B-U1-0057,bag,,,primary,3,3B,U1,wordlist,11,high
pri-3B-U1-0058,dad,,,primary,3,3B,U1,wordlist,11,high
pri-3B-U1-0059,panda,,,primary,3,3B,U1,wordlist,11,high
pri-3B-U1-0060,hand,,,primary,3,3B,U1,wordlist,11,high
pri-3B-U1-0061,Let s spell,,,primary,3,3B,U1,wordlist,11,high
pri-3B-U1-0062,Listen repeat and chant,,,primary,3,3B,U1,wordlist,11,high
pri-3B-U1-0063,Read listen and circle,,,primary,3,3B,U1,wordlist,11,high
pri-3B-U1-0064,Listen and write,,,primary,3,3B,U1,wordlist,11,high
pri-3B-U2-0001,Mr Jones this is Amy,,,primary,3,3B,U2,wordlist,12,high
pri-3B-U2-0002,She s a new student,,,primary,3,3B,U2,wordlist,12,high
pri-3B-U2-0003,Where are you from,,,primary,3,3B,U2,wordlist,12,high
pri-3B-U2-0004,Hi I m from China,,,primary,3,3B,U2,wordlist,12,high
pri-3B-U2-0005,Hi Mr Jones,,,primary,3,3B,U2,wordlist,12,high
pri-3B-U2-0006,Hi Amy,,,primary,3,3B,U2,wordlist,12,high
pri-3B-U2-0007,China,,,primary,3,3B,U2,wordlist,12,high
pri-3B-U2-0008,Canada,,,primary,3,3B,U2,wordlist,12,high
pri-3B-U2-0009,USA,,,primary,3,3B,U2,wordlist,12,high
pri-3B-U2-0010,Australia,,,primary,3,3B,U2,wordlist,12,high
pri-3B-U2-0011,I m from the UK,,,primary,3,3B,U2,wordlist,12,high
pri-3B-U2-0012,B,,,primary,3,3B,U2,wordlist,12,high
pri-3B-U2-0013,Let s talk,,,primary,3,3B,U2,wordlist,12,high
pri-3B-U2-0014,Look and say,,,primary,3,3B,U2,wordlist,12,high
pri-3B-U2-0015,This is Amy,,,primary,3,3B,U2,wordlist,13,high
pri-3B-U2-0016,She s a student,,,primary,3,3B,U2,wordlist,13,high
pri-3B-U2-0017,This is Mr Jones,,,primary,3,3B,U2,wordlist,13,high
pri-3B-U2-0018,He s a teacher,,,primary,3,3B,U2,wordlist,13,high
pri-3B-U2-0019,He and she He and she,,,primary,3,3B,U2,wordlist,13,high
pri-3B-U2-0020,Boy and girl You and me,,,primary,3,3B,U2,wordlist,13,high
pri-3B-U2-0021,Teacher and students,,,primary,3,3B,U2,wordlist,13,high
pri-3B-U2-0022,One two three,,,primary,3,3B,U2,wordlist,13,high
pri-3B-U2-0023,she,,,primary,3,3B,U2,wordlist,13,high
pri-3B-U2-0024,student,,,primary,3,3B,U2,wordlist,13,high
pri-3B-U2-0025,pupil,,,primary,3,3B,U2,wordlist,13,high
pri-3B-U2-0026,he,,,primary,3,3B,U2,wordlist,13,high
pri-3B-U2-0027,teacher,,,primary,3,3B,U2,wordlist,13,high
pri-3B-U2-0028,Let s learn,,,primary,3,3B,U2,wordlist,13,high
pri-3B-U2-0029,Words,,,primary,3,3B,U2,wordlist,13,high
pri-3B-U2-0030,Let s chant,,,primary,3,3B,U2,wordlist,13,high
pri-3B-U2-0031,Talk about your teacher,,,primary,3,3B,U2,wordlist,14,high
pri-3B-U2-0032,and your friend,,,primary,3,3B,U2,wordlist,14,high
pri-3B-U2-0033,This is John,,,primary,3,3B,U2,wordlist,14,high
pri-3B-U2-0034,He s my friend,,,primary,3,3B,U2,wordlist,14,high
pri-3B-U2-0035,She s my friend,,,primary,3,3B,U2,wordlist,14,high
pri-3B-U2-0036,This is Miss White,,,primary,3,3B,U2,wordlist,14,high
pri-3B-U2-0037,She s a teacher,,,primary,3,3B,U2,wordlist,14,high
pri-3B-U2-0038,This is Zhang Peng,,,primary,3,3B,U2,wordlist,14,high
pri-3B-U2-0039,He s a student,,,primary,3,3B,U2,wordlist,14,high
pri-3B-U2-0040,My name s Mike,,,primary,3,3B,U2,wordlist,14,high
pri-3B-U2-0041,I m from Canada,,,primary,3,3B,U2,wordlist,14,high
pri-3B-U2-0042,He s from Canada,,,primary,3,3B,U2,wordlist,14,high
pri-3B-U2-0043,Read and tick,,,primary,3,3B,U2,wordlist,14,high
pri-3B-U2-0044,Start to read,,,primary,3,3B,U2,wordlist,14,high
pri-3B-U2-0045,I am a boy and you are a girl I am a boy and you are a girl,,,primary,3,3B,U2,wordlist,15,high
pri-3B-U2-0046,I am a boy and you are a girl Do you want to be my friend,,,primary,3,3B,U2,wordlist,15,high
pri-3B-U2-0047,boy,,,primary,3,3B,U2,wordlist,15,high
pri-3B-U2-0048,girl,,,primary,3,3B,U2,wordlist,15,high
pri-3B-U2-0049,Look and match,,,primary,3,3B,U2,wordlist,15,high
pri-3B-U2-0050,Boy and girl,,,primary,3,3B,U2,wordlist,15,high
pri-3B-U2-0051,Let s check,,,primary,3,3B,U2,wordlist,15,high
pri-3B-U2-0052,Listen and number,,,primary,3,3B,U2,wordlist,15,high
pri-3B-U2-0053,Let s sing,,,primary,3,3B,U2,wordlist,15,high
pri-3B-U2-0054,C,,,primary,3,3B,U2,wordlist,16,high
pri-3B-U2-0055,Oh no,,,primary,3,3B,U2,wordlist,16,high
pri-3B-U2-0056,Sure I am the,,,primary,3,3B,U2,wordlist,16,high
pri-3B-U2-0057,Can you,,,primary,3,3B,U2,wordlist,16,high
pri-3B-U2-0058,read this,,,primary,3,3B,U2,wordlist,16,high
pri-3B-U2-0059,Haha,,,primary,3,3B,U2,wordlist,16,high
pri-3B-U2-0060,You see I am,,,primary,3,3B,U2,wordlist,16,high
pri-3B-U2-0061,the teacher,,,primary,3,3B,U2,wordlist,16,high
pri-3B-U2-0062,Wait a,,,primary,3,3B,U2,wordlist,16,high
pri-3B-U2-0063,minute,,,primary,3,3B,U2,wordlist,16,high
pri-3B-U2-0064,OK,,,primary,3,3B,U2,wordlist,16,high
pri-3B-U2-0065,I m big,,,primary,3,3B,U2,wordlist,16,high
pri-3B-U2-0066,I m the teacher,,,primary,3,3B,U2,wordlist,16,high
pri-3B-U2-0067,Let s play a game,,,primary,3,3B,U2,wordlist,16,high
pri-3B-U2-0068,Let s play teacher,,,primary,3,3B,U2,wordlist,16,high
pri-3B-U2-0069,and student,,,primary,3,3B,U2,wordlist,16,high
pri-3B-U2-0070,I m clever,,,primary,3,3B,U2,wordlist,16,high
pri-3B-U2-0071,I m the,,,primary,3,3B,U2,wordlist,16,high
pri-3B-U2-0072,No,,,primary,3,3B,U2,wordlist,16,high
pri-3B-U2-0073,Story time,,,primary,3,3B,U2,wordlist,16,high
pri-3B-U2-0074,Hey I m the Easter Bunny,,,primary,3,3B,U2,wordlist,17,high
pri-3B-U2-0075,She s my mother,,,primary,3,3B,U2,wordlist,17,high
pri-3B-U2-0076,Who s that woman,,,primary,3,3B,U2,wordlist,17,high
pri-3B-U2-0077,Unit Two,,,primary,3,3B,U2,wordlist,17,high
pri-3B-U2-0078,Sarah s grandfather,,,primary,3,3B,U2,wordlist,18,high
pri-3B-U2-0079,How many eggs,,,primary,3,3B,U2,wordlist,18,high
pri-3B-U2-0080,Who s that man,,,primary,3,3B,U2,wordlist,18,high
pri-3B-U2-0081,My family,,,primary,3,3B,U2,wordlist,18,high
pri-3B-U2-0082,A,,,primary,3,3B,U2,wordlist,19,high
pri-3B-U2-0083,He s my father,,,primary,3,3B,U2,wordlist,19,high
pri-3B-U2-0084,Hi Dad,,,primary,3,3B,U2,wordlist,19,high
pri-3B-U2-0085,This is my friend Amy,,,primary,3,3B,U2,wordlist,19,high
pri-3B-U2-0086,Nice to meet you,,,primary,3,3B,U2,wordlist,19,high
pri-3B-U2-0087,Nice to meet you too,,,primary,3,3B,U2,wordlist,19,high
pri-3B-U2-0088,Point and say,,,primary,3,3B,U2,wordlist,19,high
pri-3B-U2-0089,The man is the father tall tall tall,,,primary,3,3B,U2,wordlist,20,high
pri-3B-U2-0090,The woman is the mother not so tall,,,primary,3,3B,U2,wordlist,20,high
pri-3B-U2-0091,That s the son small small small,,,primary,3,3B,U2,wordlist,20,high
pri-3B-U2-0092,They are a family one and all,,,primary,3,3B,U2,wordlist,20,high
pri-3B-U2-0093,mother mum,,,primary,3,3B,U2,wordlist,20,high
pri-3B-U2-0094,father dad,,,primary,3,3B,U2,wordlist,20,high
pri-3B-U2-0095,woman,,,primary,3,3B,U2,wordlist,20,high
pri-3B-U2-0096,man,,,primary,3,3B,U2,wordlist,20,high
pri-3B-U2-0097,red leg,,,primary,3,3B,U2,wordlist,21,high
pri-3B-U2-0098,ten,,,primary,3,3B,U2,wordlist,21,high
pri-3B-U2-0099,pen,,,primary,3,3B,U2,wordlist,21,high
pri-3B-U2-0100,red,,,primary,3,3B,U2,wordlist,21,high
pri-3B-U2-0101,seven pencil,,,primary,3,3B,U2,wordlist,21,high
pri-3B-U2-0102,Let s spell,,,primary,3,3B,U2,wordlist,21,high
pri-3B-U2-0103,Listen repeat and chant,,,primary,3,3B,U2,wordlist,21,high
pri-3B-U2-0104,Listen and write,,,primary,3,3B,U2,wordlist,21,high
pri-3B-U2-0105,Read listen and circle,,,primary,3,3B,U2,wordlist,21,high
pri-3B-U3-0001,No he isn t,,,primary,3,3B,U3,wordlist,22,high
pri-3B-U3-0002,He s my teacher,,,primary,3,3B,U3,wordlist,22,high
pri-3B-U3-0003,He s my dad,,,primary,3,3B,U3,wordlist,22,high
pri-3B-U3-0004,He s my brother,,,primary,3,3B,U3,wordlist,22,high
pri-3B-U3-0005,Guess,,,primary,3,3B,U3,wordlist,22,high
pri-3B-U3-0006,Is he your father,,,primary,3,3B,U3,wordlist,22,high
pri-3B-U3-0007,Who s that boy,,,primary,3,3B,U3,wordlist,22,high
pri-3B-U3-0008,Yes she is,,,primary,3,3B,U3,wordlist,22,high
pri-3B-U3-0009,Is she your mother,,,primary,3,3B,U3,wordlist,22,high
pri-3B-U3-0010,Is he your brother,,,primary,3,3B,U3,wordlist,22,high
pri-3B-U3-0011,B,,,primary,3,3B,U3,wordlist,22,high
pri-3B-U3-0012,Let s talk,,,primary,3,3B,U3,wordlist,22,high
pri-3B-U3-0013,Let s play,,,primary,3,3B,U3,wordlist,22,high
pri-3B-U3-0014,Hi I m Mike This is my family,,,primary,3,3B,U3,wordlist,23,high
pri-3B-U3-0015,Look This is my grandmother,,,primary,3,3B,U3,wordlist,23,high
pri-3B-U3-0016,This is my,,,primary,3,3B,U3,wordlist,23,high
pri-3B-U3-0017,Grandma grandpa,,,primary,3,3B,U3,wordlist,23,high
pri-3B-U3-0018,Sister brother,,,primary,3,3B,U3,wordlist,23,high
pri-3B-U3-0019,All my family,,,primary,3,3B,U3,wordlist,23,high
pri-3B-U3-0020,Help each other,,,primary,3,3B,U3,wordlist,23,high
pri-3B-U3-0021,grandfather,,,primary,3,3B,U3,wordlist,23,high
pri-3B-U3-0022,grandpa,,,primary,3,3B,U3,wordlist,23,high
pri-3B-U3-0023,grandmother,,,primary,3,3B,U3,wordlist,23,high
pri-3B-U3-0024,grandma,,,primary,3,3B,U3,wordlist,23,high
pri-3B-U3-0025,mother,,,primary,3,3B,U3,wordlist,23,high
pri-3B-U3-0026,brother,,,primary,3,3B,U3,wordlist,23,high
pri-3B-U3-0027,sister,,,primary,3,3B,U3,wordlist,23,high
pri-3B-U3-0028,father,,,primary,3,3B,U3,wordlist,23,high
pri-3B-U3-0029,Let s learn,,,primary,3,3B,U3,wordlist,23,high
pri-3B-U3-0030,Words,,,primary,3,3B,U3,wordlist,23,high
pri-3B-U3-0031,Let s chant,,,primary,3,3B,U3,wordlist,23,high
pri-3B-U3-0032,What about your family,,,primary,3,3B,U3,wordlist,24,high
pri-3B-U3-0033,This is my grandmother,,,primary,3,3B,U3,wordlist,24,high
pri-3B-U3-0034,This is my grandfather,,,primary,3,3B,U3,wordlist,24,high
pri-3B-U3-0035,This is my father,,,primary,3,3B,U3,wordlist,24,high
pri-3B-U3-0036,This is my mother,,,primary,3,3B,U3,wordlist,24,high
pri-3B-U3-0037,I m Wu Binbin,,,primary,3,3B,U3,wordlist,24,high
pri-3B-U3-0038,This is my family,,,primary,3,3B,U3,wordlist,24,high
pri-3B-U3-0039,Read and match,,,primary,3,3B,U3,wordlist,24,high
pri-3B-U3-0040,Start to read,,,primary,3,3B,U3,wordlist,24,high
pri-3B-U3-0041,I love my father I love my mother,,,primary,3,3B,U3,wordlist,25,high
pri-3B-U3-0042,They love me They love me,,,primary,3,3B,U3,wordlist,25,high
pri-3B-U3-0043,I love my grandpa I love my grandma,,,primary,3,3B,U3,wordlist,25,high
pri-3B-U3-0044,A my mother father brother and sister,,,primary,3,3B,U3,wordlist,25,high
pri-3B-U3-0045,B my mother grandfather grandmother and brother,,,primary,3,3B,U3,wordlist,25,high
pri-3B-U3-0046,Look and tick,,,primary,3,3B,U3,wordlist,25,high
pri-3B-U3-0047,I love my family,,,primary,3,3B,U3,wordlist,25,high
pri-3B-U3-0048,Let s sing,,,primary,3,3B,U3,wordlist,25,high
pri-3B-U3-0049,Let s check,,,primary,3,3B,U3,wordlist,25,high
pri-3B-U3-0050,Listen and number,,,primary,3,3B,U3,wordlist,25,high
pri-3B-U3-0051,C,,,primary,3,3B,U3,wordlist,26,high
pri-3B-U3-0052,Look at me,,,primary,3,3B,U3,wordlist,26,high
pri-3B-U3-0053,Really,,,primary,3,3B,U3,wordlist,26,high
pri-3B-U3-0054,Zoom,,,primary,3,3B,U3,wordlist,26,high
pri-3B-U3-0055,How beautiful,,,primary,3,3B,U3,wordlist,26,high
pri-3B-U3-0056,Wait a minute,,,primary,3,3B,U3,wordlist,26,high
pri-3B-U3-0057,She s my,,,primary,3,3B,U3,wordlist,26,high
pri-3B-U3-0058,Who s that,,,primary,3,3B,U3,wordlist,26,high
pri-3B-U3-0059,woman,,,primary,3,3B,U3,wordlist,26,high
pri-3B-U3-0060,She s,,,primary,3,3B,U3,wordlist,26,high
pri-3B-U3-0061,beautiful,,,primary,3,3B,U3,wordlist,26,high
pri-3B-U3-0062,Thank you,,,primary,3,3B,U3,wordlist,26,high
pri-3B-U3-0063,My mum is,,,primary,3,3B,U3,wordlist,26,high
pri-3B-U3-0064,an actress,,,primary,3,3B,U3,wordlist,26,high
pri-3B-U3-0065,Story time,,,primary,3,3B,U3,wordlist,26,high
pri-3B-U3-0066,It has a long nose,,,primary,3,3B,U3,wordlist,27,high
pri-3B-U3-0067,Don t feed,,,primary,3,3B,U3,wordlist,27,high
pri-3B-U3-0068,the animals,,,primary,3,3B,U3,wordlist,27,high
pri-3B-U3-0069,Look at the,,,primary,3,3B,U3,wordlist,27,high
pri-3B-U3-0070,elephant,,,primary,3,3B,U3,wordlist,27,high
pri-3B-U3-0071,Unit Three,,,primary,3,3B,U3,wordlist,27,high
pri-3B-U3-0072,Ah So cute,,,primary,3,3B,U3,wordlist,28,high
pri-3B-U3-0073,Look at the giraffe,,,primary,3,3B,U3,wordlist,28,high
pri-3B-U3-0074,Look at that monkey,,,primary,3,3B,U3,wordlist,28,high
pri-3B-U3-0075,It s so fat,,,primary,3,3B,U3,wordlist,28,high
pri-3B-U3-0076,It s so tall,,,primary,3,3B,U3,wordlist,28,high
pri-3B-U3-0077,At the zoo,,,primary,3,3B,U3,wordlist,28,high
pri-3B-U3-0078,A,,,primary,3,3B,U3,wordlist,29,high
pri-3B-U3-0079,It s tall,,,primary,3,3B,U3,wordlist,29,high
pri-3B-U3-0080,Look at my giraffe,,,primary,3,3B,U3,wordlist,29,high
pri-3B-U3-0081,Look at my cat,,,primary,3,3B,U3,wordlist,29,high
pri-3B-U3-0082,It s fat,,,primary,3,3B,U3,wordlist,29,high
pri-3B-U3-0083,A bear,,,primary,3,3B,U3,wordlist,29,high
pri-3B-U3-0084,Look at that,,,primary,3,3B,U3,wordlist,29,high
pri-3B-U3-0085,giraffe,,,primary,3,3B,U3,wordlist,29,high
pri-3B-U3-0086,Wow It s so tall,,,primary,3,3B,U3,wordlist,29,high
pri-3B-U3-0087,Ha It s short and fat,,,primary,3,3B,U3,wordlist,29,high
pri-3B-U3-0088,Your picture,,,primary,3,3B,U3,wordlist,29,high
pri-3B-U3-0089,Draw and say,,,primary,3,3B,U3,wordlist,29,high
pri-3B-U3-0090,Be fat Be fat Be fat fat fat,,,primary,3,3B,U3,wordlist,30,high
pri-3B-U3-0091,Be thin Be thin Be thin thin thin,,,primary,3,3B,U3,wordlist,30,high
pri-3B-U3-0092,Be tall Be tall Be tall tall tall,,,primary,3,3B,U3,wordlist,30,high
pri-3B-U3-0093,Be short Be short Be short short short,,,primary,3,3B,U3,wordlist,30,high
pri-3B-U3-0094,thin,,,primary,3,3B,U3,wordlist,30,high
pri-3B-U3-0095,short,,,primary,3,3B,U3,wordlist,30,high
pri-3B-U3-0096,fat,,,primary,3,3B,U3,wordlist,30,high
pri-3B-U3-0097,tall,,,primary,3,3B,U3,wordlist,30,high
pri-3B-U3-0098,Let s do,,,primary,3,3B,U3,wordlist,30,high
pri-3B-U3-0099,six,,,primary,3,3B,U3,wordlist,31,high
pri-3B-U3-0100,pig,,,primary,3,3B,U3,wordlist,31,high
pri-3B-U3-0101,gift milk,,,primary,3,3B,U3,wordlist,31,high
pri-3B-U3-0102,big,,,primary,3,3B,U3,wordlist,31,high
pri-3B-U3-0103,it,,,primary,3,3B,U3,wordlist,31,high
pri-3B-U3-0104,Let s spell,,,primary,3,3B,U3,wordlist,31,high
pri-3B-U3-0105,Listen repeat and chant,,,primary,3,3B,U3,wordlist,31,high
pri-3B-U3-0106,Listen and write,,,primary,3,3B,U3,wordlist,31,high
pri-3B-U3-0107,Read and listen,,,primary,3,3B,U3,wordlist,31,high
pri-3B-U4-0001,Wow It has,,,primary,3,3B,U4,wordlist,32,high
pri-3B-U4-0002,a long nose,,,primary,3,3B,U4,wordlist,32,high
pri-3B-U4-0003,Come here children,,,primary,3,3B,U4,wordlist,32,high
pri-3B-U4-0004,Look at the elephant,,,primary,3,3B,U4,wordlist,32,high
pri-3B-U4-0005,It has small,,,primary,3,3B,U4,wordlist,32,high
pri-3B-U4-0006,eyes and big ears,,,primary,3,3B,U4,wordlist,32,high
pri-3B-U4-0007,It has a short tail,,,primary,3,3B,U4,wordlist,32,high
pri-3B-U4-0008,It has a big body,,,primary,3,3B,U4,wordlist,32,high
pri-3B-U4-0009,OK Here s a big body,,,primary,3,3B,U4,wordlist,32,high
pri-3B-U4-0010,B,,,primary,3,3B,U4,wordlist,32,high
pri-3B-U4-0011,Let s talk,,,primary,3,3B,U4,wordlist,32,high
pri-3B-U4-0012,Make a monster,,,primary,3,3B,U4,wordlist,32,high
pri-3B-U4-0013,Big big big,,,primary,3,3B,U4,wordlist,33,high
pri-3B-U4-0014,Make your eyes big,,,primary,3,3B,U4,wordlist,33,high
pri-3B-U4-0015,Small small small,,,primary,3,3B,U4,wordlist,33,high
pri-3B-U4-0016,Make your eyes small,,,primary,3,3B,U4,wordlist,33,high
pri-3B-U4-0017,Long long long,,,primary,3,3B,U4,wordlist,33,high
pri-3B-U4-0018,Make your arms long,,,primary,3,3B,U4,wordlist,33,high
pri-3B-U4-0019,Short short short,,,primary,3,3B,U4,wordlist,33,high
pri-3B-U4-0020,Make your arms short,,,primary,3,3B,U4,wordlist,33,high
pri-3B-U4-0021,big,,,primary,3,3B,U4,wordlist,33,high
pri-3B-U4-0022,small,,,primary,3,3B,U4,wordlist,33,high
pri-3B-U4-0023,long,,,primary,3,3B,U4,wordlist,33,high
pri-3B-U4-0024,short,,,primary,3,3B,U4,wordlist,33,high
pri-3B-U4-0025,Wow It has a small head,,,primary,3,3B,U4,wordlist,33,high
pri-3B-U4-0026,And a short tail,,,primary,3,3B,U4,wordlist,33,high
pri-3B-U4-0027,Let s learn,,,primary,3,3B,U4,wordlist,33,high
pri-3B-U4-0028,Words,,,primary,3,3B,U4,wordlist,33,high
pri-3B-U4-0029,Let s do,,,primary,3,3B,U4,wordlist,33,high
pri-3B-U4-0030,It has a long body and short legs,,,primary,3,3B,U4,wordlist,34,high
pri-3B-U4-0031,It has a long tail and big eyes,,,primary,3,3B,U4,wordlist,34,high
pri-3B-U4-0032,It s big and fat,,,primary,3,3B,U4,wordlist,34,high
pri-3B-U4-0033,It s small and thin,,,primary,3,3B,U4,wordlist,34,high
pri-3B-U4-0034,It s big It has a short tail,,,primary,3,3B,U4,wordlist,34,high
pri-3B-U4-0035,It s black and white,,,primary,3,3B,U4,wordlist,34,high
pri-3B-U4-0036,It s a panda,,,primary,3,3B,U4,wordlist,34,high
pri-3B-U4-0037,Read and match,,,primary,3,3B,U4,wordlist,34,high
pri-3B-U4-0038,Start to read,,,primary,3,3B,U4,wordlist,34,high
pri-3B-U4-0039,Choose say and guess,,,primary,3,3B,U4,wordlist,34,high
pri-3B-U4-0040,At the zoo,,,primary,3,3B,U4,wordlist,35,high
pri-3B-U4-0041,Cat is fast Rat is fat,,,primary,3,3B,U4,wordlist,35,high
pri-3B-U4-0042,See them run Fun Fun Fun,,,primary,3,3B,U4,wordlist,35,high
pri-3B-U4-0043,Monkey is short Giraffe is tall,,,primary,3,3B,U4,wordlist,35,high
pri-3B-U4-0044,See them play with the ball,,,primary,3,3B,U4,wordlist,35,high
pri-3B-U4-0045,fat big long small short thin tall,,,primary,3,3B,U4,wordlist,35,high
pri-3B-U4-0046,Look and match,,,primary,3,3B,U4,wordlist,35,high
pri-3B-U4-0047,Let s check,,,primary,3,3B,U4,wordlist,35,high
pri-3B-U4-0048,Listen and tick,,,primary,3,3B,U4,wordlist,35,high
pri-3B-U4-0049,Let s sing,,,primary,3,3B,U4,wordlist,35,high
pri-3B-U5-0001,C,,,primary,3,3B,U5,wordlist,36,high
pri-3B-U5-0002,I know,,,primary,3,3B,U5,wordlist,36,high
pri-3B-U5-0003,They re monkeys,,,primary,3,3B,U5,wordlist,36,high
pri-3B-U5-0004,Yes,,,primary,3,3B,U5,wordlist,36,high
pri-3B-U5-0005,Right,,,primary,3,3B,U5,wordlist,36,high
pri-3B-U5-0006,The small one is,,,primary,3,3B,U5,wordlist,36,high
pri-3B-U5-0007,a monkey The big,,,primary,3,3B,U5,wordlist,36,high
pri-3B-U5-0008,one is a gorilla,,,primary,3,3B,U5,wordlist,36,high
pri-3B-U5-0009,Good,,,primary,3,3B,U5,wordlist,36,high
pri-3B-U5-0010,Look,,,primary,3,3B,U5,wordlist,36,high
pri-3B-U5-0011,How many animals,,,primary,3,3B,U5,wordlist,36,high
pri-3B-U5-0012,do you know,,,primary,3,3B,U5,wordlist,36,high
pri-3B-U5-0013,I know all,,,primary,3,3B,U5,wordlist,36,high
pri-3B-U5-0014,the animals,,,primary,3,3B,U5,wordlist,36,high
pri-3B-U5-0015,A zebra and,,,primary,3,3B,U5,wordlist,36,high
pri-3B-U5-0016,a horse,,,primary,3,3B,U5,wordlist,36,high
pri-3B-U5-0017,A tiger and,,,primary,3,3B,U5,wordlist,36,high
pri-3B-U5-0018,a lion,,,primary,3,3B,U5,wordlist,36,high
pri-3B-U5-0019,A fox and,,,primary,3,3B,U5,wordlist,36,high
pri-3B-U5-0020,a wolf,,,primary,3,3B,U5,wordlist,36,high
pri-3B-U5-0021,No,,,primary,3,3B,U5,wordlist,36,high
pri-3B-U5-0022,Oops,,,primary,3,3B,U5,wordlist,36,high
pri-3B-U5-0023,Story time,,,primary,3,3B,U5,wordlist,36,high
pri-3B-U5-0024,Who s that boy,,,primary,3,3B,U5,wordlist,37,high
pri-3B-U5-0025,He s my friend,,,primary,3,3B,U5,wordlist,37,high
pri-3B-U5-0026,John,,,primary,3,3B,U5,wordlist,37,high
pri-3B-U5-0027,Nice to meet you,,,primary,3,3B,U5,wordlist,37,high
pri-3B-U5-0028,Wang Tong,,,primary,3,3B,U5,wordlist,37,high
pri-3B-U5-0029,Nice to meet,,,primary,3,3B,U5,wordlist,37,high
pri-3B-U5-0030,you too Where,,,primary,3,3B,U5,wordlist,37,high
pri-3B-U5-0031,are you from,,,primary,3,3B,U5,wordlist,37,high
pri-3B-U5-0032,Hi John,,,primary,3,3B,U5,wordlist,37,high
pri-3B-U5-0033,This is my friend,,,primary,3,3B,U5,wordlist,37,high
pri-3B-U5-0034,You re tall,,,primary,3,3B,U5,wordlist,37,high
pri-3B-U5-0035,OK,,,primary,3,3B,U5,wordlist,37,high
pri-3B-U5-0036,I m from,,,primary,3,3B,U5,wordlist,37,high
pri-3B-U5-0037,the USA,,,primary,3,3B,U5,wordlist,37,high
pri-3B-U5-0038,Yes I like sports,,,primary,3,3B,U5,wordlist,37,high
pri-3B-U5-0039,Let s play,,,primary,3,3B,U5,wordlist,37,high
pri-3B-U5-0040,Can you act it out,,,primary,3,3B,U5,wordlist,37,high
pri-3B-U5-0041,Recycle,,,primary,3,3B,U5,wordlist,37,high
pri-3B-U5-0042,Read aloud,,,primary,3,3B,U5,wordlist,37,high
pri-3B-U5-0043,It s an,,,primary,3,3B,U5,wordlist,38,high
pri-3B-U5-0044,It s small,,,primary,3,3B,U5,wordlist,38,high
pri-3B-U5-0045,It s a,,,primary,3,3B,U5,wordlist,38,high
pri-3B-U5-0046,It s thin,,,primary,3,3B,U5,wordlist,38,high
pri-3B-U5-0047,It has a fat body,,,primary,3,3B,U5,wordlist,38,high
pri-3B-U5-0048,It has a long nose,,,primary,3,3B,U5,wordlist,38,high
pri-3B-U5-0049,Listen and chant,,,primary,3,3B,U5,wordlist,38,high
pri-3B-U5-0050,Match and read aloud,,,primary,3,3B,U5,wordlist,38,high
pri-3B-U5-0051,Little bird little bird,,,primary,3,3B,U5,wordlist,38,high
pri-3B-U5-0052,You are small and fast,,,primary,3,3B,U5,wordlist,38,high
pri-3B-U5-0053,Baby panda baby panda,,,primary,3,3B,U5,wordlist,38,high
pri-3B-U5-0054,You are a little bit fat,,,primary,3,3B,U5,wordlist,38,high
pri-3B-U5-0055,Your tail is short,,,primary,3,3B,U5,wordlist,38,high
pri-3B-U5-0056,Your tail is not,,,primary,3,3B,U5,wordlist,38,high
pri-3B-U5-0057,woman,,,primary,3,3B,U5,wordlist,39,high
pri-3B-U5-0058,teacher,,,primary,3,3B,U5,wordlist,39,high
pri-3B-U5-0059,boy,,,primary,3,3B,U5,wordlist,39,high
pri-3B-U5-0060,man,,,primary,3,3B,U5,wordlist,39,high
pri-3B-U5-0061,student,,,primary,3,3B,U5,wordlist,39,high
pri-3B-U5-0062,girl,,,primary,3,3B,U5,wordlist,39,high
pri-3B-U5-0063,Who s that man boy,,,primary,3,3B,U5,wordlist,39,high
pri-3B-U5-0064,He s She s Sarah s,,,primary,3,3B,U5,wordlist,39,high
pri-3B-U5-0065,See P,,,primary,3,3B,U5,wordlist,39,high
pri-3B-U5-0066,Look and tick,,,primary,3,3B,U5,wordlist,39,high
pri-3B-U5-0067,Find Sarah s family,,,primary,3,3B,U5,wordlist,39,high
pri-3B-U5-0068,Who is not here,,,primary,3,3B,U5,wordlist,39,high
pri-3B-U5-0069,The cat is from the UK the UK the UK,,,primary,3,3B,U5,wordlist,40,high
pri-3B-U5-0070,The cat is from the UK It s fat and it s white,,,primary,3,3B,U5,wordlist,40,high
pri-3B-U5-0071,It s fat and it s white It s white and it s fat,,,primary,3,3B,U5,wordlist,40,high
pri-3B-U5-0072,Find and circle,,,primary,3,3B,U5,wordlist,40,high
pri-3B-U5-0073,Sing a song,,,primary,3,3B,U5,wordlist,40,high
pri-3B-U5-0074,The cat is from the UK,,,primary,3,3B,U5,wordlist,40,high
pri-3B-U5-0075,Where is my car,,,primary,3,3B,U5,wordlist,41,high
pri-3B-U5-0076,Is it in the desk,,,primary,3,3B,U5,wordlist,41,high
pri-3B-U5-0077,Where is Zip,,,primary,3,3B,U5,wordlist,41,high
pri-3B-U5-0078,Unit Four,,,primary,3,3B,U5,wordlist,41,high
pri-3B-U5-0079,Where is my map,,,primary,3,3B,U5,wordlist,42,high
pri-3B-U5-0080,Is it on the desk,,,primary,3,3B,U5,wordlist,42,high
pri-3B-U5-0081,Good guess,,,primary,3,3B,U5,wordlist,42,high
pri-3B-U5-0082,Where is,,,primary,3,3B,U5,wordlist,42,high
pri-3B-U5-0083,my car,,,primary,3,3B,U5,wordlist,42,high
pri-3B-U5-0084,A,,,primary,3,3B,U5,wordlist,43,high
pri-3B-U5-0085,And your,,,primary,3,3B,U5,wordlist,43,high
pri-3B-U5-0086,pencil It s under,,,primary,3,3B,U5,wordlist,43,high
pri-3B-U5-0087,your book,,,primary,3,3B,U5,wordlist,43,high
pri-3B-U5-0088,Uh-oh Where is,,,primary,3,3B,U5,wordlist,43,high
pri-3B-U5-0089,my pencil box,,,primary,3,3B,U5,wordlist,43,high
pri-3B-U5-0090,Silly me,,,primary,3,3B,U5,wordlist,43,high
pri-3B-U5-0091,Thanks,,,primary,3,3B,U5,wordlist,43,high
pri-3B-U5-0092,Look It s in,,,primary,3,3B,U5,wordlist,43,high
pri-3B-U5-0093,your desk,,,primary,3,3B,U5,wordlist,43,high
pri-3B-U5-0094,Oh yes,,,primary,3,3B,U5,wordlist,43,high
pri-3B-U5-0095,Let s go home,,,primary,3,3B,U5,wordlist,43,high
pri-3B-U5-0096,in,,,primary,3,3B,U5,wordlist,43,high
pri-3B-U5-0097,under,,,primary,3,3B,U5,wordlist,43,high
pri-3B-U5-0098,desk,,,primary,3,3B,U5,wordlist,43,high
pri-3B-U5-0099,Let s talk,,,primary,3,3B,U5,wordlist,43,high
pri-3B-U5-0100,Put your foot under your chair,,,primary,3,3B,U5,wordlist,44,high
pri-3B-U5-0101,Put your hand on your chair,,,primary,3,3B,U5,wordlist,44,high
pri-3B-U5-0102,Put your arm in your desk,,,primary,3,3B,U5,wordlist,44,high
pri-3B-U5-0103,Put your hand under your desk,,,primary,3,3B,U5,wordlist,44,high
pri-3B-U5-0104,chair,,,primary,3,3B,U5,wordlist,44,high
pri-3B-U5-0105,on,,,primary,3,3B,U5,wordlist,44,high
pri-3B-U5-0106,Where is the ruler,,,primary,3,3B,U5,wordlist,44,high
pri-3B-U5-0107,It s under,,,primary,3,3B,U5,wordlist,44,high
pri-3B-U5-0108,the chair,,,primary,3,3B,U5,wordlist,44,high
pri-3B-U5-0109,Let s learn,,,primary,3,3B,U5,wordlist,44,high
pri-3B-U5-0110,Let s do,,,primary,3,3B,U5,wordlist,44,high
pri-3B-U5-0111,Words,,,primary,3,3B,U5,wordlist,44,high
pri-3B-U5-0112,box,,,primary,3,3B,U5,wordlist,45,high
pri-3B-U5-0113,dog,,,primary,3,3B,U5,wordlist,45,high
pri-3B-U5-0114,doll,,,primary,3,3B,U5,wordlist,45,high
pri-3B-U5-0115,mom,,,primary,3,3B,U5,wordlist,45,high
pri-3B-U5-0116,body,,,primary,3,3B,U5,wordlist,45,high
pri-3B-U5-0117,orange,,,primary,3,3B,U5,wordlist,45,high
pri-3B-U5-0118,Let s spell,,,primary,3,3B,U5,wordlist,45,high
pri-3B-U5-0119,Listen repeat and chant,,,primary,3,3B,U5,wordlist,45,high
pri-3B-U5-0120,Read listen and number,,,primary,3,3B,U5,wordlist,45,high
pri-3B-U5-0121,Listen and write,,,primary,3,3B,U5,wordlist,45,high
pri-3B-U6-0001,Bye Have a good time,,,primary,3,3B,U6,wordlist,46,high
pri-3B-U6-0002,No it isn t,,,primary,3,3B,U6,wordlist,46,high
pri-3B-U6-0003,Mum where,,,primary,3,3B,U6,wordlist,46,high
pri-3B-U6-0004,is my cap,,,primary,3,3B,U6,wordlist,46,high
pri-3B-U6-0005,Is it in,,,primary,3,3B,U6,wordlist,46,high
pri-3B-U6-0006,your bag,,,primary,3,3B,U6,wordlist,46,high
pri-3B-U6-0007,Is it in your,,,primary,3,3B,U6,wordlist,46,high
pri-3B-U6-0008,toy box,,,primary,3,3B,U6,wordlist,46,high
pri-3B-U6-0009,Yes it is,,,primary,3,3B,U6,wordlist,46,high
pri-3B-U6-0010,Thanks Mum,,,primary,3,3B,U6,wordlist,46,high
pri-3B-U6-0011,Is it under,,,primary,3,3B,U6,wordlist,46,high
pri-3B-U6-0012,the book,,,primary,3,3B,U6,wordlist,46,high
pri-3B-U6-0013,the desk,,,primary,3,3B,U6,wordlist,46,high
pri-3B-U6-0014,Where is my ruler,,,primary,3,3B,U6,wordlist,46,high
pri-3B-U6-0015,Bye,,,primary,3,3B,U6,wordlist,46,high
pri-3B-U6-0016,B,,,primary,3,3B,U6,wordlist,46,high
pri-3B-U6-0017,Let s talk,,,primary,3,3B,U6,wordlist,46,high
pri-3B-U6-0018,Let s play,,,primary,3,3B,U6,wordlist,46,high
pri-3B-U6-0019,Row a boat,,,primary,3,3B,U6,wordlist,47,high
pri-3B-U6-0020,Put on a cap,,,primary,3,3B,U6,wordlist,47,high
pri-3B-U6-0021,Bounce a ball,,,primary,3,3B,U6,wordlist,47,high
pri-3B-U6-0022,Read a map,,,primary,3,3B,U6,wordlist,47,high
pri-3B-U6-0023,Drive a car,,,primary,3,3B,U6,wordlist,47,high
pri-3B-U6-0024,is my boat,,,primary,3,3B,U6,wordlist,47,high
pri-3B-U6-0025,cap,,,primary,3,3B,U6,wordlist,47,high
pri-3B-U6-0026,map,,,primary,3,3B,U6,wordlist,47,high
pri-3B-U6-0027,boat,,,primary,3,3B,U6,wordlist,47,high
pri-3B-U6-0028,ball,,,primary,3,3B,U6,wordlist,47,high
pri-3B-U6-0029,car,,,primary,3,3B,U6,wordlist,47,high
pri-3B-U6-0030,Let s learn,,,primary,3,3B,U6,wordlist,47,high
pri-3B-U6-0031,Words,,,primary,3,3B,U6,wordlist,47,high
pri-3B-U6-0032,Let s do,,,primary,3,3B,U6,wordlist,47,high
pri-3B-U6-0033,Is it on the boat,,,primary,3,3B,U6,wordlist,48,high
pri-3B-U6-0034,Is it under the chair,,,primary,3,3B,U6,wordlist,48,high
pri-3B-U6-0035,Is it on the map,,,primary,3,3B,U6,wordlist,48,high
pri-3B-U6-0036,Is it in the desk,,,primary,3,3B,U6,wordlist,48,high
pri-3B-U6-0037,Is it on the ball,,,primary,3,3B,U6,wordlist,48,high
pri-3B-U6-0038,Is it in the bag,,,primary,3,3B,U6,wordlist,48,high
pri-3B-U6-0039,Can you answer the questions,,,primary,3,3B,U6,wordlist,48,high
pri-3B-U6-0040,Where is Zip,,,primary,3,3B,U6,wordlist,48,high
pri-3B-U6-0041,Start to read,,,primary,3,3B,U6,wordlist,48,high
pri-3B-U6-0042,Read and tick or cross,,,primary,3,3B,U6,wordlist,48,high
pri-3B-U6-0043,Where is the toy car Is it on your desk,,,primary,3,3B,U6,wordlist,49,high
pri-3B-U6-0044,Where is the toy car Oh it s on your chair,,,primary,3,3B,U6,wordlist,49,high
pri-3B-U6-0045,bag,,,primary,3,3B,U6,wordlist,49,high
pri-3B-U6-0046,box,,,primary,3,3B,U6,wordlist,49,high
pri-3B-U6-0047,book,,,primary,3,3B,U6,wordlist,49,high
pri-3B-U6-0048,cat,,,primary,3,3B,U6,wordlist,49,high
pri-3B-U6-0049,pen,,,primary,3,3B,U6,wordlist,49,high
pri-3B-U6-0050,Where is the toy car,,,primary,3,3B,U6,wordlist,49,high
pri-3B-U6-0051,Let s check,,,primary,3,3B,U6,wordlist,49,high
pri-3B-U6-0052,Look and tick,,,primary,3,3B,U6,wordlist,49,high
pri-3B-U6-0053,Listen and tick or cross,,,primary,3,3B,U6,wordlist,49,high
pri-3B-U6-0054,Let s sing,,,primary,3,3B,U6,wordlist,49,high
pri-3B-U6-0055,C,,,primary,3,3B,U6,wordlist,50,high
pri-3B-U6-0056,Where are you,,,primary,3,3B,U6,wordlist,50,high
pri-3B-U6-0057,I can t find you,,,primary,3,3B,U6,wordlist,50,high
pri-3B-U6-0058,In the,,,primary,3,3B,U6,wordlist,50,high
pri-3B-U6-0059,Under the bed,,,primary,3,3B,U6,wordlist,50,high
pri-3B-U6-0060,Haha,,,primary,3,3B,U6,wordlist,50,high
pri-3B-U6-0061,I m behind,,,primary,3,3B,U6,wordlist,50,high
pri-3B-U6-0062,you,,,primary,3,3B,U6,wordlist,50,high
pri-3B-U6-0063,Great,,,primary,3,3B,U6,wordlist,50,high
pri-3B-U6-0064,Yes,,,primary,3,3B,U6,wordlist,50,high
pri-3B-U6-0065,hide and seek,,,primary,3,3B,U6,wordlist,50,high
pri-3B-U6-0066,Are you ready,,,primary,3,3B,U6,wordlist,50,high
pri-3B-U6-0067,Under the table,,,primary,3,3B,U6,wordlist,50,high
pri-3B-U6-0068,Story time,,,primary,3,3B,U6,wordlist,50,high
pri-3B-U6-0069,Do you like pears,,,primary,3,3B,U6,wordlist,51,high
pri-3B-U6-0070,Yes I do,,,primary,3,3B,U6,wordlist,51,high
pri-3B-U6-0071,An apple a day,,,primary,3,3B,U6,wordlist,51,high
pri-3B-U6-0072,Unit Five,,,primary,3,3B,U6,wordlist,51,high
pri-3B-U6-0073,keeps the doctor away,,,primary,3,3B,U6,wordlist,52,high
pri-3B-U6-0074,Do you like watermelons,,,primary,3,3B,U6,wordlist,52,high
pri-3B-U6-0075,No I don t,,,primary,3,3B,U6,wordlist,52,high
pri-3B-U6-0076,I like bananas,,,primary,3,3B,U6,wordlist,52,high
pri-3B-U6-0077,Do you,,,primary,3,3B,U6,wordlist,52,high
pri-3B-U6-0078,like pears,,,primary,3,3B,U6,wordlist,52,high
pri-3B-U6-0079,A,,,primary,3,3B,U6,wordlist,53,high
pri-3B-U6-0080,No I don't,,,primary,3,3B,U6,wordlist,53,high
pri-3B-U6-0081,I like apples,,,primary,3,3B,U6,wordlist,53,high
pri-3B-U6-0082,Here you are,,,primary,3,3B,U6,wordlist,53,high
pri-3B-U6-0083,Thanks,,,primary,3,3B,U6,wordlist,53,high
pri-3B-U6-0084,Honey let s buy,,,primary,3,3B,U6,wordlist,53,high
pri-3B-U6-0085,some fruit Do you,,,primary,3,3B,U6,wordlist,53,high
pri-3B-U6-0086,like oranges,,,primary,3,3B,U6,wordlist,53,high
pri-3B-U6-0087,banana,,,primary,3,3B,U6,wordlist,54,high
pri-3B-U6-0088,pear,,,primary,3,3B,U6,wordlist,54,high
pri-3B-U6-0089,apple,,,primary,3,3B,U6,wordlist,54,high
pri-3B-U6-0090,orange,,,primary,3,3B,U6,wordlist,54,high
pri-3B-U6-0091,Let s chant,,,primary,3,3B,U6,wordlist,54,high
pri-3B-U6-0092,I eat apples,,,primary,3,3B,U6,wordlist,54,high
pri-3B-U6-0093,I eat grapes,,,primary,3,3B,U6,wordlist,54,high
pri-3B-U6-0094,I eat bananas yummy,,,primary,3,3B,U6,wordlist,54,high
pri-3B-U6-0095,I eat oranges,,,primary,3,3B,U6,wordlist,54,high
pri-3B-U6-0096,I eat pears,,,primary,3,3B,U6,wordlist,54,high
pri-3B-U6-0097,A fruit bowl in my tummy,,,primary,3,3B,U6,wordlist,54,high
pri-3B-U6-0098,duck,,,primary,3,3B,U6,wordlist,55,high
pri-3B-U6-0099,cut,,,primary,3,3B,U6,wordlist,55,high
pri-3B-U6-0100,run,,,primary,3,3B,U6,wordlist,55,high
pri-3B-U6-0101,fun,,,primary,3,3B,U6,wordlist,55,high
pri-3B-U6-0102,under,,,primary,3,3B,U6,wordlist,55,high
pri-3B-U6-0103,up,,,primary,3,3B,U6,wordlist,55,high
pri-3B-U6-0104,Let s spell,,,primary,3,3B,U6,wordlist,55,high
pri-3B-U6-0105,Listen repeat and chant,,,primary,3,3B,U6,wordlist,55,high
pri-3B-U6-0106,Read listen and number,,,primary,3,3B,U6,wordlist,55,high
pri-3B-U6-0107,Listen and write,,,primary,3,3B,U6,wordlist,55,high
pri-3B-U6-0108,I don t like pears,,,primary,3,3B,U6,wordlist,56,high
pri-3B-U6-0109,I like grapes,,,primary,3,3B,U6,wordlist,56,high
pri-3B-U6-0110,Have some grapes,,,primary,3,3B,U6,wordlist,56,high
pri-3B-U6-0111,Sorry I don t like,,,primary,3,3B,U6,wordlist,56,high
pri-3B-U6-0112,grapes Can I have,,,primary,3,3B,U6,wordlist,56,high
pri-3B-U6-0113,some bananas,,,primary,3,3B,U6,wordlist,56,high
pri-3B-U6-0114,Do you like grapes,,,primary,3,3B,U6,wordlist,57,high
pri-3B-U6-0115,They taste really good,,,primary,3,3B,U6,wordlist,57,high
pri-3B-U6-0116,Do you like oranges,,,primary,3,3B,U6,wordlist,57,high
pri-3B-U6-0117,No but I should,,,primary,3,3B,U6,wordlist,57,high
pri-3B-U6-0118,Apples watermelons,,,primary,3,3B,U6,wordlist,57,high
pri-3B-U6-0119,Strawberries too,,,primary,3,3B,U6,wordlist,57,high
pri-3B-U6-0120,I like them all,,,primary,3,3B,U6,wordlist,57,high
pri-3B-U6-0121,How about you,,,primary,3,3B,U6,wordlist,57,high
pri-3B-U6-0122,I don't like watermelons,,,primary,3,3B,U6,wordlist,57,high
pri-3B-U6-0123,Me neither,,,primary,3,3B,U6,wordlist,57,high
pri-3B-U6-0124,strawberry,,,primary,3,3B,U6,wordlist,57,high
pri-3B-U6-0125,grape,,,primary,3,3B,U6,wordlist,57,high
pri-3B-U6-0126,watermelon,,,primary,3,3B,U6,wordlist,57,high
pri-3B-U6-0127,Do you like,,,primary,3,3B,U6,wordlist,58,high
pri-3B-U6-0128,strawberries,,,primary,3,3B,U6,wordlist,58,high
pri-3B-U6-0129,bananas,,,primary,3,3B,U6,wordlist,58,high
pri-3B-U6-0130,watermelons,,,primary,3,3B,U6,wordlist,58,high
pri-3B-U6-0131,Do you like apples,,,primary,3,3B,U6,wordlist,58,high
pri-3B-U6-0132,Chen Jie John and Sarah like pears,,,primary,3,3B,U6,wordlist,58,high
pri-3B-U6-0133,What about your friends,,,primary,3,3B,U6,wordlist,58,high
pri-3B-U6-0134,Read and match,,,primary,3,3B,U6,wordlist,58,high
pri-3B-U6-0135,An apple a day keeps the doctor away,,,primary,3,3B,U6,wordlist,59,high
pri-3B-U6-0136,A-P-P-L-E apple,,,primary,3,3B,U6,wordlist,59,high
pri-3B-U6-0137,a watermelon,,,primary,3,3B,U6,wordlist,59,high
pri-3B-U6-0138,grapes,,,primary,3,3B,U6,wordlist,59,high
pri-3B-U6-0139,pears,,,primary,3,3B,U6,wordlist,59,high
pri-3B-U6-0140,a strawberry,,,primary,3,3B,U6,wordlist,59,high
pri-3B-U6-0141,like milk,,,primary,3,3B,U6,wordlist,60,high
pri-3B-U6-0142,Yeah,,,primary,3,3B,U6,wordlist,60,high
pri-3B-U6-0143,I like milk juice,,,primary,3,3B,U6,wordlist,60,high
pri-3B-U6-0144,and Coke,,,primary,3,3B,U6,wordlist,60,high
pri-3B-U6-0145,I want some,,,primary,3,3B,U6,wordlist,60,high
pri-3B-U6-0146,bananas oranges,,,primary,3,3B,U6,wordlist,60,high
pri-3B-U6-0147,and apples,,,primary,3,3B,U6,wordlist,60,high
pri-3B-U6-0148,Oh,,,primary,3,3B,U6,wordlist,60,high
pri-3B-U6-0149,I m full,,,primary,3,3B,U6,wordlist,60,high
pri-3B-U6-0150,Doggy bag,,,primary,3,3B,U6,wordlist,60,high
pri-3B-U6-0151,please,,,primary,3,3B,U6,wordlist,60,high
pri-3B-U6-0152,No way,,,primary,3,3B,U6,wordlist,60,high
pri-3B-U6-0153,It s cheap,,,primary,3,3B,U6,wordlist,60,high
pri-3B-U6-0154,Wow,,,primary,3,3B,U6,wordlist,60,high
pri-3B-U6-0155,dollars,,,primary,3,3B,U6,wordlist,60,high
pri-3B-U6-0156,chicken and,,,primary,3,3B,U6,wordlist,60,high
pri-3B-U6-0157,a hot dog,,,primary,3,3B,U6,wordlist,60,high
pri-3B-U6-0158,I have,,,primary,3,3B,U6,wordlist,61,high
pri-3B-U6-0159,How many birds,,,primary,3,3B,U6,wordlist,61,high
pri-3B-U6-0160,do you see,,,primary,3,3B,U6,wordlist,61,high
pri-3B-U6-0161,How many crayons,,,primary,3,3B,U6,wordlist,61,high
pri-3B-U6-0162,do you have,,,primary,3,3B,U6,wordlist,61,high
pri-3B-U6-0163,Unit Six,,,primary,3,3B,U6,wordlist,61,high
pri-3B-U6-0164,I see,,,primary,3,3B,U6,wordlist,62,high
pri-3B-U6-0165,How many balloons,,,primary,3,3B,U6,wordlist,62,high
pri-3B-U6-0166,How many,,,primary,3,3B,U6,wordlist,62,high
pri-3B-U6-0167,Look at the kites,,,primary,3,3B,U6,wordlist,63,high
pri-3B-U6-0168,How many kites do you see,,,primary,3,3B,U6,wordlist,63,high
pri-3B-U6-0169,Wow so beautiful,,,primary,3,3B,U6,wordlist,63,high
pri-3B-U6-0170,No The black one is a bird,,,primary,3,3B,U6,wordlist,63,high
pri-3B-U6-0171,Find and count,,,primary,3,3B,U6,wordlist,63,high
pri-3B-U6-0172,Hello my friend Please tell me,,,primary,3,3B,U6,wordlist,64,high
pri-3B-U6-0173,How many cars do you see,,,primary,3,3B,U6,wordlist,64,high
pri-3B-U6-0174,One two three I see eleven,,,primary,3,3B,U6,wordlist,64,high
pri-3B-U6-0175,How many fish,,,primary,3,3B,U6,wordlist,64,high
pri-3B-U6-0176,I see fifteen,,,primary,3,3B,U6,wordlist,64,high
pri-3B-U6-0177,e,,,primary,3,3B,U6,wordlist,65,high
pri-3B-U6-0178,i,,,primary,3,3B,U6,wordlist,65,high
pri-3B-U6-0179,o,,,primary,3,3B,U6,wordlist,65,high
pri-3B-U6-0180,u,,,primary,3,3B,U6,wordlist,65,high
pri-3B-U6-0181,My h,,,primary,3,3B,U6,wordlist,65,high
pri-3B-U6-0182,My l,,,primary,3,3B,U6,wordlist,65,high
pri-3B-U6-0183,My d,,,primary,3,3B,U6,wordlist,65,high
pri-3B-U6-0184,But my d,,,primary,3,3B,U6,wordlist,65,high
pri-3B-U6-0185,Chant and write,,,primary,3,3B,U6,wordlist,65,high
pri-3B-U6-0186,Wu Binbin,,,primary,3,3B,U6,wordlist,66,high
pri-3B-U6-0187,what s this,,,primary,3,3B,U6,wordlist,66,high
pri-3B-U6-0188,Wow How many,,,primary,3,3B,U6,wordlist,66,high
pri-3B-U6-0189,crayons do you have,,,primary,3,3B,U6,wordlist,66,high
pri-3B-U6-0190,You have crayons,,,primary,3,3B,U6,wordlist,66,high
pri-3B-U6-0191,My new crayons,,,primary,3,3B,U6,wordlist,66,high
pri-3B-U6-0192,Open it and see,,,primary,3,3B,U6,wordlist,66,high
pri-3B-U6-0193,How many do you have,,,primary,3,3B,U6,wordlist,66,high
pri-3B-U6-0194,Let s find out,,,primary,3,3B,U6,wordlist,66,high
pri-3B-U6-0195,How many do you have How many do you see,,,primary,3,3B,U6,wordlist,67,high
pri-3B-U6-0196,and makes Can you count with me,,,primary,3,3B,U6,wordlist,67,high
pri-3B-U6-0197,times makes Can you count with me,,,primary,3,3B,U6,wordlist,67,high
pri-3B-U6-0198,sixteen,,,primary,3,3B,U6,wordlist,67,high
pri-3B-U6-0199,seventeen,,,primary,3,3B,U6,wordlist,67,high
pri-3B-U6-0200,eighteen,,,primary,3,3B,U6,wordlist,67,high
pri-3B-U6-0201,nineteen,,,primary,3,3B,U6,wordlist,67,high
pri-3B-U6-0202,twenty,,,primary,3,3B,U6,wordlist,67,high
pri-3B-U6-0203,We have twenty,,,primary,3,3B,U6,wordlist,67,high
pri-3B-U6-0204,cars do you have,,,primary,3,3B,U6,wordlist,67,high
pri-3B-U6-0205,One two three four five,,,primary,3,3B,U6,wordlist,69,high
pri-3B-U6-0206,Once I caught a fish alive,,,primary,3,3B,U6,wordlist,69,high
pri-3B-U6-0207,Six seven eight nine ten,,,primary,3,3B,U6,wordlist,69,high
pri-3B-U6-0208,Then I let it go again,,,primary,3,3B,U6,wordlist,69,high
pri-3B-U6-0209,Why did you let it go,,,primary,3,3B,U6,wordlist,69,high
pri-3B-U6-0210,Cause it bit my finger so,,,primary,3,3B,U6,wordlist,69,high
pri-3B-U6-0211,Which finger did it bite,,,primary,3,3B,U6,wordlist,69,high
pri-3B-U6-0212,This little finger on the right,,,primary,3,3B,U6,wordlist,69,high
pri-3B-U6-0213,fifteen,,,primary,3,3B,U6,wordlist,69,high
pri-3B-U6-0214,Listen and number,,,primary,3,3B,U6,wordlist,69,high
pri-3B-U6-0215,Look I have,,,primary,3,3B,U6,wordlist,70,high
pri-3B-U6-0216,How many apples,,,primary,3,3B,U6,wordlist,70,high
pri-3B-U6-0217,Oh no,,,primary,3,3B,U6,wordlist,70,high
pri-3B-U6-0218,I have only three,,,primary,3,3B,U6,wordlist,70,high
pri-3B-U6-0219,I won,,,primary,3,3B,U6,wordlist,70,high
pri-3B-U6-0220,Good idea,,,primary,3,3B,U6,wordlist,70,high
pri-3B-U6-0221,Wow So many apples,,,primary,3,3B,U6,wordlist,70,high
pri-3B-U6-0222,Let s have a race,,,primary,3,3B,U6,wordlist,70,high
pri-3B-U6-0223,I can get,,,primary,3,3B,U6,wordlist,71,high
pri-3B-U6-0224,the grapes,,,primary,3,3B,U6,wordlist,71,high
pri-3B-U6-0225,Look,,,primary,3,3B,U6,wordlist,71,high
pri-3B-U6-0226,So much fruit,,,primary,3,3B,U6,wordlist,71,high
pri-3B-U6-0227,I m short,,,primary,3,3B,U6,wordlist,71,high
pri-3B-U6-0228,I can get the,,,primary,3,3B,U6,wordlist,71,high
pri-3B-U6-0229,We have grapes,,,primary,3,3B,U6,wordlist,71,high
pri-3B-U6-0230,strawberries apples,,,primary,3,3B,U6,wordlist,71,high
pri-3B-U6-0231,and eh,,,primary,3,3B,U6,wordlist,71,high
pri-3B-U6-0232,Where are,,,primary,3,3B,U6,wordlist,71,high
pri-3B-U6-0233,the bananas,,,primary,3,3B,U6,wordlist,71,high
pri-3B-U6-0234,Hey I like,,,primary,3,3B,U6,wordlist,71,high
pri-3B-U6-0235,bananas too,,,primary,3,3B,U6,wordlist,71,high
pri-3B-U6-0236,I m big and tall,,,primary,3,3B,U6,wordlist,71,high
pri-3B-U6-0237,Sorry,,,primary,3,3B,U6,wordlist,71,high
pri-3B-U6-0238,I like,,,primary,3,3B,U6,wordlist,71,high
pri-3B-U6-0239,Can you act it out,,,primary,3,3B,U6,wordlist,71,high
pri-3B-U6-0240,Recycle,,,primary,3,3B,U6,wordlist,71,high
pri-3B-U6-0241,Read aloud,,,primary,3,3B,U6,wordlist,71,high
pri-3B-U6-0242,in the box,,,primary,3,3B,U6,wordlist,72,high
pri-3B-U6-0243,on the book,,,primary,3,3B,U6,wordlist,72,high
pri-3B-U6-0244,under the chair,,,primary,3,3B,U6,wordlist,72,high
pri-3B-U6-0245,under the book,,,primary,3,3B,U6,wordlist,72,high
pri-3B-U6-0246,on the map,,,primary,3,3B,U6,wordlist,72,high
pri-3B-U6-0247,Listen and draw,,,primary,3,3B,U6,wordlist,72,high
pri-3B-U6-0248,Where is the,,,primary,3,3B,U6,wordlist,72,high
pri-3B-U6-0249,How many footprints do you see,,,primary,3,3B,U6,wordlist,72,high
pri-3B-U6-0250,Start,,,primary,3,3B,U6,wordlist,73,high
pri-3B-U6-0251,Go up the ladders Go down the snakes,,,primary,3,3B,U6,wordlist,73,high
pri-3B-U6-0252,Where is short a,,,primary,3,3B,U6,wordlist,74,high
pri-3B-U6-0253,Here I am Here I am,,,primary,3,3B,U6,wordlist,74,high
pri-3B-U6-0254,I m in a fat cat,,,primary,3,3B,U6,wordlist,74,high
pri-3B-U6-0255,Short vowel song,,,primary,3,3B,U6,wordlist,74,high
pri-3B-U6-0256,fat cat,,,primary,3,3B,U6,wordlist,74,high
pri-3B-U6-0257,red pen,,,primary,3,3B,U6,wordlist,74,high
pri-3B-U6-0258,big pig,,,primary,3,3B,U6,wordlist,74,high
pri-3B-U6-0259,hot dog,,,primary,3,3B,U6,wordlist,74,high
pri-3B-U6-0260,fun duck,,,primary,3,3B,U6,wordlist,74,high
pri-3B-U6-0261,p,,,primary,3,3B,U6,wordlist,74,high
pri-3B-U6-0262,u k,,,primary,3,3B,U6,wordlist,74,high
pri-3B-U6-0263,d,,,primary,3,3B,U6,wordlist,74,high
pri-3B-U6-0264,g,,,primary,3,3B,U6,wordlist,74,high
pri-3B-U6-0265,s,,,primary,3,3B,U6,wordlist,74,high
pri-3B-U6-0266,k,,,primary,3,3B,U6,wordlist,74,high
pri-3B-U6-0267,Look and write,,,primary,3,3B,U6,wordlist,74,high
pri-3B-U6-0268,Sing a song,,,primary,3,3B,U6,wordlist,74,high
pri-3B-U1-0065,she,,她,primary,3,3B,U1,wordlist,75,high
pri-3B-U1-0066,student,,学生,primary,3,3B,U1,wordlist,75,high
pri-3B-U1-0067,pupil,,学生；,primary,3,3B,U1,wordlist,75,high
pri-3B-U1-0068,he,,他,primary,3,3B,U1,wordlist,75,high
pri-3B-U1-0069,teacher,,教师,primary,3,3B,U1,wordlist,75,high
pri-3B-U1-0070,boy,,男孩,primary,3,3B,U1,wordlist,75,high
pri-3B-U1-0071,and,,和；与,primary,3,3B,U1,wordlist,75,high
pri-3B-U1-0072,girl,,女孩,primary,3,3B,U1,wordlist,75,high
pri-3B-U1-0073,new,,新的,primary,3,3B,U1,wordlist,75,high
pri-3B-U1-0074,friend,,朋友,primary,3,3B,U1,wordlist,75,high
pri-3B-U1-0075,today,,今天,primary,3,3B,U1,wordlist,75,high
pri-3B-U2-0106,father,,父亲；爸爸,primary,3,3B,U2,wordlist,75,high
pri-3B-U2-0107,dad,,口语）爸爸；爹爹,primary,3,3B,U2,wordlist,75,high
pri-3B-U2-0108,mother,,母亲；妈妈,primary,3,3B,U2,wordlist,75,high
pri-3B-U2-0109,sister,,姐；妹,primary,3,3B,U2,wordlist,75,high
pri-3B-U2-0110,brother,,兄；弟,primary,3,3B,U2,wordlist,75,high
pri-3B-U2-0111,grandmother,,,primary,3,3B,U2,wordlist,75,high
pri-3B-U2-0112,grandma,,,primary,3,3B,U2,wordlist,75,high
pri-3B-U2-0113,grandfather,,,primary,3,3B,U2,wordlist,75,high
pri-3B-U2-0114,grandpa,,,primary,3,3B,U2,wordlist,75,high
pri-3B-U2-0115,family,,家；家庭,primary,3,3B,U2,wordlist,75,high
pri-3B-U3-0108,long,,长的,primary,3,3B,U3,wordlist,75,high
pri-3B-U3-0109,small,,小的,primary,3,3B,U3,wordlist,75,high
pri-3B-U3-0110,so,,这么；那么,primary,3,3B,U3,wordlist,75,high
pri-3B-U3-0111,children,,,primary,3,3B,U3,wordlist,75,high
pri-3B-U3-0112,child,,的复数）儿童,primary,3,3B,U3,wordlist,75,high
pri-3B-U3-0113,tail,,尾巴,primary,3,3B,U3,wordlist,75,high
pri-3B-U3-0114,Appendix,,,primary,3,3B,U3,wordlist,75,high
pri-3B-U3-0115,pp,,,primary,3,3B,U3,wordlist,75,high
pri-3B-U4-0050,on,,在,primary,3,3B,U4,wordlist,76,high
pri-3B-U4-0051,in,,在,primary,3,3B,U4,wordlist,76,high
pri-3B-U4-0052,under,,在,primary,3,3B,U4,wordlist,76,high
pri-3B-U4-0053,chair,,椅子,primary,3,3B,U4,wordlist,76,high
pri-3B-U4-0054,desk,,书桌,primary,3,3B,U4,wordlist,76,high
pri-3B-U4-0055,cap,,帽子,primary,3,3B,U4,wordlist,76,high
pri-3B-U4-0056,ball,,球,primary,3,3B,U4,wordlist,76,high
pri-3B-U4-0057,car,,小汽车,primary,3,3B,U4,wordlist,76,high
pri-3B-U4-0058,boat,,小船,primary,3,3B,U4,wordlist,76,high
pri-3B-U4-0059,map,,地图,primary,3,3B,U4,wordlist,76,high
pri-3B-U4-0060,toy,,玩具,primary,3,3B,U4,wordlist,76,high
pri-3B-U4-0061,box,,盒；箱,primary,3,3B,U4,wordlist,76,high
pri-3B-U5-0122,pear,,梨,primary,3,3B,U5,wordlist,76,high
pri-3B-U5-0123,apple,,苹果,primary,3,3B,U5,wordlist,76,high
pri-3B-U5-0124,banana,,香蕉,primary,3,3B,U5,wordlist,76,high
pri-3B-U5-0125,watermelon,,,primary,3,3B,U5,wordlist,76,high
pri-3B-U5-0126,strawberry,,草莓,primary,3,3B,U5,wordlist,76,high
pri-3B-U5-0127,grape,,葡萄,primary,3,3B,U5,wordlist,76,high
pri-3B-U5-0128,buy,,买,primary,3,3B,U5,wordlist,76,high
pri-3B-U5-0129,fruit,,水果,primary,3,3B,U5,wordlist,76,high
pri-3B-U6-0269,eleven,,十一,primary,3,3B,U6,wordlist,76,high
pri-3B-U6-0270,twelve,,十二,primary,3,3B,U6,wordlist,76,high
pri-3B-U6-0271,thirteen,,十三,primary,3,3B,U6,wordlist,76,high
pri-3B-U6-0272,fourteen,,十四,primary,3,3B,U6,wordlist,76,high
pri-3B-U6-0273,fteen,,,primary,3,3B,U6,wordlist,76,high
pri-3B-U6-0274,kite,,风筝,primary,3,3B,U6,wordlist,76,high
pri-3B-U6-0275,beautiful,,美丽的,primary,3,3B,U6,wordlist,76,high
pri-3B-U6-0276,Appendix,,,primary,3,3B,U6,wordlist,76,high
pri-3B-EXTRA-0001,A,,,primary,3,3B,EXTRA,wordlist,77,high
pri-3B-EXTRA-0002,and,,和；与,primary,3,3B,EXTRA,wordlist,77,high
pri-3B-EXTRA-0003,apple,,苹果,primary,3,3B,EXTRA,wordlist,77,high
pri-3B-EXTRA-0004,B,,,primary,3,3B,EXTRA,wordlist,77,high
pri-3B-EXTRA-0005,ball,,球,primary,3,3B,EXTRA,wordlist,77,high
pri-3B-EXTRA-0006,banana,,香蕉,primary,3,3B,EXTRA,wordlist,77,high
pri-3B-EXTRA-0007,beautiful,,美丽的,primary,3,3B,EXTRA,wordlist,77,high
pri-3B-EXTRA-0008,big,,大的,primary,3,3B,EXTRA,wordlist,77,high
pri-3B-EXTRA-0009,boat,,小船,primary,3,3B,EXTRA,wordlist,77,high
pri-3B-EXTRA-0010,box,,盒；箱,primary,3,3B,EXTRA,wordlist,77,high
pri-3B-EXTRA-0011,boy,,男孩,primary,3,3B,EXTRA,wordlist,77,high
pri-3B-EXTRA-0012,brother,,兄；弟,primary,3,3B,EXTRA,wordlist,77,high
pri-3B-EXTRA-0013,buy,,买,primary,3,3B,EXTRA,wordlist,77,high
pri-3B-EXTRA-0014,C,,,primary,3,3B,EXTRA,wordlist,77,high
pri-3B-EXTRA-0015,Canada,,加拿大,primary,3,3B,EXTRA,wordlist,77,high
pri-3B-EXTRA-0016,cap,,帽子,primary,3,3B,EXTRA,wordlist,77,high
pri-3B-EXTRA-0017,car,,小汽车,primary,3,3B,EXTRA,wordlist,77,high
pri-3B-EXTRA-0018,chair,,椅子,primary,3,3B,EXTRA,wordlist,77,high
pri-3B-EXTRA-0019,children,,,primary,3,3B,EXTRA,wordlist,77,high
pri-3B-EXTRA-0020,child,,的复数）儿童,primary,3,3B,EXTRA,wordlist,77,high
pri-3B-EXTRA-0021,China,,中国,primary,3,3B,EXTRA,wordlist,77,high
pri-3B-EXTRA-0022,D,,,primary,3,3B,EXTRA,wordlist,77,high
pri-3B-EXTRA-0023,dad,,口语）爸爸；爹爹,primary,3,3B,EXTRA,wordlist,77,high
pri-3B-EXTRA-0024,desk,,书桌,primary,3,3B,EXTRA,wordlist,77,high
pri-3B-EXTRA-0025,E,,,primary,3,3B,EXTRA,wordlist,77,high
pri-3B-EXTRA-0026,eighteen,,十八,primary,3,3B,EXTRA,wordlist,77,high
pri-3B-EXTRA-0027,eleven,,十一,primary,3,3B,EXTRA,wordlist,77,high
pri-3B-EXTRA-0028,F,,,primary,3,3B,EXTRA,wordlist,77,high
pri-3B-EXTRA-0029,family,,家；家庭,primary,3,3B,EXTRA,wordlist,77,high
pri-3B-EXTRA-0030,fat,,胖的；肥的,primary,3,3B,EXTRA,wordlist,77,high
pri-3B-EXTRA-0031,father,,父亲；爸爸,primary,3,3B,EXTRA,wordlist,77,high
pri-3B-EXTRA-0032,fteen,,,primary,3,3B,EXTRA,wordlist,77,high
pri-3B-EXTRA-0033,fourteen,,十四,primary,3,3B,EXTRA,wordlist,77,high
pri-3B-EXTRA-0034,friend,,朋友,primary,3,3B,EXTRA,wordlist,77,high
pri-3B-EXTRA-0035,fruit,,水果,primary,3,3B,EXTRA,wordlist,77,high
pri-3B-EXTRA-0036,G,,,primary,3,3B,EXTRA,wordlist,77,high
pri-3B-EXTRA-0037,giraffe,,长颈鹿,primary,3,3B,EXTRA,wordlist,77,high
pri-3B-EXTRA-0038,girl,,女孩,primary,3,3B,EXTRA,wordlist,77,high
pri-3B-EXTRA-0039,grandfather,,,primary,3,3B,EXTRA,wordlist,77,high
pri-3B-EXTRA-0040,grandma,,,primary,3,3B,EXTRA,wordlist,77,high
pri-3B-EXTRA-0041,grandmother,,,primary,3,3B,EXTRA,wordlist,77,high
pri-3B-EXTRA-0042,grandpa,,,primary,3,3B,EXTRA,wordlist,77,high
pri-3B-EXTRA-0043,grape,,葡萄,primary,3,3B,EXTRA,wordlist,77,high
pri-3B-EXTRA-0044,Appendix,,,primary,3,3B,EXTRA,wordlist,77,high
pri-3B-EXTRA-0045,H,,,primary,3,3B,EXTRA,wordlist,78,high
pri-3B-EXTRA-0046,he,,他,primary,3,3B,EXTRA,wordlist,78,high
pri-3B-EXTRA-0047,I,,,primary,3,3B,EXTRA,wordlist,78,high
pri-3B-EXTRA-0048,in,,在,primary,3,3B,EXTRA,wordlist,78,high
pri-3B-EXTRA-0049,K,,,primary,3,3B,EXTRA,wordlist,78,high
pri-3B-EXTRA-0050,kite,,风筝,primary,3,3B,EXTRA,wordlist,78,high
pri-3B-EXTRA-0051,L,,,primary,3,3B,EXTRA,wordlist,78,high
pri-3B-EXTRA-0052,long,,长的,primary,3,3B,EXTRA,wordlist,78,high
pri-3B-EXTRA-0053,M,,,primary,3,3B,EXTRA,wordlist,78,high
pri-3B-EXTRA-0054,man,,男人,primary,3,3B,EXTRA,wordlist,78,high
pri-3B-EXTRA-0055,map,,地图,primary,3,3B,EXTRA,wordlist,78,high
pri-3B-EXTRA-0056,mother m,,母亲；妈妈,primary,3,3B,EXTRA,wordlist,78,high
pri-3B-EXTRA-0057,N,,,primary,3,3B,EXTRA,wordlist,78,high
pri-3B-EXTRA-0058,new,,新的,primary,3,3B,EXTRA,wordlist,78,high
pri-3B-EXTRA-0059,nineteen,,十九,primary,3,3B,EXTRA,wordlist,78,high
pri-3B-EXTRA-0060,O,,,primary,3,3B,EXTRA,wordlist,78,high
pri-3B-EXTRA-0061,on,,在,primary,3,3B,EXTRA,wordlist,78,high
pri-3B-EXTRA-0062,orange,,橙子,primary,3,3B,EXTRA,wordlist,78,high
pri-3B-EXTRA-0063,P,,,primary,3,3B,EXTRA,wordlist,78,high
pri-3B-EXTRA-0064,pear,,梨,primary,3,3B,EXTRA,wordlist,78,high
pri-3B-EXTRA-0065,pupil,,学生；,primary,3,3B,EXTRA,wordlist,78,high
pri-3B-EXTRA-0066,S,,,primary,3,3B,EXTRA,wordlist,78,high
pri-3B-EXTRA-0067,seventeen,,十七,primary,3,3B,EXTRA,wordlist,78,high
pri-3B-EXTRA-0068,she,,她,primary,3,3B,EXTRA,wordlist,78,high
pri-3B-EXTRA-0069,short,,矮的；短的,primary,3,3B,EXTRA,wordlist,78,high
pri-3B-EXTRA-0070,sister,,姐；妹,primary,3,3B,EXTRA,wordlist,78,high
pri-3B-EXTRA-0071,sixteen,,十六,primary,3,3B,EXTRA,wordlist,78,high
pri-3B-EXTRA-0072,small,,小的,primary,3,3B,EXTRA,wordlist,78,high
pri-3B-EXTRA-0073,so,,这么；那么,primary,3,3B,EXTRA,wordlist,78,high
pri-3B-EXTRA-0074,strawberry,,草莓,primary,3,3B,EXTRA,wordlist,78,high
pri-3B-EXTRA-0075,student,,学生,primary,3,3B,EXTRA,wordlist,78,high
pri-3B-EXTRA-0076,T,,,primary,3,3B,EXTRA,wordlist,78,high
pri-3B-EXTRA-0077,tail,,尾巴,primary,3,3B,EXTRA,wordlist,78,high
pri-3B-EXTRA-0078,tall,,高的,primary,3,3B,EXTRA,wordlist,78,high
pri-3B-EXTRA-0079,teacher ti t,,教师,primary,3,3B,EXTRA,wordlist,78,high
pri-3B-EXTRA-0080,thin,,瘦的,primary,3,3B,EXTRA,wordlist,78,high
pri-3B-EXTRA-0081,thirteen,,十三,primary,3,3B,EXTRA,wordlist,78,high
pri-3B-EXTRA-0082,today t,,今天,primary,3,3B,EXTRA,wordlist,78,high
pri-3B-EXTRA-0083,toy,,玩具,primary,3,3B,EXTRA,wordlist,78,high
pri-3B-EXTRA-0084,twelve,,十二,primary,3,3B,EXTRA,wordlist,78,high
pri-3B-EXTRA-0085,twenty,,二十,primary,3,3B,EXTRA,wordlist,78,high
pri-3B-EXTRA-0086,U,,,primary,3,3B,EXTRA,wordlist,78,high
pri-3B-EXTRA-0087,UK,,英国,primary,3,3B,EXTRA,wordlist,78,high
pri-3B-EXTRA-0088,under,,在,primary,3,3B,EXTRA,wordlist,78,high
pri-3B-EXTRA-0089,USA,,美国,primary,3,3B,EXTRA,wordlist,78,high
pri-3B-EXTRA-0090,W,,,primary,3,3B,EXTRA,wordlist,78,high
pri-3B-EXTRA-0091,watermelon,,,primary,3,3B,EXTRA,wordlist,78,high
pri-3B-EXTRA-0092,woman,,女人,primary,3,3B,EXTRA,wordlist,78,high
pri-3B-U6-0277,Welcome,,,primary,3,3B,U6,wordlist,79,high
pri-3B-U6-0278,Where are you from,,,primary,3,3B,U6,wordlist,79,high
pri-3B-U6-0279,I m from the UK,,,primary,3,3B,U6,wordlist,79,high
pri-3B-U6-0280,Who s that man,,,primary,3,3B,U6,wordlist,79,high
pri-3B-U6-0281,He s my father,,,primary,3,3B,U6,wordlist,79,high
pri-3B-U6-0282,Who s that woman,,,primary,3,3B,U6,wordlist,79,high
pri-3B-U6-0283,She s my mother,,,primary,3,3B,U6,wordlist,79,high
pri-3B-U6-0284,Is she your mother,,,primary,3,3B,U6,wordlist,79,high
pri-3B-U6-0285,Yes she is,,,primary,3,3B,U6,wordlist,79,high
pri-3B-U6-0286,Is he your father,,,primary,3,3B,U6,wordlist,79,high
pri-3B-U6-0287,No he isn t,,,primary,3,3B,U6,wordlist,79,high
pri-3B-U6-0288,It s so tall,,,primary,3,3B,U6,wordlist,79,high
pri-3B-U6-0289,Come here children,,,primary,3,3B,U6,wordlist,79,high
pri-3B-U6-0290,It has a long nose,,,primary,3,3B,U6,wordlist,79,high
pri-3B-U6-0291,It has small eyes and big ears,,,primary,3,3B,U6,wordlist,79,high
pri-3B-U6-0292,Let s go home,,,primary,3,3B,U6,wordlist,79,high
pri-3B-U6-0293,Where is my pencil box,,,primary,3,3B,U6,wordlist,79,high
pri-3B-U6-0294,It s in your desk,,,primary,3,3B,U6,wordlist,79,high
pri-3B-U6-0295,Silly me,,,primary,3,3B,U6,wordlist,79,high
pri-3B-U6-0296,Is it in your bag,,,primary,3,3B,U6,wordlist,79,high
pri-3B-U6-0297,No it isn t Yes it is,,,primary,3,3B,U6,wordlist,79,high
pri-3B-U6-0298,Have a good time,,,primary,3,3B,U6,wordlist,79,high
pri-3B-U6-0299,Useful expressions,,,primary,3,3B,U6,wordlist,79,high
pri-3B-U5-0130,Honey let s buy some fruit,,,primary,3,3B,U5,wordlist,80,high
pri-3B-U5-0131,Do you like oranges,,,primary,3,3B,U5,wordlist,80,high
pri-3B-U5-0132,No I don t Yes I do,,,primary,3,3B,U5,wordlist,80,high
pri-3B-U5-0133,Sorry I don t like grapes,,,primary,3,3B,U5,wordlist,80,high
pri-3B-U5-0134,Me neither,,,primary,3,3B,U5,wordlist,80,high
pri-3B-U5-0135,How many kites do you see,,,primary,3,3B,U5,wordlist,80,high
pri-3B-U5-0136,The black one is a bird,,,primary,3,3B,U5,wordlist,80,high
pri-3B-U5-0137,How many crayons do you have,,,primary,3,3B,U5,wordlist,80,high
pri-3B-U5-0138,Open it and see,,,primary,3,3B,U5,wordlist,80,high
pri-3B-U5-0139,Appendix,,,primary,3,3B,U5,wordlist,80,high
pri-3B-U6-0300,Lingo Learning Inc,,,primary,3,3B,U6,text_only,81,high
pri-3B-U6-0301,David Booth,,,primary,3,3B,U6,text_only,81,high
pri-3B-U6-0302,Jack Booth,,,primary,3,3B,U6,text_only,81,high
pri-3B-U6-0303,Kathy Broad,,,primary,3,3B,U6,text_only,81,high
pri-3B-U6-0304,Shelly Peterson,,,primary,3,3B,U6,wordlist,81,high
pri-3B-U6-0305,jcfk,,,primary,3,3B,U6,text_only,81,high
pri-3B-U6-0306,pep,,,primary,3,3B,U6,text_only,81,high
pri-3B-U6-0307,com,,,primary,3,3B,U6,text_only,81,high
pri-3B-U6-0308,cn,,,primary,3,3B,U6,text_only,81,low
pri-3B-U6-0309,YINGYU,,,primary,3,3B,U6,wordlist,82,high
pri-3B-U6-0310,YIWU JIAOYU JIAOKESHU,,,primary,3,3B,U6,wordlist,82,high
pri-4A-U1-0001,PEP,,,primary,4,4A,U1,wordlist,2,high
pri-4A-U1-0002,Larry Swartz Beth Levy,,,primary,4,4A,U1,text_only,3,high
pri-4A-U1-0003,Fraser Bewick Chris Andersen,,,primary,4,4A,U1,text_only,3,high
pri-4A-U1-0004,Copyright by People s Education Press Ltd and Lingo Learning Inc,,,primary,4,4A,U1,wordlist,3,high
pri-4A-U1-0005,No part of this publication may be reproduced or transmitted in any form or by any means,,,primary,4,4A,U1,wordlist,3,high
pri-4A-U1-0006,without permission in writing from the publisher,,,primary,4,4A,U1,wordlist,3,high
pri-4A-U1-0007,http,,,primary,4,4A,U1,text_only,3,high
pri-4A-U1-0008,www,,,primary,4,4A,U1,text_only,3,high
pri-4A-U1-0009,com,,,primary,4,4A,U1,text_only,3,high
pri-4A-U1-0010,cn,,,primary,4,4A,U1,text_only,3,low
pri-4A-U1-0011,jcyjfk,,,primary,4,4A,U1,text_only,3,high
pri-4A-U1-0012,Sarah,,,primary,4,4A,U1,text_only,4,high
pri-4A-U1-0013,Amy,,,primary,4,4A,U1,text_only,4,high
pri-4A-U6-0001,CONTENTS,,,primary,4,4A,U6,wordlist,5,high
pri-4A-U6-0002,Recycle,,,primary,4,4A,U6,wordlist,5,high
pri-4A-U6-0003,Appendix Words in each unit,,,primary,4,4A,U6,wordlist,5,high
pri-4A-U6-0004,Appendix Vocabulary,,,primary,4,4A,U6,wordlist,5,high
pri-4A-U6-0005,Appendix Useful expressions,,,primary,4,4A,U6,wordlist,5,high
pri-4A-U1-0014,Where s my schoolbag,,,primary,4,4A,U1,wordlist,7,high
pri-4A-U1-0015,Let me clean the windows,,,primary,4,4A,U1,wordlist,7,high
pri-4A-U1-0016,It s near the computer,,,primary,4,4A,U1,wordlist,7,high
pri-4A-U1-0017,Let s clean the,,,primary,4,4A,U1,wordlist,7,high
pri-4A-U1-0018,desks and chairs,,,primary,4,4A,U1,wordlist,7,high
pri-4A-U1-0019,Unit One,,,primary,4,4A,U1,wordlist,7,high
pri-4A-U1-0020,Excuse me,,,primary,4,4A,U1,wordlist,8,high
pri-4A-U1-0021,Oh sorry,,,primary,4,4A,U1,wordlist,8,high
pri-4A-U1-0022,Hey Zhang Peng We,,,primary,4,4A,U1,wordlist,8,high
pri-4A-U1-0023,have a new classroom,,,primary,4,4A,U1,wordlist,8,high
pri-4A-U1-0024,Let me clean the fish bowl,,,primary,4,4A,U1,wordlist,8,high
pri-4A-U1-0025,My classroom,,,primary,4,4A,U1,wordlist,8,high
pri-4A-U1-0026,A,,,primary,4,4A,U1,wordlist,9,high
pri-4A-U1-0027,Hey Zhang Peng,,,primary,4,4A,U1,wordlist,9,high
pri-4A-U1-0028,We have a new classroom,,,primary,4,4A,U1,wordlist,9,high
pri-4A-U1-0029,Really What s in,,,primary,4,4A,U1,wordlist,9,high
pri-4A-U1-0030,the classroom,,,primary,4,4A,U1,wordlist,9,high
pri-4A-U1-0031,Let s go and see,,,primary,4,4A,U1,wordlist,9,high
pri-4A-U1-0032,It s near the window,,,primary,4,4A,U1,wordlist,9,high
pri-4A-U1-0033,Look My picture,,,primary,4,4A,U1,wordlist,9,high
pri-4A-U1-0034,It s so big,,,primary,4,4A,U1,wordlist,9,high
pri-4A-U1-0035,Where is it,,,primary,4,4A,U1,wordlist,9,high
pri-4A-U1-0036,I see a c,,,primary,4,4A,U1,wordlist,9,high
pri-4A-U1-0037,It s a crayon,,,primary,4,4A,U1,wordlist,9,high
pri-4A-U1-0038,It s in a desk,,,primary,4,4A,U1,wordlist,9,high
pri-4A-U1-0039,Let s talk,,,primary,4,4A,U1,wordlist,9,high
pri-4A-U1-0040,Let s play,,,primary,4,4A,U1,wordlist,9,high
pri-4A-U1-0041,One blackboard one TV,,,primary,4,4A,U1,wordlist,10,high
pri-4A-U1-0042,many desks and chairs,,,primary,4,4A,U1,wordlist,10,high
pri-4A-U1-0043,Open the door,,,primary,4,4A,U1,wordlist,10,high
pri-4A-U1-0044,window,,,primary,4,4A,U1,wordlist,10,high
pri-4A-U1-0045,classroom,,,primary,4,4A,U1,wordlist,10,high
pri-4A-U1-0046,door,,,primary,4,4A,U1,wordlist,10,high
pri-4A-U1-0047,picture,,,primary,4,4A,U1,wordlist,10,high
pri-4A-U1-0048,light,,,primary,4,4A,U1,wordlist,10,high
pri-4A-U1-0049,blackboard,,,primary,4,4A,U1,wordlist,10,high
pri-4A-U1-0050,Turn on the light,,,primary,4,4A,U1,wordlist,10,high
pri-4A-U1-0051,Close the window,,,primary,4,4A,U1,wordlist,10,high
pri-4A-U1-0052,Put up the picture,,,primary,4,4A,U1,wordlist,10,high
pri-4A-U1-0053,Clean the blackboard,,,primary,4,4A,U1,wordlist,10,high
pri-4A-U1-0054,What s in the classroom,,,primary,4,4A,U1,wordlist,10,high
pri-4A-U1-0055,Let s learn,,,primary,4,4A,U1,wordlist,10,high
pri-4A-U1-0056,Let s do,,,primary,4,4A,U1,wordlist,10,high
pri-4A-U1-0057,Words,,,primary,4,4A,U1,wordlist,10,high
pri-4A-U1-0058,cat,,,primary,4,4A,U1,wordlist,11,high
pri-4A-U1-0059,cake,,,primary,4,4A,U1,wordlist,11,high
pri-4A-U1-0060,a a-e,,,primary,4,4A,U1,wordlist,11,high
pri-4A-U1-0061,dad,,,primary,4,4A,U1,wordlist,11,high
pri-4A-U1-0062,date,,,primary,4,4A,U1,wordlist,11,high
pri-4A-U1-0063,hat,,,primary,4,4A,U1,wordlist,11,high
pri-4A-U1-0064,hate,,,primary,4,4A,U1,wordlist,11,high
pri-4A-U1-0065,face,,,primary,4,4A,U1,wordlist,11,high
pri-4A-U1-0066,name,,,primary,4,4A,U1,wordlist,11,high
pri-4A-U1-0067,make,,,primary,4,4A,U1,wordlist,11,high
pri-4A-U1-0068,Let s spell,,,primary,4,4A,U1,wordlist,11,high
pri-4A-U1-0069,Read listen and chant,,,primary,4,4A,U1,wordlist,11,high
pri-4A-U1-0070,Read listen and tick,,,primary,4,4A,U1,wordlist,11,high
pri-4A-U1-0071,Listen circle and write,,,primary,4,4A,U1,wordlist,11,high
pri-4A-U2-0001,B,,,primary,4,4A,U2,wordlist,12,high
pri-4A-U2-0002,Let s clean the classroom,,,primary,4,4A,U2,wordlist,12,high
pri-4A-U2-0003,OK,,,primary,4,4A,U2,wordlist,12,high
pri-4A-U2-0004,Let me clean the teacher s desk,,,primary,4,4A,U2,wordlist,12,high
pri-4A-U2-0005,Let me clean the windows,,,primary,4,4A,U2,wordlist,12,high
pri-4A-U2-0006,Let me help you,,,primary,4,4A,U2,wordlist,12,high
pri-4A-U2-0007,Let me clean the,,,primary,4,4A,U2,wordlist,12,high
pri-4A-U2-0008,teacher s desk,,,primary,4,4A,U2,wordlist,12,high
pri-4A-U2-0009,blackboard,,,primary,4,4A,U2,wordlist,12,high
pri-4A-U2-0010,Thank you,,,primary,4,4A,U2,wordlist,12,high
pri-4A-U2-0011,Let s talk,,,primary,4,4A,U2,wordlist,12,high
pri-4A-U2-0012,Let s play,,,primary,4,4A,U2,wordlist,12,high
pri-4A-U2-0013,computer,,,primary,4,4A,U2,wordlist,13,high
pri-4A-U2-0014,fan,,,primary,4,4A,U2,wordlist,13,high
pri-4A-U2-0015,wall,,,primary,4,4A,U2,wordlist,13,high
pri-4A-U2-0016,floor,,,primary,4,4A,U2,wordlist,13,high
pri-4A-U2-0017,teacher s,,,primary,4,4A,U2,wordlist,13,high
pri-4A-U2-0018,desk,,,primary,4,4A,U2,wordlist,13,high
pri-4A-U2-0019,This is my classroom,,,primary,4,4A,U2,wordlist,13,high
pri-4A-U2-0020,The door is yellow,,,primary,4,4A,U2,wordlist,13,high
pri-4A-U2-0021,The desks are green,,,primary,4,4A,U2,wordlist,13,high
pri-4A-U2-0022,I like my classroom,,,primary,4,4A,U2,wordlist,13,high
pri-4A-U2-0023,Look This is the new classroom,,,primary,4,4A,U2,wordlist,13,high
pri-4A-U2-0024,The door is orange,,,primary,4,4A,U2,wordlist,13,high
pri-4A-U2-0025,Let s learn,,,primary,4,4A,U2,wordlist,13,high
pri-4A-U2-0026,Words,,,primary,4,4A,U2,wordlist,13,high
pri-4A-U2-0027,Colour and say,,,primary,4,4A,U2,wordlist,13,high
pri-4A-U2-0028,Where is the green book,,,primary,4,4A,U2,wordlist,14,high
pri-4A-U2-0029,It is under the teacher s desk,,,primary,4,4A,U2,wordlist,14,high
pri-4A-U2-0030,Where is the kite,,,primary,4,4A,U2,wordlist,14,high
pri-4A-U2-0031,It is near the window,,,primary,4,4A,U2,wordlist,14,high
pri-4A-U2-0032,Where is the picture,,,primary,4,4A,U2,wordlist,14,high
pri-4A-U2-0033,It is near the kite,,,primary,4,4A,U2,wordlist,14,high
pri-4A-U2-0034,Where is the blue pencil box,,,primary,4,4A,U2,wordlist,14,high
pri-4A-U2-0035,It is on the floor,,,primary,4,4A,U2,wordlist,14,high
pri-4A-U2-0036,window desk chair floor wall door,,,primary,4,4A,U2,wordlist,14,high
pri-4A-U2-0037,Now write about,,,primary,4,4A,U2,wordlist,14,high
pri-4A-U2-0038,your classroom,,,primary,4,4A,U2,wordlist,14,high
pri-4A-U2-0039,Look choose and write,,,primary,4,4A,U2,wordlist,14,high
pri-4A-U2-0040,Read and tick or cross,,,primary,4,4A,U2,wordlist,14,high
pri-4A-U2-0041,Read and write,,,primary,4,4A,U2,wordlist,14,high
pri-4A-U2-0042,Where is it,,,primary,4,4A,U2,wordlist,14,high
pri-4A-U2-0043,What s in your new classroom Four walls and a floor,,,primary,4,4A,U2,wordlist,15,high
pri-4A-U2-0044,Pictures and windows and a yellow door,,,primary,4,4A,U2,wordlist,15,high
pri-4A-U2-0045,What is in the classroom,,,primary,4,4A,U2,wordlist,15,high
pri-4A-U2-0046,A door three desks,,,primary,4,4A,U2,wordlist,15,high
pri-4A-U2-0047,two chairs a computer,,,primary,4,4A,U2,wordlist,15,high
pri-4A-U2-0048,a teacher s desk,,,primary,4,4A,U2,wordlist,15,high
pri-4A-U2-0049,a blackboard and a window,,,primary,4,4A,U2,wordlist,15,high
pri-4A-U2-0050,A door three chairs,,,primary,4,4A,U2,wordlist,15,high
pri-4A-U2-0051,two desks a blackboard,,,primary,4,4A,U2,wordlist,15,high
pri-4A-U2-0052,a computer a teacher s desk,,,primary,4,4A,U2,wordlist,15,high
pri-4A-U2-0053,and a window,,,primary,4,4A,U2,wordlist,15,high
pri-4A-U2-0054,Look and circle,,,primary,4,4A,U2,wordlist,15,high
pri-4A-U2-0055,We have a new classroom,,,primary,4,4A,U2,wordlist,15,high
pri-4A-U2-0056,Let s check,,,primary,4,4A,U2,wordlist,15,high
pri-4A-U2-0057,Listen and tick or cross,,,primary,4,4A,U2,wordlist,15,high
pri-4A-U2-0058,Let s sing,,,primary,4,4A,U2,wordlist,15,high
pri-4A-U2-0059,C,,,primary,4,4A,U2,wordlist,16,high
pri-4A-U2-0060,Look It s on,,,primary,4,4A,U2,wordlist,16,high
pri-4A-U2-0061,the wall now,,,primary,4,4A,U2,wordlist,16,high
pri-4A-U2-0062,Ah yes,,,primary,4,4A,U2,wordlist,16,high
pri-4A-U2-0063,It really IS,,,primary,4,4A,U2,wordlist,16,high
pri-4A-U2-0064,a bee,,,primary,4,4A,U2,wordlist,16,high
pri-4A-U2-0065,There s,,,primary,4,4A,U2,wordlist,16,high
pri-4A-U2-0066,a bee on the,,,primary,4,4A,U2,wordlist,16,high
pri-4A-U2-0067,It s a bee,,,primary,4,4A,U2,wordlist,16,high
pri-4A-U2-0068,What s,,,primary,4,4A,U2,wordlist,16,high
pri-4A-U2-0069,this,,,primary,4,4A,U2,wordlist,16,high
pri-4A-U2-0070,Where is,,,primary,4,4A,U2,wordlist,16,high
pri-4A-U2-0071,it now,,,primary,4,4A,U2,wordlist,16,high
pri-4A-U2-0072,No it s a,,,primary,4,4A,U2,wordlist,16,high
pri-4A-U2-0073,Yes,,,primary,4,4A,U2,wordlist,16,high
pri-4A-U2-0074,Oh There s,,,primary,4,4A,U2,wordlist,16,high
pri-4A-U2-0075,a bee in our,,,primary,4,4A,U2,wordlist,16,high
pri-4A-U2-0076,classroom,,,primary,4,4A,U2,wordlist,16,high
pri-4A-U2-0077,It s on,,,primary,4,4A,U2,wordlist,16,high
pri-4A-U2-0078,the fan,,,primary,4,4A,U2,wordlist,16,high
pri-4A-U2-0079,Look It s,,,primary,4,4A,U2,wordlist,16,high
pri-4A-U2-0080,on the light,,,primary,4,4A,U2,wordlist,16,high
pri-4A-U2-0081,Story time,,,primary,4,4A,U2,wordlist,16,high
pri-4A-U2-0082,John I have a new schoolbag,,,primary,4,4A,U2,wordlist,17,high
pri-4A-U2-0083,I lost my notebook,,,primary,4,4A,U2,wordlist,17,high
pri-4A-U2-0084,What colour is it,,,primary,4,4A,U2,wordlist,17,high
pri-4A-U2-0085,May I see it,,,primary,4,4A,U2,wordlist,17,high
pri-4A-U2-0086,It s green I like,,,primary,4,4A,U2,wordlist,17,high
pri-4A-U2-0087,it very much,,,primary,4,4A,U2,wordlist,17,high
pri-4A-U2-0088,Unit Two,,,primary,4,4A,U2,wordlist,17,high
pri-4A-U2-0089,My schoolbag is heavy,,,primary,4,4A,U2,wordlist,18,high
pri-4A-U2-0090,What s in it,,,primary,4,4A,U2,wordlist,18,high
pri-4A-U2-0091,I have a maths book,,,primary,4,4A,U2,wordlist,18,high
pri-4A-U2-0092,a Chinese book,,,primary,4,4A,U2,wordlist,18,high
pri-4A-U2-0093,My schoolbag,,,primary,4,4A,U2,wordlist,18,high
pri-4A-U2-0094,A,,,primary,4,4A,U2,wordlist,19,high
pri-4A-U2-0095,What s in your,,,primary,4,4A,U2,wordlist,19,high
pri-4A-U2-0096,schoolbag,,,primary,4,4A,U2,wordlist,19,high
pri-4A-U2-0097,It s a fat panda,,,primary,4,4A,U2,wordlist,19,high
pri-4A-U2-0098,Hi Chen Jie,,,primary,4,4A,U2,wordlist,19,high
pri-4A-U2-0099,I have a new schoolbag,,,primary,4,4A,U2,wordlist,19,high
pri-4A-U2-0100,Really,,,primary,4,4A,U2,wordlist,19,high
pri-4A-U2-0101,Look It s black and white,,,primary,4,4A,U2,wordlist,19,high
pri-4A-U2-0102,Wow It s a panda,,,primary,4,4A,U2,wordlist,19,high
pri-4A-U2-0103,An English book,,,primary,4,4A,U2,wordlist,19,high
pri-4A-U2-0104,a maths book three,,,primary,4,4A,U2,wordlist,19,high
pri-4A-U2-0105,storybooks and,,,primary,4,4A,U2,wordlist,19,high
pri-4A-U2-0106,What s in your hand,,,primary,4,4A,U2,wordlist,19,high
pri-4A-U2-0107,A pencil,,,primary,4,4A,U2,wordlist,19,high
pri-4A-U2-0108,A ruler,,,primary,4,4A,U2,wordlist,19,high
pri-4A-U2-0109,Guess,,,primary,4,4A,U2,wordlist,19,high
pri-4A-U2-0110,No,,,primary,4,4A,U2,wordlist,19,high
pri-4A-U2-0111,No It s an eraser,,,primary,4,4A,U2,wordlist,19,high
pri-4A-U2-0112,storybook,,,primary,4,4A,U2,wordlist,20,high
pri-4A-U2-0113,Chinese book,,,primary,4,4A,U2,wordlist,20,high
pri-4A-U2-0114,English book,,,primary,4,4A,U2,wordlist,20,high
pri-4A-U2-0115,maths book,,,primary,4,4A,U2,wordlist,20,high
pri-4A-U2-0116,Put your pencil box,,,primary,4,4A,U2,wordlist,20,high
pri-4A-U2-0117,on your English book,,,primary,4,4A,U2,wordlist,20,high
pri-4A-U2-0118,Put your Chinese book,,,primary,4,4A,U2,wordlist,20,high
pri-4A-U2-0119,in your desk,,,primary,4,4A,U2,wordlist,20,high
pri-4A-U2-0120,Put your eraser near,,,primary,4,4A,U2,wordlist,20,high
pri-4A-U2-0121,your pencil box,,,primary,4,4A,U2,wordlist,20,high
pri-4A-U2-0122,Put your maths book,,,primary,4,4A,U2,wordlist,20,high
pri-4A-U2-0123,under your schoolbag,,,primary,4,4A,U2,wordlist,20,high
pri-4A-U2-0124,What s in your schoolbag,,,primary,4,4A,U2,wordlist,20,high
pri-4A-U2-0125,An English book a Chinese,,,primary,4,4A,U2,wordlist,20,high
pri-4A-U2-0126,book a maths book and,,,primary,4,4A,U2,wordlist,20,high
pri-4A-U2-0127,three storybooks,,,primary,4,4A,U2,wordlist,20,high
pri-4A-U2-0128,Let s do,,,primary,4,4A,U2,wordlist,20,high
pri-4A-U2-0129,big,,,primary,4,4A,U2,wordlist,21,high
pri-4A-U2-0130,fine,,,primary,4,4A,U2,wordlist,21,high
pri-4A-U2-0131,six,,,primary,4,4A,U2,wordlist,21,high
pri-4A-U2-0132,nice,,,primary,4,4A,U2,wordlist,21,high
pri-4A-U2-0133,pig,,,primary,4,4A,U2,wordlist,21,high
pri-4A-U2-0134,ice,,,primary,4,4A,U2,wordlist,21,high
pri-4A-U2-0135,like,,,primary,4,4A,U2,wordlist,21,high
pri-4A-U2-0136,kite,,,primary,4,4A,U2,wordlist,21,high
pri-4A-U2-0137,nine,,,primary,4,4A,U2,wordlist,21,high
pri-4A-U2-0138,f,,,primary,4,4A,U2,wordlist,21,high
pri-4A-U2-0139,ive,,,primary,4,4A,U2,wordlist,21,high
pri-4A-U2-0140,rice,,,primary,4,4A,U2,wordlist,21,high
pri-4A-U2-0141,i i-e,,,primary,4,4A,U2,wordlist,21,high
pri-4A-U2-0142,Let s spell,,,primary,4,4A,U2,wordlist,21,high
pri-4A-U2-0143,Read listen and chant,,,primary,4,4A,U2,wordlist,21,high
pri-4A-U2-0144,Read listen and number,,,primary,4,4A,U2,wordlist,21,high
pri-4A-U2-0145,Listen circle and write,,,primary,4,4A,U2,wordlist,21,high
pri-4A-U3-0001,B,,,primary,4,4A,U3,wordlist,22,high
pri-4A-U3-0002,What colour is it,,,primary,4,4A,U3,wordlist,22,high
pri-4A-U3-0003,Here it is,,,primary,4,4A,U3,wordlist,22,high
pri-4A-U3-0004,Excuse me I lost my schoolbag,,,primary,4,4A,U3,wordlist,22,high
pri-4A-U3-0005,It s blue and white,,,primary,4,4A,U3,wordlist,22,high
pri-4A-U3-0006,I have a new book,,,primary,4,4A,U3,wordlist,22,high
pri-4A-U3-0007,OK What s in it,,,primary,4,4A,U3,wordlist,22,high
pri-4A-U3-0008,An English book two,,,primary,4,4A,U3,wordlist,22,high
pri-4A-U3-0009,toys and a notebook,,,primary,4,4A,U3,wordlist,22,high
pri-4A-U3-0010,It s blue,,,primary,4,4A,U3,wordlist,22,high
pri-4A-U3-0011,It s a maths book,,,primary,4,4A,U3,wordlist,22,high
pri-4A-U3-0012,Thank you so much,,,primary,4,4A,U3,wordlist,22,high
pri-4A-U3-0013,Let s talk,,,primary,4,4A,U3,wordlist,22,high
pri-4A-U3-0014,Let s play,,,primary,4,4A,U3,wordlist,22,high
pri-4A-U3-0015,Mmm What s in my,,,primary,4,4A,U3,wordlist,23,high
pri-4A-U3-0016,schoolbag My keys,,,primary,4,4A,U3,wordlist,23,high
pri-4A-U3-0017,key,,,primary,4,4A,U3,wordlist,23,high
pri-4A-U3-0018,toy,,,primary,4,4A,U3,wordlist,23,high
pri-4A-U3-0019,notebook,,,primary,4,4A,U3,wordlist,23,high
pri-4A-U3-0020,candy,,,primary,4,4A,U3,wordlist,23,high
pri-4A-U3-0021,What s in your,,,primary,4,4A,U3,wordlist,23,high
pri-4A-U3-0022,schoolbag,,,primary,4,4A,U3,wordlist,23,high
pri-4A-U3-0023,Three keys two toys,,,primary,4,4A,U3,wordlist,23,high
pri-4A-U3-0024,and an English book,,,primary,4,4A,U3,wordlist,23,high
pri-4A-U3-0025,Let s learn,,,primary,4,4A,U3,wordlist,23,high
pri-4A-U3-0026,Words,,,primary,4,4A,U3,wordlist,23,high
pri-4A-U3-0027,Draw and say,,,primary,4,4A,U3,wordlist,23,high
pri-4A-U3-0028,What is in your schoolbag,,,primary,4,4A,U3,wordlist,24,high
pri-4A-U3-0029,I have two storybooks three keys some candies some,,,primary,4,4A,U3,wordlist,24,high
pri-4A-U3-0030,toys and a cute panda in my schoolbag,,,primary,4,4A,U3,wordlist,24,high
pri-4A-U3-0031,What is in it,,,primary,4,4A,U3,wordlist,24,high
pri-4A-U3-0032,bag pen pencil keys notebook candy egg,,,primary,4,4A,U3,wordlist,24,high
pri-4A-U3-0033,What s in your desk,,,primary,4,4A,U3,wordlist,24,high
pri-4A-U3-0034,Read and circle,,,primary,4,4A,U3,wordlist,24,high
pri-4A-U3-0035,Look choose and write,,,primary,4,4A,U3,wordlist,24,high
pri-4A-U3-0036,Read and write,,,primary,4,4A,U3,wordlist,24,high
pri-4A-U3-0037,Oh no my bag is heavy,,,primary,4,4A,U3,wordlist,25,high
pri-4A-U3-0038,What do you have in your schoolbag,,,primary,4,4A,U3,wordlist,25,high
pri-4A-U3-0039,What is in the schoolbag,,,primary,4,4A,U3,wordlist,25,high
pri-4A-U3-0040,A notebook a key an English,,,primary,4,4A,U3,wordlist,25,high
pri-4A-U3-0041,book a maths book some candies,,,primary,4,4A,U3,wordlist,25,high
pri-4A-U3-0042,two pens and two storybooks,,,primary,4,4A,U3,wordlist,25,high
pri-4A-U3-0043,A maths book an English book,,,primary,4,4A,U3,wordlist,25,high
pri-4A-U3-0044,two storybooks a key some,,,primary,4,4A,U3,wordlist,25,high
pri-4A-U3-0045,candies and three pens,,,primary,4,4A,U3,wordlist,25,high
pri-4A-U3-0046,Look and circle,,,primary,4,4A,U3,wordlist,25,high
pri-4A-U3-0047,My schoolbag,,,primary,4,4A,U3,wordlist,25,high
pri-4A-U3-0048,Let s check,,,primary,4,4A,U3,wordlist,25,high
pri-4A-U3-0049,Listen and number,,,primary,4,4A,U3,wordlist,25,high
pri-4A-U3-0050,Let s sing,,,primary,4,4A,U3,wordlist,25,high
pri-4A-U3-0051,C,,,primary,4,4A,U3,wordlist,26,high
pri-4A-U3-0052,English book,,,primary,4,4A,U3,wordlist,26,high
pri-4A-U3-0053,Chinese book,,,primary,4,4A,U3,wordlist,26,high
pri-4A-U3-0054,maths book,,,primary,4,4A,U3,wordlist,26,high
pri-4A-U3-0055,Oh,,,primary,4,4A,U3,wordlist,26,high
pri-4A-U3-0056,Sorry,,,primary,4,4A,U3,wordlist,26,high
pri-4A-U3-0057,Take out your,,,primary,4,4A,U3,wordlist,26,high
pri-4A-U3-0058,books please,,,primary,4,4A,U3,wordlist,26,high
pri-4A-U3-0059,Yes Mum,,,primary,4,4A,U3,wordlist,26,high
pri-4A-U3-0060,Good night,,,primary,4,4A,U3,wordlist,26,high
pri-4A-U3-0061,Sweet dreams,,,primary,4,4A,U3,wordlist,26,high
pri-4A-U3-0062,Some more,,,primary,4,4A,U3,wordlist,26,high
pri-4A-U3-0063,Oh my,,,primary,4,4A,U3,wordlist,26,high
pri-4A-U3-0064,is so heavy,,,primary,4,4A,U3,wordlist,26,high
pri-4A-U3-0065,Mum,,,primary,4,4A,U3,wordlist,26,high
pri-4A-U3-0066,Wait Zoom,,,primary,4,4A,U3,wordlist,26,high
pri-4A-U3-0067,Put away your,,,primary,4,4A,U3,wordlist,26,high
pri-4A-U3-0068,books,,,primary,4,4A,U3,wordlist,26,high
pri-4A-U3-0069,All right,,,primary,4,4A,U3,wordlist,26,high
pri-4A-U3-0070,No,,,primary,4,4A,U3,wordlist,26,high
pri-4A-U3-0071,thanks,,,primary,4,4A,U3,wordlist,26,high
pri-4A-U3-0072,I m full,,,primary,4,4A,U3,wordlist,26,high
pri-4A-U3-0073,Zoom is,,,primary,4,4A,U3,wordlist,26,high
pri-4A-U3-0074,everything in,,,primary,4,4A,U3,wordlist,26,high
pri-4A-U3-0075,your schoolbag,,,primary,4,4A,U3,wordlist,26,high
pri-4A-U3-0076,Story time,,,primary,4,4A,U3,wordlist,26,high
pri-4A-U3-0077,Guess He s strong and he has,,,primary,4,4A,U3,wordlist,27,high
pri-4A-U3-0078,two big eyes He s very friendly,,,primary,4,4A,U3,wordlist,27,high
pri-4A-U3-0079,It s Zhang Peng,,,primary,4,4A,U3,wordlist,27,high
pri-4A-U3-0080,She s short and thin She,,,primary,4,4A,U3,wordlist,27,high
pri-4A-U3-0081,has two big eyes She s cute,,,primary,4,4A,U3,wordlist,27,high
pri-4A-U3-0082,What s her name She s,,,primary,4,4A,U3,wordlist,27,high
pri-4A-U3-0083,short and she has long hair,,,primary,4,4A,U3,wordlist,27,high
pri-4A-U3-0084,She has an orange schoolbag,,,primary,4,4A,U3,wordlist,27,high
pri-4A-U3-0085,Unit Three,,,primary,4,4A,U3,wordlist,27,high
pri-4A-U3-0086,Who s he,,,primary,4,4A,U3,wordlist,28,high
pri-4A-U3-0087,It s me Sarah,,,primary,4,4A,U3,wordlist,28,high
pri-4A-U3-0088,Wu Binbin He s tall and,,,primary,4,4A,U3,wordlist,28,high
pri-4A-U3-0089,thin He has glasses,,,primary,4,4A,U3,wordlist,28,high
pri-4A-U3-0090,My friends,,,primary,4,4A,U3,wordlist,28,high
pri-4A-U3-0091,A,,,primary,4,4A,U3,wordlist,29,high
pri-4A-U3-0092,Mum I have,,,primary,4,4A,U3,wordlist,29,high
pri-4A-U3-0093,a new friend,,,primary,4,4A,U3,wordlist,29,high
pri-4A-U3-0094,Really A,,,primary,4,4A,U3,wordlist,29,high
pri-4A-U3-0095,Chinese friend,,,primary,4,4A,U3,wordlist,29,high
pri-4A-U3-0096,Look He s tall and strong,,,primary,4,4A,U3,wordlist,29,high
pri-4A-U3-0097,Oh there she is,,,primary,4,4A,U3,wordlist,29,high
pri-4A-U3-0098,I have a new friend,,,primary,4,4A,U3,wordlist,29,high
pri-4A-U3-0099,She s tall and thin,,,primary,4,4A,U3,wordlist,29,high
pri-4A-U3-0100,What s,,,primary,4,4A,U3,wordlist,29,high
pri-4A-U3-0101,his name,,,primary,4,4A,U3,wordlist,29,high
pri-4A-U3-0102,Yes he is,,,primary,4,4A,U3,wordlist,29,high
pri-4A-U3-0103,Yes he s very,,,primary,4,4A,U3,wordlist,29,high
pri-4A-U3-0104,friendly,,,primary,4,4A,U3,wordlist,29,high
pri-4A-U3-0105,His name is,,,primary,4,4A,U3,wordlist,29,high
pri-4A-U3-0106,Zhang Peng,,,primary,4,4A,U3,wordlist,29,high
pri-4A-U3-0107,Her name is Lucy,,,primary,4,4A,U3,wordlist,29,high
pri-4A-U3-0108,Lucy,,,primary,4,4A,U3,wordlist,29,high
pri-4A-U3-0109,Bob,,,primary,4,4A,U3,wordlist,29,high
pri-4A-U3-0110,Lily,,,primary,4,4A,U3,wordlist,29,high
pri-4A-U3-0111,Tim,,,primary,4,4A,U3,wordlist,29,high
pri-4A-U3-0112,What s her name,,,primary,4,4A,U3,wordlist,29,high
pri-4A-U3-0113,I have a good friend,,,primary,4,4A,U3,wordlist,30,high
pri-4A-U3-0114,He s tall and strong,,,primary,4,4A,U3,wordlist,30,high
pri-4A-U3-0115,Who is he,,,primary,4,4A,U3,wordlist,30,high
pri-4A-U3-0116,tall and strong,,,primary,4,4A,U3,wordlist,30,high
pri-4A-U3-0117,short and thin,,,primary,4,4A,U3,wordlist,30,high
pri-4A-U3-0118,quiet,,,primary,4,4A,U3,wordlist,30,high
pri-4A-U3-0119,Tim is my friend,,,primary,4,4A,U3,wordlist,30,high
pri-4A-U3-0120,He s a good good boy,,,primary,4,4A,U3,wordlist,30,high
pri-4A-U3-0121,He s tall and thin,,,primary,4,4A,U3,wordlist,30,high
pri-4A-U3-0122,Lily is my friend,,,primary,4,4A,U3,wordlist,30,high
pri-4A-U3-0123,She s a cute cute girl,,,primary,4,4A,U3,wordlist,30,high
pri-4A-U3-0124,She s quiet and friendly,,,primary,4,4A,U3,wordlist,30,high
pri-4A-U3-0125,Now chant about your friends,,,primary,4,4A,U3,wordlist,30,high
pri-4A-U3-0126,Let s chant,,,primary,4,4A,U3,wordlist,30,high
pri-4A-U3-0127,not note lot,,,primary,4,4A,U3,wordlist,31,high
pri-4A-U3-0128,hot hope home,,,primary,4,4A,U3,wordlist,31,high
pri-4A-U3-0129,box dog nose,,,primary,4,4A,U3,wordlist,31,high
pri-4A-U3-0130,nose rose lost,,,primary,4,4A,U3,wordlist,31,high
pri-4A-U3-0131,o o-e,,,primary,4,4A,U3,wordlist,31,high
pri-4A-U3-0132,nose,,,primary,4,4A,U3,wordlist,31,high
pri-4A-U3-0133,note,,,primary,4,4A,U3,wordlist,31,high
pri-4A-U3-0134,Coke,,,primary,4,4A,U3,wordlist,31,high
pri-4A-U3-0135,Mr Jones,,,primary,4,4A,U3,wordlist,31,high
pri-4A-U3-0136,Let s spell,,,primary,4,4A,U3,wordlist,31,high
pri-4A-U3-0137,Read listen and chant,,,primary,4,4A,U3,wordlist,31,high
pri-4A-U3-0138,Read listen and tick,,,primary,4,4A,U3,wordlist,31,high
pri-4A-U3-0139,Listen circle and write,,,primary,4,4A,U3,wordlist,31,high
pri-4A-U4-0001,B,,,primary,4,4A,U4,wordlist,32,high
pri-4A-U4-0002,Is he Wu Binbin,,,primary,4,4A,U4,wordlist,32,high
pri-4A-U4-0003,Who is he Zhang Peng,,,primary,4,4A,U4,wordlist,32,high
pri-4A-U4-0004,A boy He s tall and thin,,,primary,4,4A,U4,wordlist,32,high
pri-4A-U4-0005,A boy or girl,,,primary,4,4A,U4,wordlist,32,high
pri-4A-U4-0006,No He has glasses and,,,primary,4,4A,U4,wordlist,32,high
pri-4A-U4-0007,his shoes are blue,,,primary,4,4A,U4,wordlist,32,high
pri-4A-U4-0008,Yes You re right,,,primary,4,4A,U4,wordlist,32,high
pri-4A-U4-0009,He is,,,primary,4,4A,U4,wordlist,32,high
pri-4A-U4-0010,He has,,,primary,4,4A,U4,wordlist,32,high
pri-4A-U4-0011,His shoes are,,,primary,4,4A,U4,wordlist,32,high
pri-4A-U4-0012,His bag is,,,primary,4,4A,U4,wordlist,32,high
pri-4A-U4-0013,What is his name,,,primary,4,4A,U4,wordlist,32,high
pri-4A-U4-0014,She is,,,primary,4,4A,U4,wordlist,32,high
pri-4A-U4-0015,She has,,,primary,4,4A,U4,wordlist,32,high
pri-4A-U4-0016,Her shoes are,,,primary,4,4A,U4,wordlist,32,high
pri-4A-U4-0017,Her bag is,,,primary,4,4A,U4,wordlist,32,high
pri-4A-U4-0018,What is her name,,,primary,4,4A,U4,wordlist,32,high
pri-4A-U4-0019,Hi John I have,,,primary,4,4A,U4,wordlist,32,high
pri-4A-U4-0020,a good friend,,,primary,4,4A,U4,wordlist,32,high
pri-4A-U4-0021,Let s talk,,,primary,4,4A,U4,wordlist,32,high
pri-4A-U4-0022,Let s play,,,primary,4,4A,U4,wordlist,32,high
pri-4A-U4-0023,My friends,,,primary,4,4A,U4,wordlist,32,high
pri-4A-U4-0024,My friend has blue glasses,,,primary,4,4A,U4,wordlist,33,high
pri-4A-U4-0025,He has a green bag,,,primary,4,4A,U4,wordlist,33,high
pri-4A-U4-0026,and brown shoes,,,primary,4,4A,U4,wordlist,33,high
pri-4A-U4-0027,I have a friend,,,primary,4,4A,U4,wordlist,33,high
pri-4A-U4-0028,He has short hair,,,primary,4,4A,U4,wordlist,33,high
pri-4A-U4-0029,blue glasses,,,primary,4,4A,U4,wordlist,33,high
pri-4A-U4-0030,brown shoes,,,primary,4,4A,U4,wordlist,33,high
pri-4A-U4-0031,long hair,,,primary,4,4A,U4,wordlist,33,high
pri-4A-U4-0032,short hair,,,primary,4,4A,U4,wordlist,33,high
pri-4A-U4-0033,a green bag,,,primary,4,4A,U4,wordlist,33,high
pri-4A-U4-0034,It s Wu Binbin,,,primary,4,4A,U4,wordlist,33,high
pri-4A-U4-0035,His glasses are blue,,,primary,4,4A,U4,wordlist,33,high
pri-4A-U4-0036,Let s learn,,,primary,4,4A,U4,wordlist,33,high
pri-4A-U4-0037,Words,,,primary,4,4A,U4,wordlist,33,high
pri-4A-U4-0038,Say and draw,,,primary,4,4A,U4,wordlist,33,high
pri-4A-U4-0039,He has short hair He has a big green bag What is his name,,,primary,4,4A,U4,wordlist,34,high
pri-4A-U4-0040,She has long hair She has orange shoes What is her name,,,primary,4,4A,U4,wordlist,34,high
pri-4A-U4-0041,She is tall She is friendly She has a blue hat Who is she,,,primary,4,4A,U4,wordlist,34,high
pri-4A-U4-0042,He is short and thin He has glasses He is near the window Who is he,,,primary,4,4A,U4,wordlist,34,high
pri-4A-U4-0043,short,,,primary,4,4A,U4,wordlist,34,high
pri-4A-U4-0044,tall,,,primary,4,4A,U4,wordlist,34,high
pri-4A-U4-0045,bag,,,primary,4,4A,U4,wordlist,34,high
pri-4A-U4-0046,thin,,,primary,4,4A,U4,wordlist,34,high
pri-4A-U4-0047,white shoes,,,primary,4,4A,U4,wordlist,34,high
pri-4A-U4-0048,glasses,,,primary,4,4A,U4,wordlist,34,high
pri-4A-U4-0049,Name,,,primary,4,4A,U4,wordlist,34,high
pri-4A-U4-0050,Now write,,,primary,4,4A,U4,wordlist,34,high
pri-4A-U4-0051,about one of your,,,primary,4,4A,U4,wordlist,34,high
pri-4A-U4-0052,classmates,,,primary,4,4A,U4,wordlist,34,high
pri-4A-U4-0053,James,,,primary,4,4A,U4,wordlist,34,high
pri-4A-U4-0054,Ben,,,primary,4,4A,U4,wordlist,34,high
pri-4A-U4-0055,Kate,,,primary,4,4A,U4,wordlist,34,high
pri-4A-U4-0056,Ann,,,primary,4,4A,U4,wordlist,34,high
pri-4A-U4-0057,Look choose and write,,,primary,4,4A,U4,wordlist,34,high
pri-4A-U4-0058,Read and match,,,primary,4,4A,U4,wordlist,34,high
pri-4A-U4-0059,Read and write,,,primary,4,4A,U4,wordlist,34,high
pri-4A-U4-0060,If your friend is tall and quiet clap your hands,,,primary,4,4A,U4,wordlist,35,high
pri-4A-U4-0061,If your friend is tall and quiet if your friend is tall and quiet,,,primary,4,4A,U4,wordlist,35,high
pri-4A-U4-0062,tall and strong,,,primary,4,4A,U4,wordlist,35,high
pri-4A-U4-0063,short brown hair,,,primary,4,4A,U4,wordlist,35,high
pri-4A-U4-0064,long black hair,,,primary,4,4A,U4,wordlist,35,high
pri-4A-U4-0065,quiet,,,primary,4,4A,U4,wordlist,35,high
pri-4A-U4-0066,friendly,,,primary,4,4A,U4,wordlist,35,high
pri-4A-U4-0067,blue shoes,,,primary,4,4A,U4,wordlist,35,high
pri-4A-U4-0068,short and thin,,,primary,4,4A,U4,wordlist,35,high
pri-4A-U4-0069,Look and match,,,primary,4,4A,U4,wordlist,35,high
pri-4A-U4-0070,Friends,,,primary,4,4A,U4,wordlist,35,high
pri-4A-U4-0071,Let s check,,,primary,4,4A,U4,wordlist,35,high
pri-4A-U4-0072,Listen and number,,,primary,4,4A,U4,wordlist,35,high
pri-4A-U4-0073,Let s sing,,,primary,4,4A,U4,wordlist,35,high
pri-4A-U5-0001,C,,,primary,4,4A,U5,wordlist,36,high
pri-4A-U5-0002,Come on friends,,,primary,4,4A,U5,wordlist,36,high
pri-4A-U5-0003,Please help me,,,primary,4,4A,U5,wordlist,36,high
pri-4A-U5-0004,Hooray,,,primary,4,4A,U5,wordlist,36,high
pri-4A-U5-0005,We re,,,primary,4,4A,U5,wordlist,36,high
pri-4A-U5-0006,coming,,,primary,4,4A,U5,wordlist,36,high
pri-4A-U5-0007,I m strong,,,primary,4,4A,U5,wordlist,36,high
pri-4A-U5-0008,Let s work together,,,primary,4,4A,U5,wordlist,36,high
pri-4A-U5-0009,Wow,,,primary,4,4A,U5,wordlist,36,high
pri-4A-U5-0010,It s so big,,,primary,4,4A,U5,wordlist,36,high
pri-4A-U5-0011,One two,,,primary,4,4A,U5,wordlist,36,high
pri-4A-U5-0012,three pull,,,primary,4,4A,U5,wordlist,36,high
pri-4A-U5-0013,Oh it s too big,,,primary,4,4A,U5,wordlist,36,high
pri-4A-U5-0014,I can t pull it up,,,primary,4,4A,U5,wordlist,36,high
pri-4A-U5-0015,Story time,,,primary,4,4A,U5,wordlist,36,high
pri-4A-U5-0016,Let me,,,primary,4,4A,U5,wordlist,37,high
pri-4A-U5-0017,help you,,,primary,4,4A,U5,wordlist,37,high
pri-4A-U5-0018,Thanks,,,primary,4,4A,U5,wordlist,37,high
pri-4A-U5-0019,Wow Your bag is,,,primary,4,4A,U5,wordlist,37,high
pri-4A-U5-0020,so heavy What s in it,,,primary,4,4A,U5,wordlist,37,high
pri-4A-U5-0021,An English book a,,,primary,4,4A,U5,wordlist,37,high
pri-4A-U5-0022,maths book a notebook,,,primary,4,4A,U5,wordlist,37,high
pri-4A-U5-0023,and ten storybooks,,,primary,4,4A,U5,wordlist,37,high
pri-4A-U5-0024,Ten,,,primary,4,4A,U5,wordlist,37,high
pri-4A-U5-0025,Ah,,,primary,4,4A,U5,wordlist,37,high
pri-4A-U5-0026,Yes They re,,,primary,4,4A,U5,wordlist,37,high
pri-4A-U5-0027,my friend s,,,primary,4,4A,U5,wordlist,37,high
pri-4A-U5-0028,storybooks,,,primary,4,4A,U5,wordlist,37,high
pri-4A-U5-0029,I don t know,,,primary,4,4A,U5,wordlist,37,high
pri-4A-U5-0030,What s her name,,,primary,4,4A,U5,wordlist,37,high
pri-4A-U5-0031,Sandy White our,,,primary,4,4A,U5,wordlist,37,high
pri-4A-U5-0032,English teacher,,,primary,4,4A,U5,wordlist,37,high
pri-4A-U5-0033,I know,,,primary,4,4A,U5,wordlist,37,high
pri-4A-U5-0034,It s Amy,,,primary,4,4A,U5,wordlist,37,high
pri-4A-U5-0035,Can you guess,,,primary,4,4A,U5,wordlist,37,high
pri-4A-U5-0036,She s friendly and,,,primary,4,4A,U5,wordlist,37,high
pri-4A-U5-0037,she speaks English,,,primary,4,4A,U5,wordlist,37,high
pri-4A-U5-0038,well,,,primary,4,4A,U5,wordlist,37,high
pri-4A-U5-0039,No She s tall,,,primary,4,4A,U5,wordlist,37,high
pri-4A-U5-0040,She has short hair,,,primary,4,4A,U5,wordlist,37,high
pri-4A-U5-0041,and big eyes,,,primary,4,4A,U5,wordlist,37,high
pri-4A-U5-0042,Who s,,,primary,4,4A,U5,wordlist,37,high
pri-4A-U5-0043,your friend,,,primary,4,4A,U5,wordlist,37,high
pri-4A-U5-0044,Can you act it out,,,primary,4,4A,U5,wordlist,37,high
pri-4A-U5-0045,Recycle,,,primary,4,4A,U5,wordlist,37,high
pri-4A-U5-0046,Read aloud,,,primary,4,4A,U5,wordlist,37,high
pri-4A-U5-0047,Kate,,,primary,4,4A,U5,wordlist,38,high
pri-4A-U5-0048,note,,,primary,4,4A,U5,wordlist,38,high
pri-4A-U5-0049,milk,,,primary,4,4A,U5,wordlist,38,high
pri-4A-U5-0050,big,,,primary,4,4A,U5,wordlist,38,high
pri-4A-U5-0051,side,,,primary,4,4A,U5,wordlist,38,high
pri-4A-U5-0052,Mike,,,primary,4,4A,U5,wordlist,38,high
pri-4A-U5-0053,Kate likes to make rice,,,primary,4,4A,U5,wordlist,38,high
pri-4A-U5-0054,Rose,,,primary,4,4A,U5,wordlist,38,high
pri-4A-U5-0055,Tim,,,primary,4,4A,U5,wordlist,38,high
pri-4A-U5-0056,Bob,,,primary,4,4A,U5,wordlist,38,high
pri-4A-U5-0057,name,,,primary,4,4A,U5,wordlist,38,high
pri-4A-U5-0058,Jones,,,primary,4,4A,U5,wordlist,38,high
pri-4A-U5-0059,time,,,primary,4,4A,U5,wordlist,38,high
pri-4A-U5-0060,hope,,,primary,4,4A,U5,wordlist,38,high
pri-4A-U5-0061,win,,,primary,4,4A,U5,wordlist,38,high
pri-4A-U5-0062,nine,,,primary,4,4A,U5,wordlist,38,high
pri-4A-U5-0063,dog,,,primary,4,4A,U5,wordlist,38,high
pri-4A-U5-0064,fine,,,primary,4,4A,U5,wordlist,38,high
pri-4A-U5-0065,Tom,,,primary,4,4A,U5,wordlist,38,high
pri-4A-U5-0066,race,,,primary,4,4A,U5,wordlist,38,high
pri-4A-U5-0067,Coke,,,primary,4,4A,U5,wordlist,38,high
pri-4A-U5-0068,hot,,,primary,4,4A,U5,wordlist,38,high
pri-4A-U5-0069,lake,,,primary,4,4A,U5,wordlist,38,high
pri-4A-U5-0070,fit,,,primary,4,4A,U5,wordlist,38,high
pri-4A-U5-0071,game,,,primary,4,4A,U5,wordlist,38,high
pri-4A-U5-0072,doll,,,primary,4,4A,U5,wordlist,38,high
pri-4A-U5-0073,Five mice ride a nice,,,primary,4,4A,U5,wordlist,38,high
pri-4A-U5-0074,Mr Jones phones me at,,,primary,4,4A,U5,wordlist,38,high
pri-4A-U5-0075,Connect and say,,,primary,4,4A,U5,wordlist,38,high
pri-4A-U5-0076,Look listen and write,,,primary,4,4A,U5,wordlist,38,high
pri-4A-U5-0077,I have a good friend He s quiet,,,primary,4,4A,U5,wordlist,39,high
pri-4A-U5-0078,He s tall He has glasses Who is he,,,primary,4,4A,U5,wordlist,39,high
pri-4A-U5-0079,Um,,,primary,4,4A,U5,wordlist,39,high
pri-4A-U5-0080,My Friend,,,primary,4,4A,U5,wordlist,39,high
pri-4A-U5-0081,Mike John let s clean the classroom now,,,primary,4,4A,U5,wordlist,39,high
pri-4A-U5-0082,John OK Let me clean the board,,,primary,4,4A,U5,wordlist,39,high
pri-4A-U5-0083,Mike Let me clean the desks and chairs,,,primary,4,4A,U5,wordlist,39,high
pri-4A-U5-0084,John Mike who s he He s very tall and,,,primary,4,4A,U5,wordlist,39,high
pri-4A-U5-0085,he has brown hair,,,primary,4,4A,U5,wordlist,39,high
pri-4A-U5-0086,Mike He s my friend He s a new student,,,primary,4,4A,U5,wordlist,39,high
pri-4A-U5-0087,John What s his name,,,primary,4,4A,U5,wordlist,39,high
pri-4A-U5-0088,Mike His name is Ted,,,primary,4,4A,U5,wordlist,39,high
pri-4A-U5-0089,quiet,,,primary,4,4A,U5,wordlist,39,high
pri-4A-U5-0090,friendly,,,primary,4,4A,U5,wordlist,39,high
pri-4A-U5-0091,tall,,,primary,4,4A,U5,wordlist,39,high
pri-4A-U5-0092,Fred,,,primary,4,4A,U5,wordlist,39,high
pri-4A-U5-0093,Ben,,,primary,4,4A,U5,wordlist,39,high
pri-4A-U5-0094,Ann,,,primary,4,4A,U5,wordlist,39,high
pri-4A-U5-0095,glasses,,,primary,4,4A,U5,wordlist,39,high
pri-4A-U5-0096,thin,,,primary,4,4A,U5,wordlist,39,high
pri-4A-U5-0097,brown shoes,,,primary,4,4A,U5,wordlist,39,high
pri-4A-U5-0098,a blue bag,,,primary,4,4A,U5,wordlist,39,high
pri-4A-U5-0099,small,,,primary,4,4A,U5,wordlist,39,high
pri-4A-U5-0100,long hair,,,primary,4,4A,U5,wordlist,39,high
pri-4A-U5-0101,Look at the pictures and,,,primary,4,4A,U5,wordlist,39,high
pri-4A-U5-0102,Look and,,,primary,4,4A,U5,wordlist,39,high
pri-4A-U5-0103,Read aloud and match the pictures,,,primary,4,4A,U5,wordlist,39,high
pri-4A-U5-0104,What s in your,,,primary,4,4A,U5,wordlist,40,high
pri-4A-U5-0105,classroom,,,primary,4,4A,U5,wordlist,40,high
pri-4A-U5-0106,Who s your,,,primary,4,4A,U5,wordlist,40,high
pri-4A-U5-0107,maths teacher,,,primary,4,4A,U5,wordlist,40,high
pri-4A-U5-0108,How many,,,primary,4,4A,U5,wordlist,40,high
pri-4A-U5-0109,storybooks do,,,primary,4,4A,U5,wordlist,40,high
pri-4A-U5-0110,you have,,,primary,4,4A,U5,wordlist,40,high
pri-4A-U5-0111,pencil box,,,primary,4,4A,U5,wordlist,40,high
pri-4A-U5-0112,schoolbag,,,primary,4,4A,U5,wordlist,40,high
pri-4A-U5-0113,best friend,,,primary,4,4A,U5,wordlist,40,high
pri-4A-U5-0114,What colour,,,primary,4,4A,U5,wordlist,40,high
pri-4A-U5-0115,is your English,,,primary,4,4A,U5,wordlist,40,high
pri-4A-U5-0116,book,,,primary,4,4A,U5,wordlist,40,high
pri-4A-U5-0117,Do you,,,primary,4,4A,U5,wordlist,40,high
pri-4A-U5-0118,like maths,,,primary,4,4A,U5,wordlist,40,high
pri-4A-U5-0119,What colour is,,,primary,4,4A,U5,wordlist,40,high
pri-4A-U5-0120,your schoolbag,,,primary,4,4A,U5,wordlist,40,high
pri-4A-U5-0121,Play a game,,,primary,4,4A,U5,wordlist,40,high
pri-4A-U5-0122,Who's the winner,,,primary,4,4A,U5,wordlist,40,high
pri-4A-U5-0123,Mum where are my crayons,,,primary,4,4A,U5,wordlist,41,high
pri-4A-U5-0124,Where s the cat Dad,,,primary,4,4A,U5,wordlist,41,high
pri-4A-U5-0125,Are they in the study,,,primary,4,4A,U5,wordlist,41,high
pri-4A-U5-0126,Is she in the kitchen,,,primary,4,4A,U5,wordlist,41,high
pri-4A-U5-0127,Unit Four,,,primary,4,4A,U5,wordlist,41,high
pri-4A-U5-0128,Zip your living,,,primary,4,4A,U5,wordlist,42,high
pri-4A-U5-0129,room is nice,,,primary,4,4A,U5,wordlist,42,high
pri-4A-U5-0130,Oh no,,,primary,4,4A,U5,wordlist,42,high
pri-4A-U5-0131,Zip is in the bathroom,,,primary,4,4A,U5,wordlist,42,high
pri-4A-U5-0132,I m her sister,,,primary,4,4A,U5,wordlist,42,high
pri-4A-U5-0133,My home,,,primary,4,4A,U5,wordlist,42,high
pri-4A-U5-0134,A,,,primary,4,4A,U5,wordlist,43,high
pri-4A-U5-0135,Mmm Is she in,,,primary,4,4A,U5,wordlist,43,high
pri-4A-U5-0136,the living room,,,primary,4,4A,U5,wordlist,43,high
pri-4A-U5-0137,Look She s in,,,primary,4,4A,U5,wordlist,43,high
pri-4A-U5-0138,the kitchen,,,primary,4,4A,U5,wordlist,43,high
pri-4A-U5-0139,I have a cat She s cute,,,primary,4,4A,U5,wordlist,43,high
pri-4A-U5-0140,Is she in the study,,,primary,4,4A,U5,wordlist,43,high
pri-4A-U5-0141,Where is she,,,primary,4,4A,U5,wordlist,43,high
pri-4A-U5-0142,No she isn t,,,primary,4,4A,U5,wordlist,43,high
pri-4A-U5-0143,Where s my pen,,,primary,4,4A,U5,wordlist,43,high
pri-4A-U5-0144,Is it in your desk,,,primary,4,4A,U5,wordlist,43,high
pri-4A-U5-0145,Is it in your hand,,,primary,4,4A,U5,wordlist,43,high
pri-4A-U5-0146,Yes it is,,,primary,4,4A,U5,wordlist,43,high
pri-4A-U5-0147,No it isn t,,,primary,4,4A,U5,wordlist,43,high
pri-4A-U5-0148,Let s talk,,,primary,4,4A,U5,wordlist,43,high
pri-4A-U5-0149,Let s play,,,primary,4,4A,U5,wordlist,43,high
pri-4A-U5-0150,Go to the living room,,,primary,4,4A,U5,wordlist,44,high
pri-4A-U5-0151,Watch TV,,,primary,4,4A,U5,wordlist,44,high
pri-4A-U5-0152,bedroom,,,primary,4,4A,U5,wordlist,44,high
pri-4A-U5-0153,bathroom,,,primary,4,4A,U5,wordlist,44,high
pri-4A-U5-0154,study,,,primary,4,4A,U5,wordlist,44,high
pri-4A-U5-0155,kitchen,,,primary,4,4A,U5,wordlist,44,high
pri-4A-U5-0156,living room,,,primary,4,4A,U5,wordlist,44,high
pri-4A-U5-0157,Go to the study,,,primary,4,4A,U5,wordlist,44,high
pri-4A-U5-0158,Read a book,,,primary,4,4A,U5,wordlist,44,high
pri-4A-U5-0159,Go to the kitchen,,,primary,4,4A,U5,wordlist,44,high
pri-4A-U5-0160,Have a snack,,,primary,4,4A,U5,wordlist,44,high
pri-4A-U5-0161,Go to the bedroom,,,primary,4,4A,U5,wordlist,44,high
pri-4A-U5-0162,Have a nap,,,primary,4,4A,U5,wordlist,44,high
pri-4A-U5-0163,Go to the bathroom,,,primary,4,4A,U5,wordlist,44,high
pri-4A-U5-0164,Take a shower,,,primary,4,4A,U5,wordlist,44,high
pri-4A-U5-0165,Yes she is,,,primary,4,4A,U5,wordlist,44,high
pri-4A-U5-0166,Where s Amy,,,primary,4,4A,U5,wordlist,44,high
pri-4A-U5-0167,Let s learn,,,primary,4,4A,U5,wordlist,44,high
pri-4A-U5-0168,Let s do,,,primary,4,4A,U5,wordlist,44,high
pri-4A-U5-0169,Words,,,primary,4,4A,U5,wordlist,44,high
pri-4A-U5-0170,u u-e,,,primary,4,4A,U5,wordlist,45,high
pri-4A-U5-0171,use,,,primary,4,4A,U5,wordlist,45,high
pri-4A-U5-0172,cute,,,primary,4,4A,U5,wordlist,45,high
pri-4A-U5-0173,excuse,,,primary,4,4A,U5,wordlist,45,high
pri-4A-U5-0174,Let s spell,,,primary,4,4A,U5,wordlist,45,high
pri-4A-U5-0175,Read listen and chant,,,primary,4,4A,U5,wordlist,45,high
pri-4A-U5-0176,Listen circle and say,,,primary,4,4A,U5,wordlist,45,high
pri-4A-U5-0177,Listen circle and write,,,primary,4,4A,U5,wordlist,45,high
pri-4A-U6-0006,B,,,primary,4,4A,U6,wordlist,46,high
pri-4A-U6-0007,Where are the pens,,,primary,4,4A,U6,wordlist,46,high
pri-4A-U6-0008,No they aren t,,,primary,4,4A,U6,wordlist,46,high
pri-4A-U6-0009,Yes they are,,,primary,4,4A,U6,wordlist,46,high
pri-4A-U6-0010,OK,,,primary,4,4A,U6,wordlist,46,high
pri-4A-U6-0011,Where are the keys,,,primary,4,4A,U6,wordlist,46,high
pri-4A-U6-0012,Are they,,,primary,4,4A,U6,wordlist,46,high
pri-4A-U6-0013,on the table,,,primary,4,4A,U6,wordlist,46,high
pri-4A-U6-0014,under the desk,,,primary,4,4A,U6,wordlist,46,high
pri-4A-U6-0015,on the desk,,,primary,4,4A,U6,wordlist,46,high
pri-4A-U6-0016,Open the,,,primary,4,4A,U6,wordlist,46,high
pri-4A-U6-0017,door please,,,primary,4,4A,U6,wordlist,46,high
pri-4A-U6-0018,Look They re,,,primary,4,4A,U6,wordlist,46,high
pri-4A-U6-0019,in the door,,,primary,4,4A,U6,wordlist,46,high
pri-4A-U6-0020,near the phone,,,primary,4,4A,U6,wordlist,46,high
pri-4A-U6-0021,Let s talk,,,primary,4,4A,U6,wordlist,46,high
pri-4A-U6-0022,Ask answer and write,,,primary,4,4A,U6,wordlist,46,high
pri-4A-U6-0023,phone,,,primary,4,4A,U6,wordlist,47,high
pri-4A-U6-0024,fridge,,,primary,4,4A,U6,wordlist,47,high
pri-4A-U6-0025,sofa,,,primary,4,4A,U6,wordlist,47,high
pri-4A-U6-0026,bed,,,primary,4,4A,U6,wordlist,47,high
pri-4A-U6-0027,table,,,primary,4,4A,U6,wordlist,47,high
pri-4A-U6-0028,They re on,,,primary,4,4A,U6,wordlist,47,high
pri-4A-U6-0029,the fridge,,,primary,4,4A,U6,wordlist,47,high
pri-4A-U6-0030,Where are,,,primary,4,4A,U6,wordlist,47,high
pri-4A-U6-0031,the keys,,,primary,4,4A,U6,wordlist,47,high
pri-4A-U6-0032,Look at that room,,,primary,4,4A,U6,wordlist,47,high
pri-4A-U6-0033,It has a blue bed,,,primary,4,4A,U6,wordlist,47,high
pri-4A-U6-0034,The bed is near,,,primary,4,4A,U6,wordlist,47,high
pri-4A-U6-0035,the window,,,primary,4,4A,U6,wordlist,47,high
pri-4A-U6-0036,Let s learn,,,primary,4,4A,U6,wordlist,47,high
pri-4A-U6-0037,Words,,,primary,4,4A,U6,wordlist,47,high
pri-4A-U6-0038,Let s play,,,primary,4,4A,U6,wordlist,47,high
pri-4A-U6-0039,This is my living room My books,,,primary,4,4A,U6,wordlist,48,high
pri-4A-U6-0040,are on the sofa and my pens,,,primary,4,4A,U6,wordlist,48,high
pri-4A-U6-0041,are on the fridge My bag is,,,primary,4,4A,U6,wordlist,48,high
pri-4A-U6-0042,under the table and my glasses,,,primary,4,4A,U6,wordlist,48,high
pri-4A-U6-0043,are near the phone Where are,,,primary,4,4A,U6,wordlist,48,high
pri-4A-U6-0044,my keys Can you find them,,,primary,4,4A,U6,wordlist,48,high
pri-4A-U6-0045,living room,,,primary,4,4A,U6,wordlist,48,high
pri-4A-U6-0046,bedroom,,,primary,4,4A,U6,wordlist,48,high
pri-4A-U6-0047,kitchen,,,primary,4,4A,U6,wordlist,48,high
pri-4A-U6-0048,bathroom,,,primary,4,4A,U6,wordlist,48,high
pri-4A-U6-0049,study,,,primary,4,4A,U6,wordlist,48,high
pri-4A-U6-0050,Now write about your room,,,primary,4,4A,U6,wordlist,48,high
pri-4A-U6-0051,chairs,,,primary,4,4A,U6,wordlist,48,high
pri-4A-U6-0052,Look choose and write,,,primary,4,4A,U6,wordlist,48,high
pri-4A-U6-0053,Read and match,,,primary,4,4A,U6,wordlist,48,high
pri-4A-U6-0054,Read and write,,,primary,4,4A,U6,wordlist,48,high
pri-4A-U6-0055,Where oh where has the TV gone,,,primary,4,4A,U6,wordlist,49,high
pri-4A-U6-0056,Where oh where can it be,,,primary,4,4A,U6,wordlist,49,high
pri-4A-U6-0057,It s in the bedroom with me,,,primary,4,4A,U6,wordlist,49,high
pri-4A-U6-0058,FOR RENT,,,primary,4,4A,U6,wordlist,49,high
pri-4A-U6-0059,bedrooms beds,,,primary,4,4A,U6,wordlist,49,high
pri-4A-U6-0060,living room sofa,,,primary,4,4A,U6,wordlist,49,high
pri-4A-U6-0061,table and TV,,,primary,4,4A,U6,wordlist,49,high
pri-4A-U6-0062,kitchen fridge,,,primary,4,4A,U6,wordlist,49,high
pri-4A-U6-0063,bathrooms,,,primary,4,4A,U6,wordlist,49,high
pri-4A-U6-0064,bedroom bed,,,primary,4,4A,U6,wordlist,49,high
pri-4A-U6-0065,sofa and TV,,,primary,4,4A,U6,wordlist,49,high
pri-4A-U6-0066,Look and tick,,,primary,4,4A,U6,wordlist,49,high
pri-4A-U6-0067,My home,,,primary,4,4A,U6,wordlist,49,high
pri-4A-U6-0068,Let s check,,,primary,4,4A,U6,wordlist,49,high
pri-4A-U6-0069,Listen and tick or cross,,,primary,4,4A,U6,wordlist,49,high
pri-4A-U6-0070,Let s sing,,,primary,4,4A,U6,wordlist,49,high
pri-4A-U6-0071,C,,,primary,4,4A,U6,wordlist,50,high
pri-4A-U6-0072,Look Your glasses,,,primary,4,4A,U6,wordlist,50,high
pri-4A-U6-0073,are on the bed,,,primary,4,4A,U6,wordlist,50,high
pri-4A-U6-0074,Me too,,,primary,4,4A,U6,wordlist,50,high
pri-4A-U6-0075,No Are they,,,primary,4,4A,U6,wordlist,50,high
pri-4A-U6-0076,on the fridge,,,primary,4,4A,U6,wordlist,50,high
pri-4A-U6-0077,I can,,,primary,4,4A,U6,wordlist,50,high
pri-4A-U6-0078,see now,,,primary,4,4A,U6,wordlist,50,high
pri-4A-U6-0079,Oh my,,,primary,4,4A,U6,wordlist,50,high
pri-4A-U6-0080,Look My,,,primary,4,4A,U6,wordlist,50,high
pri-4A-U6-0081,glasses are,,,primary,4,4A,U6,wordlist,50,high
pri-4A-U6-0082,Let s change,,,primary,4,4A,U6,wordlist,50,high
pri-4A-U6-0083,our glasses,,,primary,4,4A,U6,wordlist,50,high
pri-4A-U6-0084,Thank you,,,primary,4,4A,U6,wordlist,50,high
pri-4A-U6-0085,Do you see,,,primary,4,4A,U6,wordlist,50,high
pri-4A-U6-0086,my glasses,,,primary,4,4A,U6,wordlist,50,high
pri-4A-U6-0087,But where are,,,primary,4,4A,U6,wordlist,50,high
pri-4A-U6-0088,Those are not,,,primary,4,4A,U6,wordlist,50,high
pri-4A-U6-0089,Story time,,,primary,4,4A,U6,wordlist,50,high
pri-4A-U6-0090,I d like some beef,,,primary,4,4A,U6,wordlist,51,high
pri-4A-U6-0091,I d like some vegetables,,,primary,4,4A,U6,wordlist,51,high
pri-4A-U6-0092,What would you like,,,primary,4,4A,U6,wordlist,51,high
pri-4A-U6-0093,Unit Five,,,primary,4,4A,U6,wordlist,51,high
pri-4A-U6-0094,Would you like,,,primary,4,4A,U6,wordlist,52,high
pri-4A-U6-0095,a knife and fork,,,primary,4,4A,U6,wordlist,52,high
pri-4A-U6-0096,No thanks I can,,,primary,4,4A,U6,wordlist,52,high
pri-4A-U6-0097,use chopsticks,,,primary,4,4A,U6,wordlist,52,high
pri-4A-U6-0098,Five yuan please,,,primary,4,4A,U6,wordlist,52,high
pri-4A-U6-0099,Help yourself,,,primary,4,4A,U6,wordlist,52,high
pri-4A-U6-0100,Cheers,,,primary,4,4A,U6,wordlist,52,high
pri-4A-U6-0101,Dinner s ready,,,primary,4,4A,U6,wordlist,52,high
pri-4A-U6-0102,A,,,primary,4,4A,U6,wordlist,53,high
pri-4A-U6-0103,Mum I m hungry,,,primary,4,4A,U6,wordlist,53,high
pri-4A-U6-0104,What s for dinner,,,primary,4,4A,U6,wordlist,53,high
pri-4A-U6-0105,What would you,,,primary,4,4A,U6,wordlist,53,high
pri-4A-U6-0106,like for dinner,,,primary,4,4A,U6,wordlist,53,high
pri-4A-U6-0107,I d like some,,,primary,4,4A,U6,wordlist,53,high
pri-4A-U6-0108,soup and bread,,,primary,4,4A,U6,wordlist,53,high
pri-4A-U6-0109,please,,,primary,4,4A,U6,wordlist,53,high
pri-4A-U6-0110,Thanks,,,primary,4,4A,U6,wordlist,53,high
pri-4A-U6-0111,Some fish and,,,primary,4,4A,U6,wordlist,53,high
pri-4A-U6-0112,vegetables please,,,primary,4,4A,U6,wordlist,53,high
pri-4A-U6-0113,I d like some rice,,,primary,4,4A,U6,wordlist,53,high
pri-4A-U6-0114,and vegetables,,,primary,4,4A,U6,wordlist,53,high
pri-4A-U6-0115,Mike,,,primary,4,4A,U6,wordlist,53,high
pri-4A-U6-0116,name fish,,,primary,4,4A,U6,wordlist,53,high
pri-4A-U6-0117,vegetables rice,,,primary,4,4A,U6,wordlist,53,high
pri-4A-U6-0118,bread juice soup,,,primary,4,4A,U6,wordlist,53,high
pri-4A-U6-0119,others,,,primary,4,4A,U6,wordlist,53,high
pri-4A-U6-0120,Let s survey,,,primary,4,4A,U6,wordlist,53,high
pri-4A-U6-0121,OK Five yuan,,,primary,4,4A,U6,wordlist,54,high
pri-4A-U6-0122,beef,,,primary,4,4A,U6,wordlist,54,high
pri-4A-U6-0123,rice,,,primary,4,4A,U6,wordlist,54,high
pri-4A-U6-0124,noodles,,,primary,4,4A,U6,wordlist,54,high
pri-4A-U6-0125,juice,,,primary,4,4A,U6,wordlist,54,high
pri-4A-U6-0126,soup,,,primary,4,4A,U6,wordlist,54,high
pri-4A-U6-0127,milk,,,primary,4,4A,U6,wordlist,54,high
pri-4A-U6-0128,chicken,,,primary,4,4A,U6,wordlist,54,high
pri-4A-U6-0129,fish,,,primary,4,4A,U6,wordlist,54,high
pri-4A-U6-0130,vegetables,,,primary,4,4A,U6,wordlist,54,high
pri-4A-U6-0131,bread,,,primary,4,4A,U6,wordlist,54,high
pri-4A-U6-0132,OK Here you are,,,primary,4,4A,U6,wordlist,54,high
pri-4A-U6-0133,bed be,,,primary,4,4A,U6,wordlist,55,high
pri-4A-U6-0134,red we,,,primary,4,4A,U6,wordlist,55,high
pri-4A-U6-0135,pencil me,,,primary,4,4A,U6,wordlist,55,high
pri-4A-U6-0136,he let,,,primary,4,4A,U6,wordlist,55,high
pri-4A-U6-0137,get she,,,primary,4,4A,U6,wordlist,55,high
pri-4A-U6-0138,e i-e,,,primary,4,4A,U6,text_only,55,high
pri-4A-U6-0139,e u-e,,,primary,4,4A,U6,text_only,55,high
pri-4A-U6-0140,e o-e,,,primary,4,4A,U6,text_only,55,high
pri-4A-U6-0141,me,,,primary,4,4A,U6,wordlist,55,high
pri-4A-U6-0142,he,,,primary,4,4A,U6,wordlist,55,high
pri-4A-U6-0143,she,,,primary,4,4A,U6,wordlist,55,high
pri-4A-U6-0144,we,,,primary,4,4A,U6,wordlist,55,high
pri-4A-U6-0145,Let s spell,,,primary,4,4A,U6,wordlist,55,high
pri-4A-U6-0146,Read listen and chant,,,primary,4,4A,U6,wordlist,55,high
pri-4A-U6-0147,Read listen and tick,,,primary,4,4A,U6,wordlist,55,high
pri-4A-U6-0148,Listen circle and write,,,primary,4,4A,U6,wordlist,55,high
pri-4A-U6-0149,Yes please,,,primary,4,4A,U6,wordlist,56,high
pri-4A-U6-0150,Here are today s specials,,,primary,4,4A,U6,wordlist,56,high
pri-4A-U6-0151,Would you like some beef,,,primary,4,4A,U6,wordlist,56,high
pri-4A-U6-0152,Would you like a,,,primary,4,4A,U6,wordlist,56,high
pri-4A-U6-0153,knife and fork,,,primary,4,4A,U6,wordlist,56,high
pri-4A-U6-0154,some soup,,,primary,4,4A,U6,wordlist,56,high
pri-4A-U6-0155,Pass me the bowl,,,primary,4,4A,U6,wordlist,57,high
pri-4A-U6-0156,fork,,,primary,4,4A,U6,wordlist,57,high
pri-4A-U6-0157,knife,,,primary,4,4A,U6,wordlist,57,high
pri-4A-U6-0158,spoon,,,primary,4,4A,U6,wordlist,57,high
pri-4A-U6-0159,bowl,,,primary,4,4A,U6,wordlist,57,high
pri-4A-U6-0160,chopsticks,,,primary,4,4A,U6,wordlist,57,high
pri-4A-U6-0161,Pass me the knife,,,primary,4,4A,U6,wordlist,57,high
pri-4A-U6-0162,Cut the vegetables,,,primary,4,4A,U6,wordlist,57,high
pri-4A-U6-0163,Use the spoon,,,primary,4,4A,U6,wordlist,57,high
pri-4A-U6-0164,Use the fork,,,primary,4,4A,U6,wordlist,57,high
pri-4A-U6-0165,Now let s try it,,,primary,4,4A,U6,wordlist,57,high
pri-4A-U6-0166,John would you,,,primary,4,4A,U6,wordlist,57,high
pri-4A-U6-0167,like some beef,,,primary,4,4A,U6,wordlist,57,high
pri-4A-U6-0168,Yes please and pass me,,,primary,4,4A,U6,wordlist,57,high
pri-4A-U6-0169,the knife and fork please,,,primary,4,4A,U6,wordlist,57,high
pri-4A-U6-0170,Let s do,,,primary,4,4A,U6,wordlist,57,high
pri-4A-U6-0171,Yes John but,,,primary,4,4A,U6,wordlist,58,high
pri-4A-U6-0172,try chopsticks,,,primary,4,4A,U6,wordlist,58,high
pri-4A-U6-0173,for noodles,,,primary,4,4A,U6,wordlist,58,high
pri-4A-U6-0174,In my soup,,,primary,4,4A,U6,wordlist,58,high
pri-4A-U6-0175,rice vegetables fish beef noodles juice,,,primary,4,4A,U6,wordlist,58,high
pri-4A-U6-0176,What would you like for dinner,,,primary,4,4A,U6,wordlist,58,high
pri-4A-U6-0177,for dinner John,,,primary,4,4A,U6,wordlist,58,high
pri-4A-U6-0178,beef please,,,primary,4,4A,U6,wordlist,58,high
pri-4A-U6-0179,some noodles too,,,primary,4,4A,U6,wordlist,58,high
pri-4A-U6-0180,Yes thank you,,,primary,4,4A,U6,wordlist,58,high
pri-4A-U6-0181,Can I have a knife,,,primary,4,4A,U6,wordlist,58,high
pri-4A-U6-0182,and fork please,,,primary,4,4A,U6,wordlist,58,high
pri-4A-U6-0183,Read and tick,,,primary,4,4A,U6,wordlist,58,high
pri-4A-U6-0184,Tick the pictures you read about in the talk,,,primary,4,4A,U6,wordlist,58,high
pri-4A-U6-0185,a bowl,,,primary,4,4A,U6,wordlist,59,high
pri-4A-U6-0186,a knife,,,primary,4,4A,U6,wordlist,59,high
pri-4A-U6-0187,a fork,,,primary,4,4A,U6,wordlist,59,high
pri-4A-U6-0188,a spoon,,,primary,4,4A,U6,wordlist,59,high
pri-4A-U6-0189,What would you like What would you like,,,primary,4,4A,U6,wordlist,59,high
pri-4A-U6-0190,I d like some fish I d like some fish,,,primary,4,4A,U6,wordlist,59,high
pri-4A-U6-0191,I d like some beef I d like some beef,,,primary,4,4A,U6,wordlist,59,high
pri-4A-U6-0192,Put it on my dish Put it on my dish,,,primary,4,4A,U6,wordlist,59,high
pri-4A-U6-0193,Look and match,,,primary,4,4A,U6,wordlist,59,high
pri-4A-U6-0194,Listen and tick,,,primary,4,4A,U6,wordlist,59,high
pri-4A-U6-0195,rice and fish,,,primary,4,4A,U6,wordlist,60,high
pri-4A-U6-0196,Your noodles,,,primary,4,4A,U6,wordlist,60,high
pri-4A-U6-0197,and beef,,,primary,4,4A,U6,wordlist,60,high
pri-4A-U6-0198,Your soup,,,primary,4,4A,U6,wordlist,60,high
pri-4A-U6-0199,Here s your bill,,,primary,4,4A,U6,wordlist,60,high
pri-4A-U6-0200,You,,,primary,4,4A,U6,wordlist,60,high
pri-4A-U6-0201,Hello What,,,primary,4,4A,U6,wordlist,60,high
pri-4A-U6-0202,Anything else,,,primary,4,4A,U6,wordlist,60,high
pri-4A-U6-0203,Some soup and,,,primary,4,4A,U6,wordlist,60,high
pri-4A-U6-0204,Your rice,,,primary,4,4A,U6,wordlist,60,high
pri-4A-U6-0205,and fish,,,primary,4,4A,U6,wordlist,60,high
pri-4A-U6-0206,Now I d like,,,primary,4,4A,U6,wordlist,60,high
pri-4A-U6-0207,some noodles and,,,primary,4,4A,U6,wordlist,60,high
pri-4A-U6-0208,Is that your uncle,,,primary,4,4A,U6,wordlist,61,high
pri-4A-U6-0209,Nine,,,primary,4,4A,U6,wordlist,61,high
pri-4A-U6-0210,Yes it is He s a,,,primary,4,4A,U6,wordlist,61,high
pri-4A-U6-0211,football player,,,primary,4,4A,U6,wordlist,61,high
pri-4A-U6-0212,How many people are,,,primary,4,4A,U6,wordlist,61,high
pri-4A-U6-0213,there in your family,,,primary,4,4A,U6,wordlist,61,high
pri-4A-U6-0214,What s your,,,primary,4,4A,U6,wordlist,61,high
pri-4A-U6-0215,aunt s job,,,primary,4,4A,U6,wordlist,61,high
pri-4A-U6-0216,She s a nurse,,,primary,4,4A,U6,wordlist,61,high
pri-4A-U6-0217,Wow,,,primary,4,4A,U6,wordlist,61,high
pri-4A-U6-0218,Unit Six,,,primary,4,4A,U6,wordlist,61,high
pri-4A-U6-0219,That s Sarah s father,,,primary,4,4A,U6,wordlist,62,high
pri-4A-U6-0220,He s a doctor,,,primary,4,4A,U6,wordlist,62,high
pri-4A-U6-0221,Meet my family,,,primary,4,4A,U6,wordlist,62,high
pri-4A-U6-0222,How many people,,,primary,4,4A,U6,wordlist,63,high
pri-4A-U6-0223,are there in your,,,primary,4,4A,U6,wordlist,63,high
pri-4A-U6-0224,family Chen Jie,,,primary,4,4A,U6,wordlist,63,high
pri-4A-U6-0225,Three,,,primary,4,4A,U6,wordlist,63,high
pri-4A-U6-0226,My parents,,,primary,4,4A,U6,wordlist,63,high
pri-4A-U6-0227,and me,,,primary,4,4A,U6,wordlist,63,high
pri-4A-U6-0228,Yes My dad my mum,,,primary,4,4A,U6,wordlist,63,high
pri-4A-U6-0229,my sister my baby,,,primary,4,4A,U6,wordlist,63,high
pri-4A-U6-0230,brother and me,,,primary,4,4A,U6,wordlist,63,high
pri-4A-U6-0231,My family,,,primary,4,4A,U6,wordlist,63,high
pri-4A-U6-0232,has six people,,,primary,4,4A,U6,wordlist,63,high
pri-4A-U6-0233,But that s,,,primary,4,4A,U6,wordlist,63,high
pri-4A-U6-0234,only five,,,primary,4,4A,U6,wordlist,63,high
pri-4A-U6-0235,And my little puppy,,,primary,4,4A,U6,wordlist,63,high
pri-4A-U6-0236,Six,,,primary,4,4A,U6,wordlist,63,high
pri-4A-U6-0237,How many apples are,,,primary,4,4A,U6,wordlist,63,high
pri-4A-U6-0238,there on the tree,,,primary,4,4A,U6,wordlist,63,high
pri-4A-U6-0239,Let s count,,,primary,4,4A,U6,wordlist,63,high
pri-4A-U6-0240,parents,,,primary,4,4A,U6,wordlist,64,high
pri-4A-U6-0241,uncle,,,primary,4,4A,U6,wordlist,64,high
pri-4A-U6-0242,cousin aunt,,,primary,4,4A,U6,wordlist,64,high
pri-4A-U6-0243,baby brother,,,primary,4,4A,U6,wordlist,64,high
pri-4A-U6-0244,Hi Meet my family,,,primary,4,4A,U6,wordlist,64,high
pri-4A-U6-0245,This is my uncle,,,primary,4,4A,U6,wordlist,64,high
pri-4A-U6-0246,He s tall and strong,,,primary,4,4A,U6,wordlist,64,high
pri-4A-U6-0247,We like the cat It s cute It s cute,,,primary,4,4A,U6,wordlist,65,high
pri-4A-U6-0248,He s got a cake and a cup of milk,,,primary,4,4A,U6,wordlist,65,high
pri-4A-U6-0249,A rose on the cake It s red It s red,,,primary,4,4A,U6,wordlist,65,high
pri-4A-U6-0250,Cut the cake Give me the cake,,,primary,4,4A,U6,wordlist,65,high
pri-4A-U6-0251,He likes cake We like it too,,,primary,4,4A,U6,wordlist,65,high
pri-4A-U6-0252,face,,,primary,4,4A,U6,wordlist,65,high
pri-4A-U6-0253,rice nose use me,,,primary,4,4A,U6,wordlist,65,high
pri-4A-U6-0254,bag mum,,,primary,4,4A,U6,wordlist,65,high
pri-4A-U6-0255,six leg dog,,,primary,4,4A,U6,wordlist,65,high
pri-4A-U6-0256,me he,,,primary,4,4A,U6,wordlist,65,high
pri-4A-U6-0257,men fan,,,primary,4,4A,U6,wordlist,65,high
pri-4A-U6-0258,rice face,,,primary,4,4A,U6,wordlist,65,high
pri-4A-U6-0259,had hid,,,primary,4,4A,U6,wordlist,65,high
pri-4A-U6-0260,make Mike,,,primary,4,4A,U6,wordlist,65,high
pri-4A-U6-0261,hot nose,,,primary,4,4A,U6,wordlist,65,high
pri-4A-U6-0262,use us,,,primary,4,4A,U6,wordlist,65,high
pri-4A-U6-0263,case cat,,,primary,4,4A,U6,wordlist,65,high
pri-4A-U6-0264,man mum,,,primary,4,4A,U6,wordlist,65,high
pri-4A-U6-0265,Read listen and circle,,,primary,4,4A,U6,wordlist,65,high
pri-4A-U6-0266,Listen and chant,,,primary,4,4A,U6,wordlist,65,high
pri-4A-U6-0267,Chant again Group and write,,,primary,4,4A,U6,wordlist,65,high
pri-4A-U6-0268,Is this your mother,,,primary,4,4A,U6,wordlist,66,high
pri-4A-U6-0269,What s her job,,,primary,4,4A,U6,wordlist,66,high
pri-4A-U6-0270,Yes it is,,,primary,4,4A,U6,wordlist,66,high
pri-4A-U6-0271,No it s me,,,primary,4,4A,U6,wordlist,66,high
pri-4A-U6-0272,Is this your,,,primary,4,4A,U6,wordlist,66,high
pri-4A-U6-0273,uncle Sarah,,,primary,4,4A,U6,wordlist,66,high
pri-4A-U6-0274,Draw and say,,,primary,4,4A,U6,wordlist,66,high
pri-4A-U6-0275,doctor,,,primary,4,4A,U6,wordlist,67,high
pri-4A-U6-0276,farmer,,,primary,4,4A,U6,wordlist,67,high
pri-4A-U6-0277,nurse,,,primary,4,4A,U6,wordlist,67,high
pri-4A-U6-0278,cook,,,primary,4,4A,U6,wordlist,67,high
pri-4A-U6-0279,driver,,,primary,4,4A,U6,wordlist,67,high
pri-4A-U6-0280,father s job,,,primary,4,4A,U6,wordlist,67,high
pri-4A-U6-0281,My father,,,primary,4,4A,U6,wordlist,67,high
pri-4A-U6-0282,is a doctor,,,primary,4,4A,U6,wordlist,67,high
pri-4A-U6-0283,What s his job,,,primary,4,4A,U6,wordlist,67,high
pri-4A-U6-0284,He s a driver,,,primary,4,4A,U6,wordlist,67,high
pri-4A-U6-0285,This is my family My mother is a,,,primary,4,4A,U6,wordlist,68,high
pri-4A-U6-0286,teacher She is very friendly My,,,primary,4,4A,U6,wordlist,68,high
pri-4A-U6-0287,father is a basketball player He is,,,primary,4,4A,U6,wordlist,68,high
pri-4A-U6-0288,tall and strong My uncle is a cook,,,primary,4,4A,U6,wordlist,68,high
pri-4A-U6-0289,My aunt is a nurse I am a student,,,primary,4,4A,U6,wordlist,68,high
pri-4A-U6-0290,I have no job,,,primary,4,4A,U6,wordlist,68,high
pri-4A-U6-0291,Is this John s mother,,,primary,4,4A,U6,wordlist,68,high
pri-4A-U6-0292,Is this his father,,,primary,4,4A,U6,wordlist,68,high
pri-4A-U6-0293,Is this John s aunt,,,primary,4,4A,U6,wordlist,68,high
pri-4A-U6-0294,Is this his uncle,,,primary,4,4A,U6,wordlist,68,high
pri-4A-U6-0295,What is his her job,,,primary,4,4A,U6,wordlist,68,high
pri-4A-U6-0296,Now write about,,,primary,4,4A,U6,wordlist,68,high
pri-4A-U6-0297,your family,,,primary,4,4A,U6,wordlist,68,high
pri-4A-U6-0298,He is a driver,,,primary,4,4A,U6,wordlist,68,high
pri-4A-U6-0299,She is a nurse,,,primary,4,4A,U6,wordlist,68,high
pri-4A-U6-0300,Look and write,,,primary,4,4A,U6,wordlist,68,high
pri-4A-U6-0301,Read and tick or cross,,,primary,4,4A,U6,wordlist,68,high
pri-4A-U6-0302,What s his job He s a driver,,,primary,4,4A,U6,wordlist,69,high
pri-4A-U6-0303,He is not a cook,,,primary,4,4A,U6,wordlist,69,high
pri-4A-U6-0304,In my family there are six people,,,primary,4,4A,U6,wordlist,69,high
pri-4A-U6-0305,My mother is a nurse,,,primary,4,4A,U6,wordlist,69,high
pri-4A-U6-0306,My father is a driver,,,primary,4,4A,U6,wordlist,69,high
pri-4A-U6-0307,My uncle is a doctor,,,primary,4,4A,U6,wordlist,69,high
pri-4A-U6-0308,My aunt is a cook,,,primary,4,4A,U6,wordlist,69,high
pri-4A-U6-0309,My cousin is a student,,,primary,4,4A,U6,wordlist,69,high
pri-4A-U6-0310,I am a student too,,,primary,4,4A,U6,wordlist,69,high
pri-4A-U6-0311,This is my,,,primary,4,4A,U6,wordlist,70,high
pri-4A-U6-0312,uncle He s a,,,primary,4,4A,U6,wordlist,70,high
pri-4A-U6-0313,taxi driver,,,primary,4,4A,U6,wordlist,70,high
pri-4A-U6-0314,He s strong,,,primary,4,4A,U6,wordlist,70,high
pri-4A-U6-0315,Yes,,,primary,4,4A,U6,wordlist,70,high
pri-4A-U6-0316,Look at,,,primary,4,4A,U6,wordlist,70,high
pri-4A-U6-0317,these photos,,,primary,4,4A,U6,wordlist,70,high
pri-4A-U6-0318,Who s,,,primary,4,4A,U6,wordlist,70,high
pri-4A-U6-0319,that,,,primary,4,4A,U6,wordlist,70,high
pri-4A-U6-0320,Look,,,primary,4,4A,U6,wordlist,70,high
pri-4A-U6-0321,A baseball,,,primary,4,4A,U6,wordlist,70,high
pri-4A-U6-0322,player,,,primary,4,4A,U6,wordlist,70,high
pri-4A-U6-0323,Haha,,,primary,4,4A,U6,wordlist,70,high
pri-4A-U6-0324,It s me,,,primary,4,4A,U6,wordlist,70,high
pri-4A-U6-0325,grandpa,,,primary,4,4A,U6,wordlist,70,high
pri-4A-U6-0326,Is he a,,,primary,4,4A,U6,wordlist,70,high
pri-4A-U6-0327,teacher,,,primary,4,4A,U6,wordlist,70,high
pri-4A-U6-0328,Hi Welcome,,,primary,4,4A,U6,wordlist,70,high
pri-4A-U6-0329,to my home,,,primary,4,4A,U6,wordlist,70,high
pri-4A-U6-0330,He s a cook,,,primary,4,4A,U6,wordlist,70,high
pri-4A-U6-0331,Great,,,primary,4,4A,U6,wordlist,70,high
pri-4A-U6-0332,These are photos,,,primary,4,4A,U6,wordlist,70,high
pri-4A-U6-0333,of my family,,,primary,4,4A,U6,wordlist,70,high
pri-4A-U6-0334,This is our,,,primary,4,4A,U6,wordlist,71,high
pri-4A-U6-0335,Wow It s,,,primary,4,4A,U6,wordlist,71,high
pri-4A-U6-0336,beautiful,,,primary,4,4A,U6,wordlist,71,high
pri-4A-U6-0337,Welcome,,,primary,4,4A,U6,wordlist,71,high
pri-4A-U6-0338,Come and meet,,,primary,4,4A,U6,wordlist,71,high
pri-4A-U6-0339,my family They re,,,primary,4,4A,U6,wordlist,71,high
pri-4A-U6-0340,in the kitchen,,,primary,4,4A,U6,wordlist,71,high
pri-4A-U6-0341,Merry,,,primary,4,4A,U6,wordlist,71,high
pri-4A-U6-0342,Christmas,,,primary,4,4A,U6,wordlist,71,high
pri-4A-U6-0343,This is my mother,,,primary,4,4A,U6,wordlist,71,high
pri-4A-U6-0344,Help,,,primary,4,4A,U6,wordlist,71,high
pri-4A-U6-0345,yourself,,,primary,4,4A,U6,wordlist,71,high
pri-4A-U6-0346,Merry Christmas,,,primary,4,4A,U6,wordlist,71,high
pri-4A-U6-0347,Yes He s Father,,,primary,4,4A,U6,wordlist,71,high
pri-4A-U6-0348,Christmas now,,,primary,4,4A,U6,wordlist,71,high
pri-4A-U6-0349,Nice to,,,primary,4,4A,U6,wordlist,71,high
pri-4A-U6-0350,meet you,,,primary,4,4A,U6,wordlist,71,high
pri-4A-U6-0351,Nice to meet,,,primary,4,4A,U6,wordlist,71,high
pri-4A-U6-0352,you too,,,primary,4,4A,U6,wordlist,71,high
pri-4A-U6-0353,What would,,,primary,4,4A,U6,wordlist,71,high
pri-4A-U6-0354,you like,,,primary,4,4A,U6,wordlist,71,high
pri-4A-U6-0355,some juice,,,primary,4,4A,U6,wordlist,71,high
pri-4A-U6-0356,I d like,,,primary,4,4A,U6,wordlist,71,high
pri-4A-U6-0357,some turkey,,,primary,4,4A,U6,wordlist,71,high
pri-4A-U6-0358,Is that,,,primary,4,4A,U6,wordlist,71,high
pri-4A-U6-0359,your father,,,primary,4,4A,U6,wordlist,71,high
pri-4A-U6-0360,Can you act it out,,,primary,4,4A,U6,wordlist,71,high
pri-4A-U6-0361,Read aloud,,,primary,4,4A,U6,wordlist,71,high
pri-4A-U6-0362,Girl Can I,,,primary,4,4A,U6,wordlist,72,high
pri-4A-U6-0363,my,,,primary,4,4A,U6,wordlist,72,high
pri-4A-U6-0364,Santa Yes little girl Give them some cake and they can take you,,,primary,4,4A,U6,wordlist,72,high
pri-4A-U6-0365,Girl Thank you so much What do you want Santa,,,primary,4,4A,U6,wordlist,72,high
pri-4A-U6-0366,Santa Just give,,,primary,4,4A,U6,wordlist,72,high
pri-4A-U6-0367,Listen and number the rooms,,,primary,4,4A,U6,wordlist,72,high
pri-4A-U6-0368,Look listen and write,,,primary,4,4A,U6,wordlist,72,high
pri-4A-U6-0369,We wish you a merry Christmas,,,primary,4,4A,U6,wordlist,73,high
pri-4A-U6-0370,We wish you a merry Christmas and a happy New Year,,,primary,4,4A,U6,wordlist,73,high
pri-4A-U6-0371,Good tidings to you wherever you are,,,primary,4,4A,U6,wordlist,73,high
pri-4A-U6-0372,Use these questions,,,primary,4,4A,U6,wordlist,73,high
pri-4A-U6-0373,How many people are there in the family,,,primary,4,4A,U6,wordlist,73,high
pri-4A-U6-0374,Where s John,,,primary,4,4A,U6,wordlist,73,high
pri-4A-U6-0375,Is this John s,,,primary,4,4A,U6,wordlist,73,high
pri-4A-U6-0376,What s his her job,,,primary,4,4A,U6,wordlist,73,high
pri-4A-U6-0377,dad,,,primary,4,4A,U6,wordlist,73,high
pri-4A-U6-0378,cousin,,,primary,4,4A,U6,wordlist,73,high
pri-4A-U6-0379,mum,,,primary,4,4A,U6,wordlist,73,high
pri-4A-U6-0380,grandma,,,primary,4,4A,U6,wordlist,73,high
pri-4A-U6-0381,aunt,,,primary,4,4A,U6,wordlist,73,high
pri-4A-U6-0382,Look ask and answer,,,primary,4,4A,U6,wordlist,73,high
pri-4A-U6-0383,Let's sing,,,primary,4,4A,U6,wordlist,73,high
pri-4A-U6-0384,What s in,,,primary,4,4A,U6,wordlist,74,high
pri-4A-U6-0385,your bedroom,,,primary,4,4A,U6,wordlist,74,high
pri-4A-U6-0386,you like for,,,primary,4,4A,U6,wordlist,74,high
pri-4A-U6-0387,dinner,,,primary,4,4A,U6,wordlist,74,high
pri-4A-U6-0388,mother's job,,,primary,4,4A,U6,wordlist,74,high
pri-4A-U6-0389,Where s your,,,primary,4,4A,U6,wordlist,74,high
pri-4A-U6-0390,pencil box,,,primary,4,4A,U6,wordlist,74,high
pri-4A-U6-0391,your crayons,,,primary,4,4A,U6,wordlist,74,high
pri-4A-U6-0392,How many,,,primary,4,4A,U6,wordlist,74,high
pri-4A-U6-0393,people are there,,,primary,4,4A,U6,wordlist,74,high
pri-4A-U6-0394,in your family,,,primary,4,4A,U6,wordlist,74,high
pri-4A-U6-0395,some vegetables,,,primary,4,4A,U6,wordlist,74,high
pri-4A-U6-0396,for dinner,,,primary,4,4A,U6,wordlist,74,high
pri-4A-U6-0397,your desk,,,primary,4,4A,U6,wordlist,74,high
pri-4A-U6-0398,Play a game,,,primary,4,4A,U6,wordlist,74,high
pri-4A-U6-0399,Who's the winner,,,primary,4,4A,U6,wordlist,74,high
pri-4A-EXTRA-0001,Appendix,,,primary,4,4A,EXTRA,wordlist,75,high
pri-4A-U1-0072,teacher's desk,,讲台,primary,4,4A,U1,wordlist,75,high
pri-4A-U1-0073,computer,,计算机,primary,4,4A,U1,wordlist,75,high
pri-4A-U1-0074,fan,,风扇,primary,4,4A,U1,wordlist,75,high
pri-4A-U1-0075,wall,,墙壁,primary,4,4A,U1,wordlist,75,high
pri-4A-U1-0076,floor,,地板,primary,4,4A,U1,wordlist,75,high
pri-4A-U1-0077,really,,表示兴趣或惊讶）,primary,4,4A,U1,wordlist,75,high
pri-4A-U1-0078,near,,距离近,primary,4,4A,U1,wordlist,75,high
pri-4A-U1-0079,TV,,电视,primary,4,4A,U1,wordlist,75,high
pri-4A-U1-0080,clean,,打扫,primary,4,4A,U1,wordlist,75,high
pri-4A-U1-0081,help,,帮助,primary,4,4A,U1,wordlist,75,high
pri-4A-U2-0146,candy,,糖果,primary,4,4A,U2,wordlist,75,high
pri-4A-U2-0147,notebook,,笔记本,primary,4,4A,U2,wordlist,75,high
pri-4A-U2-0148,toy,,玩具,primary,4,4A,U2,wordlist,75,high
pri-4A-U2-0149,key,,钥匙,primary,4,4A,U2,wordlist,75,high
pri-4A-U2-0150,wow,,哇；呀,primary,4,4A,U2,wordlist,75,high
pri-4A-U2-0151,lost,,丢失,primary,4,4A,U2,wordlist,75,high
pri-4A-U2-0152,lose,,的过去式形式）,primary,4,4A,U2,wordlist,75,high
pri-4A-U2-0153,so much,,非常地,primary,4,4A,U2,wordlist,75,high
pri-4A-U2-0154,cute,,可爱的,primary,4,4A,U2,wordlist,75,high
pri-4A-U3-0140,strong,,强壮的,primary,4,4A,U3,wordlist,75,high
pri-4A-U3-0141,hair,,头发,primary,4,4A,U3,wordlist,75,high
pri-4A-U3-0142,shoe,,鞋,primary,4,4A,U3,wordlist,75,high
pri-4A-U3-0143,glasses,,眼镜,primary,4,4A,U3,wordlist,75,high
pri-4A-U3-0144,his,,他的,primary,4,4A,U3,wordlist,75,high
pri-4A-U3-0145,or,,或者,primary,4,4A,U3,wordlist,75,high
pri-4A-U3-0146,right,,正确的; 对的,primary,4,4A,U3,wordlist,75,high
pri-4A-U3-0147,hat,,常指带檐的) 帽子,primary,4,4A,U3,wordlist,75,high
pri-4A-U3-0148,her,,她的,primary,4,4A,U3,wordlist,75,high
pri-4A-U4-0074,bedroom,,卧室,primary,4,4A,U4,wordlist,75,high
pri-4A-U4-0075,Appendix,,,primary,4,4A,U4,wordlist,76,high
pri-4A-U4-0076,living room,,客厅；起居室,primary,4,4A,U4,wordlist,76,high
pri-4A-U4-0077,study,,书房,primary,4,4A,U4,wordlist,76,high
pri-4A-U4-0078,kitchen,,厨房,primary,4,4A,U4,wordlist,76,high
pri-4A-U4-0079,bathroom,,浴室；,primary,4,4A,U4,wordlist,76,high
pri-4A-U4-0080,bed,,床,primary,4,4A,U4,wordlist,76,high
pri-4A-U4-0081,phone,,电话,primary,4,4A,U4,wordlist,76,high
pri-4A-U4-0082,table,,桌子,primary,4,4A,U4,wordlist,76,high
pri-4A-U4-0083,sofa,,长沙发,primary,4,4A,U4,wordlist,76,high
pri-4A-U4-0084,fridge,,冰箱,primary,4,4A,U4,wordlist,76,high
pri-4A-U4-0085,find,,找到,primary,4,4A,U4,wordlist,76,high
pri-4A-U4-0086,them,,他（她、它）们,primary,4,4A,U4,wordlist,76,high
pri-4A-U5-0178,beef,,牛肉,primary,4,4A,U5,wordlist,76,high
pri-4A-U5-0179,chicken,,鸡肉,primary,4,4A,U5,wordlist,76,high
pri-4A-U5-0180,noodles,,面条,primary,4,4A,U5,wordlist,76,high
pri-4A-U5-0181,soup,,汤,primary,4,4A,U5,wordlist,76,high
pri-4A-U5-0182,vegetable,,蔬菜,primary,4,4A,U5,wordlist,76,high
pri-4A-U5-0183,chopsticks,,筷子,primary,4,4A,U5,wordlist,76,high
pri-4A-U5-0184,bowl,,碗,primary,4,4A,U5,wordlist,76,high
pri-4A-U5-0185,fork,,餐叉,primary,4,4A,U5,wordlist,76,high
pri-4A-U5-0186,knife,,刀,primary,4,4A,U5,wordlist,76,high
pri-4A-U5-0187,spoon,,勺,primary,4,4A,U5,wordlist,76,high
pri-4A-U5-0188,dinner,,中午或晚上吃的）,primary,4,4A,U5,wordlist,76,high
pri-4A-U5-0189,ready,,准备好,primary,4,4A,U5,wordlist,76,high
pri-4A-U5-0190,help yourself,,,primary,4,4A,U5,wordlist,76,high
pri-4A-U5-0191,pass,,给；递,primary,4,4A,U5,wordlist,76,high
pri-4A-U5-0192,try,,试；尝试,primary,4,4A,U5,wordlist,76,high
pri-4A-U6-0400,people,,人们,primary,4,4A,U6,wordlist,76,high
pri-4A-U6-0401,but,,但是,primary,4,4A,U6,wordlist,76,high
pri-4A-U6-0402,little,,小的,primary,4,4A,U6,wordlist,76,high
pri-4A-U6-0403,puppy,,小狗,primary,4,4A,U6,wordlist,76,high
pri-4A-U6-0404,job,,工作,primary,4,4A,U6,wordlist,76,high
pri-4A-U6-0405,basketball,,篮球,primary,4,4A,U6,wordlist,76,high
pri-4A-EXTRA-0002,A,,,primary,4,4A,EXTRA,wordlist,77,high
pri-4A-EXTRA-0003,aunt,,姑母；姨母,primary,4,4A,EXTRA,wordlist,77,high
pri-4A-EXTRA-0004,B,,,primary,4,4A,EXTRA,wordlist,77,high
pri-4A-EXTRA-0005,baby brother,,婴儿小弟弟,primary,4,4A,EXTRA,wordlist,77,high
pri-4A-EXTRA-0006,basketball,,篮球,primary,4,4A,EXTRA,wordlist,77,high
pri-4A-EXTRA-0007,bathroom,,,primary,4,4A,EXTRA,wordlist,77,high
pri-4A-EXTRA-0008,bed,,床,primary,4,4A,EXTRA,wordlist,77,high
pri-4A-EXTRA-0009,bedroom,,卧室,primary,4,4A,EXTRA,wordlist,77,high
pri-4A-EXTRA-0010,beef,,牛肉,primary,4,4A,EXTRA,wordlist,77,high
pri-4A-EXTRA-0011,blackboard,,黑板,primary,4,4A,EXTRA,wordlist,77,high
pri-4A-EXTRA-0012,bowl,,碗,primary,4,4A,EXTRA,wordlist,77,high
pri-4A-EXTRA-0013,but,,但是,primary,4,4A,EXTRA,wordlist,77,high
pri-4A-EXTRA-0014,C,,,primary,4,4A,EXTRA,wordlist,77,high
pri-4A-EXTRA-0015,candy,,糖果,primary,4,4A,EXTRA,wordlist,77,high
pri-4A-EXTRA-0016,chicken,,鸡肉,primary,4,4A,EXTRA,wordlist,77,high
pri-4A-EXTRA-0017,Chinese book,,语文书,primary,4,4A,EXTRA,wordlist,77,high
pri-4A-EXTRA-0018,chopsticks,,筷子,primary,4,4A,EXTRA,wordlist,77,high
pri-4A-EXTRA-0019,classroom,,教室,primary,4,4A,EXTRA,wordlist,77,high
pri-4A-EXTRA-0020,clean,,打扫,primary,4,4A,EXTRA,wordlist,77,high
pri-4A-EXTRA-0021,computer,,计算机,primary,4,4A,EXTRA,wordlist,77,high
pri-4A-EXTRA-0022,cook,,厨师,primary,4,4A,EXTRA,wordlist,77,high
pri-4A-EXTRA-0023,cousin,,同辈表亲,primary,4,4A,EXTRA,wordlist,77,high
pri-4A-EXTRA-0024,cute,,可爱的,primary,4,4A,EXTRA,wordlist,77,high
pri-4A-EXTRA-0025,D,,,primary,4,4A,EXTRA,wordlist,77,high
pri-4A-EXTRA-0026,dinner,,中午或晚上吃的）,primary,4,4A,EXTRA,wordlist,77,high
pri-4A-EXTRA-0027,doctor,,医生,primary,4,4A,EXTRA,wordlist,77,high
pri-4A-EXTRA-0028,door,,门,primary,4,4A,EXTRA,wordlist,77,high
pri-4A-EXTRA-0029,driver,,司机,primary,4,4A,EXTRA,wordlist,77,high
pri-4A-EXTRA-0030,E,,,primary,4,4A,EXTRA,wordlist,77,high
pri-4A-EXTRA-0031,English book,,英语书,primary,4,4A,EXTRA,wordlist,77,high
pri-4A-EXTRA-0032,F,,,primary,4,4A,EXTRA,wordlist,77,high
pri-4A-EXTRA-0033,fan,,风扇,primary,4,4A,EXTRA,wordlist,77,high
pri-4A-EXTRA-0034,farmer,,农民,primary,4,4A,EXTRA,wordlist,77,high
pri-4A-EXTRA-0035,find,,找到,primary,4,4A,EXTRA,wordlist,77,high
pri-4A-EXTRA-0036,floor,,地板,primary,4,4A,EXTRA,wordlist,77,high
pri-4A-EXTRA-0037,football player,,,primary,4,4A,EXTRA,wordlist,77,high
pri-4A-EXTRA-0038,fork,,餐叉,primary,4,4A,EXTRA,wordlist,77,high
pri-4A-EXTRA-0039,fridge,,冰箱,primary,4,4A,EXTRA,wordlist,77,high
pri-4A-EXTRA-0040,friendly,,友好的,primary,4,4A,EXTRA,wordlist,77,high
pri-4A-EXTRA-0041,G,,,primary,4,4A,EXTRA,wordlist,77,high
pri-4A-EXTRA-0042,glasses,,眼镜,primary,4,4A,EXTRA,wordlist,77,high
pri-4A-EXTRA-0043,H,,,primary,4,4A,EXTRA,wordlist,77,high
pri-4A-EXTRA-0044,hair,,头发,primary,4,4A,EXTRA,wordlist,77,high
pri-4A-EXTRA-0045,hat,,常指带檐的) 帽子,primary,4,4A,EXTRA,wordlist,77,high
pri-4A-EXTRA-0046,help,,帮助,primary,4,4A,EXTRA,wordlist,77,high
pri-4A-EXTRA-0047,help yourself,,,primary,4,4A,EXTRA,wordlist,77,high
pri-4A-EXTRA-0048,her,,她的,primary,4,4A,EXTRA,wordlist,77,high
pri-4A-EXTRA-0049,his,,他的,primary,4,4A,EXTRA,wordlist,77,high
pri-4A-EXTRA-0050,J,,,primary,4,4A,EXTRA,wordlist,77,high
pri-4A-EXTRA-0051,job,,工作,primary,4,4A,EXTRA,wordlist,77,high
pri-4A-EXTRA-0052,K,,,primary,4,4A,EXTRA,wordlist,78,high
pri-4A-EXTRA-0053,key,,钥匙,primary,4,4A,EXTRA,wordlist,78,high
pri-4A-EXTRA-0054,kitchen,,厨房,primary,4,4A,EXTRA,wordlist,78,high
pri-4A-EXTRA-0055,knife,,刀,primary,4,4A,EXTRA,wordlist,78,high
pri-4A-EXTRA-0056,L,,,primary,4,4A,EXTRA,wordlist,78,high
pri-4A-EXTRA-0057,light,,电灯,primary,4,4A,EXTRA,wordlist,78,high
pri-4A-EXTRA-0058,little,,小的,primary,4,4A,EXTRA,wordlist,78,high
pri-4A-EXTRA-0059,living room,,客厅；起居室,primary,4,4A,EXTRA,wordlist,78,high
pri-4A-EXTRA-0060,lost,,丢失,primary,4,4A,EXTRA,wordlist,78,high
pri-4A-EXTRA-0061,lose,,的过去式形式）,primary,4,4A,EXTRA,wordlist,78,high
pri-4A-EXTRA-0062,M,,,primary,4,4A,EXTRA,wordlist,78,high
pri-4A-EXTRA-0063,maths book,,数学书,primary,4,4A,EXTRA,wordlist,78,high
pri-4A-EXTRA-0064,N,,,primary,4,4A,EXTRA,wordlist,78,high
pri-4A-EXTRA-0065,near,,距离近,primary,4,4A,EXTRA,wordlist,78,high
pri-4A-EXTRA-0066,noodles,,面条,primary,4,4A,EXTRA,wordlist,78,high
pri-4A-EXTRA-0067,notebook,,笔记本,primary,4,4A,EXTRA,wordlist,78,high
pri-4A-EXTRA-0068,nurse,,护士,primary,4,4A,EXTRA,wordlist,78,high
pri-4A-EXTRA-0069,O,,,primary,4,4A,EXTRA,wordlist,78,high
pri-4A-EXTRA-0070,or,,或者,primary,4,4A,EXTRA,wordlist,78,high
pri-4A-EXTRA-0071,P,,,primary,4,4A,EXTRA,wordlist,78,high
pri-4A-EXTRA-0072,parents,,父母,primary,4,4A,EXTRA,wordlist,78,high
pri-4A-EXTRA-0073,pass,,给；递,primary,4,4A,EXTRA,wordlist,78,high
pri-4A-EXTRA-0074,people,,人们,primary,4,4A,EXTRA,wordlist,78,high
pri-4A-EXTRA-0075,phone,,电话,primary,4,4A,EXTRA,wordlist,78,high
pri-4A-EXTRA-0076,picture,,图画,primary,4,4A,EXTRA,wordlist,78,high
pri-4A-EXTRA-0077,puppy,,小狗,primary,4,4A,EXTRA,wordlist,78,high
pri-4A-EXTRA-0078,Q,,,primary,4,4A,EXTRA,wordlist,78,high
pri-4A-EXTRA-0079,quiet,,安静的,primary,4,4A,EXTRA,wordlist,78,high
pri-4A-EXTRA-0080,R,,,primary,4,4A,EXTRA,wordlist,78,high
pri-4A-EXTRA-0081,ready,,准备好,primary,4,4A,EXTRA,wordlist,78,high
pri-4A-EXTRA-0082,really,,表示兴趣或惊讶）,primary,4,4A,EXTRA,wordlist,78,high
pri-4A-EXTRA-0083,right,,正确的; 对的,primary,4,4A,EXTRA,wordlist,78,high
pri-4A-EXTRA-0084,S,,,primary,4,4A,EXTRA,wordlist,78,high
pri-4A-EXTRA-0085,schoolbag,,书包,primary,4,4A,EXTRA,wordlist,78,high
pri-4A-EXTRA-0086,shoe,,鞋,primary,4,4A,EXTRA,wordlist,78,high
pri-4A-EXTRA-0087,so much,,非常地,primary,4,4A,EXTRA,wordlist,78,high
pri-4A-EXTRA-0088,sofa,,长沙发,primary,4,4A,EXTRA,wordlist,78,high
pri-4A-EXTRA-0089,soup,,汤,primary,4,4A,EXTRA,wordlist,78,high
pri-4A-EXTRA-0090,spoon,,勺,primary,4,4A,EXTRA,wordlist,78,high
pri-4A-EXTRA-0091,storybook,,故事书,primary,4,4A,EXTRA,wordlist,78,high
pri-4A-EXTRA-0092,strong,,强壮的,primary,4,4A,EXTRA,wordlist,78,high
pri-4A-EXTRA-0093,study,,书房,primary,4,4A,EXTRA,wordlist,78,high
pri-4A-EXTRA-0094,T,,,primary,4,4A,EXTRA,wordlist,78,high
pri-4A-EXTRA-0095,table,,桌子,primary,4,4A,EXTRA,wordlist,78,high
pri-4A-EXTRA-0096,teacher's desk,,讲台,primary,4,4A,EXTRA,wordlist,78,high
pri-4A-EXTRA-0097,them,,他（她、它）们,primary,4,4A,EXTRA,wordlist,78,high
pri-4A-EXTRA-0098,toy,,玩具,primary,4,4A,EXTRA,wordlist,78,high
pri-4A-EXTRA-0099,try,,试；尝试,primary,4,4A,EXTRA,wordlist,78,high
pri-4A-EXTRA-0100,TV,,电视,primary,4,4A,EXTRA,wordlist,78,high
pri-4A-EXTRA-0101,U,,,primary,4,4A,EXTRA,wordlist,78,high
pri-4A-EXTRA-0102,uncle,,,primary,4,4A,EXTRA,wordlist,78,high
pri-4A-EXTRA-0103,V,,,primary,4,4A,EXTRA,wordlist,78,high
pri-4A-EXTRA-0104,vegetable,,蔬菜,primary,4,4A,EXTRA,wordlist,78,high
pri-4A-EXTRA-0105,W,,,primary,4,4A,EXTRA,wordlist,78,high
pri-4A-EXTRA-0106,wall,,墙壁,primary,4,4A,EXTRA,wordlist,78,high
pri-4A-EXTRA-0107,window,,窗户,primary,4,4A,EXTRA,wordlist,78,high
pri-4A-EXTRA-0108,wow,,哇；呀,primary,4,4A,EXTRA,wordlist,78,high
pri-4A-U6-0406,We have a new classroom,,,primary,4,4A,U6,wordlist,79,high
pri-4A-U6-0407,Let s go and see,,,primary,4,4A,U6,wordlist,79,high
pri-4A-U6-0408,Where is it,,,primary,4,4A,U6,wordlist,79,high
pri-4A-U6-0409,It s near the window,,,primary,4,4A,U6,wordlist,79,high
pri-4A-U6-0410,Let s clean the classroom,,,primary,4,4A,U6,wordlist,79,high
pri-4A-U6-0411,Let me clean the windows,,,primary,4,4A,U6,wordlist,79,high
pri-4A-U6-0412,What s in your schoolbag,,,primary,4,4A,U6,wordlist,79,high
pri-4A-U6-0413,An English book a maths book,,,primary,4,4A,U6,wordlist,79,high
pri-4A-U6-0414,three storybooks and,,,primary,4,4A,U6,wordlist,79,high
pri-4A-U6-0415,What colour is it,,,primary,4,4A,U6,wordlist,79,high
pri-4A-U6-0416,It s blue and white,,,primary,4,4A,U6,wordlist,79,high
pri-4A-U6-0417,What s his name,,,primary,4,4A,U6,wordlist,79,high
pri-4A-U6-0418,His name is Zhang Peng,,,primary,4,4A,U6,wordlist,79,high
pri-4A-U6-0419,Who s he,,,primary,4,4A,U6,wordlist,79,high
pri-4A-U6-0420,He has glasses and his shoes,,,primary,4,4A,U6,wordlist,79,high
pri-4A-U6-0421,are blue,,,primary,4,4A,U6,wordlist,79,high
pri-4A-U6-0422,Is she in the living room,,,primary,4,4A,U6,wordlist,79,high
pri-4A-U6-0423,No she isn t,,,primary,4,4A,U6,wordlist,79,high
pri-4A-U6-0424,Are they on the table,,,primary,4,4A,U6,wordlist,79,high
pri-4A-U6-0425,No they aren t They re in,,,primary,4,4A,U6,wordlist,79,high
pri-4A-U6-0426,the door,,,primary,4,4A,U6,wordlist,79,high
pri-4A-U6-0427,Useful expressions,,,primary,4,4A,U6,wordlist,79,high
pri-4A-U5-0193,Appendix,,,primary,4,4A,U5,wordlist,80,high
pri-4A-U5-0194,What s for dinner,,,primary,4,4A,U5,wordlist,80,high
pri-4A-U5-0195,What would you like,,,primary,4,4A,U5,wordlist,80,high
pri-4A-U5-0196,I d like some soup and bread,,,primary,4,4A,U5,wordlist,80,high
pri-4A-U5-0197,please I d like I would like,,,primary,4,4A,U5,wordlist,80,high
pri-4A-U5-0198,Would you like a knife and fork,,,primary,4,4A,U5,wordlist,80,high
pri-4A-U5-0199,No thanks,,,primary,4,4A,U5,wordlist,80,high
pri-4A-U5-0200,I can use chopsticks,,,primary,4,4A,U5,wordlist,80,high
pri-4A-U5-0201,How many people are there in,,,primary,4,4A,U5,wordlist,80,high
pri-4A-U5-0202,your family Chen Jie,,,primary,4,4A,U5,wordlist,80,high
pri-4A-U5-0203,Three,,,primary,4,4A,U5,wordlist,80,high
pri-4A-U5-0204,My family has six people,,,primary,4,4A,U5,wordlist,80,high
pri-4A-U5-0205,Is this your uncle,,,primary,4,4A,U5,wordlist,80,high
pri-4A-U5-0206,Yes it is He s a football player,,,primary,4,4A,U5,wordlist,80,high
pri-4A-U5-0207,What s your aunt s job,,,primary,4,4A,U5,wordlist,80,high
pri-4A-U5-0208,She s a nurse,,,primary,4,4A,U5,wordlist,80,high
pri-4A-U6-0428,Lingo Learning Inc,,,primary,4,4A,U6,text_only,81,high
pri-4A-U6-0429,David Booth Ronald Lynn,,等,primary,4,4A,U6,wordlist,81,high
pri-4A-U6-0430,jcfk,,,primary,4,4A,U6,text_only,81,high
pri-4A-U6-0431,pep,,,primary,4,4A,U6,text_only,81,high
pri-4A-U6-0432,com,,,primary,4,4A,U6,text_only,81,high
pri-4A-U6-0433,cn,,,primary,4,4A,U6,text_only,81,low
pri-4A-U6-0434,YINGYU,,,primary,4,4A,U6,wordlist,82,high
pri-4A-U6-0435,YIWU JIAOYU JIAOKESHU,,,primary,4,4A,U6,wordlist,82,high
pri-4B-U1-0001,PEP,,,primary,4,4B,U1,wordlist,2,high
pri-4B-U1-0002,Larry Swartz Beth Levy,,,primary,4,4B,U1,text_only,3,high
pri-4B-U1-0003,Fraser Bewick Chris Andersen,,,primary,4,4B,U1,text_only,3,high
pri-4B-U1-0004,Copyright by People s Education Press Ltd and Lingo Learning Inc,,,primary,4,4B,U1,wordlist,3,high
pri-4B-U1-0005,No part of this publication may be reproduced or transmitted in any form or by any means,,,primary,4,4B,U1,wordlist,3,high
pri-4B-U1-0006,without permission in writing from the publisher,,,primary,4,4B,U1,wordlist,3,high
pri-4B-U1-0007,http,,,primary,4,4B,U1,text_only,3,high
pri-4B-U1-0008,www,,,primary,4,4B,U1,text_only,3,high
pri-4B-U1-0009,com,,,primary,4,4B,U1,text_only,3,high
pri-4B-U1-0010,cn,,,primary,4,4B,U1,text_only,3,low
pri-4B-U1-0011,ISBN,,,primary,4,4B,U1,text_only,3,high
pri-4B-U1-0012,GS,,,primary,4,4B,U1,text_only,3,low
pri-4B-U1-0013,jcyjfk,,,primary,4,4B,U1,text_only,3,high
pri-4B-U1-0014,Mike,,,primary,4,4B,U1,text_only,4,high
pri-4B-U1-0015,Sarah,,,primary,4,4B,U1,text_only,4,high
pri-4B-U1-0016,CONTENTS,,,primary,4,4B,U1,wordlist,5,high
pri-4B-U1-0017,Recycle,,,primary,4,4B,U1,wordlist,5,high
pri-4B-U1-0018,Appendix Words in each unit,,,primary,4,4B,U1,wordlist,5,high
pri-4B-U1-0019,Appendix Vocabulary,,,primary,4,4B,U1,wordlist,5,high
pri-4B-U1-0020,Appendix Useful expressions,,,primary,4,4B,U1,wordlist,5,high
pri-4B-U1-0021,Where s the library,,,primary,4,4B,U1,wordlist,7,high
pri-4B-U1-0022,Oh no That s,,,primary,4,4B,U1,wordlist,7,high
pri-4B-U1-0023,my library,,,primary,4,4B,U1,wordlist,7,high
pri-4B-U1-0024,Look That s the,,,primary,4,4B,U1,wordlist,7,high
pri-4B-U1-0025,playground,,,primary,4,4B,U1,wordlist,7,high
pri-4B-U1-0026,It s next to,,,primary,4,4B,U1,wordlist,7,high
pri-4B-U1-0027,the art room,,,primary,4,4B,U1,wordlist,7,high
pri-4B-U1-0028,Unit One,,,primary,4,4B,U1,wordlist,7,high
pri-4B-U1-0029,Do you have an art room,,,primary,4,4B,U1,wordlist,8,high
pri-4B-U1-0030,Is this the teachers off,,,primary,4,4B,U1,wordlist,8,high
pri-4B-U1-0031,ice,,,primary,4,4B,U1,wordlist,8,high
pri-4B-U1-0032,Yes It s on the second f,,,primary,4,4B,U1,wordlist,8,high
pri-4B-U1-0033,loor,,,primary,4,4B,U1,wordlist,8,high
pri-4B-U1-0034,No it isn t It s the,,,primary,4,4B,U1,wordlist,8,high
pri-4B-U1-0035,computer room,,,primary,4,4B,U1,wordlist,8,high
pri-4B-U1-0036,My school,,,primary,4,4B,U1,wordlist,8,high
pri-4B-U1-0037,A,,,primary,4,4B,U1,wordlist,9,high
pri-4B-U1-0038,Library,,,primary,4,4B,U1,wordlist,9,high
pri-4B-U1-0039,Classroom,,,primary,4,4B,U1,wordlist,9,high
pri-4B-U1-0040,Teachers' offi ce,,,primary,4,4B,U1,wordlist,9,high
pri-4B-U1-0041,Excuse me Where s,,,primary,4,4B,U1,wordlist,9,high
pri-4B-U1-0042,the teachers off,,,primary,4,4B,U1,wordlist,9,high
pri-4B-U1-0043,Hi Miss White,,,primary,4,4B,U1,wordlist,9,high
pri-4B-U1-0044,Here s my homework,,,primary,4,4B,U1,wordlist,9,high
pri-4B-U1-0045,It s on the,,,primary,4,4B,U1,wordlist,9,high
pri-4B-U1-0046,second f,,,primary,4,4B,U1,wordlist,9,high
pri-4B-U1-0047,Hi Is this the,,,primary,4,4B,U1,wordlist,9,high
pri-4B-U1-0048,teachers off,,,primary,4,4B,U1,wordlist,9,high
pri-4B-U1-0049,OK Thanks,,,primary,4,4B,U1,wordlist,9,high
pri-4B-U1-0050,Bye Miss White,,,primary,4,4B,U1,wordlist,9,high
pri-4B-U1-0051,Yes it is,,,primary,4,4B,U1,wordlist,9,high
pri-4B-U1-0052,Thank you,,,primary,4,4B,U1,wordlist,9,high
pri-4B-U1-0053,Is it next to Classroom,,,primary,4,4B,U1,wordlist,9,high
pri-4B-U1-0054,It s on the second f,,,primary,4,4B,U1,wordlist,9,high
pri-4B-U1-0055,No it isn t The,,,primary,4,4B,U1,wordlist,9,high
pri-4B-U1-0056,ice is,,,primary,4,4B,U1,wordlist,9,high
pri-4B-U1-0057,next to the library,,,primary,4,4B,U1,wordlist,9,high
pri-4B-U1-0058,Let s talk,,,primary,4,4B,U1,wordlist,9,high
pri-4B-U1-0059,Look ask and answer,,,primary,4,4B,U1,wordlist,9,high
pri-4B-U1-0060,first f,,,primary,4,4B,U1,wordlist,10,high
pri-4B-U1-0061,Go to the library,,,primary,4,4B,U1,wordlist,10,high
pri-4B-U1-0062,Read a book,,,primary,4,4B,U1,wordlist,10,high
pri-4B-U1-0063,Go to the playground,,,primary,4,4B,U1,wordlist,10,high
pri-4B-U1-0064,Play football,,,primary,4,4B,U1,wordlist,10,high
pri-4B-U1-0065,Go to the teachers off,,,primary,4,4B,U1,wordlist,10,high
pri-4B-U1-0066,Say hello,,,primary,4,4B,U1,wordlist,10,high
pri-4B-U1-0067,Go to the garden,,,primary,4,4B,U1,wordlist,10,high
pri-4B-U1-0068,Water the f,,,primary,4,4B,U1,wordlist,10,high
pri-4B-U1-0069,lowers,,,primary,4,4B,U1,wordlist,10,high
pri-4B-U1-0070,It s on the f,,,primary,4,4B,U1,wordlist,10,high
pri-4B-U1-0071,irst f,,,primary,4,4B,U1,wordlist,10,high
pri-4B-U1-0072,Let s learn,,,primary,4,4B,U1,wordlist,10,high
pri-4B-U1-0073,Let s do,,,primary,4,4B,U1,wordlist,10,high
pri-4B-U1-0074,Words,,,primary,4,4B,U1,wordlist,10,high
pri-4B-U1-0075,sister ruler under number,,,primary,4,4B,U1,wordlist,11,high
pri-4B-U1-0076,computer eraser dinner winter,,,primary,4,4B,U1,wordlist,11,high
pri-4B-U1-0077,under after water river,,,primary,4,4B,U1,wordlist,11,high
pri-4B-U1-0078,water,,,primary,4,4B,U1,wordlist,11,high
pri-4B-U1-0079,tiger,,,primary,4,4B,U1,wordlist,11,high
pri-4B-U1-0080,sister,,,primary,4,4B,U1,wordlist,11,high
pri-4B-U1-0081,dinner,,,primary,4,4B,U1,wordlist,11,high
pri-4B-U1-0082,computer,,,primary,4,4B,U1,wordlist,11,high
pri-4B-U1-0083,Let s spell,,,primary,4,4B,U1,wordlist,11,high
pri-4B-U1-0084,Read listen and chant,,,primary,4,4B,U1,wordlist,11,high
pri-4B-U1-0085,Read underline and say,,,primary,4,4B,U1,wordlist,11,high
pri-4B-U1-0086,Look listen and write,,,primary,4,4B,U1,wordlist,11,high
pri-4B-U2-0001,B,,,primary,4,4B,U2,wordlist,12,high
pri-4B-U2-0002,library,,,primary,4,4B,U2,wordlist,12,high
pri-4B-U2-0003,teachers,,,primary,4,4B,U2,wordlist,12,high
pri-4B-U2-0004,office,,,primary,4,4B,U2,wordlist,12,high
pri-4B-U2-0005,computer,,,primary,4,4B,U2,wordlist,12,high
pri-4B-U2-0006,room,,,primary,4,4B,U2,wordlist,12,high
pri-4B-U2-0007,classroom,,,primary,4,4B,U2,wordlist,12,high
pri-4B-U2-0008,Yes we do,,,primary,4,4B,U2,wordlist,12,high
pri-4B-U2-0009,Where is it,,,primary,4,4B,U2,wordlist,12,high
pri-4B-U2-0010,Forty-f,,,primary,4,4B,U2,wordlist,12,high
pri-4B-U2-0011,ive students,,,primary,4,4B,U2,wordlist,12,high
pri-4B-U2-0012,Welcome to our school,,,primary,4,4B,U2,wordlist,12,high
pri-4B-U2-0013,This is my classroom,,,primary,4,4B,U2,wordlist,12,high
pri-4B-U2-0014,Do you have,,,primary,4,4B,U2,wordlist,12,high
pri-4B-U2-0015,a library,,,primary,4,4B,U2,wordlist,12,high
pri-4B-U2-0016,It s so big How many students,,,primary,4,4B,U2,wordlist,12,high
pri-4B-U2-0017,are there in your class,,,primary,4,4B,U2,wordlist,12,high
pri-4B-U2-0018,No it isn t It s the,,,primary,4,4B,U2,wordlist,12,high
pri-4B-U2-0019,teachers off,,,primary,4,4B,U2,wordlist,12,high
pri-4B-U2-0020,ice,,,primary,4,4B,U2,wordlist,12,high
pri-4B-U2-0021,Is that the,,,primary,4,4B,U2,wordlist,12,high
pri-4B-U2-0022,computer room,,,primary,4,4B,U2,wordlist,12,high
pri-4B-U2-0023,Yes we do It s,,,primary,4,4B,U2,wordlist,12,high
pri-4B-U2-0024,on the second f,,,primary,4,4B,U2,wordlist,12,high
pri-4B-U2-0025,loor,,,primary,4,4B,U2,wordlist,12,high
pri-4B-U2-0026,This way please,,,primary,4,4B,U2,wordlist,12,high
pri-4B-U2-0027,Do you have a library,,,primary,4,4B,U2,wordlist,12,high
pri-4B-U2-0028,off,,,primary,4,4B,U2,wordlist,12,high
pri-4B-U2-0029,It s on the second f,,,primary,4,4B,U2,wordlist,12,high
pri-4B-U2-0030,s,,,primary,4,4B,U2,wordlist,12,high
pri-4B-U2-0031,students,,,primary,4,4B,U2,wordlist,12,high
pri-4B-U2-0032,class,,,primary,4,4B,U2,wordlist,12,high
pri-4B-U2-0033,Let s talk,,,primary,4,4B,U2,wordlist,12,high
pri-4B-U2-0034,Let s play,,,primary,4,4B,U2,wordlist,12,high
pri-4B-U2-0035,he,,,primary,4,4B,U2,wordlist,12,high
pri-4B-U2-0036,e,,,primary,4,4B,U2,wordlist,12,high
pri-4B-U2-0037,art room,,,primary,4,4B,U2,wordlist,13,high
pri-4B-U2-0038,music room,,,primary,4,4B,U2,wordlist,13,high
pri-4B-U2-0039,playground,,,primary,4,4B,U2,wordlist,13,high
pri-4B-U2-0040,This is my school,,,primary,4,4B,U2,wordlist,13,high
pri-4B-U2-0041,Cool Do you have,,,primary,4,4B,U2,wordlist,13,high
pri-4B-U2-0042,a music room,,,primary,4,4B,U2,wordlist,13,high
pri-4B-U2-0043,Yes we do It s on,,,primary,4,4B,U2,wordlist,13,high
pri-4B-U2-0044,the f,,,primary,4,4B,U2,wordlist,13,high
pri-4B-U2-0045,irst f,,,primary,4,4B,U2,wordlist,13,high
pri-4B-U2-0046,Do you have a,,,primary,4,4B,U2,wordlist,13,high
pri-4B-U2-0047,the first f,,,primary,4,4B,U2,wordlist,13,high
pri-4B-U2-0048,Let s learn,,,primary,4,4B,U2,wordlist,13,high
pri-4B-U2-0049,Words,,,primary,4,4B,U2,wordlist,13,high
pri-4B-U2-0050,Look ask and answer,,,primary,4,4B,U2,wordlist,13,high
pri-4B-U2-0051,Gym,,,primary,4,4B,U2,wordlist,14,high
pri-4B-U2-0052,Yes The library is on the,,,primary,4,4B,U2,wordlist,14,high
pri-4B-U2-0053,second f,,,primary,4,4B,U2,wordlist,14,high
pri-4B-U2-0054,Do you have an art room,,,primary,4,4B,U2,wordlist,14,high
pri-4B-U2-0055,Yes The art room is next to,,,primary,4,4B,U2,wordlist,14,high
pri-4B-U2-0056,the gym,,,primary,4,4B,U2,wordlist,14,high
pri-4B-U2-0057,Where is the teachers off,,,primary,4,4B,U2,wordlist,14,high
pri-4B-U2-0058,The teachers off,,,primary,4,4B,U2,wordlist,14,high
pri-4B-U2-0059,ice is next,,,primary,4,4B,U2,wordlist,14,high
pri-4B-U2-0060,to the library,,,primary,4,4B,U2,wordlist,14,high
pri-4B-U2-0061,Where is Classroom,,,primary,4,4B,U2,wordlist,14,high
pri-4B-U2-0062,Classroom is under the,,,primary,4,4B,U2,wordlist,14,high
pri-4B-U2-0063,Look and write,,,primary,4,4B,U2,wordlist,14,high
pri-4B-U2-0064,Read and fill in the table,,,primary,4,4B,U2,wordlist,14,high
pri-4B-U2-0065,Read and write,,,primary,4,4B,U2,wordlist,14,high
pri-4B-U2-0066,This is the way I go to school go to school go to school,,,primary,4,4B,U2,wordlist,15,high
pri-4B-U2-0067,This is the way I go to school where I like to learn all day,,,primary,4,4B,U2,wordlist,15,high
pri-4B-U2-0068,This is the classroom in my school in my school in my school,,,primary,4,4B,U2,wordlist,15,high
pri-4B-U2-0069,This is the classroom in my school where I like to learn all day,,,primary,4,4B,U2,wordlist,15,high
pri-4B-U2-0070,Look and circle,,,primary,4,4B,U2,wordlist,15,high
pri-4B-U2-0071,Our school,,,primary,4,4B,U2,wordlist,15,high
pri-4B-U2-0072,Let s check,,,primary,4,4B,U2,wordlist,15,high
pri-4B-U2-0073,Listen and number,,,primary,4,4B,U2,wordlist,15,high
pri-4B-U2-0074,Let s sing,,,primary,4,4B,U2,wordlist,15,high
pri-4B-U2-0075,C,,,primary,4,4B,U2,wordlist,16,high
pri-4B-U2-0076,lunch room,,,primary,4,4B,U2,wordlist,16,high
pri-4B-U2-0077,Zoom,,,primary,4,4B,U2,wordlist,16,high
pri-4B-U2-0078,I know,,,primary,4,4B,U2,wordlist,16,high
pri-4B-U2-0079,This is,,,primary,4,4B,U2,wordlist,16,high
pri-4B-U2-0080,How,,,primary,4,4B,U2,wordlist,16,high
pri-4B-U2-0081,beautiful,,,primary,4,4B,U2,wordlist,16,high
pri-4B-U2-0082,Where,,,primary,4,4B,U2,wordlist,16,high
pri-4B-U2-0083,is Zoom,,,primary,4,4B,U2,wordlist,16,high
pri-4B-U2-0084,I m full,,,primary,4,4B,U2,wordlist,16,high
pri-4B-U2-0085,Is this the,,,primary,4,4B,U2,wordlist,16,high
pri-4B-U2-0086,It s time,,,primary,4,4B,U2,wordlist,16,high
pri-4B-U2-0087,for lunch,,,primary,4,4B,U2,wordlist,16,high
pri-4B-U2-0088,Yes,,,primary,4,4B,U2,wordlist,16,high
pri-4B-U2-0089,it is,,,primary,4,4B,U2,wordlist,16,high
pri-4B-U2-0090,the library,,,primary,4,4B,U2,wordlist,16,high
pri-4B-U2-0091,I like,,,primary,4,4B,U2,wordlist,16,high
pri-4B-U2-0092,storybooks,,,primary,4,4B,U2,wordlist,16,high
pri-4B-U2-0093,Oh I m,,,primary,4,4B,U2,wordlist,16,high
pri-4B-U2-0094,hungry,,,primary,4,4B,U2,wordlist,16,high
pri-4B-U2-0095,No it s not,,,primary,4,4B,U2,wordlist,16,high
pri-4B-U2-0096,It s the teachers,,,primary,4,4B,U2,wordlist,16,high
pri-4B-U2-0097,Yes it is,,,primary,4,4B,U2,wordlist,16,high
pri-4B-U2-0098,Story time,,,primary,4,4B,U2,wordlist,16,high
pri-4B-U2-0099,It s time to watch TV,,,primary,4,4B,U2,wordlist,17,high
pri-4B-U2-0100,What time is it,,,primary,4,4B,U2,wordlist,17,high
pri-4B-U2-0101,It s o clock,,,primary,4,4B,U2,wordlist,17,high
pri-4B-U2-0102,Let s play football,,,primary,4,4B,U2,wordlist,17,high
pri-4B-U2-0103,London noon,,,primary,4,4B,U2,wordlist,17,high
pri-4B-U2-0104,Cairo p m,,,primary,4,4B,U2,wordlist,17,high
pri-4B-U2-0105,Beijing p m,,,primary,4,4B,U2,wordlist,17,high
pri-4B-U2-0106,It s o clock It s,,,primary,4,4B,U2,wordlist,17,high
pri-4B-U2-0107,time for lunch,,,primary,4,4B,U2,wordlist,17,high
pri-4B-U2-0108,OK,,,primary,4,4B,U2,wordlist,17,high
pri-4B-U2-0109,Unit Two,,,primary,4,4B,U2,wordlist,17,high
pri-4B-U2-0110,time to go to bed,,,primary,4,4B,U2,wordlist,18,high
pri-4B-U2-0111,Hurry up It s,,,primary,4,4B,U2,wordlist,18,high
pri-4B-U2-0112,time for school,,,primary,4,4B,U2,wordlist,18,high
pri-4B-U2-0113,New York a m,,,primary,4,4B,U2,wordlist,18,high
pri-4B-U2-0114,Brasilia a m,,,primary,4,4B,U2,wordlist,18,high
pri-4B-U2-0115,Sydney p m,,,primary,4,4B,U2,wordlist,18,high
pri-4B-U2-0116,It s time to,,,primary,4,4B,U2,wordlist,18,high
pri-4B-U2-0117,get up,,,primary,4,4B,U2,wordlist,18,high
pri-4B-U2-0118,A,,,primary,4,4B,U2,wordlist,19,high
pri-4B-U2-0119,What time,,,primary,4,4B,U2,wordlist,19,high
pri-4B-U2-0120,is it now,,,primary,4,4B,U2,wordlist,19,high
pri-4B-U2-0121,Hi School is over Let s,,,primary,4,4B,U2,wordlist,19,high
pri-4B-U2-0122,go to the playground,,,primary,4,4B,U2,wordlist,19,high
pri-4B-U2-0123,Oh Let s go,,,primary,4,4B,U2,wordlist,19,high
pri-4B-U2-0124,In Beijing it s p m,,,primary,4,4B,U2,wordlist,19,high
pri-4B-U2-0125,What time is it there,,,primary,4,4B,U2,wordlist,19,high
pri-4B-U2-0126,It s a m It s,,,primary,4,4B,U2,wordlist,19,high
pri-4B-U2-0127,time to go to school,,,primary,4,4B,U2,wordlist,19,high
pri-4B-U2-0128,I m in New York,,,primary,4,4B,U2,wordlist,19,high
pri-4B-U2-0129,Where are you,,,primary,4,4B,U2,wordlist,19,high
pri-4B-U2-0130,It s time for,,,primary,4,4B,U2,wordlist,19,high
pri-4B-U2-0131,dinner,,,primary,4,4B,U2,wordlist,19,high
pri-4B-U2-0132,Time to go,,,primary,4,4B,U2,wordlist,19,high
pri-4B-U2-0133,home kids,,,primary,4,4B,U2,wordlist,19,high
pri-4B-U2-0134,Beijing,,,primary,4,4B,U2,wordlist,19,high
pri-4B-U2-0135,p m,,,primary,4,4B,U2,wordlist,19,high
pri-4B-U2-0136,New York,,,primary,4,4B,U2,wordlist,19,high
pri-4B-U2-0137,a m,,,primary,4,4B,U2,wordlist,19,high
pri-4B-U2-0138,London,,,primary,4,4B,U2,wordlist,19,high
pri-4B-U2-0139,Sydney,,,primary,4,4B,U2,wordlist,19,high
pri-4B-U2-0140,lunch,,,primary,4,4B,U2,wordlist,20,high
pri-4B-U2-0141,music class,,,primary,4,4B,U2,wordlist,20,high
pri-4B-U2-0142,English class,,,primary,4,4B,U2,wordlist,20,high
pri-4B-U2-0143,breakfast,,,primary,4,4B,U2,wordlist,20,high
pri-4B-U2-0144,PE class,,,primary,4,4B,U2,wordlist,20,high
pri-4B-U2-0145,It s time for breakfast,,,primary,4,4B,U2,wordlist,20,high
pri-4B-U2-0146,Let s drink some milk,,,primary,4,4B,U2,wordlist,20,high
pri-4B-U2-0147,It s time for dinner,,,primary,4,4B,U2,wordlist,20,high
pri-4B-U2-0148,Let s eat some rice,,,primary,4,4B,U2,wordlist,20,high
pri-4B-U2-0149,It s time for English class,,,primary,4,4B,U2,wordlist,20,high
pri-4B-U2-0150,Let s read and write,,,primary,4,4B,U2,wordlist,20,high
pri-4B-U2-0151,It s time for lunch,,,primary,4,4B,U2,wordlist,20,high
pri-4B-U2-0152,Let s have some chicken,,,primary,4,4B,U2,wordlist,20,high
pri-4B-U2-0153,It s time for PE class,,,primary,4,4B,U2,wordlist,20,high
pri-4B-U2-0154,Let s jump and run,,,primary,4,4B,U2,wordlist,20,high
pri-4B-U2-0155,It s time for music class,,,primary,4,4B,U2,wordlist,20,high
pri-4B-U2-0156,Let s sing and dance,,,primary,4,4B,U2,wordlist,20,high
pri-4B-U2-0157,It s o clock It s time for,,,primary,4,4B,U2,wordlist,20,high
pri-4B-U2-0158,English class Let s go,,,primary,4,4B,U2,wordlist,20,high
pri-4B-U2-0159,Let s do,,,primary,4,4B,U2,wordlist,20,high
pri-4B-U2-0160,bird dirt,,,primary,4,4B,U2,wordlist,21,high
pri-4B-U2-0161,birth nurse,,,primary,4,4B,U2,wordlist,21,high
pri-4B-U2-0162,girl hurt,,,primary,4,4B,U2,wordlist,21,high
pri-4B-U2-0163,hamburger number,,,primary,4,4B,U2,wordlist,21,high
pri-4B-U2-0164,girl,,,primary,4,4B,U2,wordlist,21,high
pri-4B-U2-0165,bird,,,primary,4,4B,U2,wordlist,21,high
pri-4B-U2-0166,nurse,,,primary,4,4B,U2,wordlist,21,high
pri-4B-U2-0167,hamburger,,,primary,4,4B,U2,wordlist,21,high
pri-4B-U2-0168,Let s spell,,,primary,4,4B,U2,wordlist,21,high
pri-4B-U2-0169,Read listen and chant,,,primary,4,4B,U2,wordlist,21,high
pri-4B-U2-0170,Read listen and circle,,,primary,4,4B,U2,wordlist,21,high
pri-4B-U2-0171,Look listen and write,,,primary,4,4B,U2,wordlist,21,high
pri-4B-U3-0001,B,,,primary,4,4B,U3,wordlist,22,high
pri-4B-U3-0002,Oh It s,,,primary,4,4B,U3,wordlist,22,high
pri-4B-U3-0003,It s time to get up,,,primary,4,4B,U3,wordlist,22,high
pri-4B-U3-0004,Hurry up It s time,,,primary,4,4B,U3,wordlist,22,high
pri-4B-U3-0005,to go to school,,,primary,4,4B,U3,wordlist,22,high
pri-4B-U3-0006,Breakfast,,,primary,4,4B,U3,wordlist,22,high
pri-4B-U3-0007,is ready,,,primary,4,4B,U3,wordlist,22,high
pri-4B-U3-0008,It s o clock It s time,,,primary,4,4B,U3,wordlist,22,high
pri-4B-U3-0009,for English class,,,primary,4,4B,U3,wordlist,22,high
pri-4B-U3-0010,for music class,,,primary,4,4B,U3,wordlist,22,high
pri-4B-U3-0011,What time is it,,,primary,4,4B,U3,wordlist,22,high
pri-4B-U3-0012,I m ready,,,primary,4,4B,U3,wordlist,22,high
pri-4B-U3-0013,OK,,,primary,4,4B,U3,wordlist,22,high
pri-4B-U3-0014,It s o clock,,,primary,4,4B,U3,wordlist,22,high
pri-4B-U3-0015,Let s talk,,,primary,4,4B,U3,wordlist,22,high
pri-4B-U3-0016,Let s play,,,primary,4,4B,U3,wordlist,22,high
pri-4B-U3-0017,Monday,,,primary,4,4B,U3,wordlist,23,high
pri-4B-U3-0018,get up,,,primary,4,4B,U3,wordlist,23,high
pri-4B-U3-0019,go to school,,,primary,4,4B,U3,wordlist,23,high
pri-4B-U3-0020,English class,,,primary,4,4B,U3,wordlist,23,high
pri-4B-U3-0021,lunch,,,primary,4,4B,U3,wordlist,23,high
pri-4B-U3-0022,music class,,,primary,4,4B,U3,wordlist,23,high
pri-4B-U3-0023,PE class,,,primary,4,4B,U3,wordlist,23,high
pri-4B-U3-0024,go home,,,primary,4,4B,U3,wordlist,23,high
pri-4B-U3-0025,go to bed,,,primary,4,4B,U3,wordlist,23,high
pri-4B-U3-0026,Yes,,,primary,4,4B,U3,wordlist,23,high
pri-4B-U3-0027,It s It s time,,,primary,4,4B,U3,wordlist,23,high
pri-4B-U3-0028,What time,,,primary,4,4B,U3,wordlist,23,high
pri-4B-U3-0029,is it,,,primary,4,4B,U3,wordlist,23,high
pri-4B-U3-0030,It s,,,primary,4,4B,U3,wordlist,23,high
pri-4B-U3-0031,It s time to,,,primary,4,4B,U3,wordlist,23,high
pri-4B-U3-0032,Let s learn,,,primary,4,4B,U3,wordlist,23,high
pri-4B-U3-0033,Words,,,primary,4,4B,U3,wordlist,23,high
pri-4B-U3-0034,Mum Amy It s time to get up,,,primary,4,4B,U3,wordlist,24,high
pri-4B-U3-0035,Sarah What time is it,,,primary,4,4B,U3,wordlist,24,high
pri-4B-U3-0036,Amy Oh It s o clock Time for music class,,,primary,4,4B,U3,wordlist,24,high
pri-4B-U3-0037,Sarah Hurry Let s go,,,primary,4,4B,U3,wordlist,24,high
pri-4B-U3-0038,Mum It s o clock It s time for dinner,,,primary,4,4B,U3,wordlist,24,high
pri-4B-U3-0039,Dad Where s Amy,,,primary,4,4B,U3,wordlist,24,high
pri-4B-U3-0040,Mum Come on It s o clock,,,primary,4,4B,U3,wordlist,24,high
pri-4B-U3-0041,Dad It s time for bed,,,primary,4,4B,U3,wordlist,24,high
pri-4B-U3-0042,Amy Just a minute,,,primary,4,4B,U3,wordlist,24,high
pri-4B-U3-0043,What time is it now,,,primary,4,4B,U3,wordlist,24,high
pri-4B-U3-0044,Look and write,,,primary,4,4B,U3,wordlist,24,high
pri-4B-U3-0045,Read and number,,,primary,4,4B,U3,wordlist,24,high
pri-4B-U3-0046,Read and write,,,primary,4,4B,U3,wordlist,24,high
pri-4B-U3-0047,Dickety tackety tack I just saw a cat,,,primary,4,4B,U3,wordlist,25,high
pri-4B-U3-0048,Dickety tackety toe It s twelve o clock you know,,,primary,4,4B,U3,wordlist,25,high
pri-4B-U3-0049,Dickety tackety tack I just heard a snap,,,primary,4,4B,U3,wordlist,25,high
pri-4B-U3-0050,Dickety tackety toe He caught a mouse you know,,,primary,4,4B,U3,wordlist,25,high
pri-4B-U3-0051,It s time for breakfast,,,primary,4,4B,U3,wordlist,25,high
pri-4B-U3-0052,It s time for lunch,,,primary,4,4B,U3,wordlist,25,high
pri-4B-U3-0053,It s time to go to school,,,primary,4,4B,U3,wordlist,25,high
pri-4B-U3-0054,It s time to go to bed,,,primary,4,4B,U3,wordlist,25,high
pri-4B-U3-0055,It s time for PE class,,,primary,4,4B,U3,wordlist,25,high
pri-4B-U3-0056,It s time to go home,,,primary,4,4B,U3,wordlist,25,high
pri-4B-U3-0057,Look and match,,,primary,4,4B,U3,wordlist,25,high
pri-4B-U3-0058,It s twelve o clock,,,primary,4,4B,U3,wordlist,25,high
pri-4B-U3-0059,Let s check,,,primary,4,4B,U3,wordlist,25,high
pri-4B-U3-0060,Listen and number,,,primary,4,4B,U3,wordlist,25,high
pri-4B-U3-0061,Let s sing,,,primary,4,4B,U3,wordlist,25,high
pri-4B-U3-0062,C,,,primary,4,4B,U3,wordlist,26,high
pri-4B-U3-0063,Mmm I want,,,primary,4,4B,U3,wordlist,26,high
pri-4B-U3-0064,to sleep,,,primary,4,4B,U3,wordlist,26,high
pri-4B-U3-0065,It s eight o clock,,,primary,4,4B,U3,wordlist,26,high
pri-4B-U3-0066,Oh dear I m late,,,primary,4,4B,U3,wordlist,26,high
pri-4B-U3-0067,for school,,,primary,4,4B,U3,wordlist,26,high
pri-4B-U3-0068,April Fool,,,primary,4,4B,U3,wordlist,26,high
pri-4B-U3-0069,It s seven,,,primary,4,4B,U3,wordlist,26,high
pri-4B-U3-0070,o clock,,,primary,4,4B,U3,wordlist,26,high
pri-4B-U3-0071,Wake up,,,primary,4,4B,U3,wordlist,26,high
pri-4B-U3-0072,Zoom It s time,,,primary,4,4B,U3,wordlist,26,high
pri-4B-U3-0073,to get up,,,primary,4,4B,U3,wordlist,26,high
pri-4B-U3-0074,It s time,,,primary,4,4B,U3,wordlist,26,high
pri-4B-U3-0075,to get up now,,,primary,4,4B,U3,wordlist,26,high
pri-4B-U3-0076,Wait Wait,,,primary,4,4B,U3,wordlist,26,high
pri-4B-U3-0077,Zoom look at,,,primary,4,4B,U3,wordlist,26,high
pri-4B-U3-0078,that clock,,,primary,4,4B,U3,wordlist,26,high
pri-4B-U3-0079,Look What,,,primary,4,4B,U3,wordlist,26,high
pri-4B-U3-0080,time is it,,,primary,4,4B,U3,wordlist,26,high
pri-4B-U3-0081,Story time,,,primary,4,4B,U3,wordlist,26,high
pri-4B-U3-0082,It s rainy,,,primary,4,4B,U3,wordlist,27,high
pri-4B-U3-0083,What s the weather,,,primary,4,4B,U3,wordlist,27,high
pri-4B-U3-0084,like in London,,,primary,4,4B,U3,wordlist,27,high
pri-4B-U3-0085,It s cloudy,,,primary,4,4B,U3,wordlist,27,high
pri-4B-U3-0086,in Singapore,,,primary,4,4B,U3,wordlist,27,high
pri-4B-U3-0087,It s windy now,,,primary,4,4B,U3,wordlist,27,high
pri-4B-U3-0088,Unit Three,,,primary,4,4B,U3,wordlist,27,high
pri-4B-U3-0089,It s hot and,,,primary,4,4B,U3,wordlist,28,high
pri-4B-U3-0090,sunny in Sydney,,,primary,4,4B,U3,wordlist,28,high
pri-4B-U3-0091,Is it snowing,,,primary,4,4B,U3,wordlist,28,high
pri-4B-U3-0092,But it isn t cold,,,primary,4,4B,U3,wordlist,28,high
pri-4B-U3-0093,Can I make a,,,primary,4,4B,U3,wordlist,28,high
pri-4B-U3-0094,snowman,,,primary,4,4B,U3,wordlist,28,high
pri-4B-U3-0095,Yes it is It s,,,primary,4,4B,U3,wordlist,28,high
pri-4B-U3-0096,snowy here,,,primary,4,4B,U3,wordlist,28,high
pri-4B-U3-0097,Is it cold in Moscow,,,primary,4,4B,U3,wordlist,28,high
pri-4B-U3-0098,Weather,,,primary,4,4B,U3,wordlist,28,high
pri-4B-U3-0099,A,,,primary,4,4B,U3,wordlist,29,high
pri-4B-U3-0100,Mum what,,,primary,4,4B,U3,wordlist,29,high
pri-4B-U3-0101,No you can t,,,primary,4,4B,U3,wordlist,29,high
pri-4B-U3-0102,It s cold outside,,,primary,4,4B,U3,wordlist,29,high
pri-4B-U3-0103,Be careful,,,primary,4,4B,U3,wordlist,29,high
pri-4B-U3-0104,It s very hot,,,primary,4,4B,U3,wordlist,29,high
pri-4B-U3-0105,Can I go,,,primary,4,4B,U3,wordlist,29,high
pri-4B-U3-0106,outside now,,,primary,4,4B,U3,wordlist,29,high
pri-4B-U3-0107,Yes you can,,,primary,4,4B,U3,wordlist,29,high
pri-4B-U3-0108,Can I go outside,,,primary,4,4B,U3,wordlist,29,high
pri-4B-U3-0109,Have some lunch Mike,,,primary,4,4B,U3,wordlist,29,high
pri-4B-U3-0110,No you,,,primary,4,4B,U3,wordlist,29,high
pri-4B-U3-0111,can t It s cold,,,primary,4,4B,U3,wordlist,29,high
pri-4B-U3-0112,outside,,,primary,4,4B,U3,wordlist,29,high
pri-4B-U3-0113,OK Can I have,,,primary,4,4B,U3,wordlist,29,high
pri-4B-U3-0114,some soup,,,primary,4,4B,U3,wordlist,29,high
pri-4B-U3-0115,Brrr it s cold,,,primary,4,4B,U3,wordlist,30,high
pri-4B-U3-0116,Put on a hat,,,primary,4,4B,U3,wordlist,30,high
pri-4B-U3-0117,Cold bye-bye,,,primary,4,4B,U3,wordlist,30,high
pri-4B-U3-0118,Mmm It s warm,,,primary,4,4B,U3,wordlist,30,high
pri-4B-U3-0119,It s warm inside,,,primary,4,4B,U3,wordlist,30,high
pri-4B-U3-0120,Take off your shoes,,,primary,4,4B,U3,wordlist,30,high
pri-4B-U3-0121,It feels so nice,,,primary,4,4B,U3,wordlist,30,high
pri-4B-U3-0122,Good morning This is,,,primary,4,4B,U3,wordlist,30,high
pri-4B-U3-0123,the weather report It s,,,primary,4,4B,U3,wordlist,30,high
pri-4B-U3-0124,warm in Beijing today,,,primary,4,4B,U3,wordlist,30,high
pri-4B-U3-0125,Let s chant,,,primary,4,4B,U3,wordlist,30,high
pri-4B-U3-0126,cold,,,primary,4,4B,U3,wordlist,30,high
pri-4B-U3-0127,warm,,,primary,4,4B,U3,wordlist,30,high
pri-4B-U3-0128,hot,,,primary,4,4B,U3,wordlist,30,high
pri-4B-U3-0129,cool,,,primary,4,4B,U3,wordlist,30,high
pri-4B-U3-0130,girl,,,primary,4,4B,U3,wordlist,31,high
pri-4B-U3-0131,farm,,,primary,4,4B,U3,wordlist,31,high
pri-4B-U3-0132,nurse,,,primary,4,4B,U3,wordlist,31,high
pri-4B-U3-0133,wall,,,primary,4,4B,U3,wordlist,31,high
pri-4B-U3-0134,arm,,,primary,4,4B,U3,wordlist,31,high
pri-4B-U3-0135,far,,,primary,4,4B,U3,wordlist,31,high
pri-4B-U3-0136,tall,,,primary,4,4B,U3,wordlist,31,high
pri-4B-U3-0137,bird,,,primary,4,4B,U3,wordlist,31,high
pri-4B-U3-0138,car,,,primary,4,4B,U3,wordlist,31,high
pri-4B-U3-0139,card,,,primary,4,4B,U3,wordlist,31,high
pri-4B-U3-0140,ball,,,primary,4,4B,U3,wordlist,31,high
pri-4B-U3-0141,Let s spell,,,primary,4,4B,U3,wordlist,31,high
pri-4B-U3-0142,Read listen and chant,,,primary,4,4B,U3,wordlist,31,high
pri-4B-U3-0143,Read listen and number,,,primary,4,4B,U3,wordlist,31,high
pri-4B-U3-0144,Look listen and write,,,primary,4,4B,U3,wordlist,31,high
pri-4B-U4-0001,B,,,primary,4,4B,U4,wordlist,32,high
pri-4B-U4-0002,No it isn t,,,primary,4,4B,U4,wordlist,32,high
pri-4B-U4-0003,It s degrees,,,primary,4,4B,U4,wordlist,32,high
pri-4B-U4-0004,degrees That s cold,,,primary,4,4B,U4,wordlist,32,high
pri-4B-U4-0005,Huh No it s not It s warm,,,primary,4,4B,U4,wordlist,32,high
pri-4B-U4-0006,Hi Mark What s the,,,primary,4,4B,U4,wordlist,32,high
pri-4B-U4-0007,weather like in New York,,,primary,4,4B,U4,wordlist,32,high
pri-4B-U4-0008,What s the weather,,,primary,4,4B,U4,wordlist,32,high
pri-4B-U4-0009,like in Beijing,,,primary,4,4B,U4,wordlist,32,high
pri-4B-U4-0010,It s cool,,,primary,4,4B,U4,wordlist,32,high
pri-4B-U4-0011,and rainy,,,primary,4,4B,U4,wordlist,32,high
pri-4B-U4-0012,It s rainy How about,,,primary,4,4B,U4,wordlist,32,high
pri-4B-U4-0013,Beijing Is it cold,,,primary,4,4B,U4,wordlist,32,high
pri-4B-U4-0014,Hi Chen Jie,,,primary,4,4B,U4,wordlist,32,high
pri-4B-U4-0015,This is Mark,,,primary,4,4B,U4,wordlist,32,high
pri-4B-U4-0016,New York,,,primary,4,4B,U4,wordlist,32,high
pri-4B-U4-0017,Sydney,,,primary,4,4B,U4,wordlist,32,high
pri-4B-U4-0018,London,,,primary,4,4B,U4,wordlist,32,high
pri-4B-U4-0019,Toronto,,,primary,4,4B,U4,wordlist,32,high
pri-4B-U4-0020,Beijing,,,primary,4,4B,U4,wordlist,32,high
pri-4B-U4-0021,Let s talk,,,primary,4,4B,U4,wordlist,32,high
pri-4B-U4-0022,Let s play,,,primary,4,4B,U4,wordlist,32,high
pri-4B-U4-0023,like in Sydney,,,primary,4,4B,U4,wordlist,33,high
pri-4B-U4-0024,No it s warm in,,,primary,4,4B,U4,wordlist,33,high
pri-4B-U4-0025,Kunming now,,,primary,4,4B,U4,wordlist,33,high
pri-4B-U4-0026,It s cold and,,,primary,4,4B,U4,wordlist,33,high
pri-4B-U4-0027,snowy in Kunming,,,primary,4,4B,U4,wordlist,33,high
pri-4B-U4-0028,rainy,,,primary,4,4B,U4,wordlist,33,high
pri-4B-U4-0029,cloudy,,,primary,4,4B,U4,wordlist,33,high
pri-4B-U4-0030,sunny,,,primary,4,4B,U4,wordlist,33,high
pri-4B-U4-0031,cold and windy,,,primary,4,4B,U4,wordlist,33,high
pri-4B-U4-0032,hot and sunny,,,primary,4,4B,U4,wordlist,33,high
pri-4B-U4-0033,cold and snowy,,,primary,4,4B,U4,wordlist,33,high
pri-4B-U4-0034,Guiyang,,,primary,4,4B,U4,wordlist,33,high
pri-4B-U4-0035,Qingdao,,,primary,4,4B,U4,wordlist,33,high
pri-4B-U4-0036,Shanghai,,,primary,4,4B,U4,wordlist,33,high
pri-4B-U4-0037,Harbin,,,primary,4,4B,U4,wordlist,33,high
pri-4B-U4-0038,Kunming,,,primary,4,4B,U4,wordlist,33,high
pri-4B-U4-0039,windy,,,primary,4,4B,U4,wordlist,33,high
pri-4B-U4-0040,snowy,,,primary,4,4B,U4,wordlist,33,high
pri-4B-U4-0041,It s hot and sunny,,,primary,4,4B,U4,wordlist,33,high
pri-4B-U4-0042,Here s the world,,,primary,4,4B,U4,wordlist,33,high
pri-4B-U4-0043,weather Today it s hot,,,primary,4,4B,U4,wordlist,33,high
pri-4B-U4-0044,and sunny in Sydney,,,primary,4,4B,U4,wordlist,33,high
pri-4B-U4-0045,Let s learn,,,primary,4,4B,U4,wordlist,33,high
pri-4B-U4-0046,Words,,,primary,4,4B,U4,wordlist,33,high
pri-4B-U4-0047,Hi John,,,primary,4,4B,U4,wordlist,34,high
pri-4B-U4-0048,How are you I m in Sydney,,,primary,4,4B,U4,wordlist,34,high
pri-4B-U4-0049,now It s great It s hot and sunny,,,primary,4,4B,U4,wordlist,34,high
pri-4B-U4-0050,here The water is warm I can,,,primary,4,4B,U4,wordlist,34,high
pri-4B-U4-0051,swim outside Is it cool and windy,,,primary,4,4B,U4,wordlist,34,high
pri-4B-U4-0052,in Beijing Can you f,,,primary,4,4B,U4,wordlist,34,high
pri-4B-U4-0053,ly your kite,,,primary,4,4B,U4,wordlist,34,high
pri-4B-U4-0054,Love,,,primary,4,4B,U4,wordlist,34,high
pri-4B-U4-0055,Dad,,,primary,4,4B,U4,wordlist,34,high
pri-4B-U4-0056,What is the weather like in Sydney,,,primary,4,4B,U4,wordlist,34,high
pri-4B-U4-0057,Is the water cold in Sydney,,,primary,4,4B,U4,wordlist,34,high
pri-4B-U4-0058,Can John s dad swim outside,,,primary,4,4B,U4,wordlist,34,high
pri-4B-U4-0059,Look outside,,,primary,4,4B,U4,wordlist,34,high
pri-4B-U4-0060,Look and write,,,primary,4,4B,U4,wordlist,34,high
pri-4B-U4-0061,Read and answer,,,primary,4,4B,U4,wordlist,34,high
pri-4B-U4-0062,Read and write,,,primary,4,4B,U4,wordlist,34,high
pri-4B-U4-0063,There is thunder There is thunder,,,primary,4,4B,U4,wordlist,35,high
pri-4B-U4-0064,It s roaring It s roaring,,,primary,4,4B,U4,wordlist,35,high
pri-4B-U4-0065,Pitter patter rain drops,,,primary,4,4B,U4,wordlist,35,high
pri-4B-U4-0066,I m all wet I m all wet,,,primary,4,4B,U4,wordlist,35,high
pri-4B-U4-0067,cold,,,primary,4,4B,U4,wordlist,35,high
pri-4B-U4-0068,cool,,,primary,4,4B,U4,wordlist,35,high
pri-4B-U4-0069,hot,,,primary,4,4B,U4,wordlist,35,high
pri-4B-U4-0070,warm,,,primary,4,4B,U4,wordlist,35,high
pri-4B-U4-0071,windy cloudy snowy,,,primary,4,4B,U4,wordlist,35,high
pri-4B-U4-0072,Look and match,,,primary,4,4B,U4,wordlist,35,high
pri-4B-U4-0073,Thunder,,,primary,4,4B,U4,wordlist,35,high
pri-4B-U4-0074,Let s check,,,primary,4,4B,U4,wordlist,35,high
pri-4B-U4-0075,Listen and tick,,,primary,4,4B,U4,wordlist,35,high
pri-4B-U4-0076,Let s sing,,,primary,4,4B,U4,wordlist,35,high
pri-4B-U5-0001,C,,,primary,4,4B,U5,wordlist,36,high
pri-4B-U5-0002,I have,,,primary,4,4B,U5,wordlist,36,high
pri-4B-U5-0003,a cold,,,primary,4,4B,U5,wordlist,36,high
pri-4B-U5-0004,Ah-choo,,,primary,4,4B,U5,wordlist,36,high
pri-4B-U5-0005,Zip are,,,primary,4,4B,U5,wordlist,36,high
pri-4B-U5-0006,you OK,,,primary,4,4B,U5,wordlist,36,high
pri-4B-U5-0007,It s sunny,,,primary,4,4B,U5,wordlist,36,high
pri-4B-U5-0008,and warm I ll,,,primary,4,4B,U5,wordlist,36,high
pri-4B-U5-0009,go to Dalian,,,primary,4,4B,U5,wordlist,36,high
pri-4B-U5-0010,to see you,,,primary,4,4B,U5,wordlist,36,high
pri-4B-U5-0011,Bless you,,,primary,4,4B,U5,wordlist,36,high
pri-4B-U5-0012,Oh it ll be,,,primary,4,4B,U5,wordlist,36,high
pri-4B-U5-0013,warm tomorrow,,,primary,4,4B,U5,wordlist,36,high
pri-4B-U5-0014,in Dalian,,,primary,4,4B,U5,wordlist,36,high
pri-4B-U5-0015,Tomorrow will,,,primary,4,4B,U5,wordlist,36,high
pri-4B-U5-0016,be warm in Dali,,,primary,4,4B,U5,wordlist,36,high
pri-4B-U5-0017,Hi Zoom You look,,,primary,4,4B,U5,wordlist,36,high
pri-4B-U5-0018,terrible Ah-choo,,,primary,4,4B,U5,wordlist,36,high
pri-4B-U5-0019,Hello,,,primary,4,4B,U5,wordlist,36,high
pri-4B-U5-0020,Ah-choo It s,,,primary,4,4B,U5,wordlist,36,high
pri-4B-U5-0021,cold here,,,primary,4,4B,U5,wordlist,36,high
pri-4B-U5-0022,It s cold here,,,primary,4,4B,U5,wordlist,36,high
pri-4B-U5-0023,What s the,,,primary,4,4B,U5,wordlist,36,high
pri-4B-U5-0024,weather like,,,primary,4,4B,U5,wordlist,36,high
pri-4B-U5-0025,in Beijing,,,primary,4,4B,U5,wordlist,36,high
pri-4B-U5-0026,Story time,,,primary,4,4B,U5,wordlist,36,high
pri-4B-U5-0027,We have a show in,,,primary,4,4B,U5,wordlist,37,high
pri-4B-U5-0028,the library today,,,primary,4,4B,U5,wordlist,37,high
pri-4B-U5-0029,What time,,,primary,4,4B,U5,wordlist,37,high
pri-4B-U5-0030,At o clock,,,primary,4,4B,U5,wordlist,37,high
pri-4B-U5-0031,Yes it s windy,,,primary,4,4B,U5,wordlist,37,high
pri-4B-U5-0032,too Do you have,,,primary,4,4B,U5,wordlist,37,high
pri-4B-U5-0033,a jacket,,,primary,4,4B,U5,wordlist,37,high
pri-4B-U5-0034,It s,,,primary,4,4B,U5,wordlist,37,high
pri-4B-U5-0035,Time to go,,,primary,4,4B,U5,wordlist,37,high
pri-4B-U5-0036,Oh no,,,primary,4,4B,U5,wordlist,37,high
pri-4B-U5-0037,is it now,,,primary,4,4B,U5,wordlist,37,high
pri-4B-U5-0038,It s on the,,,primary,4,4B,U5,wordlist,37,high
pri-4B-U5-0039,f,,,primary,4,4B,U5,wordlist,37,high
pri-4B-U5-0040,irst f,,,primary,4,4B,U5,wordlist,37,high
pri-4B-U5-0041,loor,,,primary,4,4B,U5,wordlist,37,high
pri-4B-U5-0042,Yes I do,,,primary,4,4B,U5,wordlist,37,high
pri-4B-U5-0043,OK,,,primary,4,4B,U5,wordlist,37,high
pri-4B-U5-0044,Let s go,,,primary,4,4B,U5,wordlist,37,high
pri-4B-U5-0045,Oh no Rain,,,primary,4,4B,U5,wordlist,37,high
pri-4B-U5-0046,Where s the,,,primary,4,4B,U5,wordlist,37,high
pri-4B-U5-0047,library,,,primary,4,4B,U5,wordlist,37,high
pri-4B-U5-0048,It s cold,,,primary,4,4B,U5,wordlist,37,high
pri-4B-U5-0049,outside,,,primary,4,4B,U5,wordlist,37,high
pri-4B-U5-0050,Can you act it out,,,primary,4,4B,U5,wordlist,37,high
pri-4B-U5-0051,Recycle,,,primary,4,4B,U5,wordlist,37,high
pri-4B-U5-0052,Read aloud,,,primary,4,4B,U5,wordlist,37,high
pri-4B-U5-0053,ar or,,,primary,4,4B,U5,wordlist,38,high
pri-4B-U5-0054,er ir,,,primary,4,4B,U5,wordlist,38,high
pri-4B-U5-0055,al ar,,,primary,4,4B,U5,wordlist,38,high
pri-4B-U5-0056,ur er,,,primary,4,4B,U5,wordlist,38,high
pri-4B-U5-0057,Is this the library,,,primary,4,4B,U5,wordlist,38,high
pri-4B-U5-0058,What s the weather like,,,primary,4,4B,U5,wordlist,38,high
pri-4B-U5-0059,Where is the computer room,,,primary,4,4B,U5,wordlist,38,high
pri-4B-U5-0060,Listen circle and match,,,primary,4,4B,U5,wordlist,38,high
pri-4B-U5-0061,Look ask and answer,,,primary,4,4B,U5,wordlist,38,high
pri-4B-U5-0062,What s the weather,,,primary,4,4B,U5,wordlist,39,high
pri-4B-U5-0063,like in Beijing,,,primary,4,4B,U5,wordlist,39,high
pri-4B-U5-0064,It s time for PE says the,,,primary,4,4B,U5,wordlist,39,high
pri-4B-U5-0065,My mother s a,,,primary,4,4B,U5,wordlist,39,high
pri-4B-U5-0066,Circle the big letters,,,primary,4,4B,U5,wordlist,39,high
pri-4B-U5-0067,Beijing,,,primary,4,4B,U5,wordlist,39,high
pri-4B-U5-0068,Shanghai,,,primary,4,4B,U5,wordlist,39,high
pri-4B-U5-0069,Harbin,,,primary,4,4B,U5,wordlist,39,high
pri-4B-U5-0070,Lhasa,,,primary,4,4B,U5,wordlist,39,high
pri-4B-U5-0071,Sanya,,,primary,4,4B,U5,wordlist,39,high
pri-4B-U5-0072,Hong Kong,,,primary,4,4B,U5,wordlist,39,high
pri-4B-U5-0073,Listen tick and say,,,primary,4,4B,U5,wordlist,39,high
pri-4B-U5-0074,Read and write,,,primary,4,4B,U5,wordlist,39,high
pri-4B-U5-0075,It is o clock It is sunny outside,,,primary,4,4B,U5,wordlist,40,high
pri-4B-U5-0076,I get up and have breakfast,,,primary,4,4B,U5,wordlist,40,high
pri-4B-U5-0077,It is I go to school,,,primary,4,4B,U5,wordlist,40,high
pri-4B-U5-0078,It is cloudy now,,,primary,4,4B,U5,wordlist,40,high
pri-4B-U5-0079,It is o clock I go to Chinese,,,primary,4,4B,U5,wordlist,40,high
pri-4B-U5-0080,class It is cloudy and cold outside,,,primary,4,4B,U5,wordlist,40,high
pri-4B-U5-0081,It is o clock I go to the library It,,,primary,4,4B,U5,wordlist,40,high
pri-4B-U5-0082,is on the second f,,,primary,4,4B,U5,wordlist,40,high
pri-4B-U5-0083,loor It is rainy,,,primary,4,4B,U5,wordlist,40,high
pri-4B-U5-0084,outside I have no umbrella,,,primary,4,4B,U5,wordlist,40,high
pri-4B-U5-0085,It is o clock I have lunch,,,primary,4,4B,U5,wordlist,40,high
pri-4B-U5-0086,It is still raining But it is warm inside,,,primary,4,4B,U5,wordlist,40,high
pri-4B-U5-0087,It is I have PE class It is,,,primary,4,4B,U5,wordlist,40,high
pri-4B-U5-0088,sunny again We can go outside,,,primary,4,4B,U5,wordlist,40,high
pri-4B-U5-0089,y,,,primary,4,4B,U5,wordlist,40,high
pri-4B-U5-0090,sunny,,,primary,4,4B,U5,wordlist,40,high
pri-4B-U5-0091,k,,,primary,4,4B,U5,wordlist,40,high
pri-4B-U5-0092,Read and circle,,,primary,4,4B,U5,wordlist,40,high
pri-4B-U5-0093,How many horses,,,primary,4,4B,U5,wordlist,41,high
pri-4B-U5-0094,do you have,,,primary,4,4B,U5,wordlist,41,high
pri-4B-U5-0095,Seventeen,,,primary,4,4B,U5,wordlist,41,high
pri-4B-U5-0096,What are these,,,primary,4,4B,U5,wordlist,41,high
pri-4B-U5-0097,Are these potatoes,,,primary,4,4B,U5,wordlist,41,high
pri-4B-U5-0098,Let me try one,,,primary,4,4B,U5,wordlist,41,high
pri-4B-U5-0099,They re carrots,,,primary,4,4B,U5,wordlist,41,high
pri-4B-U5-0100,Unit Four,,,primary,4,4B,U5,wordlist,41,high
pri-4B-U5-0101,What are those,,,primary,4,4B,U5,wordlist,42,high
pri-4B-U5-0102,They re sheep,,,primary,4,4B,U5,wordlist,42,high
pri-4B-U5-0103,Let me count,,,primary,4,4B,U5,wordlist,42,high
pri-4B-U5-0104,Oh I feel sleepy,,,primary,4,4B,U5,wordlist,42,high
pri-4B-U5-0105,At the farm,,,primary,4,4B,U5,wordlist,42,high
pri-4B-U5-0106,A,,,primary,4,4B,U5,wordlist,43,high
pri-4B-U5-0107,Wow They re,,,primary,4,4B,U5,wordlist,43,high
pri-4B-U5-0108,so big,,,primary,4,4B,U5,wordlist,43,high
pri-4B-U5-0109,What are,,,primary,4,4B,U5,wordlist,43,high
pri-4B-U5-0110,these,,,primary,4,4B,U5,wordlist,43,high
pri-4B-U5-0111,Are they,,,primary,4,4B,U5,wordlist,43,high
pri-4B-U5-0112,apples,,,primary,4,4B,U5,wordlist,43,high
pri-4B-U5-0113,tomatoes,,,primary,4,4B,U5,wordlist,43,high
pri-4B-U5-0114,Try some,,,primary,4,4B,U5,wordlist,43,high
pri-4B-U5-0115,They re good,,,primary,4,4B,U5,wordlist,43,high
pri-4B-U5-0116,Thanks,,,primary,4,4B,U5,wordlist,43,high
pri-4B-U5-0117,Yum,,,primary,4,4B,U5,wordlist,43,high
pri-4B-U5-0118,Yes,,,primary,4,4B,U5,wordlist,43,high
pri-4B-U5-0119,they are,,,primary,4,4B,U5,wordlist,43,high
pri-4B-U5-0120,Look at these,,,primary,4,4B,U5,wordlist,43,high
pri-4B-U5-0121,Are these carrots,,,primary,4,4B,U5,wordlist,43,high
pri-4B-U5-0122,No,,,primary,4,4B,U5,wordlist,43,high
pri-4B-U5-0123,They re,,,primary,4,4B,U5,wordlist,43,high
pri-4B-U5-0124,But they re,,,primary,4,4B,U5,wordlist,43,high
pri-4B-U5-0125,yellow,,,primary,4,4B,U5,wordlist,43,high
pri-4B-U5-0126,Let s talk,,,primary,4,4B,U5,wordlist,43,high
pri-4B-U5-0127,Let s play,,,primary,4,4B,U5,wordlist,43,high
pri-4B-U5-0128,potatoes,,,primary,4,4B,U5,wordlist,44,high
pri-4B-U5-0129,carrots,,,primary,4,4B,U5,wordlist,44,high
pri-4B-U5-0130,green beans,,,primary,4,4B,U5,wordlist,44,high
pri-4B-U5-0131,I like tomatoes,,,primary,4,4B,U5,wordlist,44,high
pri-4B-U5-0132,I like potatoes,,,primary,4,4B,U5,wordlist,44,high
pri-4B-U5-0133,Carrots I will try,,,primary,4,4B,U5,wordlist,44,high
pri-4B-U5-0134,I love to eat green beans,,,primary,4,4B,U5,wordlist,44,high
pri-4B-U5-0135,But onions make me cry,,,primary,4,4B,U5,wordlist,44,high
pri-4B-U5-0136,Look at the green,,,primary,4,4B,U5,wordlist,44,high
pri-4B-U5-0137,beans They re so long,,,primary,4,4B,U5,wordlist,44,high
pri-4B-U5-0138,Yes and the,,,primary,4,4B,U5,wordlist,44,high
pri-4B-U5-0139,potatoes are big,,,primary,4,4B,U5,wordlist,44,high
pri-4B-U5-0140,Let s learn,,,primary,4,4B,U5,wordlist,44,high
pri-4B-U5-0141,Let s chant,,,primary,4,4B,U5,wordlist,44,high
pri-4B-U5-0142,Words,,,primary,4,4B,U5,wordlist,44,high
pri-4B-U5-0143,fork for born,,,primary,4,4B,U5,wordlist,45,high
pri-4B-U5-0144,world horse work,,,primary,4,4B,U5,wordlist,45,high
pri-4B-U5-0145,horse,,,primary,4,4B,U5,wordlist,45,high
pri-4B-U5-0146,fork,,,primary,4,4B,U5,wordlist,45,high
pri-4B-U5-0147,homework,,,primary,4,4B,U5,wordlist,45,high
pri-4B-U5-0148,world map,,,primary,4,4B,U5,wordlist,45,high
pri-4B-U5-0149,Let s spell,,,primary,4,4B,U5,wordlist,45,high
pri-4B-U5-0150,Read listen and chant,,,primary,4,4B,U5,wordlist,45,high
pri-4B-U5-0151,Read listen and number,,,primary,4,4B,U5,wordlist,45,high
pri-4B-U5-0152,Look listen and write,,,primary,4,4B,U5,wordlist,45,high
pri-4B-U6-0001,B,,,primary,4,4B,U6,wordlist,46,high
pri-4B-U6-0002,Wow You have,,,primary,4,4B,U6,wordlist,46,high
pri-4B-U6-0003,a lot of animals,,,primary,4,4B,U6,wordlist,46,high
pri-4B-U6-0004,What are those,,,primary,4,4B,U6,wordlist,46,high
pri-4B-U6-0005,What about,,,primary,4,4B,U6,wordlist,46,high
pri-4B-U6-0006,those Are,,,primary,4,4B,U6,wordlist,46,high
pri-4B-U6-0007,they hens,,,primary,4,4B,U6,wordlist,46,high
pri-4B-U6-0008,Cool How,,,primary,4,4B,U6,wordlist,46,high
pri-4B-U6-0009,many horses,,,primary,4,4B,U6,wordlist,46,high
pri-4B-U6-0010,do you have,,,primary,4,4B,U6,wordlist,46,high
pri-4B-U6-0011,They re,,,primary,4,4B,U6,wordlist,46,high
pri-4B-U6-0012,horses,,,primary,4,4B,U6,wordlist,46,high
pri-4B-U6-0013,Are they horses,,,primary,4,4B,U6,wordlist,46,high
pri-4B-U6-0014,Yes they are,,,primary,4,4B,U6,wordlist,46,high
pri-4B-U6-0015,Mmm,,,primary,4,4B,U6,wordlist,46,high
pri-4B-U6-0016,Seventeen,,,primary,4,4B,U6,wordlist,46,high
pri-4B-U6-0017,No they aren t,,,primary,4,4B,U6,wordlist,46,high
pri-4B-U6-0018,They re ducks,,,primary,4,4B,U6,wordlist,46,high
pri-4B-U6-0019,cat,,,primary,4,4B,U6,wordlist,46,high
pri-4B-U6-0020,meow,,,primary,4,4B,U6,wordlist,46,high
pri-4B-U6-0021,duck quack,,,primary,4,4B,U6,wordlist,46,high
pri-4B-U6-0022,dog,,,primary,4,4B,U6,wordlist,46,high
pri-4B-U6-0023,woof,,,primary,4,4B,U6,wordlist,46,high
pri-4B-U6-0024,hen,,,primary,4,4B,U6,wordlist,46,high
pri-4B-U6-0025,cluck,,,primary,4,4B,U6,wordlist,46,high
pri-4B-U6-0026,cow,,,primary,4,4B,U6,wordlist,46,high
pri-4B-U6-0027,moo,,,primary,4,4B,U6,wordlist,46,high
pri-4B-U6-0028,horse neigh,,,primary,4,4B,U6,wordlist,46,high
pri-4B-U6-0029,Let s talk,,,primary,4,4B,U6,wordlist,46,high
pri-4B-U6-0030,Let s play,,,primary,4,4B,U6,wordlist,46,high
pri-4B-U6-0031,sheep,,,primary,4,4B,U6,wordlist,47,high
pri-4B-U6-0032,cows,,,primary,4,4B,U6,wordlist,47,high
pri-4B-U6-0033,hens,,,primary,4,4B,U6,wordlist,47,high
pri-4B-U6-0034,These are sheep,,,primary,4,4B,U6,wordlist,47,high
pri-4B-U6-0035,This is my farm,,,primary,4,4B,U6,wordlist,47,high
pri-4B-U6-0036,Wow They re,,,primary,4,4B,U6,wordlist,47,high
pri-4B-U6-0037,so cute,,,primary,4,4B,U6,wordlist,47,high
pri-4B-U6-0038,It s big Are,,,primary,4,4B,U6,wordlist,47,high
pri-4B-U6-0039,these,,,primary,4,4B,U6,wordlist,47,high
pri-4B-U6-0040,Let s learn,,,primary,4,4B,U6,wordlist,47,high
pri-4B-U6-0041,Words,,,primary,4,4B,U6,wordlist,47,high
pri-4B-U6-0042,Draw and say,,,primary,4,4B,U6,wordlist,47,high
pri-4B-U6-0043,This is the vegetable garden,,,primary,4,4B,U6,wordlist,48,high
pri-4B-U6-0044,These are carrots and potatoes,,,primary,4,4B,U6,wordlist,48,high
pri-4B-U6-0045,There are animals too What are,,,primary,4,4B,U6,wordlist,48,high
pri-4B-U6-0046,these They are sheep Mr Mac,,,primary,4,4B,U6,wordlist,48,high
pri-4B-U6-0047,Donald has ten sheep on the farm,,,primary,4,4B,U6,wordlist,48,high
pri-4B-U6-0048,Draw some animals or vegetables here and write a sentence,,,primary,4,4B,U6,wordlist,48,high
pri-4B-U6-0049,Those are tomatoes and green,,,primary,4,4B,U6,wordlist,48,high
pri-4B-U6-0050,beans over there,,,primary,4,4B,U6,wordlist,48,high
pri-4B-U6-0051,Are those sheep No they are,,,primary,4,4B,U6,wordlist,48,high
pri-4B-U6-0052,goats They love to eat carrots,,,primary,4,4B,U6,wordlist,48,high
pri-4B-U6-0053,Vegetables potatoes carrots green beans tomatoes,,,primary,4,4B,U6,wordlist,48,high
pri-4B-U6-0054,Animals cows sheep,,,primary,4,4B,U6,wordlist,48,high
pri-4B-U6-0055,cats,,,primary,4,4B,U6,wordlist,48,high
pri-4B-U6-0056,Hi This is Mr MacDonald s,,,primary,4,4B,U6,wordlist,48,high
pri-4B-U6-0057,farm Let s have a look,,,primary,4,4B,U6,wordlist,48,high
pri-4B-U6-0058,Look and write,,,primary,4,4B,U6,wordlist,48,high
pri-4B-U6-0059,Read and tick,,,primary,4,4B,U6,wordlist,48,high
pri-4B-U6-0060,Read and write,,,primary,4,4B,U6,wordlist,48,high
pri-4B-U6-0061,Can you see these on Mr MacDonald s farm,,,primary,4,4B,U6,wordlist,48,high
pri-4B-U6-0062,Mary has a little lamb little lamb little lamb,,,primary,4,4B,U6,wordlist,49,high
pri-4B-U6-0063,Mary has a little lamb Its f,,,primary,4,4B,U6,wordlist,49,high
pri-4B-U6-0064,leece is white as snow,,,primary,4,4B,U6,wordlist,49,high
pri-4B-U6-0065,Everywhere that Mary goes Mary goes Mary goes,,,primary,4,4B,U6,wordlist,49,high
pri-4B-U6-0066,Everywhere that Mary goes the lamb is sure to go,,,primary,4,4B,U6,wordlist,49,high
pri-4B-U6-0067,Sheep cows and horses,,,primary,4,4B,U6,wordlist,49,high
pri-4B-U6-0068,Tomatoes carrots and green beans,,,primary,4,4B,U6,wordlist,49,high
pri-4B-U6-0069,Cows sheep and hens,,,primary,4,4B,U6,wordlist,49,high
pri-4B-U6-0070,Green beans tomatoes and carrots,,,primary,4,4B,U6,wordlist,49,high
pri-4B-U6-0071,Look and match,,,primary,4,4B,U6,wordlist,49,high
pri-4B-U6-0072,Mary has a little lamb,,,primary,4,4B,U6,wordlist,49,high
pri-4B-U6-0073,Let s check,,,primary,4,4B,U6,wordlist,49,high
pri-4B-U6-0074,Listen and tick,,,primary,4,4B,U6,wordlist,49,high
pri-4B-U6-0075,Let s sing,,,primary,4,4B,U6,wordlist,49,high
pri-4B-U6-0076,C,,,primary,4,4B,U6,wordlist,50,high
pri-4B-U6-0077,I don t like,,,primary,4,4B,U6,wordlist,50,high
pri-4B-U6-0078,vegetables,,,primary,4,4B,U6,wordlist,50,high
pri-4B-U6-0079,They re hens I,,,primary,4,4B,U6,wordlist,50,high
pri-4B-U6-0080,like them,,,primary,4,4B,U6,wordlist,50,high
pri-4B-U6-0081,Good idea,,,primary,4,4B,U6,wordlist,50,high
pri-4B-U6-0082,Me too,,,primary,4,4B,U6,wordlist,50,high
pri-4B-U6-0083,I love grass,,,primary,4,4B,U6,wordlist,50,high
pri-4B-U6-0084,Ah,,,primary,4,4B,U6,wordlist,50,high
pri-4B-U6-0085,Look at the,,,primary,4,4B,U6,wordlist,50,high
pri-4B-U6-0086,vegetables I love,,,primary,4,4B,U6,wordlist,50,high
pri-4B-U6-0087,What are,,,primary,4,4B,U6,wordlist,50,high
pri-4B-U6-0088,those,,,primary,4,4B,U6,wordlist,50,high
pri-4B-U6-0089,They re cows,,,primary,4,4B,U6,wordlist,50,high
pri-4B-U6-0090,I like them,,,primary,4,4B,U6,wordlist,50,high
pri-4B-U6-0091,I like,,,primary,4,4B,U6,wordlist,50,high
pri-4B-U6-0092,milk,,,primary,4,4B,U6,wordlist,50,high
pri-4B-U6-0093,It s hot,,,primary,4,4B,U6,wordlist,50,high
pri-4B-U6-0094,Let s make,,,primary,4,4B,U6,wordlist,50,high
pri-4B-U6-0095,a hat,,,primary,4,4B,U6,wordlist,50,high
pri-4B-U6-0096,I like chicken,,,primary,4,4B,U6,wordlist,50,high
pri-4B-U6-0097,and eggs,,,primary,4,4B,U6,wordlist,50,high
pri-4B-U6-0098,I m,,,primary,4,4B,U6,wordlist,50,high
pri-4B-U6-0099,hungry,,,primary,4,4B,U6,wordlist,50,high
pri-4B-U6-0100,Are those,,,primary,4,4B,U6,wordlist,50,high
pri-4B-U6-0101,turkeys,,,primary,4,4B,U6,wordlist,50,high
pri-4B-U6-0102,mutton,,,primary,4,4B,U6,wordlist,50,high
pri-4B-U6-0103,Story time,,,primary,4,4B,U6,wordlist,50,high
pri-4B-U6-0104,Whose are these,,,primary,4,4B,U6,wordlist,51,high
pri-4B-U6-0105,They re John s,,,primary,4,4B,U6,wordlist,51,high
pri-4B-U6-0106,It s my brother s Thanks,,,primary,4,4B,U6,wordlist,51,high
pri-4B-U6-0107,Whose cap is this,,,primary,4,4B,U6,wordlist,51,high
pri-4B-U6-0108,Unit Five,,,primary,4,4B,U6,wordlist,51,high
pri-4B-U6-0109,Is this yours,,,primary,4,4B,U6,wordlist,52,high
pri-4B-U6-0110,Yes Thank you,,,primary,4,4B,U6,wordlist,52,high
pri-4B-U6-0111,Where are you Zip,,,primary,4,4B,U6,wordlist,52,high
pri-4B-U6-0112,My clothes,,,primary,4,4B,U6,wordlist,52,high
pri-4B-U6-0113,A,,,primary,4,4B,U6,wordlist,53,high
pri-4B-U6-0114,What about this,,,primary,4,4B,U6,wordlist,53,high
pri-4B-U6-0115,hat Is this John s,,,primary,4,4B,U6,wordlist,53,high
pri-4B-U6-0116,Amy are,,,primary,4,4B,U6,wordlist,53,high
pri-4B-U6-0117,these yours,,,primary,4,4B,U6,wordlist,53,high
pri-4B-U6-0118,OK It s four,,,primary,4,4B,U6,wordlist,53,high
pri-4B-U6-0119,o clock It s time,,,primary,4,4B,U6,wordlist,53,high
pri-4B-U6-0120,to go home,,,primary,4,4B,U6,wordlist,53,high
pri-4B-U6-0121,Are these,,,primary,4,4B,U6,wordlist,53,high
pri-4B-U6-0122,yours Mike,,,primary,4,4B,U6,wordlist,53,high
pri-4B-U6-0123,No they aren t My shoes are,,,primary,4,4B,U6,wordlist,53,high
pri-4B-U6-0124,green They re Chen Jie s,,,primary,4,4B,U6,wordlist,53,high
pri-4B-U6-0125,No it isn t It s,,,primary,4,4B,U6,wordlist,53,high
pri-4B-U6-0126,Wu Binbin s,,,primary,4,4B,U6,wordlist,53,high
pri-4B-U6-0127,Is this,,,primary,4,4B,U6,wordlist,53,high
pri-4B-U6-0128,John s,,,primary,4,4B,U6,wordlist,53,high
pri-4B-U6-0129,Yes,,,primary,4,4B,U6,wordlist,53,high
pri-4B-U6-0130,they are,,,primary,4,4B,U6,wordlist,53,high
pri-4B-U6-0131,No it isn t It s Mike s,,,primary,4,4B,U6,wordlist,53,high
pri-4B-U6-0132,I like that green skirt,,,primary,4,4B,U6,wordlist,54,high
pri-4B-U6-0133,Me too And I,,,primary,4,4B,U6,wordlist,54,high
pri-4B-U6-0134,like those pants,,,primary,4,4B,U6,wordlist,54,high
pri-4B-U6-0135,Hang up your dress,,,primary,4,4B,U6,wordlist,54,high
pri-4B-U6-0136,Take off your hat,,,primary,4,4B,U6,wordlist,54,high
pri-4B-U6-0137,Put on your shirt,,,primary,4,4B,U6,wordlist,54,high
pri-4B-U6-0138,Wash your skirt,,,primary,4,4B,U6,wordlist,54,high
pri-4B-U6-0139,Put away your pants,,,primary,4,4B,U6,wordlist,54,high
pri-4B-U6-0140,pants,,,primary,4,4B,U6,wordlist,54,high
pri-4B-U6-0141,dress,,,primary,4,4B,U6,wordlist,54,high
pri-4B-U6-0142,clothes,,,primary,4,4B,U6,wordlist,54,high
pri-4B-U6-0143,skirt,,,primary,4,4B,U6,wordlist,54,high
pri-4B-U6-0144,hat,,,primary,4,4B,U6,wordlist,54,high
pri-4B-U6-0145,Let s do,,,primary,4,4B,U6,wordlist,54,high
pri-4B-U6-0146,a little bike,,,primary,4,4B,U6,wordlist,55,high
pri-4B-U6-0147,a green apple,,,primary,4,4B,U6,wordlist,55,high
pri-4B-U6-0148,a big table,,,primary,4,4B,U6,wordlist,55,high
pri-4B-U6-0149,Uncle Dan,,,primary,4,4B,U6,wordlist,55,high
pri-4B-U6-0150,nice people,,,primary,4,4B,U6,wordlist,55,high
pri-4B-U6-0151,apple,,,primary,4,4B,U6,wordlist,55,high
pri-4B-U6-0152,people,,,primary,4,4B,U6,wordlist,55,high
pri-4B-U6-0153,table,,,primary,4,4B,U6,wordlist,55,high
pri-4B-U6-0154,Let s spell,,,primary,4,4B,U6,wordlist,55,high
pri-4B-U6-0155,Read listen and chant,,,primary,4,4B,U6,wordlist,55,high
pri-4B-U6-0156,Read underline and listen,,,primary,4,4B,U6,wordlist,55,high
pri-4B-U6-0157,Look listen and write,,,primary,4,4B,U6,wordlist,55,high
pri-4B-U6-0158,OK,,,primary,4,4B,U6,wordlist,56,high
pri-4B-U6-0159,Oh no Sam,,,primary,4,4B,U6,wordlist,56,high
pri-4B-U6-0160,Whose hat is this,,,primary,4,4B,U6,wordlist,56,high
pri-4B-U6-0161,They re Mike s,,,primary,4,4B,U6,wordlist,56,high
pri-4B-U6-0162,Whose pants are these,,,primary,4,4B,U6,wordlist,56,high
pri-4B-U6-0163,It s Sarah s,,,primary,4,4B,U6,wordlist,56,high
pri-4B-U6-0164,It s mine,,,primary,4,4B,U6,wordlist,56,high
pri-4B-U6-0165,You re funny,,,primary,4,4B,U6,wordlist,56,high
pri-4B-U6-0166,They re your,,,primary,4,4B,U6,wordlist,56,high
pri-4B-U6-0167,father s,,,primary,4,4B,U6,wordlist,56,high
pri-4B-U6-0168,Sarah can you,,,primary,4,4B,U6,wordlist,56,high
pri-4B-U6-0169,help me please,,,primary,4,4B,U6,wordlist,56,high
pri-4B-U6-0170,Whose coat,,,primary,4,4B,U6,wordlist,56,high
pri-4B-U6-0171,And those Whose,,,primary,4,4B,U6,wordlist,56,high
pri-4B-U6-0172,pants are those,,,primary,4,4B,U6,wordlist,56,high
pri-4B-U6-0173,Let s find out,,,primary,4,4B,U6,wordlist,56,high
pri-4B-U6-0174,Are these Mike s or Sarah s,,,primary,4,4B,U6,wordlist,56,high
pri-4B-U6-0175,shorts,,,primary,4,4B,U6,wordlist,57,high
pri-4B-U6-0176,jacket,,,primary,4,4B,U6,wordlist,57,high
pri-4B-U6-0177,shirt,,,primary,4,4B,U6,wordlist,57,high
pri-4B-U6-0178,sweater,,,primary,4,4B,U6,wordlist,57,high
pri-4B-U6-0179,socks,,,primary,4,4B,U6,wordlist,57,high
pri-4B-U6-0180,coat,,,primary,4,4B,U6,wordlist,57,high
pri-4B-U6-0181,Mum where are,,,primary,4,4B,U6,wordlist,57,high
pri-4B-U6-0182,my new socks,,,primary,4,4B,U6,wordlist,57,high
pri-4B-U6-0183,What colour,,,primary,4,4B,U6,wordlist,57,high
pri-4B-U6-0184,are they,,,primary,4,4B,U6,wordlist,57,high
pri-4B-U6-0185,White,,,primary,4,4B,U6,wordlist,57,high
pri-4B-U6-0186,I want to wear my blue pants,,,primary,4,4B,U6,wordlist,57,high
pri-4B-U6-0187,I want to wear my yellow dress,,,primary,4,4B,U6,wordlist,57,high
pri-4B-U6-0188,You re going on a trip What do you want,,,primary,4,4B,U6,wordlist,57,high
pri-4B-U6-0189,to wear Choose and colour,,,primary,4,4B,U6,wordlist,57,high
pri-4B-U6-0190,Oh it s time to pack my clothes,,,primary,4,4B,U6,wordlist,58,high
pri-4B-U6-0191,This is my red T-shirt,,,primary,4,4B,U6,wordlist,58,high
pri-4B-U6-0192,These are my blue pants,,,primary,4,4B,U6,wordlist,58,high
pri-4B-U6-0193,And those are my shoes,,,primary,4,4B,U6,wordlist,58,high
pri-4B-U6-0194,Wait Is this my hat,,,primary,4,4B,U6,wordlist,58,high
pri-4B-U6-0195,No this is Amy s,,,primary,4,4B,U6,wordlist,58,high
pri-4B-U6-0196,Amy Is this yours,,,primary,4,4B,U6,wordlist,58,high
pri-4B-U6-0197,Are these Sarah s,,,primary,4,4B,U6,wordlist,58,high
pri-4B-U6-0198,blue pants,,,primary,4,4B,U6,wordlist,58,high
pri-4B-U6-0199,A Yes B No,,,primary,4,4B,U6,wordlist,58,high
pri-4B-U6-0200,Whose shoes are,,,primary,4,4B,U6,wordlist,58,high
pri-4B-U6-0201,A Amy s B Sarah s,,,primary,4,4B,U6,wordlist,58,high
pri-4B-U6-0202,This is Amy s red,,,primary,4,4B,U6,wordlist,58,high
pri-4B-U6-0203,T-shirt,,,primary,4,4B,U6,wordlist,58,high
pri-4B-U6-0204,Draw your pants and write a sentence,,,primary,4,4B,U6,wordlist,58,high
pri-4B-U6-0205,Read and circle,,,primary,4,4B,U6,wordlist,58,high
pri-4B-U6-0206,T-shirts,,,primary,4,4B,U6,wordlist,59,high
pri-4B-U6-0207,hats,,,primary,4,4B,U6,wordlist,59,high
pri-4B-U6-0208,sweaters,,,primary,4,4B,U6,wordlist,59,high
pri-4B-U6-0209,dresses,,,primary,4,4B,U6,wordlist,59,high
pri-4B-U6-0210,coats,,,primary,4,4B,U6,wordlist,59,high
pri-4B-U6-0211,shirts,,,primary,4,4B,U6,wordlist,59,high
pri-4B-U6-0212,jackets,,,primary,4,4B,U6,wordlist,59,high
pri-4B-U6-0213,skirts,,,primary,4,4B,U6,wordlist,59,high
pri-4B-U6-0214,This old hat this old shirt,,,primary,4,4B,U6,wordlist,59,high
pri-4B-U6-0215,These old jeans and this old skirt,,,primary,4,4B,U6,wordlist,59,high
pri-4B-U6-0216,Put them away It s a sunny sunny day,,,primary,4,4B,U6,wordlist,59,high
pri-4B-U6-0217,It s time to wear your shorts to play,,,primary,4,4B,U6,wordlist,59,high
pri-4B-U6-0218,This old hat,,,primary,4,4B,U6,wordlist,59,high
pri-4B-U6-0219,Listen and tick or cross,,,primary,4,4B,U6,wordlist,59,high
pri-4B-U6-0220,Sure,,,primary,4,4B,U6,wordlist,60,high
pri-4B-U6-0221,What for,,,primary,4,4B,U6,wordlist,60,high
pri-4B-U6-0222,Let me help,,,primary,4,4B,U6,wordlist,60,high
pri-4B-U6-0223,First,,,primary,4,4B,U6,wordlist,60,high
pri-4B-U6-0224,tie these,,,primary,4,4B,U6,wordlist,60,high
pri-4B-U6-0225,Now let me draw,,,primary,4,4B,U6,wordlist,60,high
pri-4B-U6-0226,something on it,,,primary,4,4B,U6,wordlist,60,high
pri-4B-U6-0227,How do,,,primary,4,4B,U6,wordlist,60,high
pri-4B-U6-0228,I look,,,primary,4,4B,U6,wordlist,60,high
pri-4B-U6-0229,You look,,,primary,4,4B,U6,wordlist,60,high
pri-4B-U6-0230,like Zip,,,primary,4,4B,U6,wordlist,60,high
pri-4B-U6-0231,Wow You ll,,,primary,4,4B,U6,wordlist,60,high
pri-4B-U6-0232,be a star,,,primary,4,4B,U6,wordlist,60,high
pri-4B-U6-0233,Dad can I have,,,primary,4,4B,U6,wordlist,60,high
pri-4B-U6-0234,your old T-shirt,,,primary,4,4B,U6,wordlist,60,high
pri-4B-U6-0235,Then cut two small,,,primary,4,4B,U6,wordlist,60,high
pri-4B-U6-0236,holes for my eyes,,,primary,4,4B,U6,wordlist,60,high
pri-4B-U6-0237,and cut two big,,,primary,4,4B,U6,wordlist,60,high
pri-4B-U6-0238,holes for my arms,,,primary,4,4B,U6,wordlist,60,high
pri-4B-U6-0239,We re having,,,primary,4,4B,U6,wordlist,60,high
pri-4B-U6-0240,a party at school,,,primary,4,4B,U6,wordlist,60,high
pri-4B-U6-0241,Really,,,primary,4,4B,U6,wordlist,60,high
pri-4B-U6-0242,Can I help you,,,primary,4,4B,U6,wordlist,61,high
pri-4B-U6-0243,Can I try it on,,,primary,4,4B,U6,wordlist,61,high
pri-4B-U6-0244,Yes This dress is,,,primary,4,4B,U6,wordlist,61,high
pri-4B-U6-0245,pretty How much is it,,,primary,4,4B,U6,wordlist,61,high
pri-4B-U6-0246,It s eighty-f,,,primary,4,4B,U6,wordlist,61,high
pri-4B-U6-0247,ive yuan,,,primary,4,4B,U6,wordlist,61,high
pri-4B-U6-0248,Unit Six,,,primary,4,4B,U6,wordlist,61,high
pri-4B-U6-0249,How much are,,,primary,4,4B,U6,wordlist,62,high
pri-4B-U6-0250,those big shoes,,,primary,4,4B,U6,wordlist,62,high
pri-4B-U6-0251,Sorry they re,,,primary,4,4B,U6,wordlist,62,high
pri-4B-U6-0252,not for sale,,,primary,4,4B,U6,wordlist,62,high
pri-4B-U6-0253,Shopping,,,primary,4,4B,U6,wordlist,62,high
pri-4B-U6-0254,just right,,,primary,4,4B,U6,wordlist,63,high
pri-4B-U6-0255,Hmm OK Let s try size,,,primary,4,4B,U6,wordlist,63,high
pri-4B-U6-0256,Of course Here you are,,,primary,4,4B,U6,wordlist,63,high
pri-4B-U6-0257,Good,,,primary,4,4B,U6,wordlist,63,high
pri-4B-U6-0258,John are they OK,,,primary,4,4B,U6,wordlist,63,high
pri-4B-U6-0259,OK Here you are,,,primary,4,4B,U6,wordlist,63,high
pri-4B-U6-0260,Yes Can I try these on,,,primary,4,4B,U6,wordlist,63,high
pri-4B-U6-0261,Oh they re too big,,,primary,4,4B,U6,wordlist,63,high
pri-4B-U6-0262,Yes These shoes are nice Can,,,primary,4,4B,U6,wordlist,63,high
pri-4B-U6-0263,I try them on Size please,,,primary,4,4B,U6,wordlist,63,high
pri-4B-U6-0264,No They re,,,primary,4,4B,U6,wordlist,63,high
pri-4B-U6-0265,too small,,,primary,4,4B,U6,wordlist,63,high
pri-4B-U6-0266,sunglasses,,,primary,4,4B,U6,wordlist,64,high
pri-4B-U6-0267,gloves,,,primary,4,4B,U6,wordlist,64,high
pri-4B-U6-0268,scarf,,,primary,4,4B,U6,wordlist,64,high
pri-4B-U6-0269,umbrella,,,primary,4,4B,U6,wordlist,64,high
pri-4B-U6-0270,It s hot so I put,,,primary,4,4B,U6,wordlist,64,high
pri-4B-U6-0271,on my T-shirt,,,primary,4,4B,U6,wordlist,64,high
pri-4B-U6-0272,The gloves are nice,,,primary,4,4B,U6,wordlist,64,high
pri-4B-U6-0273,Can I try them on,,,primary,4,4B,U6,wordlist,64,high
pri-4B-U6-0274,Complete and say,,,primary,4,4B,U6,wordlist,64,high
pri-4B-U6-0275,Two little birds are sitting on a wall,,,primary,4,4B,U6,wordlist,65,high
pri-4B-U6-0276,One is big and the other is small,,,primary,4,4B,U6,wordlist,65,high
pri-4B-U6-0277,A cute little girl is playing with a ball,,,primary,4,4B,U6,wordlist,65,high
pri-4B-U6-0278,Be careful little girl,,,primary,4,4B,U6,wordlist,65,high
pri-4B-U6-0279,Don t knock them off the wall,,,primary,4,4B,U6,wordlist,65,high
pri-4B-U6-0280,work sir turn,,,primary,4,4B,U6,wordlist,65,high
pri-4B-U6-0281,circle park mall,,,primary,4,4B,U6,wordlist,65,high
pri-4B-U6-0282,computer dinner girl wall,,,primary,4,4B,U6,wordlist,65,high
pri-4B-U6-0283,homework nurse card,,,primary,4,4B,U6,wordlist,65,high
pri-4B-U6-0284,little people world,,,primary,4,4B,U6,wordlist,65,high
pri-4B-U6-0285,Read aloud,,,primary,4,4B,U6,wordlist,65,high
pri-4B-U6-0286,Listen and chant,,,primary,4,4B,U6,wordlist,65,high
pri-4B-U6-0287,Sarah how,,,primary,4,4B,U6,wordlist,66,high
pri-4B-U6-0288,do you like,,,primary,4,4B,U6,wordlist,66,high
pri-4B-U6-0289,this skirt,,,primary,4,4B,U6,wordlist,66,high
pri-4B-U6-0290,Yes How much,,,primary,4,4B,U6,wordlist,66,high
pri-4B-U6-0291,is this skirt,,,primary,4,4B,U6,wordlist,66,high
pri-4B-U6-0292,That scarf is pretty,,,primary,4,4B,U6,wordlist,66,high
pri-4B-U6-0293,How much is it,,,primary,4,4B,U6,wordlist,66,high
pri-4B-U6-0294,Oh that s expensive,,,primary,4,4B,U6,wordlist,66,high
pri-4B-U6-0295,It s very,,,primary,4,4B,U6,wordlist,66,high
pri-4B-U6-0296,pretty,,,primary,4,4B,U6,wordlist,66,high
pri-4B-U6-0297,I like it Mum,,,primary,4,4B,U6,wordlist,66,high
pri-4B-U6-0298,It s yuan,,,primary,4,4B,U6,wordlist,66,high
pri-4B-U6-0299,It s,,,primary,4,4B,U6,wordlist,66,high
pri-4B-U6-0300,I ll take it,,,primary,4,4B,U6,wordlist,66,high
pri-4B-U6-0301,Sorry Sarah It s,,,primary,4,4B,U6,wordlist,66,high
pri-4B-U6-0302,too expensive,,,primary,4,4B,U6,wordlist,66,high
pri-4B-U6-0303,Let s act,,,primary,4,4B,U6,wordlist,66,high
pri-4B-U6-0304,What,,,primary,4,4B,U6,wordlist,67,high
pri-4B-U6-0305,Who,,,primary,4,4B,U6,wordlist,67,high
pri-4B-U6-0306,How much,,,primary,4,4B,U6,wordlist,67,high
pri-4B-U6-0307,a pretty dress,,,primary,4,4B,U6,wordlist,67,high
pri-4B-U6-0308,a nice,,,primary,4,4B,U6,wordlist,67,high
pri-4B-U6-0309,a cheap,,,primary,4,4B,U6,wordlist,67,high
pri-4B-U6-0310,an expensive,,,primary,4,4B,U6,wordlist,67,high
pri-4B-U6-0311,Sarah,,,primary,4,4B,U6,wordlist,67,high
pri-4B-U6-0312,expensive,,,primary,4,4B,U6,wordlist,67,high
pri-4B-U6-0313,cheap,,,primary,4,4B,U6,wordlist,67,high
pri-4B-U6-0314,nice,,,primary,4,4B,U6,wordlist,67,high
pri-4B-U6-0315,Yes it is,,,primary,4,4B,U6,wordlist,67,high
pri-4B-U6-0316,Look at that dress,,,primary,4,4B,U6,wordlist,67,high
pri-4B-U6-0317,It s pretty,,,primary,4,4B,U6,wordlist,67,high
pri-4B-U6-0318,Sarah has a pretty dress,,,primary,4,4B,U6,wordlist,67,high
pri-4B-U6-0319,It s yuan It s very nice,,,primary,4,4B,U6,wordlist,67,high
pri-4B-U6-0320,Who has,,,primary,4,4B,U6,wordlist,67,high
pri-4B-U6-0321,Today all sunglasses and gloves are,,,primary,4,4B,U6,wordlist,68,high
pri-4B-U6-0322,f,,,primary,4,4B,U6,wordlist,68,high
pri-4B-U6-0323,ive yuan They are very cheap,,,primary,4,4B,U6,wordlist,68,high
pri-4B-U6-0324,We have many nice scarves too,,,primary,4,4B,U6,wordlist,68,high
pri-4B-U6-0325,red yellow brown and more,,,primary,4,4B,U6,wordlist,68,high
pri-4B-U6-0326,Umbrellas are cheap too We have,,,primary,4,4B,U6,wordlist,68,high
pri-4B-U6-0327,many pretty colours for you,,,primary,4,4B,U6,wordlist,68,high
pri-4B-U6-0328,Come and see us today,,,primary,4,4B,U6,wordlist,68,high
pri-4B-U6-0329,How much is the red scarf,,,primary,4,4B,U6,wordlist,68,high
pri-4B-U6-0330,How much are the brown gloves,,,primary,4,4B,U6,wordlist,68,high
pri-4B-U6-0331,Is the umbrella too expensive,,,primary,4,4B,U6,wordlist,68,high
pri-4B-U6-0332,Are the sunglasses cheap,,,primary,4,4B,U6,wordlist,68,high
pri-4B-U6-0333,Draw your shoes and write a sentence,,,primary,4,4B,U6,wordlist,68,high
pri-4B-U6-0334,Read and answer,,,primary,4,4B,U6,wordlist,68,high
pri-4B-U6-0335,How much is that doggie in the window,,,primary,4,4B,U6,wordlist,69,high
pri-4B-U6-0336,The one with the waggity tail,,,primary,4,4B,U6,wordlist,69,high
pri-4B-U6-0337,With his tail so short and his ears so long,,,primary,4,4B,U6,wordlist,69,high
pri-4B-U6-0338,I do hope that doggie s for sale,,,primary,4,4B,U6,wordlist,69,high
pri-4B-U6-0339,a pretty green scarf,,,primary,4,4B,U6,wordlist,69,high
pri-4B-U6-0340,cheap sunglasses,,,primary,4,4B,U6,wordlist,69,high
pri-4B-U6-0341,expensive gloves,,,primary,4,4B,U6,wordlist,69,high
pri-4B-U6-0342,my friend s umbrella,,,primary,4,4B,U6,wordlist,69,high
pri-4B-U6-0343,How much is that doggie,,,primary,4,4B,U6,wordlist,69,high
pri-4B-U6-0344,in the window,,,primary,4,4B,U6,wordlist,69,high
pri-4B-U6-0345,No,,,primary,4,4B,U6,wordlist,70,high
pri-4B-U6-0346,problem,,,primary,4,4B,U6,wordlist,70,high
pri-4B-U6-0347,isn t it,,,primary,4,4B,U6,wordlist,70,high
pri-4B-U6-0348,it s nice,,,primary,4,4B,U6,wordlist,70,high
pri-4B-U6-0349,it isn t,,,primary,4,4B,U6,wordlist,70,high
pri-4B-U6-0350,It s cheap too,,,primary,4,4B,U6,wordlist,70,high
pri-4B-U6-0351,Sixteen dollars,,,primary,4,4B,U6,wordlist,70,high
pri-4B-U6-0352,Then how,,,primary,4,4B,U6,wordlist,70,high
pri-4B-U6-0353,much is it,,,primary,4,4B,U6,wordlist,70,high
pri-4B-U6-0354,Zoom,,,primary,4,4B,U6,wordlist,70,high
pri-4B-U6-0355,you re f,,,primary,4,4B,U6,wordlist,70,high
pri-4B-U6-0356,ired,,,primary,4,4B,U6,wordlist,70,high
pri-4B-U6-0357,But,,,primary,4,4B,U6,wordlist,70,high
pri-4B-U6-0358,Zoom do,,,primary,4,4B,U6,wordlist,70,high
pri-4B-U6-0359,a good job,,,primary,4,4B,U6,wordlist,70,high
pri-4B-U6-0360,Yes Can I,,,primary,4,4B,U6,wordlist,70,high
pri-4B-U6-0361,see that skirt,,,primary,4,4B,U6,wordlist,70,high
pri-4B-U6-0362,please,,,primary,4,4B,U6,wordlist,70,high
pri-4B-U6-0363,It s ninety-one,,,primary,4,4B,U6,wordlist,70,high
pri-4B-U6-0364,Sorry Miss,,,primary,4,4B,U6,wordlist,70,high
pri-4B-U6-0365,Can I,,,primary,4,4B,U6,wordlist,70,high
pri-4B-U6-0366,help you,,,primary,4,4B,U6,wordlist,70,high
pri-4B-U6-0367,Tomorrow will,,,primary,4,4B,U6,wordlist,71,high
pri-4B-U6-0368,be warm and sunny,,,primary,4,4B,U6,wordlist,71,high
pri-4B-U6-0369,Let s have a picnic,,,primary,4,4B,U6,wordlist,71,high
pri-4B-U6-0370,tomorrow,,,primary,4,4B,U6,wordlist,71,high
pri-4B-U6-0371,That s yuan,,,primary,4,4B,U6,wordlist,71,high
pri-4B-U6-0372,in total,,,primary,4,4B,U6,wordlist,71,high
pri-4B-U6-0373,Yes f,,,primary,4,4B,U6,wordlist,71,high
pri-4B-U6-0374,ive tomatoes and,,,primary,4,4B,U6,wordlist,71,high
pri-4B-U6-0375,two carrots please,,,primary,4,4B,U6,wordlist,71,high
pri-4B-U6-0376,Yeah,,,primary,4,4B,U6,wordlist,71,high
pri-4B-U6-0377,Are those cows,,,primary,4,4B,U6,wordlist,71,high
pri-4B-U6-0378,They look hungry,,,primary,4,4B,U6,wordlist,71,high
pri-4B-U6-0379,Whose tomatoes,,,primary,4,4B,U6,wordlist,71,high
pri-4B-U6-0380,Sarah s,,,primary,4,4B,U6,wordlist,71,high
pri-4B-U6-0381,Quick,,,primary,4,4B,U6,wordlist,71,high
pri-4B-U6-0382,Three bananas and,,,primary,4,4B,U6,wordlist,71,high
pri-4B-U6-0383,two apples please,,,primary,4,4B,U6,wordlist,71,high
pri-4B-U6-0384,How much is that,,,primary,4,4B,U6,wordlist,71,high
pri-4B-U6-0385,That s,,,primary,4,4B,U6,wordlist,71,high
pri-4B-U6-0386,I like it too,,,primary,4,4B,U6,wordlist,71,high
pri-4B-U6-0387,That jacket is cool,,,primary,4,4B,U6,wordlist,71,high
pri-4B-U6-0388,Whose is it,,,primary,4,4B,U6,wordlist,71,high
pri-4B-U6-0389,Can you act it out,,,primary,4,4B,U6,wordlist,71,high
pri-4B-U6-0390,FINISH THE STORY,,,primary,4,4B,U6,wordlist,71,high
pri-4B-U6-0391,Recycle,,,primary,4,4B,U6,wordlist,71,high
pri-4B-U6-0392,water table fork car,,,primary,4,4B,U6,wordlist,72,high
pri-4B-U6-0393,card sister,,,primary,4,4B,U6,wordlist,72,high
pri-4B-U6-0394,farmer,,,primary,4,4B,U6,wordlist,72,high
pri-4B-U6-0395,bird horse,,,primary,4,4B,U6,wordlist,72,high
pri-4B-U6-0396,girl,,,primary,4,4B,U6,wordlist,72,high
pri-4B-U6-0397,Bob hamburger,,,primary,4,4B,U6,wordlist,72,high
pri-4B-U6-0398,Tom teacher,,,primary,4,4B,U6,wordlist,72,high
pri-4B-U6-0399,dinner far,,,primary,4,4B,U6,wordlist,72,high
pri-4B-U6-0400,tiger,,,primary,4,4B,U6,wordlist,72,high
pri-4B-U6-0401,Read write and say,,,primary,4,4B,U6,wordlist,72,high
pri-4B-U6-0402,Yes Do you have any oranges,,,primary,4,4B,U6,wordlist,73,high
pri-4B-U6-0403,They re nice How much,,,primary,4,4B,U6,wordlist,73,high
pri-4B-U6-0404,Oh No thank you That s expensive,,,primary,4,4B,U6,wordlist,73,high
pri-4B-U6-0405,Yes of course How about these,,,primary,4,4B,U6,wordlist,73,high
pri-4B-U6-0406,Ten yuan for four,,,primary,4,4B,U6,wordlist,73,high
pri-4B-U6-0407,They re apples,,,primary,4,4B,U6,wordlist,73,high
pri-4B-U6-0408,The apples are one yuan for four,,,primary,4,4B,U6,wordlist,73,high
pri-4B-U6-0409,That s fine I ll take eight,,,primary,4,4B,U6,wordlist,73,high
pri-4B-U6-0410,What are these,,,primary,4,4B,U6,wordlist,73,high
pri-4B-U6-0411,How much are the apples,,,primary,4,4B,U6,wordlist,73,high
pri-4B-U6-0412,It s my scarf,,,primary,4,4B,U6,wordlist,73,high
pri-4B-U6-0413,Yes they re,,,primary,4,4B,U6,wordlist,73,high
pri-4B-U6-0414,shoes,,,primary,4,4B,U6,text_only,73,high
pri-4B-U6-0415,Thanks,,,primary,4,4B,U6,text_only,73,high
pri-4B-U6-0416,Mine are black,,,primary,4,4B,U6,wordlist,73,high
pri-4B-U6-0417,Yes it s,,,primary,4,4B,U6,wordlist,73,high
pri-4B-U6-0418,Here you are,,,primary,4,4B,U6,wordlist,73,high
pri-4B-U6-0419,It s your sweater,,,primary,4,4B,U6,wordlist,73,high
pri-4B-U6-0420,It s yours,,,primary,4,4B,U6,wordlist,73,high
pri-4B-U6-0421,Is this your pencil,,,primary,4,4B,U6,wordlist,73,high
pri-4B-U6-0422,Are these yours,,,primary,4,4B,U6,wordlist,73,high
pri-4B-U6-0423,That s my coat,,,primary,4,4B,U6,wordlist,73,high
pri-4B-U6-0424,Read and number,,,primary,4,4B,U6,wordlist,73,high
pri-4B-U6-0425,Listen and check,,,primary,4,4B,U6,wordlist,73,high
pri-4B-U6-0426,Grandpa,,,primary,4,4B,U6,wordlist,74,high
pri-4B-U6-0427,Thank you for the hat It is sunny,,,primary,4,4B,U6,wordlist,74,high
pri-4B-U6-0428,here I wear it every day,,,primary,4,4B,U6,wordlist,74,high
pri-4B-U6-0429,I don t like the city The food here,,,primary,4,4B,U6,wordlist,74,high
pri-4B-U6-0430,is very expensive The food in the,,,primary,4,4B,U6,wordlist,74,high
pri-4B-U6-0431,country is nice and cheap,,,primary,4,4B,U6,wordlist,74,high
pri-4B-U6-0432,How is my dog He is so friendly and,,,primary,4,4B,U6,wordlist,74,high
pri-4B-U6-0433,cute,,,primary,4,4B,U6,wordlist,74,high
pri-4B-U6-0434,I miss the ducks too How many baby,,,primary,4,4B,U6,wordlist,74,high
pri-4B-U6-0435,ducks are there on the farm now,,,primary,4,4B,U6,wordlist,74,high
pri-4B-U6-0436,Please write soon,,,primary,4,4B,U6,wordlist,74,high
pri-4B-U6-0437,Love,,,primary,4,4B,U6,wordlist,74,high
pri-4B-U6-0438,Wang Ke,,,primary,4,4B,U6,wordlist,74,high
pri-4B-U6-0439,It is cloudy in the city,,,primary,4,4B,U6,wordlist,74,high
pri-4B-U6-0440,Wang Ke has a new hat,,,primary,4,4B,U6,wordlist,74,high
pri-4B-U6-0441,The food in the city is expensive,,,primary,4,4B,U6,wordlist,74,high
pri-4B-U6-0442,There are ducks on the farm,,,primary,4,4B,U6,wordlist,74,high
pri-4B-U6-0443,Read and tick or cross,,,primary,4,4B,U6,wordlist,74,high
pri-4B-U1-0087,f,,,primary,4,4B,U1,wordlist,75,high
pri-4B-U1-0088,art room,,美术教室,primary,4,4B,U1,wordlist,75,high
pri-4B-U1-0089,music room,,音乐教室,primary,4,4B,U1,wordlist,75,high
pri-4B-U1-0090,next to,,,primary,4,4B,U1,wordlist,75,high
pri-4B-U1-0091,homework,,作业,primary,4,4B,U1,wordlist,75,high
pri-4B-U1-0092,class,,班；班级,primary,4,4B,U1,wordlist,75,high
pri-4B-U1-0093,forty,,四十,primary,4,4B,U1,wordlist,75,high
pri-4B-U1-0094,way,,方向,primary,4,4B,U1,wordlist,75,high
pri-4B-U2-0172,go to school,,去上学,primary,4,4B,U2,wordlist,75,high
pri-4B-U2-0173,go home,,回家,primary,4,4B,U2,wordlist,75,high
pri-4B-U2-0174,go to bed,,上床睡觉,primary,4,4B,U2,wordlist,75,high
pri-4B-U2-0175,over,,结束,primary,4,4B,U2,wordlist,75,high
pri-4B-U2-0176,now,,现在；目前,primary,4,4B,U2,wordlist,75,high
pri-4B-U2-0177,o clock,,表示整点）,primary,4,4B,U2,wordlist,75,high
pri-4B-U2-0178,kid,,小孩,primary,4,4B,U2,wordlist,75,high
pri-4B-U2-0179,thirty,,三十,primary,4,4B,U2,wordlist,75,high
pri-4B-U2-0180,hurry up,,快点,primary,4,4B,U2,wordlist,75,high
pri-4B-U2-0181,come on,,快；加油,primary,4,4B,U2,wordlist,75,high
pri-4B-U2-0182,just a minute,,,primary,4,4B,U2,wordlist,75,high
pri-4B-U3-0145,sunny,,阳光充足的,primary,4,4B,U3,wordlist,75,high
pri-4B-U3-0146,windy,,多风的；风大的,primary,4,4B,U3,wordlist,75,high
pri-4B-U3-0147,cloudy,,阴天的；多云的,primary,4,4B,U3,wordlist,75,high
pri-4B-U3-0148,snowy,,下雪（多）的,primary,4,4B,U3,wordlist,75,high
pri-4B-U3-0149,rainy,,阴雨的；多雨的,primary,4,4B,U3,wordlist,75,high
pri-4B-U3-0150,New York,,纽约,primary,4,4B,U3,wordlist,75,high
pri-4B-U3-0151,how about,,,primary,4,4B,U3,wordlist,75,high
pri-4B-U3-0152,degree,,度；度数,primary,4,4B,U3,wordlist,75,high
pri-4B-U3-0153,Appendix,,,primary,4,4B,U3,wordlist,75,high
pri-4B-U3-0154,world,,世界,primary,4,4B,U3,wordlist,76,high
pri-4B-U3-0155,London,,伦敦,primary,4,4B,U3,wordlist,76,high
pri-4B-U3-0156,Moscow,,莫斯科,primary,4,4B,U3,wordlist,76,high
pri-4B-U3-0157,Singapore,,新加坡（市）,primary,4,4B,U3,wordlist,76,high
pri-4B-U3-0158,Sydney,,悉尼,primary,4,4B,U3,wordlist,76,high
pri-4B-U3-0159,f,,,primary,4,4B,U3,wordlist,76,high
pri-4B-U3-0160,ly,,放（风筝等）,primary,4,4B,U3,wordlist,76,high
pri-4B-U3-0161,love,,写信结尾的热情问候语）,primary,4,4B,U3,wordlist,76,high
pri-4B-U4-0077,tomato,,西红柿,primary,4,4B,U4,wordlist,76,high
pri-4B-U4-0078,potato,,马铃薯；土豆,primary,4,4B,U4,wordlist,76,high
pri-4B-U4-0079,green beans,,豆角；四季豆,primary,4,4B,U4,wordlist,76,high
pri-4B-U4-0080,carrot,,胡萝卜,primary,4,4B,U4,wordlist,76,high
pri-4B-U4-0081,horse,,马,primary,4,4B,U4,wordlist,76,high
pri-4B-U4-0082,cow,,母牛；奶牛,primary,4,4B,U4,wordlist,76,high
pri-4B-U4-0083,sheep,,羊；绵羊,primary,4,4B,U4,wordlist,76,high
pri-4B-U4-0084,hen,,母鸡,primary,4,4B,U4,wordlist,76,high
pri-4B-U4-0085,these this,,的复数形式）,primary,4,4B,U4,wordlist,76,high
pri-4B-U4-0086,yum,,表示味道或气味非常好）,primary,4,4B,U4,wordlist,76,high
pri-4B-U4-0087,animal,,兽；动物,primary,4,4B,U4,wordlist,76,high
pri-4B-U4-0088,those that,,的复数形式）,primary,4,4B,U4,wordlist,76,high
pri-4B-U4-0089,garden,,花园；菜园,primary,4,4B,U4,wordlist,76,high
pri-4B-U4-0090,farm,,农场,primary,4,4B,U4,wordlist,76,high
pri-4B-U4-0091,goat,,山羊,primary,4,4B,U4,wordlist,76,high
pri-4B-U4-0092,eat,,吃,primary,4,4B,U4,wordlist,76,high
pri-4B-U5-0153,clothes,,衣服；服装,primary,4,4B,U5,wordlist,76,high
pri-4B-U5-0154,pants,,裤子,primary,4,4B,U5,wordlist,76,high
pri-4B-U5-0155,hat,,常指带檐的）帽子,primary,4,4B,U5,wordlist,76,high
pri-4B-U5-0156,dress,,连衣裙,primary,4,4B,U5,wordlist,76,high
pri-4B-U5-0157,skirt,,女裙,primary,4,4B,U5,wordlist,76,high
pri-4B-U5-0158,coat,,外衣；大衣,primary,4,4B,U5,wordlist,76,high
pri-4B-U5-0159,sweater,,毛衣,primary,4,4B,U5,wordlist,76,high
pri-4B-U5-0160,sock,,短袜,primary,4,4B,U5,wordlist,76,high
pri-4B-U5-0161,shorts,,短裤,primary,4,4B,U5,wordlist,76,high
pri-4B-U5-0162,jacket,,夹克衫,primary,4,4B,U5,wordlist,76,high
pri-4B-U5-0163,shirt,,尤指男士）衬衫,primary,4,4B,U5,wordlist,76,high
pri-4B-U5-0164,yours,,你的；你们的,primary,4,4B,U5,wordlist,76,high
pri-4B-U5-0165,whose,,谁的,primary,4,4B,U5,wordlist,76,high
pri-4B-U5-0166,mine,,我的,primary,4,4B,U5,wordlist,76,high
pri-4B-U5-0167,pack,,收拾（行李）,primary,4,4B,U5,wordlist,76,high
pri-4B-U5-0168,wait,,等待,primary,4,4B,U5,wordlist,76,high
pri-4B-U6-0444,glove,,分手指的）手套,primary,4,4B,U6,wordlist,76,high
pri-4B-U6-0445,try on,,试穿,primary,4,4B,U6,wordlist,76,high
pri-4B-U6-0446,size,,尺码；号,primary,4,4B,U6,wordlist,76,high
pri-4B-U6-0447,of course,,当然,primary,4,4B,U6,wordlist,76,high
pri-4B-U6-0448,too,,太；过于,primary,4,4B,U6,wordlist,76,high
pri-4B-U6-0449,just,,正好；恰好,primary,4,4B,U6,wordlist,76,high
pri-4B-U6-0450,eighty,,八十,primary,4,4B,U6,wordlist,76,high
pri-4B-U6-0451,dollar,,元,primary,4,4B,U6,wordlist,76,high
pri-4B-U6-0452,sale,,特价销售; 大减价,primary,4,4B,U6,wordlist,76,high
pri-4B-U6-0453,more,,更多的,primary,4,4B,U6,wordlist,76,high
pri-4B-U6-0454,us,,我们,primary,4,4B,U6,wordlist,76,high
pri-4B-U6-0455,Appendix,,,primary,4,4B,U6,wordlist,76,high
pri-4B-EXTRA-0001,A,,,primary,4,4B,EXTRA,wordlist,77,high
pri-4B-EXTRA-0002,animal,,兽；动物,primary,4,4B,EXTRA,wordlist,77,high
pri-4B-EXTRA-0003,art room,,美术教室,primary,4,4B,EXTRA,wordlist,77,high
pri-4B-EXTRA-0004,B,,,primary,4,4B,EXTRA,wordlist,77,high
pri-4B-EXTRA-0005,be careful,,小心,primary,4,4B,EXTRA,wordlist,77,high
pri-4B-EXTRA-0006,breakfast,,早餐；早饭,primary,4,4B,EXTRA,wordlist,77,high
pri-4B-EXTRA-0007,C,,,primary,4,4B,EXTRA,wordlist,77,high
pri-4B-EXTRA-0008,carrot,,胡萝卜,primary,4,4B,EXTRA,wordlist,77,high
pri-4B-EXTRA-0009,cheap,,花钱少的；便宜的,primary,4,4B,EXTRA,wordlist,77,high
pri-4B-EXTRA-0010,class,,班；班级,primary,4,4B,EXTRA,wordlist,77,high
pri-4B-EXTRA-0011,clothes,,衣服；服装,primary,4,4B,EXTRA,wordlist,77,high
pri-4B-EXTRA-0012,cloudy,,阴天的；多云的,primary,4,4B,EXTRA,wordlist,77,high
pri-4B-EXTRA-0013,coat,,外衣；大衣,primary,4,4B,EXTRA,wordlist,77,high
pri-4B-EXTRA-0014,cold,,寒冷的；冷的,primary,4,4B,EXTRA,wordlist,77,high
pri-4B-EXTRA-0015,come on,,快；加油,primary,4,4B,EXTRA,wordlist,77,high
pri-4B-EXTRA-0016,computer room,,,primary,4,4B,EXTRA,wordlist,77,high
pri-4B-EXTRA-0017,cool,,凉的；凉爽的,primary,4,4B,EXTRA,wordlist,77,high
pri-4B-EXTRA-0018,cow,,母牛；奶牛,primary,4,4B,EXTRA,wordlist,77,high
pri-4B-EXTRA-0019,D,,,primary,4,4B,EXTRA,wordlist,77,high
pri-4B-EXTRA-0020,degree,,度；度数,primary,4,4B,EXTRA,wordlist,77,high
pri-4B-EXTRA-0021,dinner,,中午或晚上吃的）正餐,primary,4,4B,EXTRA,wordlist,77,high
pri-4B-EXTRA-0022,dollar,,元,primary,4,4B,EXTRA,wordlist,77,high
pri-4B-EXTRA-0023,dress,,连衣裙,primary,4,4B,EXTRA,wordlist,77,high
pri-4B-EXTRA-0024,E,,,primary,4,4B,EXTRA,wordlist,77,high
pri-4B-EXTRA-0025,eat,,吃,primary,4,4B,EXTRA,wordlist,77,high
pri-4B-EXTRA-0026,eighty,,八十,primary,4,4B,EXTRA,wordlist,77,high
pri-4B-EXTRA-0027,English class,,英语课,primary,4,4B,EXTRA,wordlist,77,high
pri-4B-EXTRA-0028,expensive,,昂贵的；,primary,4,4B,EXTRA,wordlist,77,high
pri-4B-EXTRA-0029,F,,,primary,4,4B,EXTRA,wordlist,77,high
pri-4B-EXTRA-0030,farm,,农场,primary,4,4B,EXTRA,wordlist,77,high
pri-4B-EXTRA-0031,irst f,,,primary,4,4B,EXTRA,wordlist,77,high
pri-4B-EXTRA-0032,loor,,一楼,primary,4,4B,EXTRA,wordlist,77,high
pri-4B-EXTRA-0033,ly,,放（风筝等）,primary,4,4B,EXTRA,wordlist,77,high
pri-4B-EXTRA-0034,forty,,四十,primary,4,4B,EXTRA,wordlist,77,high
pri-4B-EXTRA-0035,G,,,primary,4,4B,EXTRA,wordlist,77,high
pri-4B-EXTRA-0036,garden,,花园；菜园,primary,4,4B,EXTRA,wordlist,77,high
pri-4B-EXTRA-0037,get up,,起床,primary,4,4B,EXTRA,wordlist,77,high
pri-4B-EXTRA-0038,glove,,分手指的）手套,primary,4,4B,EXTRA,wordlist,77,high
pri-4B-EXTRA-0039,go to school,,去上学,primary,4,4B,EXTRA,wordlist,77,high
pri-4B-EXTRA-0040,go home,,回家,primary,4,4B,EXTRA,wordlist,77,high
pri-4B-EXTRA-0041,go to bed,,上床睡觉,primary,4,4B,EXTRA,wordlist,77,high
pri-4B-EXTRA-0042,goat,,山羊,primary,4,4B,EXTRA,wordlist,77,high
pri-4B-EXTRA-0043,green beans,,豆角；四季豆,primary,4,4B,EXTRA,wordlist,77,high
pri-4B-EXTRA-0044,H,,,primary,4,4B,EXTRA,wordlist,77,high
pri-4B-EXTRA-0045,hat,,常指带檐的）帽子,primary,4,4B,EXTRA,wordlist,77,high
pri-4B-EXTRA-0046,hen,,母鸡,primary,4,4B,EXTRA,wordlist,77,high
pri-4B-EXTRA-0047,homework,,作业,primary,4,4B,EXTRA,wordlist,77,high
pri-4B-EXTRA-0048,horse,,马,primary,4,4B,EXTRA,wordlist,77,high
pri-4B-EXTRA-0049,hot,,热的; 烫的,primary,4,4B,EXTRA,wordlist,77,high
pri-4B-EXTRA-0050,Appendix,,,primary,4,4B,EXTRA,wordlist,77,high
pri-4B-EXTRA-0051,how about,,,primary,4,4B,EXTRA,wordlist,78,high
pri-4B-EXTRA-0052,how much,,多少钱,primary,4,4B,EXTRA,wordlist,78,high
pri-4B-EXTRA-0053,hurry up,,快点,primary,4,4B,EXTRA,wordlist,78,high
pri-4B-EXTRA-0054,J,,,primary,4,4B,EXTRA,wordlist,78,high
pri-4B-EXTRA-0055,jacket,,夹克衫,primary,4,4B,EXTRA,wordlist,78,high
pri-4B-EXTRA-0056,just a minute,,,primary,4,4B,EXTRA,wordlist,78,high
pri-4B-EXTRA-0057,just,,正好；恰好,primary,4,4B,EXTRA,wordlist,78,high
pri-4B-EXTRA-0058,K,,,primary,4,4B,EXTRA,wordlist,78,high
pri-4B-EXTRA-0059,kid,,小孩,primary,4,4B,EXTRA,wordlist,78,high
pri-4B-EXTRA-0060,L,,,primary,4,4B,EXTRA,wordlist,78,high
pri-4B-EXTRA-0061,library,,图书馆,primary,4,4B,EXTRA,wordlist,78,high
pri-4B-EXTRA-0062,London,,伦敦,primary,4,4B,EXTRA,wordlist,78,high
pri-4B-EXTRA-0063,love,,写信结尾的热情问候语）,primary,4,4B,EXTRA,wordlist,78,high
pri-4B-EXTRA-0064,lunch,,午餐；午饭,primary,4,4B,EXTRA,wordlist,78,high
pri-4B-EXTRA-0065,M,,,primary,4,4B,EXTRA,wordlist,78,high
pri-4B-EXTRA-0066,mine,,我的,primary,4,4B,EXTRA,wordlist,78,high
pri-4B-EXTRA-0067,more,,更多的,primary,4,4B,EXTRA,wordlist,78,high
pri-4B-EXTRA-0068,Moscow,,莫斯科,primary,4,4B,EXTRA,wordlist,78,high
pri-4B-EXTRA-0069,music room,,音乐教室,primary,4,4B,EXTRA,wordlist,78,high
pri-4B-EXTRA-0070,music class,,音乐课,primary,4,4B,EXTRA,wordlist,78,high
pri-4B-EXTRA-0071,N,,,primary,4,4B,EXTRA,wordlist,78,high
pri-4B-EXTRA-0072,New York,,纽约,primary,4,4B,EXTRA,wordlist,78,high
pri-4B-EXTRA-0073,next to,,,primary,4,4B,EXTRA,wordlist,78,high
pri-4B-EXTRA-0074,nice,,好的,primary,4,4B,EXTRA,wordlist,78,high
pri-4B-EXTRA-0075,now,,现在；目前,primary,4,4B,EXTRA,wordlist,78,high
pri-4B-EXTRA-0076,O,,,primary,4,4B,EXTRA,wordlist,78,high
pri-4B-EXTRA-0077,o clock,,表示整点),primary,4,4B,EXTRA,wordlist,78,high
pri-4B-EXTRA-0078,of course,,当然,primary,4,4B,EXTRA,wordlist,78,high
pri-4B-EXTRA-0079,outside,,在户外,primary,4,4B,EXTRA,wordlist,78,high
pri-4B-EXTRA-0080,over,,结束,primary,4,4B,EXTRA,wordlist,78,high
pri-4B-EXTRA-0081,P,,,primary,4,4B,EXTRA,wordlist,78,high
pri-4B-EXTRA-0082,pack,,收拾（行李）,primary,4,4B,EXTRA,wordlist,78,high
pri-4B-EXTRA-0083,pants,,裤子,primary,4,4B,EXTRA,wordlist,78,high
pri-4B-EXTRA-0084,PE class,,体育课,primary,4,4B,EXTRA,wordlist,78,high
pri-4B-EXTRA-0085,playground,,操场,primary,4,4B,EXTRA,wordlist,78,high
pri-4B-EXTRA-0086,potato,,马铃薯；土豆,primary,4,4B,EXTRA,wordlist,78,high
pri-4B-EXTRA-0087,pretty,,美观的；精致的,primary,4,4B,EXTRA,wordlist,78,high
pri-4B-EXTRA-0088,R,,,primary,4,4B,EXTRA,wordlist,78,high
pri-4B-EXTRA-0089,rainy,,阴雨的；多雨的,primary,4,4B,EXTRA,wordlist,78,high
pri-4B-EXTRA-0090,S,,,primary,4,4B,EXTRA,wordlist,78,high
pri-4B-EXTRA-0091,sale,,特价销售; 大减价,primary,4,4B,EXTRA,wordlist,78,high
pri-4B-EXTRA-0092,scarf,,围巾；披巾,primary,4,4B,EXTRA,wordlist,78,high
pri-4B-EXTRA-0093,second f,,,primary,4,4B,EXTRA,wordlist,78,high
pri-4B-EXTRA-0094,sheep,,羊；绵羊,primary,4,4B,EXTRA,wordlist,78,high
pri-4B-EXTRA-0095,shirt,,尤指男士）衬衫,primary,4,4B,EXTRA,wordlist,78,high
pri-4B-EXTRA-0096,shorts,,短裤,primary,4,4B,EXTRA,wordlist,78,high
pri-4B-EXTRA-0097,Singapore,,新加坡（市）,primary,4,4B,EXTRA,wordlist,78,high
pri-4B-EXTRA-0098,size,,尺码；号,primary,4,4B,EXTRA,wordlist,78,high
pri-4B-EXTRA-0099,skirt,,女裙,primary,4,4B,EXTRA,wordlist,78,high
pri-4B-EXTRA-0100,snowy,,下雪（多）的,primary,4,4B,EXTRA,wordlist,78,high
pri-4B-EXTRA-0101,sock,,短袜,primary,4,4B,EXTRA,wordlist,78,high
pri-4B-EXTRA-0102,sunglasses,,太阳镜,primary,4,4B,EXTRA,wordlist,78,high
pri-4B-EXTRA-0103,sunny,,阳光充足的,primary,4,4B,EXTRA,wordlist,78,high
pri-4B-EXTRA-0104,sweater,,毛衣,primary,4,4B,EXTRA,wordlist,78,high
pri-4B-EXTRA-0105,Sydney,,悉尼,primary,4,4B,EXTRA,wordlist,78,high
pri-4B-EXTRA-0106,T,,,primary,4,4B,EXTRA,wordlist,79,high
pri-4B-EXTRA-0107,teachers off,,,primary,4,4B,EXTRA,wordlist,79,high
pri-4B-EXTRA-0108,ice,,,primary,4,4B,EXTRA,wordlist,79,high
pri-4B-EXTRA-0109,these this,,的复数形式）,primary,4,4B,EXTRA,wordlist,79,high
pri-4B-EXTRA-0110,thirty,,三十,primary,4,4B,EXTRA,wordlist,79,high
pri-4B-EXTRA-0111,those that,,的复数形式）,primary,4,4B,EXTRA,wordlist,79,high
pri-4B-EXTRA-0112,tomato,,西红柿,primary,4,4B,EXTRA,wordlist,79,high
pri-4B-EXTRA-0113,too,,太；过于,primary,4,4B,EXTRA,wordlist,79,high
pri-4B-EXTRA-0114,try on,,试穿,primary,4,4B,EXTRA,wordlist,79,high
pri-4B-EXTRA-0115,U,,,primary,4,4B,EXTRA,wordlist,79,high
pri-4B-EXTRA-0116,umbrella,,伞；雨伞,primary,4,4B,EXTRA,wordlist,79,high
pri-4B-EXTRA-0117,us,,我们,primary,4,4B,EXTRA,wordlist,79,high
pri-4B-EXTRA-0118,W,,,primary,4,4B,EXTRA,wordlist,79,high
pri-4B-EXTRA-0119,wait,,等待,primary,4,4B,EXTRA,wordlist,79,high
pri-4B-EXTRA-0120,warm,,温暖的；暖和的,primary,4,4B,EXTRA,wordlist,79,high
pri-4B-EXTRA-0121,way,,方向,primary,4,4B,EXTRA,wordlist,79,high
pri-4B-EXTRA-0122,weather,,天气,primary,4,4B,EXTRA,wordlist,79,high
pri-4B-EXTRA-0123,whose,,谁的,primary,4,4B,EXTRA,wordlist,79,high
pri-4B-EXTRA-0124,windy,,多风的；风大的,primary,4,4B,EXTRA,wordlist,79,high
pri-4B-EXTRA-0125,world,,世界,primary,4,4B,EXTRA,wordlist,79,high
pri-4B-EXTRA-0126,Y,,,primary,4,4B,EXTRA,wordlist,79,high
pri-4B-EXTRA-0127,yours,,你的；你们的,primary,4,4B,EXTRA,wordlist,79,high
pri-4B-EXTRA-0128,yum,,表示味道或气味非常好）,primary,4,4B,EXTRA,wordlist,79,high
pri-4B-U6-0456,Where s the teachers off,,,primary,4,4B,U6,wordlist,80,high
pri-4B-U6-0457,ice,,,primary,4,4B,U6,wordlist,80,high
pri-4B-U6-0458,It s on the second f,,,primary,4,4B,U6,wordlist,80,high
pri-4B-U6-0459,loor,,,primary,4,4B,U6,wordlist,80,high
pri-4B-U6-0460,Is this the teachers off,,,primary,4,4B,U6,wordlist,80,high
pri-4B-U6-0461,No it isn t The teachers,,,primary,4,4B,U6,wordlist,80,high
pri-4B-U6-0462,off,,,primary,4,4B,U6,wordlist,80,high
pri-4B-U6-0463,ice is next to the library,,,primary,4,4B,U6,wordlist,80,high
pri-4B-U6-0464,Is that the computer room,,,primary,4,4B,U6,wordlist,80,high
pri-4B-U6-0465,Do you have a library,,,primary,4,4B,U6,wordlist,80,high
pri-4B-U6-0466,Yes we do,,,primary,4,4B,U6,wordlist,80,high
pri-4B-U6-0467,What time is it,,,primary,4,4B,U6,wordlist,80,high
pri-4B-U6-0468,It s o clock It s time for,,,primary,4,4B,U6,wordlist,80,high
pri-4B-U6-0469,dinner,,,primary,4,4B,U6,wordlist,80,high
pri-4B-U6-0470,Time to go home kids,,,primary,4,4B,U6,wordlist,80,high
pri-4B-U6-0471,It s time to get up,,,primary,4,4B,U6,wordlist,80,high
pri-4B-U6-0472,Can I go outside now,,,primary,4,4B,U6,wordlist,80,high
pri-4B-U6-0473,It s cold outside,,,primary,4,4B,U6,wordlist,80,high
pri-4B-U6-0474,Yes you can No you can t,,,primary,4,4B,U6,wordlist,80,high
pri-4B-U6-0475,What s the weather like in,,,primary,4,4B,U6,wordlist,80,high
pri-4B-U6-0476,New York,,,primary,4,4B,U6,wordlist,80,high
pri-4B-U6-0477,It s rainy,,,primary,4,4B,U6,wordlist,80,high
pri-4B-U6-0478,Is it cold,,,primary,4,4B,U6,wordlist,80,high
pri-4B-U6-0479,No it isn t,,,primary,4,4B,U6,wordlist,80,high
pri-4B-U6-0480,It s degrees,,,primary,4,4B,U6,wordlist,80,high
pri-4B-U6-0481,Are these carrots,,,primary,4,4B,U6,wordlist,80,high
pri-4B-U6-0482,Useful expressions,,,primary,4,4B,U6,wordlist,80,high
pri-4B-U5-0169,Yes they are,,,primary,4,4B,U5,wordlist,81,high
pri-4B-U5-0170,They re tomatoes,,,primary,4,4B,U5,wordlist,81,high
pri-4B-U5-0171,They re horses,,,primary,4,4B,U5,wordlist,81,high
pri-4B-U5-0172,Are they hens,,,primary,4,4B,U5,wordlist,81,high
pri-4B-U5-0173,No they aren t,,,primary,4,4B,U5,wordlist,81,high
pri-4B-U5-0174,They re ducks,,,primary,4,4B,U5,wordlist,81,high
pri-4B-U5-0175,Are these yours,,,primary,4,4B,U5,wordlist,81,high
pri-4B-U5-0176,They re Chen Jie s,,,primary,4,4B,U5,wordlist,81,high
pri-4B-U5-0177,Is this John s,,,primary,4,4B,U5,wordlist,81,high
pri-4B-U5-0178,No it isn t It s Mike s,,,primary,4,4B,U5,wordlist,81,high
pri-4B-U5-0179,Whose coat is this,,,primary,4,4B,U5,wordlist,81,high
pri-4B-U5-0180,It s mine,,,primary,4,4B,U5,wordlist,81,high
pri-4B-U5-0181,Whose pants are those,,,primary,4,4B,U5,wordlist,81,high
pri-4B-U5-0182,They are your father s,,,primary,4,4B,U5,wordlist,81,high
pri-4B-U5-0183,Can I help you,,,primary,4,4B,U5,wordlist,81,high
pri-4B-U5-0184,Yes These shoes are nice,,,primary,4,4B,U5,wordlist,81,high
pri-4B-U5-0185,Can I try them on,,,primary,4,4B,U5,wordlist,81,high
pri-4B-U5-0186,Size please,,,primary,4,4B,U5,wordlist,81,high
pri-4B-U5-0187,They re too small,,,primary,4,4B,U5,wordlist,81,high
pri-4B-U5-0188,How do you like this skirt,,,primary,4,4B,U5,wordlist,81,high
pri-4B-U5-0189,It s very pretty,,,primary,4,4B,U5,wordlist,81,high
pri-4B-U5-0190,How much is this skirt,,,primary,4,4B,U5,wordlist,81,high
pri-4B-U5-0191,Appendix,,,primary,4,4B,U5,wordlist,81,high
pri-4B-U6-0483,Lingo Learning Inc,,,primary,4,4B,U6,text_only,82,high
pri-4B-U6-0484,David Booth,,,primary,4,4B,U6,text_only,82,high
pri-4B-U6-0485,Larry Swartz,,,primary,4,4B,U6,text_only,82,high
pri-4B-U6-0486,Jack Booth,,,primary,4,4B,U6,text_only,82,high
pri-4B-U6-0487,Sandra Purchase Suzanne Robare,,等,primary,4,4B,U6,wordlist,82,high
pri-4B-U6-0488,jcfk,,,primary,4,4B,U6,text_only,82,high
pri-4B-U6-0489,pep,,,primary,4,4B,U6,text_only,82,high
pri-4B-U6-0490,com,,,primary,4,4B,U6,text_only,82,high
pri-4B-U6-0491,cn,,,primary,4,4B,U6,text_only,82,low
pri-4B-U6-0492,YINGYU,,,primary,4,4B,U6,wordlist,83,high
pri-4B-U6-0493,YIWU JIAOYU JIAOKESHU,,,primary,4,4B,U6,wordlist,83,high
pri-5A-U1-0001,PEP,,,primary,5,5A,U1,wordlist,2,high
pri-5A-U1-0002,Larry Swartz Beth Levy,,,primary,5,5A,U1,text_only,3,high
pri-5A-U1-0003,Fraser Bewick,,,primary,5,5A,U1,text_only,3,high
pri-5A-U1-0004,Copyright by People s Education Press Ltd and Lingo Learning Inc,,,primary,5,5A,U1,wordlist,3,high
pri-5A-U1-0005,No part of this publication may be reproduced or transmitted in any form or by any means,,,primary,5,5A,U1,wordlist,3,high
pri-5A-U1-0006,without permission in writing from the publisher,,,primary,5,5A,U1,wordlist,3,high
pri-5A-U1-0007,http,,,primary,5,5A,U1,text_only,3,high
pri-5A-U1-0008,www,,,primary,5,5A,U1,text_only,3,high
pri-5A-U1-0009,com,,,primary,5,5A,U1,text_only,3,high
pri-5A-U1-0010,cn,,,primary,5,5A,U1,text_only,3,low
pri-5A-U1-0011,jcyjfk,,,primary,5,5A,U1,text_only,3,high
pri-5A-U1-0012,Oliver,,,primary,5,5A,U1,text_only,4,high
pri-5A-U1-0013,Robin,,,primary,5,5A,U1,text_only,4,high
pri-5A-U1-0014,Sarah,,,primary,5,5A,U1,text_only,4,high
pri-5A-U1-0015,Amy,,,primary,5,5A,U1,text_only,4,high
pri-5A-U1-0016,Mike,,,primary,5,5A,U1,text_only,4,high
pri-5A-U1-0017,John,,,primary,5,5A,U1,text_only,4,high
pri-5A-U1-0018,Zoom,,,primary,5,5A,U1,text_only,4,high
pri-5A-U1-0019,Zip,,,primary,5,5A,U1,text_only,4,high
pri-5A-U1-0020,Let,,,primary,5,5A,U1,text_only,4,high
pri-5A-U1-0021,s try,,,primary,5,5A,U1,text_only,4,high
pri-5A-U1-0022,Read and,,,primary,5,5A,U1,text_only,4,high
pri-5A-U1-0023,write,,开始如果你们有听不懂、读不懂、写不对的地方，这很,primary,5,5A,U1,wordlist,4,high
pri-5A-U1-0024,s wrap,,,primary,5,5A,U1,text_only,4,high
pri-5A-U1-0025,it up,,引导你们仔细观察、发现并总结规律,primary,5,5A,U1,wordlist,4,high
pri-5A-U5-0001,Appendix Proverbs,,,primary,5,5A,U5,wordlist,5,high
pri-5A-U5-0002,CONTENTS,,,primary,5,5A,U5,wordlist,5,high
pri-5A-U5-0003,Recycle,,,primary,5,5A,U5,wordlist,5,high
pri-5A-U5-0004,Appendix Songs in each unit,,,primary,5,5A,U5,wordlist,5,high
pri-5A-U5-0005,Appendix Vocabulary,,,primary,5,5A,U5,wordlist,5,high
pri-5A-U5-0006,Appendix Useful expressions,,,primary,5,5A,U5,wordlist,5,high
pri-5A-U5-0007,Appendix Words in each unit,,,primary,5,5A,U5,wordlist,5,high
pri-5A-U1-0026,That is Wu Binbin,,,primary,5,5A,U1,wordlist,7,high
pri-5A-U1-0027,He s very clever,,,primary,5,5A,U1,wordlist,7,high
pri-5A-U1-0028,He s polite too,,,primary,5,5A,U1,wordlist,7,high
pri-5A-U1-0029,This is Amy She s quiet,,,primary,5,5A,U1,wordlist,7,high
pri-5A-U1-0030,She s very hard-working,,,primary,5,5A,U1,wordlist,7,high
pri-5A-U1-0031,Hello My,,,primary,5,5A,U1,wordlist,7,high
pri-5A-U1-0032,name is Oliver,,,primary,5,5A,U1,wordlist,7,high
pri-5A-U1-0033,Hi,,,primary,5,5A,U1,wordlist,7,high
pri-5A-U1-0034,Hello,,,primary,5,5A,U1,wordlist,7,high
pri-5A-U1-0035,Unit One,,,primary,5,5A,U1,wordlist,7,high
pri-5A-U1-0036,Is she strict,,,primary,5,5A,U1,wordlist,8,high
pri-5A-U1-0037,Cool,,,primary,5,5A,U1,wordlist,8,high
pri-5A-U1-0038,What s she like,,,primary,5,5A,U1,wordlist,8,high
pri-5A-U1-0039,She s very kind,,,primary,5,5A,U1,wordlist,8,high
pri-5A-U1-0040,Yes sometimes,,,primary,5,5A,U1,wordlist,8,high
pri-5A-U1-0041,Ms Wang will be our,,,primary,5,5A,U1,wordlist,8,high
pri-5A-U1-0042,new Chinese teacher,,,primary,5,5A,U1,wordlist,8,high
pri-5A-U1-0043,We have a new PE,,,primary,5,5A,U1,wordlist,8,high
pri-5A-U1-0044,teacher He s a good,,,primary,5,5A,U1,wordlist,8,high
pri-5A-U1-0045,football player,,,primary,5,5A,U1,wordlist,8,high
pri-5A-U1-0046,What s he like,,,primary,5,5A,U1,wordlist,8,high
pri-5A-U1-0047,A,,,primary,5,5A,U1,wordlist,9,high
pri-5A-U1-0048,Is she kind,,,primary,5,5A,U1,wordlist,9,high
pri-5A-U1-0049,Miss White,,,primary,5,5A,U1,wordlist,9,high
pri-5A-U1-0050,Yes she is,,,primary,5,5A,U1,wordlist,9,high
pri-5A-U1-0051,Wu Binbin Do you know Mr Young,,,primary,5,5A,U1,wordlist,9,high
pri-5A-U1-0052,Oliver No I don t Who is he,,,primary,5,5A,U1,wordlist,9,high
pri-5A-U1-0053,Wu Binbin He s our music teacher,,,primary,5,5A,U1,wordlist,9,high
pri-5A-U1-0054,Oliver Is he young,,,primary,5,5A,U1,wordlist,9,high
pri-5A-U1-0055,Wu Binbin No he isn t He s old,,,primary,5,5A,U1,wordlist,9,high
pri-5A-U1-0056,Oliver Is he funny,,,primary,5,5A,U1,wordlist,9,high
pri-5A-U1-0057,Wu Binbin Yes he is,,,primary,5,5A,U1,wordlist,9,high
pri-5A-U1-0058,Oliver Great I like funny teachers,,,primary,5,5A,U1,wordlist,9,high
pri-5A-U1-0059,Who s your,,,primary,5,5A,U1,wordlist,9,high
pri-5A-U1-0060,English teacher,,,primary,5,5A,U1,wordlist,9,high
pri-5A-U1-0061,tall,,,primary,5,5A,U1,wordlist,9,high
pri-5A-U1-0062,friendly,,,primary,5,5A,U1,wordlist,9,high
pri-5A-U1-0063,quiet,,,primary,5,5A,U1,wordlist,9,high
pri-5A-U1-0064,funny,,,primary,5,5A,U1,wordlist,9,high
pri-5A-U1-0065,young,,,primary,5,5A,U1,wordlist,9,high
pri-5A-U1-0066,old,,,primary,5,5A,U1,wordlist,9,high
pri-5A-U1-0067,Wu Binbin and Oliver see Mr Li Look at the pictures,,,primary,5,5A,U1,wordlist,9,high
pri-5A-U1-0068,below Listen and tick,,,primary,5,5A,U1,wordlist,9,high
pri-5A-U1-0069,Let s try,,,primary,5,5A,U1,wordlist,9,high
pri-5A-U1-0070,Talk about your teachers,,,primary,5,5A,U1,wordlist,9,high
pri-5A-U1-0071,Let s talk,,,primary,5,5A,U1,wordlist,9,high
pri-5A-U1-0072,Who s your art teacher,,,primary,5,5A,U1,wordlist,10,high
pri-5A-U1-0073,Is he young,,,primary,5,5A,U1,wordlist,10,high
pri-5A-U1-0074,Mr Jones,,,primary,5,5A,U1,wordlist,10,high
pri-5A-U1-0075,Yes he is,,,primary,5,5A,U1,wordlist,10,high
pri-5A-U1-0076,Who s Mrs Smith,,,primary,5,5A,U1,wordlist,10,high
pri-5A-U1-0077,She s the head,,,primary,5,5A,U1,wordlist,10,high
pri-5A-U1-0078,teacher She s tall,,,primary,5,5A,U1,wordlist,10,high
pri-5A-U1-0079,She s strict,,,primary,5,5A,U1,wordlist,10,high
pri-5A-U1-0080,Mr Young,,,primary,5,5A,U1,wordlist,10,high
pri-5A-U1-0081,music teacher,,,primary,5,5A,U1,wordlist,10,high
pri-5A-U1-0082,Mrs Smith,,,primary,5,5A,U1,wordlist,10,high
pri-5A-U1-0083,art teacher,,,primary,5,5A,U1,wordlist,10,high
pri-5A-U1-0084,Miss Green,,,primary,5,5A,U1,wordlist,10,high
pri-5A-U1-0085,science teacher,,,primary,5,5A,U1,wordlist,10,high
pri-5A-U1-0086,Mr Li,,,primary,5,5A,U1,wordlist,10,high
pri-5A-U1-0087,maths teacher,,,primary,5,5A,U1,wordlist,10,high
pri-5A-U1-0088,Let s learn,,,primary,5,5A,U1,wordlist,10,high
pri-5A-U1-0089,Ask and answer,,,primary,5,5A,U1,wordlist,10,high
pri-5A-U1-0090,Words,,,primary,5,5A,U1,wordlist,10,high
pri-5A-U1-0091,baby,,,primary,5,5A,U1,wordlist,11,high
pri-5A-U1-0092,happy,,,primary,5,5A,U1,wordlist,11,high
pri-5A-U1-0093,windy,,,primary,5,5A,U1,wordlist,11,high
pri-5A-U1-0094,sunny,,,primary,5,5A,U1,wordlist,11,high
pri-5A-U1-0095,sorry,,,primary,5,5A,U1,wordlist,11,high
pri-5A-U1-0096,candy,,,primary,5,5A,U1,wordlist,11,high
pri-5A-U1-0097,many,,,primary,5,5A,U1,wordlist,11,high
pri-5A-U1-0098,family,,,primary,5,5A,U1,wordlist,11,high
pri-5A-U1-0099,party,,,primary,5,5A,U1,wordlist,11,high
pri-5A-U1-0100,The,,,primary,5,5A,U1,wordlist,11,high
pri-5A-U1-0101,Choose one sentence from above and write,,,primary,5,5A,U1,wordlist,11,high
pri-5A-U1-0102,I like,,,primary,5,5A,U1,wordlist,11,high
pri-5A-U1-0103,I am,,,primary,5,5A,U1,wordlist,11,high
pri-5A-U1-0104,Let s spell,,,primary,5,5A,U1,wordlist,11,high
pri-5A-U1-0105,Listen number and say,,,primary,5,5A,U1,wordlist,11,high
pri-5A-U1-0106,Listen write and say,,,primary,5,5A,U1,wordlist,11,high
pri-5A-U1-0107,Read listen and chant,,,primary,5,5A,U1,wordlist,11,high
pri-5A-U2-0001,B,,,primary,5,5A,U2,wordlist,12,high
pri-5A-U2-0002,What s Chen Jie like,,,primary,5,5A,U2,wordlist,12,high
pri-5A-U2-0003,She s quiet,,,primary,5,5A,U2,wordlist,12,high
pri-5A-U2-0004,What is Ms Wang like,,,primary,5,5A,U2,wordlist,12,high
pri-5A-U2-0005,Chen Jie Hey Ms Wang will be our,,,primary,5,5A,U2,wordlist,12,high
pri-5A-U2-0006,new Chinese teacher,,,primary,5,5A,U2,wordlist,12,high
pri-5A-U2-0007,John Really What s she like,,,primary,5,5A,U2,wordlist,12,high
pri-5A-U2-0008,Chen Jie She s kind,,,primary,5,5A,U2,wordlist,12,high
pri-5A-U2-0009,John Is she strict,,,primary,5,5A,U2,wordlist,12,high
pri-5A-U2-0010,Chen Jie Yes sometimes,,,primary,5,5A,U2,wordlist,12,high
pri-5A-U2-0011,John Do you know her,,,primary,5,5A,U2,wordlist,12,high
pri-5A-U2-0012,Chen Jie Yes She s my mother,,,primary,5,5A,U2,wordlist,12,high
pri-5A-U2-0013,John Haha Cool,,,primary,5,5A,U2,wordlist,12,high
pri-5A-U2-0014,funny,,,primary,5,5A,U2,wordlist,12,high
pri-5A-U2-0015,quiet,,,primary,5,5A,U2,wordlist,12,high
pri-5A-U2-0016,nice,,,primary,5,5A,U2,wordlist,12,high
pri-5A-U2-0017,kind,,,primary,5,5A,U2,wordlist,12,high
pri-5A-U2-0018,strict,,,primary,5,5A,U2,wordlist,12,high
pri-5A-U2-0019,friendly,,,primary,5,5A,U2,wordlist,12,high
pri-5A-U2-0020,Let s try,,,primary,5,5A,U2,wordlist,12,high
pri-5A-U2-0021,Ms Wang is a new teacher here Listen and tick,,,primary,5,5A,U2,wordlist,12,high
pri-5A-U2-0022,Let s talk,,,primary,5,5A,U2,wordlist,12,high
pri-5A-U2-0023,What are your teachers friends like Talk with your,,,primary,5,5A,U2,wordlist,12,high
pri-5A-U2-0024,partner,,,primary,5,5A,U2,wordlist,12,high
pri-5A-U2-0025,polite,,,primary,5,5A,U2,wordlist,13,high
pri-5A-U2-0026,helpful,,,primary,5,5A,U2,wordlist,13,high
pri-5A-U2-0027,shy,,,primary,5,5A,U2,wordlist,13,high
pri-5A-U2-0028,clever,,,primary,5,5A,U2,wordlist,13,high
pri-5A-U2-0029,hard-working,,,primary,5,5A,U2,wordlist,13,high
pri-5A-U2-0030,What s Wu Binbin like,,,primary,5,5A,U2,wordlist,13,high
pri-5A-U2-0031,He s hard-working,,,primary,5,5A,U2,wordlist,13,high
pri-5A-U2-0032,He is polite,,,primary,5,5A,U2,wordlist,13,high
pri-5A-U2-0033,She is shy,,,primary,5,5A,U2,wordlist,13,high
pri-5A-U2-0034,They are helpful,,,primary,5,5A,U2,wordlist,13,high
pri-5A-U2-0035,They are hard-working,,,primary,5,5A,U2,wordlist,13,high
pri-5A-U2-0036,He s polite,,,primary,5,5A,U2,wordlist,13,high
pri-5A-U2-0037,What s he like,,,primary,5,5A,U2,wordlist,13,high
pri-5A-U2-0038,Let s learn,,,primary,5,5A,U2,wordlist,13,high
pri-5A-U2-0039,Words,,,primary,5,5A,U2,wordlist,13,high
pri-5A-U2-0040,Match and say,,,primary,5,5A,U2,wordlist,13,high
pri-5A-U2-0041,I have a robot His,,,primary,5,5A,U2,wordlist,14,high
pri-5A-U2-0042,name is Robin My,,,primary,5,5A,U2,wordlist,14,high
pri-5A-U2-0043,grandpa made him,,,primary,5,5A,U2,wordlist,14,high
pri-5A-U2-0044,Sept st Tuesday,,,primary,5,5A,U2,wordlist,14,high
pri-5A-U2-0045,Robin is short but,,,primary,5,5A,U2,wordlist,14,high
pri-5A-U2-0046,strong He is really,,,primary,5,5A,U2,wordlist,14,high
pri-5A-U2-0047,clever He can speak,,,primary,5,5A,U2,wordlist,14,high
pri-5A-U2-0048,Chinese and English,,,primary,5,5A,U2,wordlist,14,high
pri-5A-U2-0049,He is strict too He makes me,,,primary,5,5A,U2,wordlist,14,high
pri-5A-U2-0050,finish my homework,,,primary,5,5A,U2,wordlist,14,high
pri-5A-U2-0051,He is hard-working He is,,,primary,5,5A,U2,wordlist,14,high
pri-5A-U2-0052,very helpful at home,,,primary,5,5A,U2,wordlist,14,high
pri-5A-U2-0053,tall,,,primary,5,5A,U2,wordlist,14,high
pri-5A-U2-0054,short,,,primary,5,5A,U2,wordlist,14,high
pri-5A-U2-0055,thin,,,primary,5,5A,U2,wordlist,14,high
pri-5A-U2-0056,strong,,,primary,5,5A,U2,wordlist,14,high
pri-5A-U2-0057,old,,,primary,5,5A,U2,wordlist,14,high
pri-5A-U2-0058,is,,,primary,5,5A,U2,text_only,14,high
pri-5A-U2-0059,Read and write,,,primary,5,5A,U2,wordlist,14,high
pri-5A-U2-0060,Design a robot of your own Draw and write about,,,primary,5,5A,U2,wordlist,14,high
pri-5A-U2-0061,him her,,,primary,5,5A,U2,wordlist,14,high
pri-5A-U2-0062,What is Robin like Read and tick or cross,,,primary,5,5A,U2,wordlist,14,high
pri-5A-U2-0063,Meet Robin,,,primary,5,5A,U2,wordlist,14,high
pri-5A-U2-0064,you we they,,,primary,5,5A,U2,wordlist,15,high
pri-5A-U2-0065,am,,,primary,5,5A,U2,wordlist,15,high
pri-5A-U2-0066,I,,,primary,5,5A,U2,wordlist,15,high
pri-5A-U2-0067,it he she,,,primary,5,5A,U2,wordlist,15,high
pri-5A-U2-0068,are,,,primary,5,5A,U2,wordlist,15,high
pri-5A-U2-0069,I am helpful,,,primary,5,5A,U2,wordlist,15,high
pri-5A-U2-0070,He,,,primary,5,5A,U2,wordlist,15,high
pri-5A-U2-0071,She,,,primary,5,5A,U2,wordlist,15,high
pri-5A-U2-0072,Miss Chen is a maths science teacher,,,primary,5,5A,U2,wordlist,15,high
pri-5A-U2-0073,Mr Grey is a music Chinese teacher,,,primary,5,5A,U2,wordlist,15,high
pri-5A-U2-0074,What is Miss Chen like,,,primary,5,5A,U2,wordlist,15,high
pri-5A-U2-0075,What is Mr Grey like,,,primary,5,5A,U2,wordlist,15,high
pri-5A-U2-0076,It,,,primary,5,5A,U2,wordlist,15,high
pri-5A-U2-0077,They,,,primary,5,5A,U2,wordlist,15,high
pri-5A-U2-0078,Listen again and answer,,,primary,5,5A,U2,wordlist,15,high
pri-5A-U2-0079,Let s check,,,primary,5,5A,U2,wordlist,15,high
pri-5A-U2-0080,Listen and circle,,,primary,5,5A,U2,wordlist,15,high
pri-5A-U2-0081,Let s wrap it up,,,primary,5,5A,U2,wordlist,15,high
pri-5A-U2-0082,Choose and write,,,primary,5,5A,U2,wordlist,15,high
pri-5A-U2-0083,Think and match,,,primary,5,5A,U2,wordlist,15,high
pri-5A-U2-0084,C,,,primary,5,5A,U2,wordlist,16,high
pri-5A-U2-0085,Zip Our new PE teacher,,,primary,5,5A,U2,wordlist,16,high
pri-5A-U2-0086,will come today,,,primary,5,5A,U2,wordlist,16,high
pri-5A-U2-0087,Zoom Really What s he,,,primary,5,5A,U2,wordlist,16,high
pri-5A-U2-0088,like,,,primary,5,5A,U2,wordlist,16,high
pri-5A-U2-0089,Rabbit Can I join you,,,primary,5,5A,U2,wordlist,16,high
pri-5A-U2-0090,Zoom You re very thin and so short,,,primary,5,5A,U2,wordlist,16,high
pri-5A-U2-0091,Can you play football,,,primary,5,5A,U2,wordlist,16,high
pri-5A-U2-0092,Rabbit Sure Let me show you,,,primary,5,5A,U2,wordlist,16,high
pri-5A-U2-0093,Rabbit scores ten goals,,,primary,5,5A,U2,wordlist,16,high
pri-5A-U2-0094,Rabbit Ten to three,,,primary,5,5A,U2,wordlist,16,high
pri-5A-U2-0095,We win,,,primary,5,5A,U2,wordlist,16,high
pri-5A-U2-0096,Zoom You re great,,,primary,5,5A,U2,wordlist,16,high
pri-5A-U2-0097,Dog Our new PE teacher is a,,,primary,5,5A,U2,wordlist,16,high
pri-5A-U2-0098,great football player too,,,primary,5,5A,U2,wordlist,16,high
pri-5A-U2-0099,Rabbit I am your new PE teacher,,,primary,5,5A,U2,wordlist,16,high
pri-5A-U2-0100,Zip Shoot,,,primary,5,5A,U2,wordlist,16,high
pri-5A-U2-0101,Zoom Oh no I missed,,,primary,5,5A,U2,wordlist,16,high
pri-5A-U2-0102,Zip I only know he s a good,,,primary,5,5A,U2,wordlist,16,high
pri-5A-U2-0103,football player,,,primary,5,5A,U2,wordlist,16,high
pri-5A-U2-0104,Zoom He must be tall and strong,,,primary,5,5A,U2,wordlist,16,high
pri-5A-U2-0105,Story time,,,primary,5,5A,U2,wordlist,16,high
pri-5A-U2-0106,What do you have on Fridays,,,primary,5,5A,U2,wordlist,17,high
pri-5A-U2-0107,I have a PE class,,,primary,5,5A,U2,wordlist,17,high
pri-5A-U2-0108,Do you often play sports,,,primary,5,5A,U2,wordlist,17,high
pri-5A-U2-0109,No I don t I,,,primary,5,5A,U2,wordlist,17,high
pri-5A-U2-0110,don t like sports,,,primary,5,5A,U2,wordlist,17,high
pri-5A-U2-0111,Unit Two,,,primary,5,5A,U2,wordlist,17,high
pri-5A-U2-0112,No but I often sleep,,,primary,5,5A,U2,wordlist,18,high
pri-5A-U2-0113,Do you often read,,,primary,5,5A,U2,wordlist,18,high
pri-5A-U2-0114,books on the weekend,,,primary,5,5A,U2,wordlist,18,high
pri-5A-U2-0115,My week,,,primary,5,5A,U2,wordlist,18,high
pri-5A-U2-0116,A,,,primary,5,5A,U2,wordlist,19,high
pri-5A-U2-0117,What do we have,,,primary,5,5A,U2,wordlist,19,high
pri-5A-U2-0118,on Wednesdays,,,primary,5,5A,U2,wordlist,19,high
pri-5A-U2-0119,What do you have on Wednesdays,,,primary,5,5A,U2,wordlist,19,high
pri-5A-U2-0120,We have,,,primary,5,5A,U2,wordlist,19,high
pri-5A-U2-0121,I have,,,primary,5,5A,U2,wordlist,19,high
pri-5A-U2-0122,art,,,primary,5,5A,U2,wordlist,19,high
pri-5A-U2-0123,Chinese,,,primary,5,5A,U2,wordlist,19,high
pri-5A-U2-0124,English,,,primary,5,5A,U2,wordlist,19,high
pri-5A-U2-0125,PE,,,primary,5,5A,U2,wordlist,19,high
pri-5A-U2-0126,John Grandpa Look at my picture,,,primary,5,5A,U2,wordlist,19,high
pri-5A-U2-0127,Grandfather Great What do you have on Thursdays,,,primary,5,5A,U2,wordlist,19,high
pri-5A-U2-0128,John I have maths English and music,,,primary,5,5A,U2,wordlist,19,high
pri-5A-U2-0129,Grandfather Oh I love music Who s your,,,primary,5,5A,U2,wordlist,19,high
pri-5A-U2-0130,music teacher,,,primary,5,5A,U2,wordlist,19,high
pri-5A-U2-0131,John Mr Young,,,primary,5,5A,U2,wordlist,19,high
pri-5A-U2-0132,Grandfather Is he strict,,,primary,5,5A,U2,wordlist,19,high
pri-5A-U2-0133,John No He s funny What do you,,,primary,5,5A,U2,wordlist,19,high
pri-5A-U2-0134,do on Thursdays Grandpa,,,primary,5,5A,U2,wordlist,19,high
pri-5A-U2-0135,Grandfather Oh I have a cooking class,,,primary,5,5A,U2,wordlist,19,high
pri-5A-U2-0136,with your grandma,,,primary,5,5A,U2,wordlist,19,high
pri-5A-U2-0137,John Haha,,,primary,5,5A,U2,wordlist,19,high
pri-5A-U2-0138,Listen and fill in the blank,,,primary,5,5A,U2,wordlist,19,high
pri-5A-U2-0139,What do we have on Wednesdays and Thursdays,,,primary,5,5A,U2,wordlist,19,high
pri-5A-U2-0140,maths,,,primary,5,5A,U2,wordlist,20,high
pri-5A-U2-0141,music,,,primary,5,5A,U2,wordlist,20,high
pri-5A-U2-0142,science,,,primary,5,5A,U2,wordlist,20,high
pri-5A-U2-0143,computer,,,primary,5,5A,U2,wordlist,20,high
pri-5A-U2-0144,class,,,primary,5,5A,U2,wordlist,20,high
pri-5A-U2-0145,What do you have,,,primary,5,5A,U2,wordlist,20,high
pri-5A-U2-0146,on Mondays,,,primary,5,5A,U2,wordlist,20,high
pri-5A-U2-0147,I have Chinese English,,,primary,5,5A,U2,wordlist,20,high
pri-5A-U2-0148,maths and music,,,primary,5,5A,U2,wordlist,20,high
pri-5A-U2-0149,I have PE music,,,primary,5,5A,U2,wordlist,20,high
pri-5A-U2-0150,science and English,,,primary,5,5A,U2,wordlist,20,high
pri-5A-U2-0151,Is it Monday,,,primary,5,5A,U2,wordlist,20,high
pri-5A-U2-0152,No,,,primary,5,5A,U2,wordlist,20,high
pri-5A-U2-0153,Yes,,,primary,5,5A,U2,wordlist,20,high
pri-5A-U2-0154,Is it Friday,,,primary,5,5A,U2,wordlist,20,high
pri-5A-U2-0155,Work out a schedule with your partner,,,primary,5,5A,U2,wordlist,20,high
pri-5A-U2-0156,Let s play,,,primary,5,5A,U2,wordlist,20,high
pri-5A-U2-0157,feet,,,primary,5,5A,U2,wordlist,21,high
pri-5A-U2-0158,tea,,,primary,5,5A,U2,wordlist,21,high
pri-5A-U2-0159,read,,,primary,5,5A,U2,wordlist,21,high
pri-5A-U2-0160,meet feet read,,,primary,5,5A,U2,wordlist,21,high
pri-5A-U2-0161,see tea eat,,,primary,5,5A,U2,wordlist,21,high
pri-5A-U2-0162,feed repeat beef,,,primary,5,5A,U2,wordlist,21,high
pri-5A-U2-0163,eat,,,primary,5,5A,U2,wordlist,21,high
pri-5A-U2-0164,beef,,,primary,5,5A,U2,wordlist,21,high
pri-5A-U2-0165,meet,,,primary,5,5A,U2,wordlist,21,high
pri-5A-U2-0166,I like to,,,primary,5,5A,U2,wordlist,21,high
pri-5A-U2-0167,the sea,,,primary,5,5A,U2,wordlist,21,high
pri-5A-U2-0168,Have some,,,primary,5,5A,U2,wordlist,21,high
pri-5A-U2-0169,and,,,primary,5,5A,U2,wordlist,21,high
pri-5A-U2-0170,the baby,,,primary,5,5A,U2,text_only,21,high
pri-5A-U2-0171,Choose one sentence from above and write,,,primary,5,5A,U2,wordlist,21,high
pri-5A-U2-0172,Let s spell,,,primary,5,5A,U2,wordlist,21,high
pri-5A-U2-0173,Read listen and chant,,,primary,5,5A,U2,wordlist,21,high
pri-5A-U2-0174,Listen write and say,,,primary,5,5A,U2,wordlist,21,high
pri-5A-U2-0175,Listen repeat and circle,,,primary,5,5A,U2,wordlist,21,high
pri-5A-U3-0001,B,,,primary,5,5A,U3,wordlist,22,high
pri-5A-U3-0002,It s Saturday afternoon,,,primary,5,5A,U3,wordlist,22,high
pri-5A-U3-0003,Zhang Peng Hi Sarah What s that,,,primary,5,5A,U3,wordlist,22,high
pri-5A-U3-0004,Sarah It s a storybook,,,primary,5,5A,U3,wordlist,22,high
pri-5A-U3-0005,Zhang Peng Do you often read books,,,primary,5,5A,U3,wordlist,22,high
pri-5A-U3-0006,in this park,,,primary,5,5A,U3,wordlist,22,high
pri-5A-U3-0007,Sarah No I don t Do you often,,,primary,5,5A,U3,wordlist,22,high
pri-5A-U3-0008,play football here,,,primary,5,5A,U3,wordlist,22,high
pri-5A-U3-0009,Zhang Peng Yes I do I like this park,,,primary,5,5A,U3,wordlist,22,high
pri-5A-U3-0010,very much,,,primary,5,5A,U3,wordlist,22,high
pri-5A-U3-0011,Sarah Me too,,,primary,5,5A,U3,wordlist,22,high
pri-5A-U3-0012,Do you often play ping-pong,,,primary,5,5A,U3,wordlist,22,high
pri-5A-U3-0013,on the weekend,,,primary,5,5A,U3,wordlist,22,high
pri-5A-U3-0014,Yes I do,,,primary,5,5A,U3,wordlist,22,high
pri-5A-U3-0015,No I don t,,,primary,5,5A,U3,wordlist,22,high
pri-5A-U3-0016,Do you often,,,primary,5,5A,U3,wordlist,22,high
pri-5A-U3-0017,listen to music,,,primary,5,5A,U3,wordlist,22,high
pri-5A-U3-0018,play ping-pong,,,primary,5,5A,U3,wordlist,22,high
pri-5A-U3-0019,play football,,,primary,5,5A,U3,wordlist,22,high
pri-5A-U3-0020,Let s try,,,primary,5,5A,U3,wordlist,22,high
pri-5A-U3-0021,It is Saturday morning Zhang Peng calls Oliver Listen,,,primary,5,5A,U3,wordlist,22,high
pri-5A-U3-0022,and tick,,,primary,5,5A,U3,wordlist,22,high
pri-5A-U3-0023,Let s talk,,,primary,5,5A,U3,wordlist,22,high
pri-5A-U3-0024,Ask and answer,,,primary,5,5A,U3,wordlist,22,high
pri-5A-U3-0025,I often do homework watch TV and draw pictures on,,,primary,5,5A,U3,wordlist,23,high
pri-5A-U3-0026,the weekend,,,primary,5,5A,U3,wordlist,23,high
pri-5A-U3-0027,I often wash my clothes clean my room and play the,,,primary,5,5A,U3,wordlist,23,high
pri-5A-U3-0028,I often read books on the weekend,,,primary,5,5A,U3,wordlist,23,high
pri-5A-U3-0029,wash my clothes,,,primary,5,5A,U3,wordlist,23,high
pri-5A-U3-0030,watch TV,,,primary,5,5A,U3,wordlist,23,high
pri-5A-U3-0031,do homework,,,primary,5,5A,U3,wordlist,23,high
pri-5A-U3-0032,read books,,,primary,5,5A,U3,wordlist,23,high
pri-5A-U3-0033,Do you often wash your,,,primary,5,5A,U3,wordlist,23,high
pri-5A-U3-0034,clothes on the weekend,,,primary,5,5A,U3,wordlist,23,high
pri-5A-U3-0035,What about you,,,primary,5,5A,U3,wordlist,23,high
pri-5A-U3-0036,I often,,,primary,5,5A,U3,wordlist,23,high
pri-5A-U3-0037,pipa,,,primary,5,5A,U3,wordlist,23,high
pri-5A-U3-0038,Let s learn,,,primary,5,5A,U3,wordlist,23,high
pri-5A-U3-0039,Words,,,primary,5,5A,U3,wordlist,23,high
pri-5A-U3-0040,Group work,,,primary,5,5A,U3,wordlist,23,high
pri-5A-U3-0041,What do you often do on the weekend,,,primary,5,5A,U3,wordlist,23,high
pri-5A-U3-0042,Robin You look tired What do,,,primary,5,5A,U3,wordlist,24,high
pri-5A-U3-0043,you have on Fridays,,,primary,5,5A,U3,wordlist,24,high
pri-5A-U3-0044,Wu Binbin I have PE,,,primary,5,5A,U3,wordlist,24,high
pri-5A-U3-0045,Robin Do you often play sports,,,primary,5,5A,U3,wordlist,24,high
pri-5A-U3-0046,Wu Binbin No I don t I don t like,,,primary,5,5A,U3,wordlist,24,high
pri-5A-U3-0047,sports,,,primary,5,5A,U3,wordlist,24,high
pri-5A-U3-0048,Robin What do you often do,,,primary,5,5A,U3,wordlist,24,high
pri-5A-U3-0049,Wu Binbin I often watch TV,,,primary,5,5A,U3,wordlist,24,high
pri-5A-U3-0050,Sometimes I read,,,primary,5,5A,U3,wordlist,24,high
pri-5A-U3-0051,books,,,primary,5,5A,U3,wordlist,24,high
pri-5A-U3-0052,Wu Binbin often watches TV on the weekend,,,primary,5,5A,U3,wordlist,24,high
pri-5A-U3-0053,Wu Binbin often reads books on the weekend,,,primary,5,5A,U3,wordlist,24,high
pri-5A-U3-0054,Wu Binbin likes sports,,,primary,5,5A,U3,wordlist,24,high
pri-5A-U3-0055,Sarah What do you have on Mondays,,,primary,5,5A,U3,wordlist,24,high
pri-5A-U3-0056,Wu Binbin I have a football class,,,primary,5,5A,U3,wordlist,24,high
pri-5A-U3-0057,Sarah What do you have on Tuesdays,,,primary,5,5A,U3,wordlist,24,high
pri-5A-U3-0058,Wu Binbin,,,primary,5,5A,U3,wordlist,24,high
pri-5A-U3-0059,Sarah,,,primary,5,5A,U3,wordlist,24,high
pri-5A-U3-0060,Wu Binbin I have a basketball class,,,primary,5,5A,U3,wordlist,24,high
pri-5A-U3-0061,Mon,,,primary,5,5A,U3,wordlist,24,high
pri-5A-U3-0062,Wed,,,primary,5,5A,U3,wordlist,24,high
pri-5A-U3-0063,Fri,,,primary,5,5A,U3,wordlist,24,high
pri-5A-U3-0064,Sun,,,primary,5,5A,U3,wordlist,24,high
pri-5A-U3-0065,Tues,,,primary,5,5A,U3,wordlist,24,high
pri-5A-U3-0066,Thur,,,primary,5,5A,U3,wordlist,24,high
pri-5A-U3-0067,Sat,,,primary,5,5A,U3,wordlist,24,high
pri-5A-U3-0068,You should play sports every day,,,primary,5,5A,U3,wordlist,24,high
pri-5A-U3-0069,Here is a new schedule for you,,,primary,5,5A,U3,wordlist,24,high
pri-5A-U3-0070,Robin s advice,,,primary,5,5A,U3,wordlist,24,high
pri-5A-U3-0071,Read and write,,,primary,5,5A,U3,wordlist,24,high
pri-5A-U3-0072,Look at the schedule above and complete the,,,primary,5,5A,U3,wordlist,24,high
pri-5A-U3-0073,dialogue below,,,primary,5,5A,U3,wordlist,24,high
pri-5A-U3-0074,Tick or cross,,,primary,5,5A,U3,wordlist,24,high
pri-5A-U3-0075,Satur,,,primary,5,5A,U3,wordlist,25,high
pri-5A-U3-0076,bed,,,primary,5,5A,U3,wordlist,25,high
pri-5A-U3-0077,Wednes,,,primary,5,5A,U3,wordlist,25,high
pri-5A-U3-0078,Thurs,,,primary,5,5A,U3,wordlist,25,high
pri-5A-U3-0079,bath,,,primary,5,5A,U3,wordlist,25,high
pri-5A-U3-0080,class,,,primary,5,5A,U3,wordlist,25,high
pri-5A-U3-0081,Saturday,,,primary,5,5A,U3,wordlist,25,high
pri-5A-U3-0082,Do you read books on the weekend,,,primary,5,5A,U3,wordlist,25,high
pri-5A-U3-0083,Yes No,,,primary,5,5A,U3,wordlist,25,high
pri-5A-U3-0084,Do you watch TV on the weekend Yes No,,,primary,5,5A,U3,wordlist,25,high
pri-5A-U3-0085,Mon day Monday bed room bedroom,,,primary,5,5A,U3,wordlist,25,high
pri-5A-U3-0086,Do you wash your clothes on the weekend Yes No,,,primary,5,5A,U3,wordlist,25,high
pri-5A-U3-0087,Read and circle,,,primary,5,5A,U3,wordlist,25,high
pri-5A-U3-0088,Complete the words,,,primary,5,5A,U3,wordlist,25,high
pri-5A-U3-0089,Let s check,,,primary,5,5A,U3,wordlist,25,high
pri-5A-U3-0090,Listen and number,,,primary,5,5A,U3,wordlist,25,high
pri-5A-U3-0091,Let s wrap it up,,,primary,5,5A,U3,wordlist,25,high
pri-5A-U3-0092,C,,,primary,5,5A,U3,wordlist,26,high
pri-5A-U3-0093,Zoom It s a new school year,,,primary,5,5A,U3,wordlist,26,high
pri-5A-U3-0094,I need to do some,,,primary,5,5A,U3,wordlist,26,high
pri-5A-U3-0095,shopping,,,primary,5,5A,U3,wordlist,26,high
pri-5A-U3-0096,Zip I ll help,,,primary,5,5A,U3,wordlist,26,high
pri-5A-U3-0097,Zip We have English on,,,primary,5,5A,U3,wordlist,26,high
pri-5A-U3-0098,Mondays and Wednesdays,,,primary,5,5A,U3,wordlist,26,high
pri-5A-U3-0099,Zoom I need some notebooks,,,primary,5,5A,U3,wordlist,26,high
pri-5A-U3-0100,and pencils,,,primary,5,5A,U3,wordlist,26,high
pri-5A-U3-0101,Zip We have maths on,,,primary,5,5A,U3,wordlist,26,high
pri-5A-U3-0102,Tuesdays,,,primary,5,5A,U3,wordlist,26,high
pri-5A-U3-0103,Zoom I need a ruler,,,primary,5,5A,U3,wordlist,26,high
pri-5A-U3-0104,Zip On Thursdays we have,,,primary,5,5A,U3,wordlist,26,high
pri-5A-U3-0105,art,,,primary,5,5A,U3,wordlist,26,high
pri-5A-U3-0106,Zoom I need a box of crayons,,,primary,5,5A,U3,wordlist,26,high
pri-5A-U3-0107,Zip We have PE on Fridays,,,primary,5,5A,U3,wordlist,26,high
pri-5A-U3-0108,Zoom I want a new football,,,primary,5,5A,U3,wordlist,26,high
pri-5A-U3-0109,please We can play,,,primary,5,5A,U3,wordlist,26,high
pri-5A-U3-0110,with it on the weekend,,,primary,5,5A,U3,wordlist,26,high
pri-5A-U3-0111,Zip I m sorry Zoom We don t,,,primary,5,5A,U3,wordlist,26,high
pri-5A-U3-0112,have enough money I ll put,,,primary,5,5A,U3,wordlist,26,high
pri-5A-U3-0113,back the football,,,primary,5,5A,U3,wordlist,26,high
pri-5A-U3-0114,Zoom Oh no,,,primary,5,5A,U3,wordlist,26,high
pri-5A-U3-0115,Story time,,,primary,5,5A,U3,wordlist,26,high
pri-5A-U3-0116,What s your favourite food,,,primary,5,5A,U3,wordlist,27,high
pri-5A-U3-0117,The sandwich is delicious,,,primary,5,5A,U3,wordlist,27,high
pri-5A-U3-0118,Salad,,,primary,5,5A,U3,wordlist,27,high
pri-5A-U3-0119,Unit Three,,,primary,5,5A,U3,wordlist,27,high
pri-5A-U3-0120,Salad It s,,,primary,5,5A,U3,wordlist,28,high
pri-5A-U3-0121,healthy,,,primary,5,5A,U3,wordlist,28,high
pri-5A-U3-0122,I d like some noodles,,,primary,5,5A,U3,wordlist,28,high
pri-5A-U3-0123,It s my birthday today,,,primary,5,5A,U3,wordlist,28,high
pri-5A-U3-0124,Very sweet Yum,,,primary,5,5A,U3,wordlist,28,high
pri-5A-U3-0125,What would you like to eat,,,primary,5,5A,U3,wordlist,28,high
pri-5A-U3-0126,Don t eat,,,primary,5,5A,U3,wordlist,28,high
pri-5A-U3-0127,too much,,,primary,5,5A,U3,wordlist,28,high
pri-5A-U3-0128,Happy birthday,,,primary,5,5A,U3,wordlist,28,high
pri-5A-U3-0129,Thank you,,,primary,5,5A,U3,wordlist,28,high
pri-5A-U3-0130,What would,,,primary,5,5A,U3,wordlist,28,high
pri-5A-U3-0131,you like,,,primary,5,5A,U3,wordlist,28,high
pri-5A-U3-0132,A,,,primary,5,5A,U3,wordlist,29,high
pri-5A-U3-0133,you like to eat,,,primary,5,5A,U3,wordlist,29,high
pri-5A-U3-0134,you like to drink,,,primary,5,5A,U3,wordlist,29,high
pri-5A-U3-0135,bread,,,primary,5,5A,U3,wordlist,29,high
pri-5A-U3-0136,noodles,,,primary,5,5A,U3,wordlist,29,high
pri-5A-U3-0137,chicken,,,primary,5,5A,U3,wordlist,29,high
pri-5A-U3-0138,chicken and bread,,,primary,5,5A,U3,wordlist,29,high
pri-5A-U3-0139,beef noodles,,,primary,5,5A,U3,wordlist,29,high
pri-5A-U3-0140,rice and vegetables,,,primary,5,5A,U3,wordlist,29,high
pri-5A-U3-0141,orange juice,,,primary,5,5A,U3,wordlist,29,high
pri-5A-U3-0142,water,,,primary,5,5A,U3,wordlist,29,high
pri-5A-U3-0143,tea,,,primary,5,5A,U3,wordlist,29,high
pri-5A-U3-0144,She would like some,,,primary,5,5A,U3,wordlist,29,high
pri-5A-U3-0145,Father I m hungry,,,primary,5,5A,U3,wordlist,29,high
pri-5A-U3-0146,Mother What would you like to eat,,,primary,5,5A,U3,wordlist,29,high
pri-5A-U3-0147,Father A sandwich please,,,primary,5,5A,U3,wordlist,29,high
pri-5A-U3-0148,Mother OK,,,primary,5,5A,U3,wordlist,29,high
pri-5A-U3-0149,Sarah What would you like to drink,,,primary,5,5A,U3,wordlist,29,high
pri-5A-U3-0150,Father I d like some water I m thirsty,,,primary,5,5A,U3,wordlist,29,high
pri-5A-U3-0151,Sarah Here you are,,,primary,5,5A,U3,wordlist,29,high
pri-5A-U3-0152,Father Thanks,,,primary,5,5A,U3,wordlist,29,high
pri-5A-U3-0153,Sarah is hungry What would she like,,,primary,5,5A,U3,wordlist,29,high
pri-5A-U3-0154,to eat Listen and fill in the blanks,,,primary,5,5A,U3,wordlist,29,high
pri-5A-U3-0155,sandwich,,,primary,5,5A,U3,wordlist,30,high
pri-5A-U3-0156,hamburger,,,primary,5,5A,U3,wordlist,30,high
pri-5A-U3-0157,ice cream,,,primary,5,5A,U3,wordlist,30,high
pri-5A-U3-0158,My order,,,primary,5,5A,U3,wordlist,30,high
pri-5A-U3-0159,Food,,,primary,5,5A,U3,wordlist,30,high
pri-5A-U3-0160,Drink,,,primary,5,5A,U3,wordlist,30,high
pri-5A-U3-0161,I d like a sandwich a hot,,,primary,5,5A,U3,wordlist,30,high
pri-5A-U3-0162,dog a hamburger,,,primary,5,5A,U3,wordlist,30,high
pri-5A-U3-0163,I d like some tea,,,primary,5,5A,U3,wordlist,30,high
pri-5A-U3-0164,s order,,,primary,5,5A,U3,text_only,30,high
pri-5A-U3-0165,I d like a,,,primary,5,5A,U3,wordlist,30,high
pri-5A-U3-0166,sandwich please,,,primary,5,5A,U3,wordlist,30,high
pri-5A-U3-0167,Role-play,,,primary,5,5A,U3,wordlist,30,high
pri-5A-U3-0168,cow snow down,,,primary,5,5A,U3,wordlist,31,high
pri-5A-U3-0169,how flower window,,,primary,5,5A,U3,wordlist,31,high
pri-5A-U3-0170,now snowy slow,,,primary,5,5A,U3,wordlist,31,high
pri-5A-U3-0171,wow tomorrow yellow,,,primary,5,5A,U3,wordlist,31,high
pri-5A-U3-0172,cow,,,primary,5,5A,U3,wordlist,31,high
pri-5A-U3-0173,slow,,,primary,5,5A,U3,wordlist,31,high
pri-5A-U3-0174,flower,,,primary,5,5A,U3,wordlist,31,high
pri-5A-U3-0175,snow,,,primary,5,5A,U3,wordlist,31,high
pri-5A-U3-0176,wow,,,primary,5,5A,U3,wordlist,31,high
pri-5A-U3-0177,yellow,,,primary,5,5A,U3,wordlist,31,high
pri-5A-U3-0178,down,,,primary,5,5A,U3,wordlist,31,high
pri-5A-U3-0179,window,,,primary,5,5A,U3,wordlist,31,high
pri-5A-U3-0180,I see a yellow,,,primary,5,5A,U3,wordlist,31,high
pri-5A-U3-0181,about tomorrow,,,primary,5,5A,U3,text_only,31,high
pri-5A-U3-0182,Choose one sentence from above and write,,,primary,5,5A,U3,wordlist,31,high
pri-5A-U3-0183,Let s spell,,,primary,5,5A,U3,wordlist,31,high
pri-5A-U3-0184,Read listen and chant,,,primary,5,5A,U3,wordlist,31,high
pri-5A-U3-0185,Listen circle and say,,,primary,5,5A,U3,wordlist,31,high
pri-5A-U3-0186,Listen write and say,,,primary,5,5A,U3,wordlist,31,high
pri-5A-U4-0001,B,,,primary,5,5A,U4,wordlist,32,high
pri-5A-U4-0002,Name,,,primary,5,5A,U4,wordlist,32,high
pri-5A-U4-0003,Favourite food,,,primary,5,5A,U4,wordlist,32,high
pri-5A-U4-0004,Favourite drink,,,primary,5,5A,U4,wordlist,32,high
pri-5A-U4-0005,Sarah s favourite,,,primary,5,5A,U4,wordlist,32,high
pri-5A-U4-0006,food is fish Her,,,primary,5,5A,U4,wordlist,32,high
pri-5A-U4-0007,favourite drink is milk,,,primary,5,5A,U4,wordlist,32,high
pri-5A-U4-0008,Sarah What s your favourite food,,,primary,5,5A,U4,wordlist,32,high
pri-5A-U4-0009,Zhang Peng Noodles I love beef noodles They re delicious,,,primary,5,5A,U4,wordlist,32,high
pri-5A-U4-0010,What s your favourite food,,,primary,5,5A,U4,wordlist,32,high
pri-5A-U4-0011,Sarah Fish,,,primary,5,5A,U4,wordlist,32,high
pri-5A-U4-0012,Zhang Peng Well let s see We have beef noodles and fish,,,primary,5,5A,U4,wordlist,32,high
pri-5A-U4-0013,sandwiches today,,,primary,5,5A,U4,wordlist,32,high
pri-5A-U4-0014,Sarah Great,,,primary,5,5A,U4,wordlist,32,high
pri-5A-U4-0015,Let s try,,,primary,5,5A,U4,wordlist,32,high
pri-5A-U4-0016,Zhang Peng and Sarah are,,,primary,5,5A,U4,wordlist,32,high
pri-5A-U4-0017,thirsty Listen and match,,,primary,5,5A,U4,wordlist,32,high
pri-5A-U4-0018,Let s talk,,,primary,5,5A,U4,wordlist,32,high
pri-5A-U4-0019,Ask your friends about their,,,primary,5,5A,U4,wordlist,32,high
pri-5A-U4-0020,favourite food and drink,,,primary,5,5A,U4,wordlist,32,high
pri-5A-U4-0021,They are hot,,,primary,5,5A,U4,wordlist,33,high
pri-5A-U4-0022,They are,,,primary,5,5A,U4,wordlist,33,high
pri-5A-U4-0023,It is very,,,primary,5,5A,U4,wordlist,33,high
pri-5A-U4-0024,What s your,,,primary,5,5A,U4,wordlist,33,high
pri-5A-U4-0025,Ice cream,,,primary,5,5A,U4,wordlist,33,high
pri-5A-U4-0026,It s sweet,,,primary,5,5A,U4,wordlist,33,high
pri-5A-U4-0027,I love ice cream It s sweet,,,primary,5,5A,U4,wordlist,33,high
pri-5A-U4-0028,What about you,,,primary,5,5A,U4,wordlist,33,high
pri-5A-U4-0029,Let s learn,,,primary,5,5A,U4,wordlist,33,high
pri-5A-U4-0030,Words,,,primary,5,5A,U4,wordlist,33,high
pri-5A-U4-0031,Look write and say,,,primary,5,5A,U4,wordlist,33,high
pri-5A-U4-0032,Dear Robin,,,primary,5,5A,U4,wordlist,34,high
pri-5A-U4-0033,My favourite food is,,,primary,5,5A,U4,wordlist,34,high
pri-5A-U4-0034,I don t like,,,primary,5,5A,U4,wordlist,34,high
pri-5A-U4-0035,Thank you,,,primary,5,5A,U4,wordlist,34,high
pri-5A-U4-0036,My favourite food is ice cream,,,primary,5,5A,U4,wordlist,34,high
pri-5A-U4-0037,It is sweet I don t like beef but,,,primary,5,5A,U4,wordlist,34,high
pri-5A-U4-0038,chicken is OK Onions are my,,,primary,5,5A,U4,wordlist,34,high
pri-5A-U4-0039,favourite vegetable I like salad,,,primary,5,5A,U4,wordlist,34,high
pri-5A-U4-0040,very much,,,primary,5,5A,U4,wordlist,34,high
pri-5A-U4-0041,Binbin,,,primary,5,5A,U4,wordlist,34,high
pri-5A-U4-0042,chicken It is delicious,,,primary,5,5A,U4,wordlist,34,high
pri-5A-U4-0043,I like vegetables but not,,,primary,5,5A,U4,wordlist,34,high
pri-5A-U4-0044,carrots,,,primary,5,5A,U4,wordlist,34,high
pri-5A-U4-0045,Thanks,,,primary,5,5A,U4,wordlist,34,high
pri-5A-U4-0046,Grandpa,,,primary,5,5A,U4,wordlist,34,high
pri-5A-U4-0047,Here you are,,,primary,5,5A,U4,wordlist,34,high
pri-5A-U4-0048,Chicken ice cream,,,primary,5,5A,U4,wordlist,34,high
pri-5A-U4-0049,Oh no,,,primary,5,5A,U4,wordlist,34,high
pri-5A-U4-0050,Robin will cook today,,,primary,5,5A,U4,wordlist,34,high
pri-5A-U4-0051,Read and write,,,primary,5,5A,U4,wordlist,34,high
pri-5A-U4-0052,What can they both eat Read and tick,,,primary,5,5A,U4,wordlist,34,high
pri-5A-U4-0053,What would you like to eat Write to Robin please,,,primary,5,5A,U4,wordlist,34,high
pri-5A-U4-0054,banana,,,primary,5,5A,U4,wordlist,35,high
pri-5A-U4-0055,pear,,,primary,5,5A,U4,wordlist,35,high
pri-5A-U4-0056,carrot,,,primary,5,5A,U4,wordlist,35,high
pri-5A-U4-0057,noodle,,,primary,5,5A,U4,wordlist,35,high
pri-5A-U4-0058,hamburger,,,primary,5,5A,U4,wordlist,35,high
pri-5A-U4-0059,onion,,,primary,5,5A,U4,wordlist,35,high
pri-5A-U4-0060,Her favourite drink is,,,primary,5,5A,U4,wordlist,35,high
pri-5A-U4-0061,one banana,,,primary,5,5A,U4,wordlist,35,high
pri-5A-U4-0062,two bananas,,,primary,5,5A,U4,wordlist,35,high
pri-5A-U4-0063,one sandwich,,,primary,5,5A,U4,wordlist,35,high
pri-5A-U4-0064,two sandwiches,,,primary,5,5A,U4,wordlist,35,high
pri-5A-U4-0065,bananas,,,primary,5,5A,U4,wordlist,35,high
pri-5A-U4-0066,sandwich,,,primary,5,5A,U4,wordlist,35,high
pri-5A-U4-0067,potato,,,primary,5,5A,U4,wordlist,35,high
pri-5A-U4-0068,tomato,,,primary,5,5A,U4,wordlist,35,high
pri-5A-U4-0069,dress,,,primary,5,5A,U4,wordlist,35,high
pri-5A-U4-0070,box,,,primary,5,5A,U4,wordlist,35,high
pri-5A-U4-0071,class,,,primary,5,5A,U4,wordlist,35,high
pri-5A-U4-0072,sandwiches,,,primary,5,5A,U4,wordlist,35,high
pri-5A-U4-0073,Let s check,,,primary,5,5A,U4,wordlist,35,high
pri-5A-U4-0074,What would Amy like Listen and tick,,,primary,5,5A,U4,wordlist,35,high
pri-5A-U4-0075,Let s wrap it up,,,primary,5,5A,U4,wordlist,35,high
pri-5A-U4-0076,Fill in the table,,,primary,5,5A,U4,wordlist,35,high
pri-5A-U4-0077,What is Amy s favourite drink Fill in the blank,,,primary,5,5A,U4,wordlist,35,high
pri-5A-U5-0008,C,,,primary,5,5A,U5,wordlist,36,high
pri-5A-U5-0009,Zoom I m hungry,,,primary,5,5A,U5,wordlist,36,high
pri-5A-U5-0010,Zip What would you like to eat,,,primary,5,5A,U5,wordlist,36,high
pri-5A-U5-0011,Zoom I d like a salad,,,primary,5,5A,U5,wordlist,36,high
pri-5A-U5-0012,Zip No problem I have,,,primary,5,5A,U5,wordlist,36,high
pri-5A-U5-0013,tomatoes carrots,,,primary,5,5A,U5,wordlist,36,high
pri-5A-U5-0014,and onions,,,primary,5,5A,U5,wordlist,36,high
pri-5A-U5-0015,Zip Please clean,,,primary,5,5A,U5,wordlist,36,high
pri-5A-U5-0016,the vegetables,,,primary,5,5A,U5,wordlist,36,high
pri-5A-U5-0017,Zoom OK,,,primary,5,5A,U5,wordlist,36,high
pri-5A-U5-0018,Zoom It looks nice,,,primary,5,5A,U5,wordlist,36,high
pri-5A-U5-0019,Zip It s healthy too,,,primary,5,5A,U5,wordlist,36,high
pri-5A-U5-0020,Zip Here s some,,,primary,5,5A,U5,wordlist,36,high
pri-5A-U5-0021,fresh milk,,,primary,5,5A,U5,wordlist,36,high
pri-5A-U5-0022,Zoom Thank you,,,primary,5,5A,U5,wordlist,36,high
pri-5A-U5-0023,Dinner at the farm is,,,primary,5,5A,U5,wordlist,36,high
pri-5A-U5-0024,great,,,primary,5,5A,U5,wordlist,36,high
pri-5A-U5-0025,Zoom Be careful,,,primary,5,5A,U5,wordlist,36,high
pri-5A-U5-0026,Zip I will Thank you,,,primary,5,5A,U5,wordlist,36,high
pri-5A-U5-0027,Zip The vegetables,,,primary,5,5A,U5,wordlist,36,high
pri-5A-U5-0028,are so fresh,,,primary,5,5A,U5,wordlist,36,high
pri-5A-U5-0029,Zoom They re delicious,,,primary,5,5A,U5,wordlist,36,high
pri-5A-U5-0030,too,,,primary,5,5A,U5,wordlist,36,high
pri-5A-U5-0031,Story time,,,primary,5,5A,U5,wordlist,36,high
pri-5A-U5-0032,Ms Brown,,,primary,5,5A,U5,wordlist,37,high
pri-5A-U5-0033,Mr Reed,,,primary,5,5A,U5,wordlist,37,high
pri-5A-U5-0034,Mr White,,,primary,5,5A,U5,wordlist,37,high
pri-5A-U5-0035,Mr Smith,,,primary,5,5A,U5,wordlist,37,high
pri-5A-U5-0036,Ms Zhang,,,primary,5,5A,U5,wordlist,37,high
pri-5A-U5-0037,Mr Kelly,,,primary,5,5A,U5,wordlist,37,high
pri-5A-U5-0038,David These are my teachers,,,primary,5,5A,U5,wordlist,37,high
pri-5A-U5-0039,Chen Jie Who s your Chinese teacher,,,primary,5,5A,U5,wordlist,37,high
pri-5A-U5-0040,David Look at that picture That s Ms Zhang,,,primary,5,5A,U5,wordlist,37,high
pri-5A-U5-0041,our Chinese teacher,,,primary,5,5A,U5,wordlist,37,high
pri-5A-U5-0042,Chen Jie What s she like Is she kind,,,primary,5,5A,U5,wordlist,37,high
pri-5A-U5-0043,David Yes She s very kind but she s strict,,,primary,5,5A,U5,wordlist,37,high
pri-5A-U5-0044,sometimes,,,primary,5,5A,U5,wordlist,37,high
pri-5A-U5-0045,Chen Jie at Willow Primary School,,,primary,5,5A,U5,wordlist,37,high
pri-5A-U5-0046,Chen Jie is visiting Willow Primary School in the UK,,,primary,5,5A,U5,wordlist,37,high
pri-5A-U5-0047,David is a student in the school Look at the pictures,,,primary,5,5A,U5,wordlist,37,high
pri-5A-U5-0048,Talk about the teachers with your partner,,,primary,5,5A,U5,wordlist,37,high
pri-5A-U5-0049,Morning,,,primary,5,5A,U5,wordlist,38,high
pri-5A-U5-0050,Afternoon,,,primary,5,5A,U5,wordlist,38,high
pri-5A-U5-0051,English,,,primary,5,5A,U5,wordlist,38,high
pri-5A-U5-0052,science,,,primary,5,5A,U5,wordlist,38,high
pri-5A-U5-0053,reading,,,primary,5,5A,U5,wordlist,38,high
pri-5A-U5-0054,maths,,,primary,5,5A,U5,wordlist,38,high
pri-5A-U5-0055,computer,,,primary,5,5A,U5,wordlist,38,high
pri-5A-U5-0056,class,,,primary,5,5A,U5,wordlist,38,high
pri-5A-U5-0057,music,,,primary,5,5A,U5,wordlist,38,high
pri-5A-U5-0058,Chinese,,,primary,5,5A,U5,wordlist,38,high
pri-5A-U5-0059,Monday Tuesday Wednesday Thursday Friday,,,primary,5,5A,U5,wordlist,38,high
pri-5A-U5-0060,What is David s favourite class A English,,,primary,5,5A,U5,wordlist,38,high
pri-5A-U5-0061,B Chinese,,,primary,5,5A,U5,wordlist,38,high
pri-5A-U5-0062,What is Jean s favourite class A Music,,,primary,5,5A,U5,wordlist,38,high
pri-5A-U5-0063,B Art,,,primary,5,5A,U5,wordlist,38,high
pri-5A-U5-0064,What is Dean s favourite class A Computer class B PE,,,primary,5,5A,U5,wordlist,38,high
pri-5A-U5-0065,Students have science maths and art on Wednesdays,,,primary,5,5A,U5,wordlist,38,high
pri-5A-U5-0066,David and Jean have two reading classes on Fridays,,,primary,5,5A,U5,wordlist,38,high
pri-5A-U5-0067,They don t have maths on Mondays,,,primary,5,5A,U5,wordlist,38,high
pri-5A-U5-0068,Jean and Dean have music classes on Tuesdays Thursdays,,,primary,5,5A,U5,wordlist,38,high
pri-5A-U5-0069,and Fridays,,,primary,5,5A,U5,wordlist,38,high
pri-5A-U5-0070,Chen Jie meets some new friends at Willow Primary,,,primary,5,5A,U5,wordlist,38,high
pri-5A-U5-0071,School Listen to the dialogues and fill in the table,,,primary,5,5A,U5,wordlist,38,high
pri-5A-U5-0072,Listen to the dialogues again Circle the right answers,,,primary,5,5A,U5,wordlist,38,high
pri-5A-U5-0073,Look at the schedule above Tick or cross,,,primary,5,5A,U5,wordlist,38,high
pri-5A-U5-0074,What would you,,,primary,5,5A,U5,wordlist,39,high
pri-5A-U5-0075,like to eat,,,primary,5,5A,U5,wordlist,39,high
pri-5A-U5-0076,bananas,,,primary,5,5A,U5,wordlist,39,high
pri-5A-U5-0077,Monday,,,primary,5,5A,U5,wordlist,39,high
pri-5A-U5-0078,Tuesday,,,primary,5,5A,U5,wordlist,39,high
pri-5A-U5-0079,Wednesday,,,primary,5,5A,U5,wordlist,39,high
pri-5A-U5-0080,Thursday,,,primary,5,5A,U5,wordlist,39,high
pri-5A-U5-0081,Friday,,,primary,5,5A,U5,wordlist,39,high
pri-5A-U5-0082,salad,,,primary,5,5A,U5,wordlist,39,high
pri-5A-U5-0083,carrots,,,primary,5,5A,U5,wordlist,39,high
pri-5A-U5-0084,eggs,,,primary,5,5A,U5,wordlist,39,high
pri-5A-U5-0085,green beans,,,primary,5,5A,U5,wordlist,39,high
pri-5A-U5-0086,potatoes,,,primary,5,5A,U5,wordlist,39,high
pri-5A-U5-0087,hamburgers,,,primary,5,5A,U5,wordlist,39,high
pri-5A-U5-0088,fish,,,primary,5,5A,U5,wordlist,39,high
pri-5A-U5-0089,cake,,,primary,5,5A,U5,wordlist,39,high
pri-5A-U5-0090,tomatoes,,,primary,5,5A,U5,wordlist,39,high
pri-5A-U5-0091,beef,,,primary,5,5A,U5,wordlist,39,high
pri-5A-U5-0092,chicken,,,primary,5,5A,U5,wordlist,39,high
pri-5A-U5-0093,oranges,,,primary,5,5A,U5,wordlist,39,high
pri-5A-U5-0094,grapes,,,primary,5,5A,U5,wordlist,39,high
pri-5A-U5-0095,water,,,primary,5,5A,U5,wordlist,39,high
pri-5A-U5-0096,sandwiches,,,primary,5,5A,U5,wordlist,39,high
pri-5A-U5-0097,pears,,,primary,5,5A,U5,wordlist,39,high
pri-5A-U5-0098,rice,,,primary,5,5A,U5,wordlist,39,high
pri-5A-U5-0099,bread,,,primary,5,5A,U5,wordlist,39,high
pri-5A-U5-0100,noodles,,,primary,5,5A,U5,wordlist,39,high
pri-5A-U5-0101,milk,,,primary,5,5A,U5,wordlist,39,high
pri-5A-U5-0102,orange juice,,,primary,5,5A,U5,wordlist,39,high
pri-5A-U5-0103,tea,,,primary,5,5A,U5,wordlist,39,high
pri-5A-U5-0104,apple juice,,,primary,5,5A,U5,wordlist,39,high
pri-5A-U5-0105,ice cream,,,primary,5,5A,U5,wordlist,39,high
pri-5A-U5-0106,Cook Hi Welcome What would you like to eat,,,primary,5,5A,U5,wordlist,39,high
pri-5A-U5-0107,Chen Jie A sandwich please It s my,,,primary,5,5A,U5,wordlist,39,high
pri-5A-U5-0108,Thanks,,,primary,5,5A,U5,wordlist,39,high
pri-5A-U5-0109,Cook What would you like to,,,primary,5,5A,U5,wordlist,39,high
pri-5A-U5-0110,Chen Jie Tea please,,,primary,5,5A,U5,wordlist,39,high
pri-5A-U5-0111,Cook Oh we don t have tea today We have tea,,,primary,5,5A,U5,wordlist,39,high
pri-5A-U5-0112,on,,,primary,5,5A,U5,wordlist,39,high
pri-5A-U5-0113,Chen Jie That s fine I ll have milk,,,primary,5,5A,U5,wordlist,39,high
pri-5A-U5-0114,A hamburger please,,,primary,5,5A,U5,wordlist,39,high
pri-5A-U5-0115,Today is Monday It is time for lunch Chen Jie is in the,,,primary,5,5A,U5,wordlist,39,high
pri-5A-U5-0116,lunch room Look at the menu Then read the dialogue,,,primary,5,5A,U5,wordlist,39,high
pri-5A-U5-0117,and fill in the blanks,,,primary,5,5A,U5,wordlist,39,high
pri-5A-U5-0118,Role-play with your partner Draw your food on the plate,,,primary,5,5A,U5,wordlist,39,high
pri-5A-U5-0119,A School,,,primary,5,5A,U5,wordlist,40,high
pri-5A-U5-0120,A,,,primary,5,5A,U5,wordlist,40,high
pri-5A-U5-0121,D Friends,,,primary,5,5A,U5,wordlist,40,high
pri-5A-U5-0122,and,,,primary,5,5A,U5,wordlist,40,high
pri-5A-U5-0123,teachers,,,primary,5,5A,U5,wordlist,40,high
pri-5A-U5-0124,It is sunny today I am at Willow Primary School,,,primary,5,5A,U5,wordlist,40,high
pri-5A-U5-0125,It is so pretty There are many yellow flowers,,,primary,5,5A,U5,wordlist,40,high
pri-5A-U5-0126,David is my new friend He is clever and hard,,,primary,5,5A,U5,wordlist,40,high
pri-5A-U5-0127,working He is funny too His favourite class is,,,primary,5,5A,U5,wordlist,40,high
pri-5A-U5-0128,English The teacher Ms Brown is very helpful,,,primary,5,5A,U5,wordlist,40,high
pri-5A-U5-0129,Teachers and students often eat lunch at,,,primary,5,5A,U5,wordlist,40,high
pri-5A-U5-0130,school Some of them have beef and drink tea,,,primary,5,5A,U5,wordlist,40,high
pri-5A-U5-0131,Some love green beans and ice cream The food,,,primary,5,5A,U5,wordlist,40,high
pri-5A-U5-0132,is delicious,,,primary,5,5A,U5,wordlist,40,high
pri-5A-U5-0133,After lunch we have a reading class with Mr,,,primary,5,5A,U5,wordlist,40,high
pri-5A-U5-0134,Reed What a friendly school,,,primary,5,5A,U5,wordlist,40,high
pri-5A-U5-0135,C Food,,,primary,5,5A,U5,wordlist,40,high
pri-5A-U5-0136,B Class,,,primary,5,5A,U5,wordlist,40,high
pri-5A-U5-0137,sunny,,,primary,5,5A,U5,wordlist,40,high
pri-5A-U5-0138,pretty,,,primary,5,5A,U5,wordlist,40,high
pri-5A-U5-0139,eat,,,primary,5,5A,U5,wordlist,40,high
pri-5A-U5-0140,yellow,,,primary,5,5A,U5,wordlist,40,high
pri-5A-U5-0141,flower,,,primary,5,5A,U5,wordlist,40,high
pri-5A-U5-0142,you watch TV often on the weekend,,,primary,5,5A,U5,wordlist,40,high
pri-5A-U5-0143,Do,,,primary,5,5A,U5,wordlist,40,high
pri-5A-U5-0144,often on Saturdays do homework,,,primary,5,5A,U5,wordlist,40,high
pri-5A-U5-0145,They,,,primary,5,5A,U5,wordlist,40,high
pri-5A-U5-0146,read books often on Sundays,,,primary,5,5A,U5,wordlist,40,high
pri-5A-U5-0147,We,,,primary,5,5A,U5,wordlist,40,high
pri-5A-U5-0148,Read Chen Jie s diary Write the letters in the boxes,,,primary,5,5A,U5,wordlist,40,high
pri-5A-U5-0149,Find friends for the words in the diary,,,primary,5,5A,U5,wordlist,40,high
pri-5A-U5-0150,Rearrange the words Write down the sentences,,,primary,5,5A,U5,wordlist,40,high
pri-5A-U5-0151,I can dance,,,primary,5,5A,U5,wordlist,41,high
pri-5A-U5-0152,I can sing La la la,,,primary,5,5A,U5,wordlist,41,high
pri-5A-U5-0153,We ll have an English,,,primary,5,5A,U5,wordlist,41,high
pri-5A-U5-0154,party next Tuesday,,,primary,5,5A,U5,wordlist,41,high
pri-5A-U5-0155,I can play the,,,primary,5,5A,U5,wordlist,41,high
pri-5A-U5-0156,Wonderful,,,primary,5,5A,U5,wordlist,41,high
pri-5A-U5-0157,What can you do,,,primary,5,5A,U5,wordlist,41,high
pri-5A-U5-0158,for the party,,,primary,5,5A,U5,wordlist,41,high
pri-5A-U5-0159,pipa,,,primary,5,5A,U5,wordlist,41,high
pri-5A-U5-0160,Unit Four,,,primary,5,5A,U5,wordlist,41,high
pri-5A-U5-0161,Hi Mr Li,,,primary,5,5A,U5,wordlist,42,high
pri-5A-U5-0162,Hi Can you play ping-pong,,,primary,5,5A,U5,wordlist,42,high
pri-5A-U5-0163,A little,,,primary,5,5A,U5,wordlist,42,high
pri-5A-U5-0164,Sorry I have an English,,,primary,5,5A,U5,wordlist,42,high
pri-5A-U5-0165,class at o clock,,,primary,5,5A,U5,wordlist,42,high
pri-5A-U5-0166,Let s play,,,primary,5,5A,U5,wordlist,42,high
pri-5A-U5-0167,together,,,primary,5,5A,U5,wordlist,42,high
pri-5A-U5-0168,sing,,,primary,5,5A,U5,wordlist,43,high
pri-5A-U5-0169,dance,,,primary,5,5A,U5,wordlist,43,high
pri-5A-U5-0170,draw pictures,,,primary,5,5A,U5,wordlist,43,high
pri-5A-U5-0171,clean the classroom,,,primary,5,5A,U5,wordlist,43,high
pri-5A-U5-0172,do some kung fu,,,primary,5,5A,U5,wordlist,43,high
pri-5A-U5-0173,Wu Binbin,,,primary,5,5A,U5,wordlist,43,high
pri-5A-U5-0174,I can draw pictures,,,primary,5,5A,U5,wordlist,43,high
pri-5A-U5-0175,Miss White We ll have an English party,,,primary,5,5A,U5,wordlist,43,high
pri-5A-U5-0176,next Tuesday What can you,,,primary,5,5A,U5,wordlist,43,high
pri-5A-U5-0177,do for the party children,,,primary,5,5A,U5,wordlist,43,high
pri-5A-U5-0178,Zhang Peng I can sing English songs,,,primary,5,5A,U5,wordlist,43,high
pri-5A-U5-0179,Miss White Wonderful How about you,,,primary,5,5A,U5,wordlist,43,high
pri-5A-U5-0180,John,,,primary,5,5A,U5,wordlist,43,high
pri-5A-U5-0181,John I can do some kung fu,,,primary,5,5A,U5,wordlist,43,high
pri-5A-U5-0182,Miss White Thank you John,,,primary,5,5A,U5,wordlist,43,high
pri-5A-U5-0183,What can Mike do,,,primary,5,5A,U5,wordlist,43,high
pri-5A-U5-0184,Listen and tick,,,primary,5,5A,U5,wordlist,43,high
pri-5A-U5-0185,Let s try,,,primary,5,5A,U5,wordlist,43,high
pri-5A-U5-0186,Let s talk,,,primary,5,5A,U5,wordlist,43,high
pri-5A-U5-0187,do kung fu,,,primary,5,5A,U5,wordlist,44,high
pri-5A-U5-0188,play the,,,primary,5,5A,U5,wordlist,44,high
pri-5A-U5-0189,draw cartoons,,,primary,5,5A,U5,wordlist,44,high
pri-5A-U5-0190,sing English songs,,,primary,5,5A,U5,wordlist,44,high
pri-5A-U5-0191,What can,,,primary,5,5A,U5,wordlist,44,high
pri-5A-U5-0192,you do,,,primary,5,5A,U5,wordlist,44,high
pri-5A-U5-0193,Zhang,,,primary,5,5A,U5,wordlist,44,high
pri-5A-U5-0194,Peng,,,primary,5,5A,U5,wordlist,44,high
pri-5A-U5-0195,other,,,primary,5,5A,U5,wordlist,44,high
pri-5A-U5-0196,I can draw cartoons I can do some kung,,,primary,5,5A,U5,wordlist,44,high
pri-5A-U5-0197,fu too,,,primary,5,5A,U5,wordlist,44,high
pri-5A-U5-0198,I can draw,,,primary,5,5A,U5,wordlist,44,high
pri-5A-U5-0199,cartoons,,,primary,5,5A,U5,wordlist,44,high
pri-5A-U5-0200,play the pipa,,,primary,5,5A,U5,wordlist,44,high
pri-5A-U5-0201,Who can dance,,,primary,5,5A,U5,wordlist,44,high
pri-5A-U5-0202,Let s learn,,,primary,5,5A,U5,wordlist,44,high
pri-5A-U5-0203,Do a survey,,,primary,5,5A,U5,wordlist,44,high
pri-5A-U5-0204,Words,,,primary,5,5A,U5,wordlist,44,high
pri-5A-U5-0205,book room,,,primary,5,5A,U5,wordlist,45,high
pri-5A-U5-0206,foot balloon,,,primary,5,5A,U5,wordlist,45,high
pri-5A-U5-0207,look cool,,,primary,5,5A,U5,wordlist,45,high
pri-5A-U5-0208,good zoo,,,primary,5,5A,U5,wordlist,45,high
pri-5A-U5-0209,cook too,,,primary,5,5A,U5,wordlist,45,high
pri-5A-U5-0210,goodbye afternoon,,,primary,5,5A,U5,wordlist,45,high
pri-5A-U5-0211,book,,,primary,5,5A,U5,wordlist,45,high
pri-5A-U5-0212,balloon,,,primary,5,5A,U5,wordlist,45,high
pri-5A-U5-0213,food,,,primary,5,5A,U5,wordlist,45,high
pri-5A-U5-0214,zoo,,,primary,5,5A,U5,wordlist,45,high
pri-5A-U5-0215,look,,,primary,5,5A,U5,wordlist,45,high
pri-5A-U5-0216,football,,,primary,5,5A,U5,wordlist,45,high
pri-5A-U5-0217,good,,,primary,5,5A,U5,wordlist,45,high
pri-5A-U5-0218,Choose one sentence from above and write,,,primary,5,5A,U5,wordlist,45,high
pri-5A-U5-0219,I make,,,primary,5,5A,U5,wordlist,45,high
pri-5A-U5-0220,You,,,primary,5,5A,U5,wordlist,45,high
pri-5A-U5-0221,I have a,,,primary,5,5A,U5,wordlist,45,high
pri-5A-U5-0222,Let s spell,,,primary,5,5A,U5,wordlist,45,high
pri-5A-U5-0223,Read listen and chant,,,primary,5,5A,U5,wordlist,45,high
pri-5A-U5-0224,Listen circle and say,,,primary,5,5A,U5,wordlist,45,high
pri-5A-U5-0225,Look listen and write,,,primary,5,5A,U5,wordlist,45,high
pri-5A-U6-0001,B,,,primary,5,5A,U6,wordlist,46,high
pri-5A-U6-0002,Mr Ma Good afternoon children,,,primary,5,5A,U6,wordlist,46,high
pri-5A-U6-0003,Today we ll learn some kung fu,,,primary,5,5A,U6,wordlist,46,high
pri-5A-U6-0004,Children Cool,,,primary,5,5A,U6,wordlist,46,high
pri-5A-U6-0005,Mr Ma Can you do any kung fu John,,,primary,5,5A,U6,wordlist,46,high
pri-5A-U6-0006,John Yes I can,,,primary,5,5A,U6,wordlist,46,high
pri-5A-U6-0007,Mr Ma Wonderful,,,primary,5,5A,U6,wordlist,46,high
pri-5A-U6-0008,Mr Ma Can you do any kung fu Oliver,,,primary,5,5A,U6,wordlist,46,high
pri-5A-U6-0009,Oliver No I can t,,,primary,5,5A,U6,wordlist,46,high
pri-5A-U6-0010,Mr Ma No problem I can,,,primary,5,5A,U6,wordlist,46,high
pri-5A-U6-0011,help you,,,primary,5,5A,U6,wordlist,46,high
pri-5A-U6-0012,cook sing English songs speak English do some kung fu,,,primary,5,5A,U6,wordlist,46,high
pri-5A-U6-0013,make a puppet sing the birthday song,,,primary,5,5A,U6,wordlist,46,high
pri-5A-U6-0014,Can you,,,primary,5,5A,U6,wordlist,46,high
pri-5A-U6-0015,cook,,,primary,5,5A,U6,wordlist,46,high
pri-5A-U6-0016,No I can t,,,primary,5,5A,U6,wordlist,46,high
pri-5A-U6-0017,Yes I can,,,primary,5,5A,U6,wordlist,46,high
pri-5A-U6-0018,Let s try,,,primary,5,5A,U6,wordlist,46,high
pri-5A-U6-0019,Can Mike do any kung fu,,,primary,5,5A,U6,wordlist,46,high
pri-5A-U6-0020,Listen and tick,,,primary,5,5A,U6,wordlist,46,high
pri-5A-U6-0021,Let s talk,,,primary,5,5A,U6,wordlist,46,high
pri-5A-U6-0022,Can you do it,,,primary,5,5A,U6,wordlist,46,high
pri-5A-U6-0023,I can speak English and Chinese I can sing,,,primary,5,5A,U6,wordlist,47,high
pri-5A-U6-0024,English songs I can dance I can swim I can,,,primary,5,5A,U6,wordlist,47,high
pri-5A-U6-0025,cook I can play ping-pong,,,primary,5,5A,U6,wordlist,47,high
pri-5A-U6-0026,I can t do any kung fu I can t play the,,,primary,5,5A,U6,wordlist,47,high
pri-5A-U6-0027,swim,,,primary,5,5A,U6,wordlist,47,high
pri-5A-U6-0028,speak English,,,primary,5,5A,U6,wordlist,47,high
pri-5A-U6-0029,play basketball,,,primary,5,5A,U6,wordlist,47,high
pri-5A-U6-0030,play ping-pong,,,primary,5,5A,U6,wordlist,47,high
pri-5A-U6-0031,Can you swim,,,primary,5,5A,U6,wordlist,47,high
pri-5A-U6-0032,Yes I can I can do,,,primary,5,5A,U6,wordlist,47,high
pri-5A-U6-0033,some kung fu too,,,primary,5,5A,U6,wordlist,47,high
pri-5A-U6-0034,pipa,,,primary,5,5A,U6,wordlist,47,high
pri-5A-U6-0035,Let s learn,,,primary,5,5A,U6,wordlist,47,high
pri-5A-U6-0036,Words,,,primary,5,5A,U6,wordlist,47,high
pri-5A-U6-0037,Write and say,,,primary,5,5A,U6,wordlist,47,high
pri-5A-U6-0038,Do you want a new friend Try me I am Robin the Robot I am,,,primary,5,5A,U6,wordlist,48,high
pri-5A-U6-0039,friendly and funny I can speak English and Chinese I can do,,,primary,5,5A,U6,wordlist,48,high
pri-5A-U6-0040,some kung fu I can play ping-pong but I can t swim,,,primary,5,5A,U6,wordlist,48,high
pri-5A-U6-0041,What can you do Please send me an email at robin urfriend cn,,,primary,5,5A,U6,wordlist,48,high
pri-5A-U6-0042,Robin,,,primary,5,5A,U6,wordlist,48,high
pri-5A-U6-0043,I can,,,primary,5,5A,U6,wordlist,48,high
pri-5A-U6-0044,I can t,,,primary,5,5A,U6,wordlist,48,high
pri-5A-U6-0045,He can speak English,,,primary,5,5A,U6,wordlist,48,high
pri-5A-U6-0046,He can play basketball,,,primary,5,5A,U6,wordlist,48,high
pri-5A-U6-0047,He can t play ping-pong,,,primary,5,5A,U6,wordlist,48,high
pri-5A-U6-0048,He can swim,,,primary,5,5A,U6,wordlist,48,high
pri-5A-U6-0049,He can do some kung fu,,,primary,5,5A,U6,wordlist,48,high
pri-5A-U6-0050,Do you want to be Robin s friend Write three,,,primary,5,5A,U6,wordlist,48,high
pri-5A-U6-0051,sentences about yourself,,,primary,5,5A,U6,wordlist,48,high
pri-5A-U6-0052,Who can be my friend,,,primary,5,5A,U6,wordlist,48,high
pri-5A-U6-0053,Read and write,,,primary,5,5A,U6,wordlist,48,high
pri-5A-U6-0054,What can Robin do Tick or cross,,,primary,5,5A,U6,wordlist,48,high
pri-5A-U6-0055,ping-pong,,,primary,5,5A,U6,wordlist,49,high
pri-5A-U6-0056,basketball,,,primary,5,5A,U6,wordlist,49,high
pri-5A-U6-0057,the,,,primary,5,5A,U6,wordlist,49,high
pri-5A-U6-0058,the piano,,,primary,5,5A,U6,wordlist,49,high
pri-5A-U6-0059,John,,,primary,5,5A,U6,wordlist,49,high
pri-5A-U6-0060,Zhang Peng,,,primary,5,5A,U6,wordlist,49,high
pri-5A-U6-0061,Can you play the,,,primary,5,5A,U6,wordlist,49,high
pri-5A-U6-0062,Can you play,,,primary,5,5A,U6,wordlist,49,high
pri-5A-U6-0063,Zhang Peng and John can,,,primary,5,5A,U6,wordlist,49,high
pri-5A-U6-0064,erhu,,,primary,5,5A,U6,wordlist,49,high
pri-5A-U6-0065,Let s check,,,primary,5,5A,U6,wordlist,49,high
pri-5A-U6-0066,Listen and tick or cross,,,primary,5,5A,U6,wordlist,49,high
pri-5A-U6-0067,Fill in the blank,,,primary,5,5A,U6,wordlist,49,high
pri-5A-U6-0068,Let s wrap it up,,,primary,5,5A,U6,wordlist,49,high
pri-5A-U6-0069,Look and write,,,primary,5,5A,U6,wordlist,49,high
pri-5A-U6-0070,C,,,primary,5,5A,U6,wordlist,50,high
pri-5A-U6-0071,Snake I m hungry Mmm,,,primary,5,5A,U6,wordlist,50,high
pri-5A-U6-0072,Here comes some tasty,,,primary,5,5A,U6,wordlist,50,high
pri-5A-U6-0073,food Now I can eat,,,primary,5,5A,U6,wordlist,50,high
pri-5A-U6-0074,Rat Dear snake wait a,,,primary,5,5A,U6,wordlist,50,high
pri-5A-U6-0075,minute I can do things,,,primary,5,5A,U6,wordlist,50,high
pri-5A-U6-0076,for you,,,primary,5,5A,U6,wordlist,50,high
pri-5A-U6-0077,Snake Oh What can you do,,,primary,5,5A,U6,wordlist,50,high
pri-5A-U6-0078,Can you sing,,,primary,5,5A,U6,wordlist,50,high
pri-5A-U6-0079,Rat Yes I can,,,primary,5,5A,U6,wordlist,50,high
pri-5A-U6-0080,Snake Can you dance,,,primary,5,5A,U6,wordlist,50,high
pri-5A-U6-0081,Rat Yes I can Let me go,,,primary,5,5A,U6,wordlist,50,high
pri-5A-U6-0082,Then I can dance for you,,,primary,5,5A,U6,wordlist,50,high
pri-5A-U6-0083,Snake Let me see There is a lake,,,primary,5,5A,U6,wordlist,50,high
pri-5A-U6-0084,near here Can you swim,,,primary,5,5A,U6,wordlist,50,high
pri-5A-U6-0085,Rat No Don t throw me into,,,primary,5,5A,U6,wordlist,50,high
pri-5A-U6-0086,the lake please,,,primary,5,5A,U6,wordlist,50,high
pri-5A-U6-0087,Rat Haha Silly snake,,,primary,5,5A,U6,wordlist,50,high
pri-5A-U6-0088,Now I can swim away,,,primary,5,5A,U6,wordlist,50,high
pri-5A-U6-0089,Bye,,,primary,5,5A,U6,wordlist,50,high
pri-5A-U6-0090,Story time,,,primary,5,5A,U6,wordlist,50,high
pri-5A-U6-0091,What a nice photo,,,primary,5,5A,U6,wordlist,51,high
pri-5A-U6-0092,There are so,,,primary,5,5A,U6,wordlist,51,high
pri-5A-U6-0093,many pictures,,,primary,5,5A,U6,wordlist,51,high
pri-5A-U6-0094,My father can,,,primary,5,5A,U6,wordlist,51,high
pri-5A-U6-0095,draw very well,,,primary,5,5A,U6,wordlist,51,high
pri-5A-U6-0096,That s my grandma s,,,primary,5,5A,U6,wordlist,51,high
pri-5A-U6-0097,garden There are many,,,primary,5,5A,U6,wordlist,51,high
pri-5A-U6-0098,pretty flowers in it,,,primary,5,5A,U6,wordlist,51,high
pri-5A-U6-0099,Unit Five,,,primary,5,5A,U6,wordlist,51,high
pri-5A-U6-0100,What s in the room,,,primary,5,5A,U6,wordlist,52,high
pri-5A-U6-0101,There is a table beside the bed,,,primary,5,5A,U6,wordlist,52,high
pri-5A-U6-0102,There is a big bed,,,primary,5,5A,U6,wordlist,52,high
pri-5A-U6-0103,A,,,primary,5,5A,U6,wordlist,53,high
pri-5A-U6-0104,Sarah Your room is really nice,,,primary,5,5A,U6,wordlist,53,high
pri-5A-U6-0105,Zhang Peng Thanks,,,primary,5,5A,U6,wordlist,53,high
pri-5A-U6-0106,Mike There is a big bed,,,primary,5,5A,U6,wordlist,53,high
pri-5A-U6-0107,Zhang Peng Yes I like my bed,,,primary,5,5A,U6,wordlist,53,high
pri-5A-U6-0108,Mike There is a nice photo,,,primary,5,5A,U6,wordlist,53,high
pri-5A-U6-0109,too,,,primary,5,5A,U6,wordlist,53,high
pri-5A-U6-0110,Sarah Wow You look cool,,,primary,5,5A,U6,wordlist,53,high
pri-5A-U6-0111,Zhang Peng Thank you Hey my,,,primary,5,5A,U6,wordlist,53,high
pri-5A-U6-0112,computer is here on,,,primary,5,5A,U6,wordlist,53,high
pri-5A-U6-0113,the desk Let s play,,,primary,5,5A,U6,wordlist,53,high
pri-5A-U6-0114,There is a desk,,,primary,5,5A,U6,wordlist,53,high
pri-5A-U6-0115,in the picture,,,primary,5,5A,U6,wordlist,53,high
pri-5A-U6-0116,There is a plate,,,primary,5,5A,U6,wordlist,53,high
pri-5A-U6-0117,on the desk,,,primary,5,5A,U6,wordlist,53,high
pri-5A-U6-0118,There is a banana,,,primary,5,5A,U6,wordlist,53,high
pri-5A-U6-0119,on the plate,,,primary,5,5A,U6,wordlist,53,high
pri-5A-U6-0120,Sarah and Mike are in Zhang,,,primary,5,5A,U6,wordlist,53,high
pri-5A-U6-0121,Peng s bedroom What is in the,,,primary,5,5A,U6,wordlist,53,high
pri-5A-U6-0122,room Listen and tick,,,primary,5,5A,U6,wordlist,53,high
pri-5A-U6-0123,Describe the picture,,,primary,5,5A,U6,wordlist,53,high
pri-5A-U6-0124,There is a clock,,,primary,5,5A,U6,wordlist,54,high
pri-5A-U6-0125,a plant and a photo,,,primary,5,5A,U6,wordlist,54,high
pri-5A-U6-0126,in my room,,,primary,5,5A,U6,wordlist,54,high
pri-5A-U6-0127,plant,,,primary,5,5A,U6,wordlist,54,high
pri-5A-U6-0128,water bottle,,,primary,5,5A,U6,wordlist,54,high
pri-5A-U6-0129,photo,,,primary,5,5A,U6,wordlist,54,high
pri-5A-U6-0130,bike,,,primary,5,5A,U6,wordlist,54,high
pri-5A-U6-0131,clock,,,primary,5,5A,U6,wordlist,54,high
pri-5A-U6-0132,This is my room,,,primary,5,5A,U6,wordlist,54,high
pri-5A-U6-0133,There is a clock a,,,primary,5,5A,U6,wordlist,54,high
pri-5A-U6-0134,There is a clock and,,,primary,5,5A,U6,wordlist,54,high
pri-5A-U6-0135,a plant in my room,,,primary,5,5A,U6,wordlist,54,high
pri-5A-U6-0136,Let s play,,,primary,5,5A,U6,wordlist,54,high
pri-5A-U6-0137,rainbow always rainy Monday today wait,,,primary,5,5A,U6,wordlist,55,high
pri-5A-U6-0138,day may paint,,,primary,5,5A,U6,wordlist,55,high
pri-5A-U6-0139,say way rain,,,primary,5,5A,U6,wordlist,55,high
pri-5A-U6-0140,rainy,,,primary,5,5A,U6,wordlist,55,high
pri-5A-U6-0141,say,,,primary,5,5A,U6,wordlist,55,high
pri-5A-U6-0142,way,,,primary,5,5A,U6,wordlist,55,high
pri-5A-U6-0143,birthday,,,primary,5,5A,U6,wordlist,55,high
pri-5A-U6-0144,Monday,,,primary,5,5A,U6,wordlist,55,high
pri-5A-U6-0145,rainbow,,,primary,5,5A,U6,wordlist,55,high
pri-5A-U6-0146,paint,,,primary,5,5A,U6,wordlist,55,high
pri-5A-U6-0147,wait,,,primary,5,5A,U6,wordlist,55,high
pri-5A-U6-0148,is a,,,primary,5,5A,U6,text_only,55,high
pri-5A-U6-0149,day,,,primary,5,5A,U6,text_only,55,high
pri-5A-U6-0150,Let s,,,primary,5,5A,U6,wordlist,55,high
pri-5A-U6-0151,is,,,primary,5,5A,U6,text_only,55,high
pri-5A-U6-0152,Choose one sentence from above and write,,,primary,5,5A,U6,wordlist,55,high
pri-5A-U6-0153,Let s spell,,,primary,5,5A,U6,wordlist,55,high
pri-5A-U6-0154,Listen read and circle,,,primary,5,5A,U6,wordlist,55,high
pri-5A-U6-0155,Look listen and write,,,primary,5,5A,U6,wordlist,55,high
pri-5A-U6-0156,Read listen and chant,,,primary,5,5A,U6,wordlist,55,high
pri-5A-U6-0157,There are,,,primary,5,5A,U6,wordlist,56,high
pri-5A-U6-0158,some fish,,,primary,5,5A,U6,wordlist,56,high
pri-5A-U6-0159,Some pictures Some flowers Some toys,,,primary,5,5A,U6,wordlist,56,high
pri-5A-U6-0160,There are two dogs,,,primary,5,5A,U6,wordlist,56,high
pri-5A-U6-0161,Zhang Peng This is the living room,,,primary,5,5A,U6,wordlist,56,high
pri-5A-U6-0162,Mike Wow There are so many pictures here,,,primary,5,5A,U6,wordlist,56,high
pri-5A-U6-0163,Zhang Peng Yes My father can draw very well,,,primary,5,5A,U6,wordlist,56,high
pri-5A-U6-0164,Sarah There are so many plants here too,,,primary,5,5A,U6,wordlist,56,high
pri-5A-U6-0165,Zhang Peng They re my grandmother s plants My,,,primary,5,5A,U6,wordlist,56,high
pri-5A-U6-0166,grandparents have a garden in front of their,,,primary,5,5A,U6,wordlist,56,high
pri-5A-U6-0167,house There are lots of flowers in it,,,primary,5,5A,U6,wordlist,56,high
pri-5A-U6-0168,Sarah Cool,,,primary,5,5A,U6,wordlist,56,high
pri-5A-U6-0169,Look at the picture above What else do you see in it,,,primary,5,5A,U6,wordlist,56,high
pri-5A-U6-0170,What is in the living room Listen and tick,,,primary,5,5A,U6,wordlist,56,high
pri-5A-U6-0171,in front of,,,primary,5,5A,U6,wordlist,57,high
pri-5A-U6-0172,beside,,,primary,5,5A,U6,wordlist,57,high
pri-5A-U6-0173,between,,,primary,5,5A,U6,wordlist,57,high
pri-5A-U6-0174,behind,,,primary,5,5A,U6,wordlist,57,high
pri-5A-U6-0175,above,,,primary,5,5A,U6,wordlist,57,high
pri-5A-U6-0176,It s in front of,,,primary,5,5A,U6,wordlist,57,high
pri-5A-U6-0177,the dog,,,primary,5,5A,U6,wordlist,57,high
pri-5A-U6-0178,Where is the ball,,,primary,5,5A,U6,wordlist,57,high
pri-5A-U6-0179,There is a tree in front of the house,,,primary,5,5A,U6,wordlist,57,high
pri-5A-U6-0180,Find and say,,,primary,5,5A,U6,wordlist,57,high
pri-5A-U6-0181,Dec th,,,primary,5,5A,U6,wordlist,58,high
pri-5A-U6-0182,Dear Robin,,,primary,5,5A,U6,wordlist,58,high
pri-5A-U6-0183,I am Binbin s art teacher I just moved into an old house,,,primary,5,5A,U6,wordlist,58,high
pri-5A-U6-0184,The rooms are dirty There are pencils and crayons on,,,primary,5,5A,U6,wordlist,58,high
pri-5A-U6-0185,the floor There are pictures and photos everywhere,,,primary,5,5A,U6,wordlist,58,high
pri-5A-U6-0186,Oh no I see a mouse behind my computer,,,primary,5,5A,U6,wordlist,58,high
pri-5A-U6-0187,Please help me I live near the nature park Please hurry,,,primary,5,5A,U6,wordlist,58,high
pri-5A-U6-0188,Mr Jones,,,primary,5,5A,U6,wordlist,58,high
pri-5A-U6-0189,To robin urfriend cn,,,primary,5,5A,U6,wordlist,58,high
pri-5A-U6-0190,From jones cn,art.,,primary,5,5A,U6,wordlist,58,high
pri-5A-U6-0191,There is,,,primary,5,5A,U6,wordlist,58,high
pri-5A-U6-0192,An email to Robin,,,primary,5,5A,U6,wordlist,58,high
pri-5A-U6-0193,Which is Mr Jones room Read and tick,,,primary,5,5A,U6,wordlist,58,high
pri-5A-U6-0194,What is in your room Write three sentences,,,primary,5,5A,U6,wordlist,58,high
pri-5A-U6-0195,There is a cat in front of the table,,,primary,5,5A,U6,wordlist,59,high
pri-5A-U6-0196,There is a,,,primary,5,5A,U6,wordlist,59,high
pri-5A-U6-0197,There are two,,,primary,5,5A,U6,wordlist,59,high
pri-5A-U6-0198,the table,,,primary,5,5A,U6,wordlist,59,high
pri-5A-U6-0199,Listen again and write,,,primary,5,5A,U6,wordlist,59,high
pri-5A-U6-0200,What is in the room Listen and tick or cross,,,primary,5,5A,U6,wordlist,59,high
pri-5A-U6-0201,Match and write,,,primary,5,5A,U6,wordlist,59,high
pri-5A-U6-0202,Complete the sentences,,,primary,5,5A,U6,wordlist,59,high
pri-5A-U6-0203,There is a can beside the,,,primary,5,5A,U6,wordlist,60,high
pri-5A-U6-0204,river He is sad,,,primary,5,5A,U6,wordlist,60,high
pri-5A-U6-0205,The can falls,,,primary,5,5A,U6,wordlist,60,high
pri-5A-U6-0206,between two f,,,primary,5,5A,U6,wordlist,60,high
pri-5A-U6-0207,ish,,,primary,5,5A,U6,wordlist,60,high
pri-5A-U6-0208,Zoom catches the can,,,primary,5,5A,U6,wordlist,60,high
pri-5A-U6-0209,A naughty bear,,,primary,5,5A,U6,wordlist,60,high
pri-5A-U6-0210,kicks the can,,,primary,5,5A,U6,wordlist,60,high
pri-5A-U6-0211,The can f,,,primary,5,5A,U6,wordlist,60,high
pri-5A-U6-0212,lies over Rabbit and Monkey,,,primary,5,5A,U6,wordlist,60,high
pri-5A-U6-0213,Mr Fish Here comes a can,,,primary,5,5A,U6,wordlist,60,high
pri-5A-U6-0214,Ms Fish Let s give it to Zoom,,,primary,5,5A,U6,wordlist,60,high
pri-5A-U6-0215,He can help,,,primary,5,5A,U6,wordlist,60,high
pri-5A-U6-0216,Zoom Let me help you,,,primary,5,5A,U6,wordlist,60,high
pri-5A-U6-0217,Can Thank you Home sweet,,,primary,5,5A,U6,wordlist,60,high
pri-5A-U6-0218,home,,,primary,5,5A,U6,wordlist,60,high
pri-5A-U6-0219,Can Can you help me I,,,primary,5,5A,U6,wordlist,60,high
pri-5A-U6-0220,want to go home,,,primary,5,5A,U6,wordlist,60,high
pri-5A-U6-0221,Bird Sorry I m busy,,,primary,5,5A,U6,wordlist,60,high
pri-5A-U6-0222,Can Help,,,primary,5,5A,U6,wordlist,60,high
pri-5A-U6-0223,Monkey Look at that poor can,,,primary,5,5A,U6,wordlist,60,high
pri-5A-U6-0224,Rabbit Come on We re late for school,,,primary,5,5A,U6,wordlist,60,high
pri-5A-U6-0225,Bear Haha,,,primary,5,5A,U6,wordlist,60,high
pri-5A-U6-0226,Can Oh no,,,primary,5,5A,U6,wordlist,60,high
pri-5A-U6-0227,Look There is a big,,,primary,5,5A,U6,wordlist,61,high
pri-5A-U6-0228,white bird in the sky,,,primary,5,5A,U6,wordlist,61,high
pri-5A-U6-0229,There are many pretty,,,primary,5,5A,U6,wordlist,61,high
pri-5A-U6-0230,fish in the river,,,primary,5,5A,U6,wordlist,61,high
pri-5A-U6-0231,Wow,,,primary,5,5A,U6,wordlist,61,high
pri-5A-U6-0232,Unit Six,,,primary,5,5A,U6,wordlist,61,high
pri-5A-U6-0233,Yes there is,,,primary,5,5A,U6,wordlist,62,high
pri-5A-U6-0234,Is there a river,,,primary,5,5A,U6,wordlist,62,high
pri-5A-U6-0235,in the park,,,primary,5,5A,U6,wordlist,62,high
pri-5A-U6-0236,I m hungry Is,,,primary,5,5A,U6,wordlist,62,high
pri-5A-U6-0237,there a restaurant,,,primary,5,5A,U6,wordlist,62,high
pri-5A-U6-0238,beside the lake,,,primary,5,5A,U6,wordlist,62,high
pri-5A-U6-0239,No there isn t,,,primary,5,5A,U6,wordlist,62,high
pri-5A-U6-0240,Look I have some,,,primary,5,5A,U6,wordlist,62,high
pri-5A-U6-0241,food Let s share,,,primary,5,5A,U6,wordlist,62,high
pri-5A-U6-0242,In a nature park,,,primary,5,5A,U6,wordlist,62,high
pri-5A-U6-0243,forest lake river,,,primary,5,5A,U6,wordlist,63,high
pri-5A-U6-0244,Is there a lake in the park,,,primary,5,5A,U6,wordlist,63,high
pri-5A-U6-0245,Is there a forest,,,primary,5,5A,U6,wordlist,63,high
pri-5A-U6-0246,Miss White Children let s go to the forest,,,primary,5,5A,U6,wordlist,63,high
pri-5A-U6-0247,Children Yeah,,,primary,5,5A,U6,wordlist,63,high
pri-5A-U6-0248,Zhang Peng Is there a river in the,,,primary,5,5A,U6,wordlist,63,high
pri-5A-U6-0249,forest Miss White,,,primary,5,5A,U6,wordlist,63,high
pri-5A-U6-0250,Miss White No there isn t,,,primary,5,5A,U6,wordlist,63,high
pri-5A-U6-0251,Zhang Peng Is there a lake Miss White,,,primary,5,5A,U6,wordlist,63,high
pri-5A-U6-0252,Miss White Yes there is and there are,,,primary,5,5A,U6,wordlist,63,high
pri-5A-U6-0253,some small boats,,,primary,5,5A,U6,wordlist,63,high
pri-5A-U6-0254,Zhang Peng Cool Let s go boating,,,primary,5,5A,U6,wordlist,63,high
pri-5A-U6-0255,Talk about the park with your partner,,,primary,5,5A,U6,wordlist,63,high
pri-5A-U6-0256,What is in the park Listen,,,primary,5,5A,U6,wordlist,63,high
pri-5A-U6-0257,and tick the word you hear,,,primary,5,5A,U6,wordlist,63,high
pri-5A-U6-0258,river,,,primary,5,5A,U6,wordlist,64,high
pri-5A-U6-0259,hill,,,primary,5,5A,U6,wordlist,64,high
pri-5A-U6-0260,lake,,,primary,5,5A,U6,wordlist,64,high
pri-5A-U6-0261,forest,,,primary,5,5A,U6,wordlist,64,high
pri-5A-U6-0262,mountain,,,primary,5,5A,U6,wordlist,64,high
pri-5A-U6-0263,Is there a,,,primary,5,5A,U6,wordlist,64,high
pri-5A-U6-0264,river in front of,,,primary,5,5A,U6,wordlist,64,high
pri-5A-U6-0265,the mountain,,,primary,5,5A,U6,wordlist,64,high
pri-5A-U6-0266,Draw and ask,,,primary,5,5A,U6,wordlist,64,high
pri-5A-U6-0267,Draw a nature park Then talk about it with your,,,primary,5,5A,U6,wordlist,64,high
pri-5A-U6-0268,partner,,,primary,5,5A,U6,wordlist,64,high
pri-5A-U6-0269,house sound flower,,,primary,5,5A,U6,wordlist,65,high
pri-5A-U6-0270,wow count cow,,,primary,5,5A,U6,wordlist,65,high
pri-5A-U6-0271,down about around,,,primary,5,5A,U6,wordlist,65,high
pri-5A-U6-0272,house,,,primary,5,5A,U6,wordlist,65,high
pri-5A-U6-0273,mouse,,,primary,5,5A,U6,wordlist,65,high
pri-5A-U6-0274,sound,,,primary,5,5A,U6,wordlist,65,high
pri-5A-U6-0275,count,,,primary,5,5A,U6,wordlist,65,high
pri-5A-U6-0276,I see a big,,,primary,5,5A,U6,wordlist,65,high
pri-5A-U6-0277,in the,,,primary,5,5A,U6,wordlist,65,high
pri-5A-U6-0278,Look listen and circle,,,primary,5,5A,U6,wordlist,65,high
pri-5A-U6-0279,The tables are beside the,,,primary,5,5A,U6,wordlist,66,high
pri-5A-U6-0280,Chen Jie Are there any lakes in,,,primary,5,5A,U6,wordlist,66,high
pri-5A-U6-0281,the park,,,primary,5,5A,U6,wordlist,66,high
pri-5A-U6-0282,Oliver No there aren t,,,primary,5,5A,U6,wordlist,66,high
pri-5A-U6-0283,Chen Jie Sorry You re not my,,,primary,5,5A,U6,wordlist,66,high
pri-5A-U6-0284,friend,,,primary,5,5A,U6,wordlist,66,high
pri-5A-U6-0285,Mike Yes there are,,,primary,5,5A,U6,wordlist,66,high
pri-5A-U6-0286,Chen Jie How many,,,primary,5,5A,U6,wordlist,66,high
pri-5A-U6-0287,Mike Two,,,primary,5,5A,U6,wordlist,66,high
pri-5A-U6-0288,Chen Jie You re my friend,,,primary,5,5A,U6,wordlist,66,high
pri-5A-U6-0289,river lake hill,,,primary,5,5A,U6,wordlist,66,high
pri-5A-U6-0290,Zhang Peng The nature park is so quiet,,,primary,5,5A,U6,wordlist,66,high
pri-5A-U6-0291,Miss White Yes Zhang Peng There aren t,,,primary,5,5A,U6,wordlist,66,high
pri-5A-U6-0292,many people,,,primary,5,5A,U6,wordlist,66,high
pri-5A-U6-0293,Zhang Peng Are there any tall buildings in,,,primary,5,5A,U6,wordlist,66,high
pri-5A-U6-0294,the nature park,,,primary,5,5A,U6,wordlist,66,high
pri-5A-U6-0295,Miss White No there aren t,,,primary,5,5A,U6,wordlist,66,high
pri-5A-U6-0296,Zhang Peng Are there any animals,,,primary,5,5A,U6,wordlist,66,high
pri-5A-U6-0297,Miss White Yes there are There are,,,primary,5,5A,U6,wordlist,66,high
pri-5A-U6-0298,ducks and rabbits,,,primary,5,5A,U6,wordlist,66,high
pri-5A-U6-0299,Where are the tables Listen,,,primary,5,5A,U6,wordlist,66,high
pri-5A-U6-0300,and fill in the blank,,,primary,5,5A,U6,wordlist,66,high
pri-5A-U6-0301,Tick a picture and find your friend,,,primary,5,5A,U6,wordlist,66,high
pri-5A-U6-0302,bridge,,,primary,5,5A,U6,wordlist,67,high
pri-5A-U6-0303,tree,,,primary,5,5A,U6,wordlist,67,high
pri-5A-U6-0304,village,,,primary,5,5A,U6,wordlist,67,high
pri-5A-U6-0305,building,,,primary,5,5A,U6,wordlist,67,high
pri-5A-U6-0306,Are there any lakes,,,primary,5,5A,U6,wordlist,67,high
pri-5A-U6-0307,on the mountain,,,primary,5,5A,U6,wordlist,67,high
pri-5A-U6-0308,There is a village,,,primary,5,5A,U6,wordlist,67,high
pri-5A-U6-0309,in the nature park,,,primary,5,5A,U6,wordlist,67,high
pri-5A-U6-0310,Yes there is one,,,primary,5,5A,U6,wordlist,67,high
pri-5A-U6-0311,Write four sentences about the picture above,,,primary,5,5A,U6,wordlist,67,high
pri-5A-U6-0312,Is there,,,primary,5,5A,U6,wordlist,68,high
pri-5A-U6-0313,Are there,,,primary,5,5A,U6,wordlist,68,high
pri-5A-U6-0314,Robin is at Mr Jones house There,,,primary,5,5A,U6,wordlist,68,high
pri-5A-U6-0315,is a nature park near the house In,,,primary,5,5A,U6,wordlist,68,high
pri-5A-U6-0316,the park there is a high mountain,,,primary,5,5A,U6,wordlist,68,high
pri-5A-U6-0317,In front of the mountain there is,,,primary,5,5A,U6,wordlist,68,high
pri-5A-U6-0318,a small village There is a lake near,,,primary,5,5A,U6,wordlist,68,high
pri-5A-U6-0319,the village There are many ducks,,,primary,5,5A,U6,wordlist,68,high
pri-5A-U6-0320,on the lake,,,primary,5,5A,U6,wordlist,68,high
pri-5A-U6-0321,Robin would like to draw a picture of the park Can,,,primary,5,5A,U6,wordlist,68,high
pri-5A-U6-0322,you help,,,primary,5,5A,U6,wordlist,68,high
pri-5A-U6-0323,Robin draws,,,primary,5,5A,U6,wordlist,68,high
pri-5A-U6-0324,Write three questions about the nature park Give,,,primary,5,5A,U6,wordlist,68,high
pri-5A-U6-0325,the answers,,,primary,5,5A,U6,wordlist,68,high
pri-5A-U6-0326,Is there a river in the picture,,,primary,5,5A,U6,wordlist,69,high
pri-5A-U6-0327,Are there any buildings there,,,primary,5,5A,U6,wordlist,69,high
pri-5A-U6-0328,there a lake,,,primary,5,5A,U6,text_only,69,high
pri-5A-U6-0329,there any mountains,,,primary,5,5A,U6,text_only,69,high
pri-5A-U6-0330,there a forest,,,primary,5,5A,U6,text_only,69,high
pri-5A-U6-0331,there any trees,,,primary,5,5A,U6,text_only,69,high
pri-5A-U6-0332,Are there any birds in the park,,,primary,5,5A,U6,wordlist,69,high
pri-5A-U6-0333,Listen again and answer the questions,,,primary,5,5A,U6,wordlist,69,high
pri-5A-U6-0334,Look at the picture below Complete the questions,,,primary,5,5A,U6,wordlist,69,high
pri-5A-U6-0335,and give your answers,,,primary,5,5A,U6,wordlist,69,high
pri-5A-U6-0336,Zip Look at that,,,primary,5,5A,U6,wordlist,70,high
pri-5A-U6-0337,beautiful bridge,,,primary,5,5A,U6,wordlist,70,high
pri-5A-U6-0338,Zoom Yes The mountains,,,primary,5,5A,U6,wordlist,70,high
pri-5A-U6-0339,and trees are,,,primary,5,5A,U6,wordlist,70,high
pri-5A-U6-0340,beautiful too,,,primary,5,5A,U6,wordlist,70,high
pri-5A-U6-0341,Zoom There is so much corn I,,,primary,5,5A,U6,wordlist,70,high
pri-5A-U6-0342,like corn,,,primary,5,5A,U6,wordlist,70,high
pri-5A-U6-0343,Zip Look There is a koala over,,,primary,5,5A,U6,wordlist,70,high
pri-5A-U6-0344,there,,,primary,5,5A,U6,wordlist,70,high
pri-5A-U6-0345,Zoom Hey Why don t you,,,primary,5,5A,U6,wordlist,70,high
pri-5A-U6-0346,take a picture of me,,,primary,5,5A,U6,wordlist,70,high
pri-5A-U6-0347,Zip Later Zoom Let s take,,,primary,5,5A,U6,wordlist,70,high
pri-5A-U6-0348,pictures of the koala first,,,primary,5,5A,U6,wordlist,70,high
pri-5A-U6-0349,Monkey Your card is,,,primary,5,5A,U6,wordlist,70,high
pri-5A-U6-0350,broken,,,primary,5,5A,U6,wordlist,70,high
pri-5A-U6-0351,Zoom Oh dear me,,,primary,5,5A,U6,wordlist,70,high
pri-5A-U6-0352,Zip Oh no,,,primary,5,5A,U6,wordlist,70,high
pri-5A-U6-0353,Zoom What a nice day Let s go to a,,,primary,5,5A,U6,wordlist,70,high
pri-5A-U6-0354,nature park,,,primary,5,5A,U6,wordlist,70,high
pri-5A-U6-0355,Zip Why not We can take some,,,primary,5,5A,U6,wordlist,70,high
pri-5A-U6-0356,pictures there,,,primary,5,5A,U6,wordlist,70,high
pri-5A-U6-0357,Zip Look There is a house,,,primary,5,5A,U6,wordlist,70,high
pri-5A-U6-0358,over there,,,primary,5,5A,U6,wordlist,70,high
pri-5A-U6-0359,Zoom Are there any people,,,primary,5,5A,U6,wordlist,70,high
pri-5A-U6-0360,in the house,,,primary,5,5A,U6,wordlist,70,high
pri-5A-U6-0361,Zip Let s go and have,,,primary,5,5A,U6,wordlist,70,high
pri-5A-U6-0362,a look,,,primary,5,5A,U6,wordlist,70,high
pri-5A-U6-0363,Can Robin cook noodles,,,primary,5,5A,U6,wordlist,71,high
pri-5A-U6-0364,Can he swim,,,primary,5,5A,U6,wordlist,71,high
pri-5A-U6-0365,Can he go to the park,,,primary,5,5A,U6,wordlist,71,high
pri-5A-U6-0366,Can you cook Robin,,,primary,5,5A,U6,wordlist,71,high
pri-5A-U6-0367,Recycle,,,primary,5,5A,U6,wordlist,71,high
pri-5A-U6-0368,Having fun in a park,,,primary,5,5A,U6,wordlist,71,high
pri-5A-U6-0369,The children will go to a nature park this weekend,,,primary,5,5A,U6,wordlist,71,high
pri-5A-U6-0370,Robin wants to go too He calls Miss White Listen,,,primary,5,5A,U6,wordlist,71,high
pri-5A-U6-0371,and tick or cross,,,primary,5,5A,U6,wordlist,71,high
pri-5A-U6-0372,Role-play,,,primary,5,5A,U6,wordlist,71,high
pri-5A-U6-0373,What else can Robin do Write two sentences,,,primary,5,5A,U6,wordlist,71,high
pri-5A-U6-0374,Sarah Are there any lakes in the forest,,,primary,5,5A,U6,wordlist,72,high
pri-5A-U6-0375,Robin Yes there are two,,,primary,5,5A,U6,wordlist,72,high
pri-5A-U6-0376,Amy Is there a restaurant in the forest,,,primary,5,5A,U6,wordlist,72,high
pri-5A-U6-0377,Robin No there isn t but there is one in front of the hill,,,primary,5,5A,U6,wordlist,72,high
pri-5A-U6-0378,Zhang Peng Are there any villages in the nature park,,,primary,5,5A,U6,wordlist,72,high
pri-5A-U6-0379,Robin Let me think Yes there is one on the mountain,,,primary,5,5A,U6,wordlist,72,high
pri-5A-U6-0380,Zhang Peng Is there a robot in the park,,,primary,5,5A,U6,wordlist,72,high
pri-5A-U6-0381,Robin Yes there is one between Zhang Peng and Sarah,,,primary,5,5A,U6,wordlist,72,high
pri-5A-U6-0382,It s me,,,primary,5,5A,U6,wordlist,72,high
pri-5A-U6-0383,What s in the,,,primary,5,5A,U6,wordlist,72,high
pri-5A-U6-0384,small village,,,primary,5,5A,U6,wordlist,72,high
pri-5A-U6-0385,Where is it,,,primary,5,5A,U6,wordlist,72,high
pri-5A-U6-0386,It s,,,primary,5,5A,U6,wordlist,72,high
pri-5A-U6-0387,The children are in the park They are looking at the,,,primary,5,5A,U6,wordlist,72,high
pri-5A-U6-0388,map Some things are missing Read the dialogue and,,,primary,5,5A,U6,wordlist,72,high
pri-5A-U6-0389,draw the missing things,,,primary,5,5A,U6,wordlist,72,high
pri-5A-U6-0390,Talk about the map with your partner,,,primary,5,5A,U6,wordlist,72,high
pri-5A-U6-0391,In a dark dark wood there,,,primary,5,5A,U6,wordlist,73,high
pri-5A-U6-0392,is a dark dark house,,,primary,5,5A,U6,wordlist,73,high
pri-5A-U6-0393,And in the dark dark house,,,primary,5,5A,U6,wordlist,73,high
pri-5A-U6-0394,there is a dark dark hallway,,,primary,5,5A,U6,wordlist,73,high
pri-5A-U6-0395,And down the dark dark,,,primary,5,5A,U6,wordlist,73,high
pri-5A-U6-0396,stairs there is a dark dark,,,primary,5,5A,U6,wordlist,73,high
pri-5A-U6-0397,room,,,primary,5,5A,U6,wordlist,73,high
pri-5A-U6-0398,And in the dark dark,,,primary,5,5A,U6,wordlist,73,high
pri-5A-U6-0399,room there is a dark,,,primary,5,5A,U6,wordlist,73,high
pri-5A-U6-0400,dark cupboard,,,primary,5,5A,U6,wordlist,73,high
pri-5A-U6-0401,And in the dark dark box there is a big mouse,,,primary,5,5A,U6,wordlist,73,high
pri-5A-U6-0402,cupboard there is a dark,,,primary,5,5A,U6,wordlist,73,high
pri-5A-U6-0403,dark box,,,primary,5,5A,U6,wordlist,73,high
pri-5A-U6-0404,hallway there are some,,,primary,5,5A,U6,wordlist,73,high
pri-5A-U6-0405,dark dark stairs,,,primary,5,5A,U6,wordlist,73,high
pri-5A-U6-0406,Ouch My tail,,,primary,5,5A,U6,wordlist,73,high
pri-5A-U6-0407,Amy is reading a story under a tree Read with her,,,primary,5,5A,U6,wordlist,73,high
pri-5A-U6-0408,wood,,,primary,5,5A,U6,wordlist,74,high
pri-5A-U6-0409,hallway,,,primary,5,5A,U6,wordlist,74,high
pri-5A-U6-0410,stairs,,,primary,5,5A,U6,wordlist,74,high
pri-5A-U6-0411,cupboard,,,primary,5,5A,U6,wordlist,74,high
pri-5A-U6-0412,box,,,primary,5,5A,U6,wordlist,74,high
pri-5A-U6-0413,food afternoon room,,,primary,5,5A,U6,wordlist,74,high
pri-5A-U6-0414,round mouse,,,primary,5,5A,U6,wordlist,74,high
pri-5A-U6-0415,flower now,,,primary,5,5A,U6,wordlist,74,high
pri-5A-U6-0416,book good,,,primary,5,5A,U6,wordlist,74,high
pri-5A-U6-0417,birthday say,,,primary,5,5A,U6,wordlist,74,high
pri-5A-U6-0418,rain paint,,,primary,5,5A,U6,wordlist,74,high
pri-5A-U6-0419,In a,,,primary,5,5A,U6,wordlist,74,high
pri-5A-U6-0420,bike clock photo plant,,,primary,5,5A,U6,wordlist,74,high
pri-5A-U6-0421,bottle basketball football,,,primary,5,5A,U6,wordlist,74,high
pri-5A-U6-0422,In the dark dark wood there is a dark dark,,,primary,5,5A,U6,wordlist,74,high
pri-5A-U6-0423,Number the words and retell the story,,,primary,5,5A,U6,wordlist,74,high
pri-5A-U6-0424,Find friends for the words in the story and write them,,,primary,5,5A,U6,wordlist,74,high
pri-5A-U6-0425,down,,,primary,5,5A,U6,wordlist,74,high
pri-5A-U6-0426,Write your own story Read it to your partner,,,primary,5,5A,U6,wordlist,74,high
pri-5A-U1-0108,Appendix,,,primary,5,5A,U1,wordlist,75,high
pri-5A-U1-0109,Who s your English teacher at school,,,primary,5,5A,U1,wordlist,75,high
pri-5A-U1-0110,Is she pretty or tall or short,,,primary,5,5A,U1,wordlist,75,high
pri-5A-U1-0111,Tell me what you know,,,primary,5,5A,U1,wordlist,75,high
pri-5A-U1-0112,Who s your Chinese teacher at school,,,primary,5,5A,U1,wordlist,75,high
pri-5A-U1-0113,Is he funny or young or old,,,primary,5,5A,U1,wordlist,75,high
pri-5A-U1-0114,Monday Tuesday Wednesday Thursday Friday Saturday Sunday,,,primary,5,5A,U1,wordlist,75,high
pri-5A-U1-0115,Days for school and days for fun Happy days for everyone,,,primary,5,5A,U1,wordlist,75,high
pri-5A-U1-0116,What would you like to eat today Eat today Eat today,,,primary,5,5A,U1,wordlist,75,high
pri-5A-U1-0117,What would you like to eat today Something sweet to eat,,,primary,5,5A,U1,wordlist,75,high
pri-5A-U1-0118,Songs in each unit,,,primary,5,5A,U1,wordlist,75,high
pri-5A-U4-0078,Appendix,,,primary,5,5A,U4,wordlist,76,high
pri-5A-U4-0079,What can you do What can you do,,,primary,5,5A,U4,wordlist,76,high
pri-5A-U4-0080,I can sing English songs,,,primary,5,5A,U4,wordlist,76,high
pri-5A-U4-0081,Can you sing songs too,,,primary,5,5A,U4,wordlist,76,high
pri-5A-U4-0082,I can do kung fu I can do kung fu,,,primary,5,5A,U4,wordlist,76,high
pri-5A-U4-0083,I can dance and draw cartoons,,,primary,5,5A,U4,wordlist,76,high
pri-5A-U4-0084,Can you draw cartoons too,,,primary,5,5A,U4,wordlist,76,high
pri-5A-U4-0085,A photo of me,,,primary,5,5A,U4,wordlist,76,high
pri-5A-U4-0086,Beside the big plant,,,primary,5,5A,U4,wordlist,76,high
pri-5A-U4-0087,What can you see,,,primary,5,5A,U4,wordlist,76,high
pri-5A-U4-0088,Above the big clock,,,primary,5,5A,U4,wordlist,76,high
pri-5A-U4-0089,There s a photo of me,,,primary,5,5A,U4,wordlist,76,high
pri-5A-U4-0090,Between the two windows,,,primary,5,5A,U4,wordlist,76,high
pri-5A-U4-0091,In a nature park,,,primary,5,5A,U4,wordlist,76,high
pri-5A-U4-0092,Up in the mountain,,,primary,5,5A,U4,wordlist,76,high
pri-5A-U4-0093,The mountain so high,,,primary,5,5A,U4,wordlist,76,high
pri-5A-U4-0094,There is a forest,,,primary,5,5A,U4,wordlist,76,high
pri-5A-U4-0095,Touching the sky,,,primary,5,5A,U4,wordlist,76,high
pri-5A-U4-0096,Deep in the forest,,,primary,5,5A,U4,wordlist,76,high
pri-5A-U4-0097,The forest so low,,,primary,5,5A,U4,wordlist,76,high
pri-5A-U4-0098,There is a flower,,,primary,5,5A,U4,wordlist,76,high
pri-5A-U4-0099,Starting to grow,,,primary,5,5A,U4,wordlist,76,high
pri-5A-U1-0119,kind,,体贴的；慈祥的；,primary,5,5A,U1,wordlist,77,high
pri-5A-U1-0120,strict,,要求严格的；严厉的,primary,5,5A,U1,wordlist,77,high
pri-5A-U1-0121,polite,,有礼貌的；客气的,primary,5,5A,U1,wordlist,77,high
pri-5A-U1-0122,hard-working,,,primary,5,5A,U1,wordlist,77,high
pri-5A-U1-0123,helpful,,有用的；,primary,5,5A,U1,wordlist,77,high
pri-5A-U1-0124,clever,,聪明的；聪颖的,primary,5,5A,U1,wordlist,77,high
pri-5A-U1-0125,shy,,羞怯的；腼腆的；怕生的,primary,5,5A,U1,wordlist,77,high
pri-5A-U1-0126,know,,知道；了解,primary,5,5A,U1,wordlist,77,high
pri-5A-U1-0127,our,,我们的,primary,5,5A,U1,wordlist,77,high
pri-5A-U1-0128,Ms,,用于女子的姓氏或姓,primary,5,5A,U1,wordlist,77,high
pri-5A-U1-0129,will,,谈及将来）将要,primary,5,5A,U1,wordlist,77,high
pri-5A-U1-0130,sometimes,,有时；,primary,5,5A,U1,wordlist,77,high
pri-5A-U1-0131,robot,,机器人,primary,5,5A,U1,wordlist,77,high
pri-5A-U1-0132,him,,用作宾语或表语）他,primary,5,5A,U1,wordlist,77,high
pri-5A-U1-0133,speak,,会说；会讲（某种,primary,5,5A,U1,wordlist,77,high
pri-5A-U1-0134,finish,,完成；做好,primary,5,5A,U1,wordlist,77,high
pri-5A-U2-0176,Monday,,星期一,primary,5,5A,U2,wordlist,77,high
pri-5A-U2-0177,Tuesday,,星期二,primary,5,5A,U2,wordlist,77,high
pri-5A-U2-0178,Wednesday,,星期三,primary,5,5A,U2,wordlist,77,high
pri-5A-U2-0179,Thursday,,星期四,primary,5,5A,U2,wordlist,77,high
pri-5A-U2-0180,Friday,,星期五,primary,5,5A,U2,wordlist,77,high
pri-5A-U2-0181,Saturday,,星期六,primary,5,5A,U2,wordlist,77,high
pri-5A-U2-0182,Sunday,,星期日,primary,5,5A,U2,wordlist,77,high
pri-5A-U2-0183,weekend,,周末,primary,5,5A,U2,wordlist,77,high
pri-5A-U2-0184,wash,,洗,primary,5,5A,U2,wordlist,77,high
pri-5A-U2-0185,wash my clothes,,洗我的衣服,primary,5,5A,U2,wordlist,77,high
pri-5A-U2-0186,watch,,看,primary,5,5A,U2,wordlist,77,high
pri-5A-U2-0187,watch TV,,看电视,primary,5,5A,U2,wordlist,77,high
pri-5A-U2-0188,do,,做；干,primary,5,5A,U2,wordlist,77,high
pri-5A-U2-0189,do homework,,做作业,primary,5,5A,U2,wordlist,77,high
pri-5A-U2-0190,read books,,看书,primary,5,5A,U2,wordlist,77,high
pri-5A-U2-0191,play,,踢；玩；参加（体育,primary,5,5A,U2,wordlist,77,high
pri-5A-U2-0192,play football,,踢足球,primary,5,5A,U2,wordlist,77,high
pri-5A-U2-0193,cooking,,烹饪；烹调,primary,5,5A,U2,wordlist,77,high
pri-5A-U2-0194,often,,时常；常常,primary,5,5A,U2,wordlist,77,high
pri-5A-U2-0195,park,,公园,primary,5,5A,U2,wordlist,77,high
pri-5A-U2-0196,tired,,疲倦的,primary,5,5A,U2,wordlist,77,high
pri-5A-U2-0197,sport,,体育运动,primary,5,5A,U2,wordlist,77,high
pri-5A-U2-0198,play sports,,做体育运动,primary,5,5A,U2,wordlist,77,high
pri-5A-U2-0199,Appendix,,,primary,5,5A,U2,wordlist,77,high
pri-5A-U2-0200,should,,常用于纠正别,primary,5,5A,U2,wordlist,78,high
pri-5A-U2-0201,every,,每一个，每个,primary,5,5A,U2,wordlist,78,high
pri-5A-U2-0202,day,,一天；一日,primary,5,5A,U2,wordlist,78,high
pri-5A-U2-0203,schedule,,工作计划；,primary,5,5A,U2,wordlist,78,high
pri-5A-U3-0187,fresh,,新鲜的；刚摘的,primary,5,5A,U3,wordlist,78,high
pri-5A-U3-0188,delicious,,美味的；可口的,primary,5,5A,U3,wordlist,78,high
pri-5A-U3-0189,hot,,辣的；辛辣的,primary,5,5A,U3,wordlist,78,high
pri-5A-U3-0190,sweet,,含糖的；甜的,primary,5,5A,U3,wordlist,78,high
pri-5A-U3-0191,thirsty,,渴的；口渴的,primary,5,5A,U3,wordlist,78,high
pri-5A-U3-0192,favourite,,特别喜爱的,primary,5,5A,U3,wordlist,78,high
pri-5A-U3-0193,Dear,,用于信函抬头的名字,primary,5,5A,U3,wordlist,78,high
pri-5A-U3-0194,onion,,洋葱；葱头,primary,5,5A,U3,wordlist,78,high
pri-5A-U4-0100,sing,,唱；唱歌,primary,5,5A,U4,wordlist,78,high
pri-5A-U4-0101,song,,歌曲,primary,5,5A,U4,wordlist,78,high
pri-5A-U4-0102,sing English songs,,唱英文歌曲,primary,5,5A,U4,wordlist,78,high
pri-5A-U4-0103,play the pipa,,弹琵琶,primary,5,5A,U4,wordlist,78,high
pri-5A-U4-0104,kung fu,,功夫；武术,primary,5,5A,U4,wordlist,78,high
pri-5A-U4-0105,do kung fu,,练武术,primary,5,5A,U4,wordlist,78,high
pri-5A-U4-0106,dance,,跳舞,primary,5,5A,U4,wordlist,78,high
pri-5A-U4-0107,draw,,画,primary,5,5A,U4,wordlist,78,high
pri-5A-U4-0108,cartoon,,漫画,primary,5,5A,U4,wordlist,78,high
pri-5A-U4-0109,draw cartoons,,画漫画,primary,5,5A,U4,wordlist,78,high
pri-5A-U4-0110,cook,,烹调；烹饪,primary,5,5A,U4,wordlist,78,high
pri-5A-U4-0111,swim,,游泳,primary,5,5A,U4,wordlist,78,high
pri-5A-U4-0112,play basketball,,打篮球,primary,5,5A,U4,wordlist,78,high
pri-5A-U4-0113,ping-pong,,乒乓球,primary,5,5A,U4,wordlist,78,high
pri-5A-U4-0114,play ping-pong,,打乒乓球,primary,5,5A,U4,wordlist,78,high
pri-5A-U4-0115,speak English,,说英语,primary,5,5A,U4,wordlist,78,high
pri-5A-U4-0116,we ll we will,,,primary,5,5A,U4,wordlist,78,high
pri-5A-U4-0117,party,,聚会；派对,primary,5,5A,U4,wordlist,78,high
pri-5A-U4-0118,next,,下一个的；紧接着的；,primary,5,5A,U4,wordlist,78,high
pri-5A-U4-0119,wonderful,,极好的；,primary,5,5A,U4,wordlist,78,high
pri-5A-U4-0120,learn,,学；学习；学会,primary,5,5A,U4,wordlist,78,high
pri-5A-U4-0121,any,,任何的；任一的,primary,5,5A,U4,wordlist,78,high
pri-5A-U4-0122,problem,,问题,primary,5,5A,U4,wordlist,78,high
pri-5A-U4-0123,no problem,,没问题,primary,5,5A,U4,wordlist,78,high
pri-5A-U4-0124,want,,要；想要,primary,5,5A,U4,wordlist,78,high
pri-5A-U4-0125,send,,邮寄；发送,primary,5,5A,U4,wordlist,78,high
pri-5A-U4-0126,email,,电子邮件,primary,5,5A,U4,wordlist,78,high
pri-5A-U4-0127,at,,后面接邮件地址）,primary,5,5A,U4,wordlist,78,high
pri-5A-U5-0226,clock,,时钟；钟,primary,5,5A,U5,wordlist,78,high
pri-5A-U5-0227,Appendix,,,primary,5,5A,U5,wordlist,78,high
pri-5A-U5-0228,plant,,植物,primary,5,5A,U5,wordlist,79,high
pri-5A-U5-0229,bottle,,瓶子,primary,5,5A,U5,wordlist,79,high
pri-5A-U5-0230,water bottle,,水瓶,primary,5,5A,U5,wordlist,79,high
pri-5A-U5-0231,bike,,自行车；脚踏车,primary,5,5A,U5,wordlist,79,high
pri-5A-U5-0232,photo,,照片；相片,primary,5,5A,U5,wordlist,79,high
pri-5A-U5-0233,front,,正面,primary,5,5A,U5,wordlist,79,high
pri-5A-U5-0234,in front of,,在,primary,5,5A,U5,wordlist,79,high
pri-5A-U5-0235,between,,在,primary,5,5A,U5,wordlist,79,high
pri-5A-U5-0236,above,,在（或向）,primary,5,5A,U5,wordlist,79,high
pri-5A-U5-0237,beside,,在旁边（附近）,primary,5,5A,U5,wordlist,79,high
pri-5A-U5-0238,behind,,在（或向）,primary,5,5A,U5,wordlist,79,high
pri-5A-U5-0239,there,,表示存在或发生）,primary,5,5A,U5,wordlist,79,high
pri-5A-U5-0240,grandparent,,祖父；,primary,5,5A,U5,wordlist,79,high
pri-5A-U5-0241,their,,他们的；她们的；,primary,5,5A,U5,wordlist,79,high
pri-5A-U5-0242,house,,房屋；房子；住宅,primary,5,5A,U5,wordlist,79,high
pri-5A-U5-0243,lot,,大量；许多,primary,5,5A,U5,wordlist,79,high
pri-5A-U5-0244,lots of,,大量；许多,primary,5,5A,U5,wordlist,79,high
pri-5A-U5-0245,move,,搬家,primary,5,5A,U5,wordlist,79,high
pri-5A-U5-0246,dirty,,肮脏的,primary,5,5A,U5,wordlist,79,high
pri-5A-U5-0247,everywhere,,处处；,primary,5,5A,U5,wordlist,79,high
pri-5A-U5-0248,mouse,,老鼠,primary,5,5A,U5,wordlist,79,high
pri-5A-U5-0249,live,,住；居住,primary,5,5A,U5,wordlist,79,high
pri-5A-U5-0250,nature,,自然界；大自然,primary,5,5A,U5,wordlist,79,high
pri-5A-U6-0427,boating,,划船,primary,5,5A,U6,wordlist,79,high
pri-5A-U6-0428,go boating,,去划船,primary,5,5A,U6,wordlist,79,high
pri-5A-U6-0429,aren t are not,,,primary,5,5A,U6,wordlist,79,high
pri-5A-U6-0430,rabbit,,兔；野兔,primary,5,5A,U6,wordlist,79,high
pri-5A-U6-0431,high,,高的,primary,5,5A,U6,wordlist,79,high
pri-5A-EXTRA-0001,Appendix,,,primary,5,5A,EXTRA,wordlist,80,high
pri-5A-EXTRA-0002,A,,,primary,5,5A,EXTRA,wordlist,80,high
pri-5A-EXTRA-0003,above,,在（或向）,primary,5,5A,EXTRA,wordlist,80,high
pri-5A-EXTRA-0004,any,,任何的；任一的,primary,5,5A,EXTRA,wordlist,80,high
pri-5A-EXTRA-0005,aren t are not,,,primary,5,5A,EXTRA,wordlist,80,high
pri-5A-EXTRA-0006,at,,后面接邮件地址）,primary,5,5A,EXTRA,wordlist,80,high
pri-5A-EXTRA-0007,B,,,primary,5,5A,EXTRA,wordlist,80,high
pri-5A-EXTRA-0008,behind,,在（或向）,primary,5,5A,EXTRA,wordlist,80,high
pri-5A-EXTRA-0009,beside,,在旁边（附近）,primary,5,5A,EXTRA,wordlist,80,high
pri-5A-EXTRA-0010,between,,在,primary,5,5A,EXTRA,wordlist,80,high
pri-5A-EXTRA-0011,bike,,自行车；脚踏车,primary,5,5A,EXTRA,wordlist,80,high
pri-5A-EXTRA-0012,boating,,划船,primary,5,5A,EXTRA,wordlist,80,high
pri-5A-EXTRA-0013,bottle,,瓶子,primary,5,5A,EXTRA,wordlist,80,high
pri-5A-EXTRA-0014,bridge,,桥,primary,5,5A,EXTRA,wordlist,80,high
pri-5A-EXTRA-0015,building,,建筑物；房子；,primary,5,5A,EXTRA,wordlist,80,high
pri-5A-EXTRA-0016,C,,,primary,5,5A,EXTRA,wordlist,80,high
pri-5A-EXTRA-0017,cartoon,,漫画,primary,5,5A,EXTRA,wordlist,80,high
pri-5A-EXTRA-0018,clever,,聪明的；聪颖的,primary,5,5A,EXTRA,wordlist,80,high
pri-5A-EXTRA-0019,clock,,时钟；钟,primary,5,5A,EXTRA,wordlist,80,high
pri-5A-EXTRA-0020,cook,,烹调；烹饪,primary,5,5A,EXTRA,wordlist,80,high
pri-5A-EXTRA-0021,cooking,,烹饪；烹调,primary,5,5A,EXTRA,wordlist,80,high
pri-5A-EXTRA-0022,D,,,primary,5,5A,EXTRA,wordlist,80,high
pri-5A-EXTRA-0023,dance,,跳舞,primary,5,5A,EXTRA,wordlist,80,high
pri-5A-EXTRA-0024,day,,一天；一日,primary,5,5A,EXTRA,wordlist,80,high
pri-5A-EXTRA-0025,Dear,,用于信函抬头的名字,primary,5,5A,EXTRA,wordlist,80,high
pri-5A-EXTRA-0026,delicious,,美味的；可口的,primary,5,5A,EXTRA,wordlist,80,high
pri-5A-EXTRA-0027,dirty,,肮脏的,primary,5,5A,EXTRA,wordlist,80,high
pri-5A-EXTRA-0028,do,,做；干,primary,5,5A,EXTRA,wordlist,80,high
pri-5A-EXTRA-0029,do homework,,做作业,primary,5,5A,EXTRA,wordlist,80,high
pri-5A-EXTRA-0030,do kung fu,,练武术,primary,5,5A,EXTRA,wordlist,80,high
pri-5A-EXTRA-0031,draw,,画,primary,5,5A,EXTRA,wordlist,80,high
pri-5A-EXTRA-0032,draw cartoons,,画漫画,primary,5,5A,EXTRA,wordlist,80,high
pri-5A-EXTRA-0033,drink,,喝；饮,primary,5,5A,EXTRA,wordlist,80,high
pri-5A-EXTRA-0034,E,,,primary,5,5A,EXTRA,wordlist,80,high
pri-5A-EXTRA-0035,email,,电子邮件,primary,5,5A,EXTRA,wordlist,80,high
pri-5A-EXTRA-0036,every,,每一个，每个,primary,5,5A,EXTRA,wordlist,80,high
pri-5A-EXTRA-0037,everywhere,,处处；,primary,5,5A,EXTRA,wordlist,80,high
pri-5A-EXTRA-0038,F,,,primary,5,5A,EXTRA,wordlist,80,high
pri-5A-EXTRA-0039,favourite,,特别喜爱的,primary,5,5A,EXTRA,wordlist,80,high
pri-5A-EXTRA-0040,finish,,完成；做好,primary,5,5A,EXTRA,wordlist,80,high
pri-5A-EXTRA-0041,flower,,花；花朵,primary,5,5A,EXTRA,wordlist,80,high
pri-5A-EXTRA-0042,food,,食物,primary,5,5A,EXTRA,wordlist,80,high
pri-5A-EXTRA-0043,forest,,森林；林区,primary,5,5A,EXTRA,wordlist,80,high
pri-5A-EXTRA-0044,fresh,,新鲜的；刚摘的,primary,5,5A,EXTRA,wordlist,80,high
pri-5A-EXTRA-0045,front,,正面,primary,5,5A,EXTRA,wordlist,80,high
pri-5A-EXTRA-0046,Friday,,星期五,primary,5,5A,EXTRA,wordlist,80,high
pri-5A-EXTRA-0047,funny,,滑稽的；可笑的,primary,5,5A,EXTRA,wordlist,80,high
pri-5A-EXTRA-0048,G,,,primary,5,5A,EXTRA,wordlist,81,high
pri-5A-EXTRA-0049,go boating,,去划船,primary,5,5A,EXTRA,wordlist,81,high
pri-5A-EXTRA-0050,grandparent,,祖父；,primary,5,5A,EXTRA,wordlist,81,high
pri-5A-EXTRA-0051,H,,,primary,5,5A,EXTRA,wordlist,81,high
pri-5A-EXTRA-0052,hamburger,,汉堡包,primary,5,5A,EXTRA,wordlist,81,high
pri-5A-EXTRA-0053,hard-working,,,primary,5,5A,EXTRA,wordlist,81,high
pri-5A-EXTRA-0054,healthy,,健康的,primary,5,5A,EXTRA,wordlist,81,high
pri-5A-EXTRA-0055,helpful,,有用的；,primary,5,5A,EXTRA,wordlist,81,high
pri-5A-EXTRA-0056,high,,高的,primary,5,5A,EXTRA,wordlist,81,high
pri-5A-EXTRA-0057,hill,,山丘；小山,primary,5,5A,EXTRA,wordlist,81,high
pri-5A-EXTRA-0058,him,,用作宾语或表语）他,primary,5,5A,EXTRA,wordlist,81,high
pri-5A-EXTRA-0059,hot,,辣的；辛辣的,primary,5,5A,EXTRA,wordlist,81,high
pri-5A-EXTRA-0060,house,,房屋；房子；住宅,primary,5,5A,EXTRA,wordlist,81,high
pri-5A-EXTRA-0061,I,,,primary,5,5A,EXTRA,wordlist,81,high
pri-5A-EXTRA-0062,ice cream,,冰激凌,primary,5,5A,EXTRA,wordlist,81,high
pri-5A-EXTRA-0063,in front of,,在,primary,5,5A,EXTRA,wordlist,81,high
pri-5A-EXTRA-0064,K,,,primary,5,5A,EXTRA,wordlist,81,high
pri-5A-EXTRA-0065,kind,,体贴的；慈祥的；,primary,5,5A,EXTRA,wordlist,81,high
pri-5A-EXTRA-0066,know,,知道；了解,primary,5,5A,EXTRA,wordlist,81,high
pri-5A-EXTRA-0067,kung fu,,功夫；武术,primary,5,5A,EXTRA,wordlist,81,high
pri-5A-EXTRA-0068,L,,,primary,5,5A,EXTRA,wordlist,81,high
pri-5A-EXTRA-0069,lake,,湖；湖泊,primary,5,5A,EXTRA,wordlist,81,high
pri-5A-EXTRA-0070,learn,,学；学习；学会,primary,5,5A,EXTRA,wordlist,81,high
pri-5A-EXTRA-0071,live,,住；居住,primary,5,5A,EXTRA,wordlist,81,high
pri-5A-EXTRA-0072,lot l t,,大量；许多,primary,5,5A,EXTRA,wordlist,81,high
pri-5A-EXTRA-0073,lots of,,大量；许多,primary,5,5A,EXTRA,wordlist,81,high
pri-5A-EXTRA-0074,M,,,primary,5,5A,EXTRA,wordlist,81,high
pri-5A-EXTRA-0075,Monday,,星期一,primary,5,5A,EXTRA,wordlist,81,high
pri-5A-EXTRA-0076,mountain,,高山；山岳,primary,5,5A,EXTRA,wordlist,81,high
pri-5A-EXTRA-0077,mouse,,老鼠,primary,5,5A,EXTRA,wordlist,81,high
pri-5A-EXTRA-0078,move,,搬家,primary,5,5A,EXTRA,wordlist,81,high
pri-5A-EXTRA-0079,Ms,,用于女子的姓氏或姓,primary,5,5A,EXTRA,wordlist,81,high
pri-5A-EXTRA-0080,N,,,primary,5,5A,EXTRA,wordlist,81,high
pri-5A-EXTRA-0081,nature ne tS r,,自然界；大自然,primary,5,5A,EXTRA,wordlist,81,high
pri-5A-EXTRA-0082,next,,下一个的；紧接着的；,primary,5,5A,EXTRA,wordlist,81,high
pri-5A-EXTRA-0083,no problem,,没问题,primary,5,5A,EXTRA,wordlist,81,high
pri-5A-EXTRA-0084,O,,,primary,5,5A,EXTRA,wordlist,81,high
pri-5A-EXTRA-0085,often,,时常；常常,primary,5,5A,EXTRA,wordlist,81,high
pri-5A-EXTRA-0086,old,,老的；年纪大的,primary,5,5A,EXTRA,wordlist,81,high
pri-5A-EXTRA-0087,onion,,洋葱；葱头,primary,5,5A,EXTRA,wordlist,81,high
pri-5A-EXTRA-0088,our,,我们的,primary,5,5A,EXTRA,wordlist,81,high
pri-5A-EXTRA-0089,P,,,primary,5,5A,EXTRA,wordlist,81,high
pri-5A-EXTRA-0090,park p k,,公园,primary,5,5A,EXTRA,wordlist,81,high
pri-5A-EXTRA-0091,party,,聚会；派对,primary,5,5A,EXTRA,wordlist,81,high
pri-5A-EXTRA-0092,photo,,照片；相片,primary,5,5A,EXTRA,wordlist,81,high
pri-5A-EXTRA-0093,ping-pong,,乒乓球,primary,5,5A,EXTRA,wordlist,81,high
pri-5A-EXTRA-0094,plant,,植物,primary,5,5A,EXTRA,wordlist,81,high
pri-5A-EXTRA-0095,play,,踢；玩；参加（体育,primary,5,5A,EXTRA,wordlist,81,high
pri-5A-EXTRA-0096,play basketball,,打篮球,primary,5,5A,EXTRA,wordlist,81,high
pri-5A-EXTRA-0097,play football,,踢足球,primary,5,5A,EXTRA,wordlist,81,high
pri-5A-EXTRA-0098,play ping-pong,,打乒乓球,primary,5,5A,EXTRA,wordlist,81,high
pri-5A-EXTRA-0099,play sports,,做体育运动,primary,5,5A,EXTRA,wordlist,81,high
pri-5A-EXTRA-0100,play the pipa,,弹琵琶,primary,5,5A,EXTRA,wordlist,81,high
pri-5A-EXTRA-0101,polite,,有礼貌的；客气的,primary,5,5A,EXTRA,wordlist,81,high
pri-5A-EXTRA-0102,problem,,问题,primary,5,5A,EXTRA,wordlist,82,high
pri-5A-EXTRA-0103,R,,,primary,5,5A,EXTRA,wordlist,82,high
pri-5A-EXTRA-0104,rabbit,,兔；野兔,primary,5,5A,EXTRA,wordlist,82,high
pri-5A-EXTRA-0105,read,,看；读,primary,5,5A,EXTRA,wordlist,82,high
pri-5A-EXTRA-0106,read books,,看书,primary,5,5A,EXTRA,wordlist,82,high
pri-5A-EXTRA-0107,river,,河；江,primary,5,5A,EXTRA,wordlist,82,high
pri-5A-EXTRA-0108,robot,,机器人,primary,5,5A,EXTRA,wordlist,82,high
pri-5A-EXTRA-0109,S,,,primary,5,5A,EXTRA,wordlist,82,high
pri-5A-EXTRA-0110,salad,,蔬菜沙拉；混合沙,primary,5,5A,EXTRA,wordlist,82,high
pri-5A-EXTRA-0111,sandwich,,三明治,primary,5,5A,EXTRA,wordlist,82,high
pri-5A-EXTRA-0112,Saturday,,星期六,primary,5,5A,EXTRA,wordlist,82,high
pri-5A-EXTRA-0113,schedule,,工作计划；,primary,5,5A,EXTRA,wordlist,82,high
pri-5A-EXTRA-0114,send,,邮寄；发送,primary,5,5A,EXTRA,wordlist,82,high
pri-5A-EXTRA-0115,should,,常用于纠正别,primary,5,5A,EXTRA,wordlist,82,high
pri-5A-EXTRA-0116,shy,,羞怯的；腼腆的；怕生的,primary,5,5A,EXTRA,wordlist,82,high
pri-5A-EXTRA-0117,sing,,唱；唱歌,primary,5,5A,EXTRA,wordlist,82,high
pri-5A-EXTRA-0118,sing English songs,,唱英文歌曲,primary,5,5A,EXTRA,wordlist,82,high
pri-5A-EXTRA-0119,sometimes,,有时；,primary,5,5A,EXTRA,wordlist,82,high
pri-5A-EXTRA-0120,song,,歌曲,primary,5,5A,EXTRA,wordlist,82,high
pri-5A-EXTRA-0121,speak,,会说；会讲（某种,primary,5,5A,EXTRA,wordlist,82,high
pri-5A-EXTRA-0122,speak English,,说英语,primary,5,5A,EXTRA,wordlist,82,high
pri-5A-EXTRA-0123,sport,,体育运动,primary,5,5A,EXTRA,wordlist,82,high
pri-5A-EXTRA-0124,strict,,要求严格的；严厉的,primary,5,5A,EXTRA,wordlist,82,high
pri-5A-EXTRA-0125,Sunday,,星期日,primary,5,5A,EXTRA,wordlist,82,high
pri-5A-EXTRA-0126,sweet,,含糖的；甜的,primary,5,5A,EXTRA,wordlist,82,high
pri-5A-EXTRA-0127,swim,,游泳,primary,5,5A,EXTRA,wordlist,82,high
pri-5A-EXTRA-0128,T,,,primary,5,5A,EXTRA,wordlist,82,high
pri-5A-EXTRA-0129,tea,,茶；茶水,primary,5,5A,EXTRA,wordlist,82,high
pri-5A-EXTRA-0130,their,,他们的；她们的；,primary,5,5A,EXTRA,wordlist,82,high
pri-5A-EXTRA-0131,there,,表示存在或发生）,primary,5,5A,EXTRA,wordlist,82,high
pri-5A-EXTRA-0132,thirsty,,渴的；口渴的,primary,5,5A,EXTRA,wordlist,82,high
pri-5A-EXTRA-0133,Thursday,,星期四,primary,5,5A,EXTRA,wordlist,82,high
pri-5A-EXTRA-0134,tree,,树；树木；乔木,primary,5,5A,EXTRA,wordlist,82,high
pri-5A-EXTRA-0135,tired,,疲倦的,primary,5,5A,EXTRA,wordlist,82,high
pri-5A-EXTRA-0136,Tuesday,,星期二,primary,5,5A,EXTRA,wordlist,82,high
pri-5A-EXTRA-0137,V,,,primary,5,5A,EXTRA,wordlist,82,high
pri-5A-EXTRA-0138,village,,村庄；村镇,primary,5,5A,EXTRA,wordlist,82,high
pri-5A-EXTRA-0139,W,,,primary,5,5A,EXTRA,wordlist,82,high
pri-5A-EXTRA-0140,want,,要；想要,primary,5,5A,EXTRA,wordlist,82,high
pri-5A-EXTRA-0141,wash,,洗,primary,5,5A,EXTRA,wordlist,82,high
pri-5A-EXTRA-0142,wash my clothes,,洗我的衣服,primary,5,5A,EXTRA,wordlist,82,high
pri-5A-EXTRA-0143,watch,,看,primary,5,5A,EXTRA,wordlist,82,high
pri-5A-EXTRA-0144,watch TV,,看电视,primary,5,5A,EXTRA,wordlist,82,high
pri-5A-EXTRA-0145,water bottle,,水瓶,primary,5,5A,EXTRA,wordlist,82,high
pri-5A-EXTRA-0146,we ll we will,,,primary,5,5A,EXTRA,wordlist,82,high
pri-5A-EXTRA-0147,Wednesday,,星期三,primary,5,5A,EXTRA,wordlist,82,high
pri-5A-EXTRA-0148,weekend i k end,,周末,primary,5,5A,EXTRA,wordlist,82,high
pri-5A-EXTRA-0149,will,,谈及将来）将要,primary,5,5A,EXTRA,wordlist,82,high
pri-5A-EXTRA-0150,wonderful,,极好的；,primary,5,5A,EXTRA,wordlist,82,high
pri-5A-EXTRA-0151,Y,,,primary,5,5A,EXTRA,wordlist,82,high
pri-5A-EXTRA-0152,young,,年轻的；岁数不大的,primary,5,5A,EXTRA,wordlist,82,high
pri-5A-U6-0432,Is he young,,,primary,5,5A,U6,wordlist,83,high
pri-5A-U6-0433,No he isn t,,,primary,5,5A,U6,wordlist,83,high
pri-5A-U6-0434,What s she like,,,primary,5,5A,U6,wordlist,83,high
pri-5A-U6-0435,She s kind,,,primary,5,5A,U6,wordlist,83,high
pri-5A-U6-0436,What do you have on Thursdays,,,primary,5,5A,U6,wordlist,83,high
pri-5A-U6-0437,I have maths English and music,,,primary,5,5A,U6,wordlist,83,high
pri-5A-U6-0438,Do you often read books in this,,,primary,5,5A,U6,wordlist,83,high
pri-5A-U6-0439,park,,,primary,5,5A,U6,wordlist,83,high
pri-5A-U6-0440,No I don t,,,primary,5,5A,U6,wordlist,83,high
pri-5A-U6-0441,What would you like to eat,,,primary,5,5A,U6,wordlist,83,high
pri-5A-U6-0442,A sandwich please,,,primary,5,5A,U6,wordlist,83,high
pri-5A-U6-0443,What would you like to drink,,,primary,5,5A,U6,wordlist,83,high
pri-5A-U6-0444,I d like some water,,,primary,5,5A,U6,wordlist,83,high
pri-5A-U6-0445,What s your favourite food,,,primary,5,5A,U6,wordlist,83,high
pri-5A-U6-0446,Noodles They re delicious,,,primary,5,5A,U6,wordlist,83,high
pri-5A-U6-0447,What can you do for the party,,,primary,5,5A,U6,wordlist,83,high
pri-5A-U6-0448,children,,,primary,5,5A,U6,wordlist,83,high
pri-5A-U6-0449,I can sing English songs,,,primary,5,5A,U6,wordlist,83,high
pri-5A-U6-0450,Can you do any kung fu John,,,primary,5,5A,U6,wordlist,83,high
pri-5A-U6-0451,Useful expressions,,,primary,5,5A,U6,wordlist,83,high
pri-5A-U5-0251,Proverbs,,,primary,5,5A,U5,wordlist,84,high
pri-5A-U5-0252,There is a big bed,,,primary,5,5A,U5,wordlist,84,high
pri-5A-U5-0253,There are so many pictures here,,,primary,5,5A,U5,wordlist,84,high
pri-5A-U5-0254,Is there a river in the forest,,,primary,5,5A,U5,wordlist,84,high
pri-5A-U5-0255,Miss White,,,primary,5,5A,U5,wordlist,84,high
pri-5A-U5-0256,No there isn t,,,primary,5,5A,U5,wordlist,84,high
pri-5A-U5-0257,Are there any tall buildings in the,,,primary,5,5A,U5,wordlist,84,high
pri-5A-U5-0258,nature park,,,primary,5,5A,U5,wordlist,84,high
pri-5A-U5-0259,No there aren t,,,primary,5,5A,U5,wordlist,84,high
pri-5A-U5-0260,You can t judge a book by its cover,,,primary,5,5A,U5,wordlist,84,high
pri-5A-U5-0261,For the hard-working a week has,,,primary,5,5A,U5,wordlist,84,high
pri-5A-U5-0262,seven days for the lazy seven,,,primary,5,5A,U5,wordlist,84,high
pri-5A-U5-0263,tomorrows,,,primary,5,5A,U5,wordlist,84,high
pri-5A-U5-0264,An apple a day keeps the doctor,,,primary,5,5A,U5,wordlist,84,high
pri-5A-U5-0265,away,,,primary,5,5A,U5,wordlist,84,high
pri-5A-U5-0266,Practice makes perfect,,,primary,5,5A,U5,wordlist,84,high
pri-5A-U5-0267,East or west home is best,,,primary,5,5A,U5,wordlist,84,high
pri-5A-U5-0268,Seeing is believing,,,primary,5,5A,U5,wordlist,84,high
pri-5A-U6-0452,Lingo Learning Inc,,,primary,5,5A,U6,text_only,85,high
pri-5A-U6-0453,David Booth,,,primary,5,5A,U6,text_only,85,high
pri-5A-U6-0454,Jack Booth,,,primary,5,5A,U6,text_only,85,high
pri-5A-U6-0455,Sandra Purchase,,,primary,5,5A,U6,text_only,85,high
pri-5A-U6-0456,Suzanne Robare,,,primary,5,5A,U6,text_only,85,high
pri-5A-U6-0457,jcfk,,,primary,5,5A,U6,text_only,85,high
pri-5A-U6-0458,pep,,,primary,5,5A,U6,text_only,85,high
pri-5A-U6-0459,com,,,primary,5,5A,U6,text_only,85,high
pri-5A-U6-0460,cn,,,primary,5,5A,U6,text_only,85,low
pri-5A-U6-0461,YINGYU,,,primary,5,5A,U6,wordlist,86,high
pri-5A-U6-0462,YIWU JIAOYU JIAOKESHU,,,primary,5,5A,U6,wordlist,86,high
pri-5B-U1-0001,PEP,,,primary,5,5B,U1,wordlist,2,high
pri-5B-U1-0002,Larry Swartz Beth Levy,,,primary,5,5B,U1,text_only,3,high
pri-5B-U1-0003,Fraser Bewick,,,primary,5,5B,U1,text_only,3,high
pri-5B-U1-0004,Copyright by People s Education Press Ltd and Lingo Learning Inc,,,primary,5,5B,U1,wordlist,3,high
pri-5B-U1-0005,No part of this publication may be reproduced or transmitted in any form or by any means,,,primary,5,5B,U1,wordlist,3,high
pri-5B-U1-0006,without permission in writing from the publisher,,,primary,5,5B,U1,wordlist,3,high
pri-5B-U1-0007,http,,,primary,5,5B,U1,text_only,3,high
pri-5B-U1-0008,www,,,primary,5,5B,U1,text_only,3,high
pri-5B-U1-0009,com,,,primary,5,5B,U1,text_only,3,high
pri-5B-U1-0010,cn,,,primary,5,5B,U1,text_only,3,low
pri-5B-U1-0011,ISBN,,,primary,5,5B,U1,text_only,3,high
pri-5B-U1-0012,GS,,,primary,5,5B,U1,text_only,3,low
pri-5B-U1-0013,jcyjfk,,,primary,5,5B,U1,text_only,3,high
pri-5B-U1-0014,Sarah,,,primary,5,5B,U1,text_only,4,high
pri-5B-U1-0015,Amy,,,primary,5,5B,U1,wordlist,4,high
pri-5B-U1-0016,PPN,,,primary,5,5B,U1,text_only,4,high
pri-5B-U1-0017,JQ,,,primary,5,5B,U1,text_only,4,low
pri-5B-U1-0018,Let,,,primary,5,5B,U1,text_only,4,high
pri-5B-U1-0019,s try,,,primary,5,5B,U1,text_only,4,high
pri-5B-U1-0020,Read and,,,primary,5,5B,U1,text_only,4,high
pri-5B-U1-0021,write,,,primary,5,5B,U1,wordlist,4,high
pri-5B-U1-0022,s wrap it up,,,primary,5,5B,U1,text_only,4,high
pri-5B-U2-0001,CONTENTS,,,primary,5,5B,U2,wordlist,5,high
pri-5B-U2-0002,Recycle,,,primary,5,5B,U2,wordlist,5,high
pri-5B-U2-0003,Appendix Words in each unit,,,primary,5,5B,U2,wordlist,5,high
pri-5B-U2-0004,Appendix Vocabulary,,,primary,5,5B,U2,wordlist,5,high
pri-5B-U2-0005,Appendix Useful expressions,,,primary,5,5B,U2,wordlist,5,high
pri-5B-U2-0006,Appendix Songs in each unit,,,primary,5,5B,U2,wordlist,5,high
pri-5B-U2-0007,Appendix Proverbs,,,primary,5,5B,U2,wordlist,5,high
pri-5B-U1-0023,When do you get up,,,primary,5,5B,U1,wordlist,7,high
pri-5B-U1-0024,Usually at o clock,,,primary,5,5B,U1,wordlist,7,high
pri-5B-U1-0025,I often get,,,primary,5,5B,U1,wordlist,7,high
pri-5B-U1-0026,up at o clock,,,primary,5,5B,U1,wordlist,7,high
pri-5B-U1-0027,I always start,,,primary,5,5B,U1,wordlist,7,high
pri-5B-U1-0028,class at o clock,,,primary,5,5B,U1,wordlist,7,high
pri-5B-U1-0029,When do you start,,,primary,5,5B,U1,wordlist,7,high
pri-5B-U1-0030,class in Spain,,,primary,5,5B,U1,wordlist,7,high
pri-5B-U1-0031,Unit One,,,primary,5,5B,U1,wordlist,7,high
pri-5B-U1-0032,I often clean my room and,,,primary,5,5B,U1,wordlist,8,high
pri-5B-U1-0033,wash my clothes Sometimes I play,,,primary,5,5B,U1,wordlist,8,high
pri-5B-U1-0034,ping-pong with Zhang Peng,,,primary,5,5B,U1,wordlist,8,high
pri-5B-U1-0035,Today is Sunday What do,,,primary,5,5B,U1,wordlist,8,high
pri-5B-U1-0036,you do on the weekend,,,primary,5,5B,U1,wordlist,8,high
pri-5B-U1-0037,I often go shopping,,,primary,5,5B,U1,wordlist,8,high
pri-5B-U1-0038,with my mum,,,primary,5,5B,U1,wordlist,8,high
pri-5B-U1-0039,What do you do,,,primary,5,5B,U1,wordlist,8,high
pri-5B-U1-0040,on the weekend,,,primary,5,5B,U1,wordlist,8,high
pri-5B-U1-0041,My day,,,primary,5,5B,U1,wordlist,8,high
pri-5B-U1-0042,A,,,primary,5,5B,U1,wordlist,9,high
pri-5B-U1-0043,Zhang Peng When do you finish class in the,,,primary,5,5B,U1,wordlist,9,high
pri-5B-U1-0044,morning,,,primary,5,5B,U1,wordlist,9,high
pri-5B-U1-0045,Pedro We finish class at o clock Then,,,primary,5,5B,U1,wordlist,9,high
pri-5B-U1-0046,we eat lunch at home,,,primary,5,5B,U1,wordlist,9,high
pri-5B-U1-0047,Zhang Peng Wow When do you go back to,,,primary,5,5B,U1,wordlist,9,high
pri-5B-U1-0048,school after lunch,,,primary,5,5B,U1,wordlist,9,high
pri-5B-U1-0049,Pedro At Classes start at o clock,,,primary,5,5B,U1,wordlist,9,high
pri-5B-U1-0050,Zhang Peng When do you usually eat dinner in,,,primary,5,5B,U1,wordlist,9,high
pri-5B-U1-0051,Spain,,,primary,5,5B,U1,wordlist,9,high
pri-5B-U1-0052,Pedro Usually at or o clock,,,primary,5,5B,U1,wordlist,9,high
pri-5B-U1-0053,Zhang Peng Wow That s too late,,,primary,5,5B,U1,wordlist,9,high
pri-5B-U1-0054,When do you go to bed,,,primary,5,5B,U1,wordlist,9,high
pri-5B-U1-0055,I get up at o clock,,,primary,5,5B,U1,wordlist,9,high
pri-5B-U1-0056,At o clock in the morning,,,primary,5,5B,U1,wordlist,9,high
pri-5B-U1-0057,I work at night,,,primary,5,5B,U1,wordlist,9,high
pri-5B-U1-0058,Where are Zhang Peng and Pedro Listen and tick,,,primary,5,5B,U1,wordlist,9,high
pri-5B-U1-0059,Let s try,,,primary,5,5B,U1,wordlist,9,high
pri-5B-U1-0060,Let s talk,,,primary,5,5B,U1,wordlist,9,high
pri-5B-U1-0061,Role-play,,,primary,5,5B,U1,wordlist,9,high
pri-5B-U1-0062,I get up at a m,,,primary,5,5B,U1,wordlist,10,high
pri-5B-U1-0063,At o clock,,,primary,5,5B,U1,wordlist,10,high
pri-5B-U1-0064,do morning,,,primary,5,5B,U1,wordlist,10,high
pri-5B-U1-0065,exercises,,,primary,5,5B,U1,wordlist,10,high
pri-5B-U1-0066,eat dinner,,,primary,5,5B,U1,wordlist,10,high
pri-5B-U1-0067,get up,,,primary,5,5B,U1,wordlist,10,high
pri-5B-U1-0068,eat breakfast,,,primary,5,5B,U1,wordlist,10,high
pri-5B-U1-0069,eat lunch,,,primary,5,5B,U1,wordlist,10,high
pri-5B-U1-0070,do morning exercises,,,primary,5,5B,U1,wordlist,10,high
pri-5B-U1-0071,have class,,,primary,5,5B,U1,wordlist,10,high
pri-5B-U1-0072,play sports,,,primary,5,5B,U1,wordlist,10,high
pri-5B-U1-0073,go to bed,,,primary,5,5B,U1,wordlist,10,high
pri-5B-U1-0074,a m,,,primary,5,5B,U1,wordlist,10,high
pri-5B-U1-0075,When do you do,,,primary,5,5B,U1,wordlist,10,high
pri-5B-U1-0076,morning exercises,,,primary,5,5B,U1,wordlist,10,high
pri-5B-U1-0077,Let s learn,,,primary,5,5B,U1,wordlist,10,high
pri-5B-U1-0078,Words,,,primary,5,5B,U1,wordlist,10,high
pri-5B-U1-0079,Ask about your partner s timetable,,,primary,5,5B,U1,wordlist,10,high
pri-5B-U1-0080,Ask and write,,,primary,5,5B,U1,wordlist,10,high
pri-5B-U1-0081,eggplant,,,primary,5,5B,U1,wordlist,11,high
pri-5B-U1-0082,please,,,primary,5,5B,U1,wordlist,11,high
pri-5B-U1-0083,clock,,,primary,5,5B,U1,wordlist,11,high
pri-5B-U1-0084,plate,,,primary,5,5B,U1,wordlist,11,high
pri-5B-U1-0085,class,,,primary,5,5B,U1,wordlist,11,high
pri-5B-U1-0086,clean,,,primary,5,5B,U1,wordlist,11,high
pri-5B-U1-0087,play,,,primary,5,5B,U1,wordlist,11,high
pri-5B-U1-0088,people,,,primary,5,5B,U1,wordlist,11,high
pri-5B-U1-0089,clever,,,primary,5,5B,U1,wordlist,11,high
pri-5B-U1-0090,clothes,,,primary,5,5B,U1,wordlist,11,high
pri-5B-U1-0091,player,,,primary,5,5B,U1,wordlist,11,high
pri-5B-U1-0092,cloudy,,,primary,5,5B,U1,wordlist,11,high
pri-5B-U1-0093,clear,,,primary,5,5B,U1,wordlist,11,high
pri-5B-U1-0094,classroom,,,primary,5,5B,U1,wordlist,11,high
pri-5B-U1-0095,playground,,,primary,5,5B,U1,wordlist,11,high
pri-5B-U1-0096,uncle,,,primary,5,5B,U1,wordlist,11,high
pri-5B-U1-0097,Clean the plate room please,,,primary,5,5B,U1,wordlist,11,high
pri-5B-U1-0098,Put two eggplants plates in the playground,,,primary,5,5B,U1,wordlist,11,high
pri-5B-U1-0099,Class clock,,,primary,5,5B,U1,wordlist,11,high
pri-5B-U1-0100,plate eggplant,,,primary,5,5B,U1,wordlist,11,high
pri-5B-U1-0101,clean play,,,primary,5,5B,U1,wordlist,11,high
pri-5B-U1-0102,Bingo,,,primary,5,5B,U1,wordlist,11,high
pri-5B-U1-0103,Let s spell,,,primary,5,5B,U1,wordlist,11,high
pri-5B-U1-0104,Choose write and say,,,primary,5,5B,U1,wordlist,11,high
pri-5B-U1-0105,Read listen and chant,,,primary,5,5B,U1,wordlist,11,high
pri-5B-U2-0008,B,,,primary,5,5B,U2,wordlist,12,high
pri-5B-U2-0009,Shopkeeper Why are you shopping today,,,primary,5,5B,U2,wordlist,12,high
pri-5B-U2-0010,Sarah My mum worked last night So,,,primary,5,5B,U2,wordlist,12,high
pri-5B-U2-0011,I m shopping today,,,primary,5,5B,U2,wordlist,12,high
pri-5B-U2-0012,Shopkeeper Good girl So what do you do on,,,primary,5,5B,U2,wordlist,12,high
pri-5B-U2-0013,the weekend,,,primary,5,5B,U2,wordlist,12,high
pri-5B-U2-0014,Sarah I often watch TV and play,,,primary,5,5B,U2,wordlist,12,high
pri-5B-U2-0015,ping-pong with my father,,,primary,5,5B,U2,wordlist,12,high
pri-5B-U2-0016,Shopkeeper That sounds like a lot of fun,,,primary,5,5B,U2,wordlist,12,high
pri-5B-U2-0017,Sarah Yes but I m also hard-working,,,primary,5,5B,U2,wordlist,12,high
pri-5B-U2-0018,I usually wash my clothes,,,primary,5,5B,U2,wordlist,12,high
pri-5B-U2-0019,Sometimes I cook dinner,,,primary,5,5B,U2,wordlist,12,high
pri-5B-U2-0020,Shopkeeper You re so busy You need a robot,,,primary,5,5B,U2,wordlist,12,high
pri-5B-U2-0021,to help you,,,primary,5,5B,U2,wordlist,12,high
pri-5B-U2-0022,do homework,,,primary,5,5B,U2,wordlist,12,high
pri-5B-U2-0023,watch TV,,,primary,5,5B,U2,wordlist,12,high
pri-5B-U2-0024,have class,,,primary,5,5B,U2,wordlist,12,high
pri-5B-U2-0025,play sports with,,,primary,5,5B,U2,wordlist,12,high
pri-5B-U2-0026,play music,,,primary,5,5B,U2,wordlist,12,high
pri-5B-U2-0027,wash my clothes,,,primary,5,5B,U2,wordlist,12,high
pri-5B-U2-0028,What do you do,,,primary,5,5B,U2,wordlist,12,high
pri-5B-U2-0029,on the weekend,,,primary,5,5B,U2,wordlist,12,high
pri-5B-U2-0030,I often go,,,primary,5,5B,U2,wordlist,12,high
pri-5B-U2-0031,shopping,,,primary,5,5B,U2,wordlist,12,high
pri-5B-U2-0032,I usually clean,,,primary,5,5B,U2,wordlist,12,high
pri-5B-U2-0033,my room,,,primary,5,5B,U2,wordlist,12,high
pri-5B-U2-0034,Let s try,,,primary,5,5B,U2,wordlist,12,high
pri-5B-U2-0035,Where is Sarah,,,primary,5,5B,U2,wordlist,12,high
pri-5B-U2-0036,Listen and circle,,,primary,5,5B,U2,wordlist,12,high
pri-5B-U2-0037,Let s talk,,,primary,5,5B,U2,wordlist,12,high
pri-5B-U2-0038,Ask the question and then pass it on,,,primary,5,5B,U2,wordlist,12,high
pri-5B-U2-0039,clean my room,,,primary,5,5B,U2,wordlist,13,high
pri-5B-U2-0040,go for a walk,,,primary,5,5B,U2,wordlist,13,high
pri-5B-U2-0041,go shopping,,,primary,5,5B,U2,wordlist,13,high
pri-5B-U2-0042,take a,,,primary,5,5B,U2,wordlist,13,high
pri-5B-U2-0043,dancing class,,,primary,5,5B,U2,wordlist,13,high
pri-5B-U2-0044,I often clean my,,,primary,5,5B,U2,wordlist,13,high
pri-5B-U2-0045,room on Saturdays,,,primary,5,5B,U2,wordlist,13,high
pri-5B-U2-0046,I,,,primary,5,5B,U2,wordlist,13,high
pri-5B-U2-0047,always,,,primary,5,5B,U2,wordlist,13,high
pri-5B-U2-0048,often,,,primary,5,5B,U2,wordlist,13,high
pri-5B-U2-0049,sometimes,,,primary,5,5B,U2,wordlist,13,high
pri-5B-U2-0050,on Saturdays,,,primary,5,5B,U2,wordlist,13,high
pri-5B-U2-0051,on Sundays,,,primary,5,5B,U2,wordlist,13,high
pri-5B-U2-0052,take a dancing class,,,primary,5,5B,U2,wordlist,13,high
pri-5B-U2-0053,with,,,primary,5,5B,U2,wordlist,13,high
pri-5B-U2-0054,I sometimes go shopping with,,,primary,5,5B,U2,wordlist,13,high
pri-5B-U2-0055,my mum on the weekend,,,primary,5,5B,U2,wordlist,13,high
pri-5B-U2-0056,Let s learn,,,primary,5,5B,U2,wordlist,13,high
pri-5B-U2-0057,Words,,,primary,5,5B,U2,wordlist,13,high
pri-5B-U2-0058,Do a survey,,,primary,5,5B,U2,wordlist,13,high
pri-5B-U2-0059,Look tick and write What do you do on the,,,primary,5,5B,U2,wordlist,13,high
pri-5B-U2-0060,weekend,,,primary,5,5B,U2,wordlist,13,high
pri-5B-U2-0061,My name is Robinson I live on an island I always get up,,,primary,5,5B,U2,wordlist,14,high
pri-5B-U2-0062,early every day I wash my face and then I eat breakfast,,,primary,5,5B,U2,wordlist,14,high
pri-5B-U2-0063,Sometimes I clean my cave too,,,primary,5,5B,U2,wordlist,14,high
pri-5B-U2-0064,I often go swimming in the water In the,,,primary,5,5B,U2,wordlist,14,high
pri-5B-U2-0065,afternoon I play sports with my friend,,,primary,5,5B,U2,wordlist,14,high
pri-5B-U2-0066,His name is Friday,,,primary,5,5B,U2,wordlist,14,high
pri-5B-U2-0067,Friday is good at sports,,,primary,5,5B,U2,wordlist,14,high
pri-5B-U2-0068,He often wins,,,primary,5,5B,U2,wordlist,14,high
pri-5B-U2-0069,Robinson and Friday always get up late in the morning,,,primary,5,5B,U2,wordlist,14,high
pri-5B-U2-0070,Robinson only cleans his cave on Fridays,,,primary,5,5B,U2,wordlist,14,high
pri-5B-U2-0071,Robinson and Friday play sports together in the afternoon,,,primary,5,5B,U2,wordlist,14,high
pri-5B-U2-0072,Dear Robinson,,,primary,5,5B,U2,wordlist,14,high
pri-5B-U2-0073,My name is I live in,,,primary,5,5B,U2,wordlist,14,high
pri-5B-U2-0074,I often and,,,primary,5,5B,U2,wordlist,14,high
pri-5B-U2-0075,In the afternoon I with,,,primary,5,5B,U2,wordlist,14,high
pri-5B-U2-0076,I hope you can get off your island soon,,,primary,5,5B,U2,wordlist,14,high
pri-5B-U2-0077,Yours,,,primary,5,5B,U2,wordlist,14,high
pri-5B-U2-0078,Tick or cross,,,primary,5,5B,U2,wordlist,14,high
pri-5B-U2-0079,Read and write,,,primary,5,5B,U2,wordlist,14,high
pri-5B-U2-0080,Write a letter to Robinson Tell him what you often do,,,primary,5,5B,U2,wordlist,14,high
pri-5B-U2-0081,every day,,,primary,5,5B,U2,wordlist,14,high
pri-5B-U2-0082,Robin is in a play He is Robinson Crusoe Here is a,,,primary,5,5B,U2,wordlist,14,high
pri-5B-U2-0083,letter from him,,,primary,5,5B,U2,wordlist,14,high
pri-5B-U2-0084,Robin s play,,,primary,5,5B,U2,wordlist,14,high
pri-5B-U2-0085,homework,,,primary,5,5B,U2,wordlist,15,high
pri-5B-U2-0086,sports,,,primary,5,5B,U2,wordlist,15,high
pri-5B-U2-0087,class,,,primary,5,5B,U2,wordlist,15,high
pri-5B-U2-0088,running,,,primary,5,5B,U2,wordlist,15,high
pri-5B-U2-0089,ping-pong,,,primary,5,5B,U2,wordlist,15,high
pri-5B-U2-0090,the,,,primary,5,5B,U2,wordlist,15,high
pri-5B-U2-0091,kung fu,,,primary,5,5B,U2,wordlist,15,high
pri-5B-U2-0092,dinner,,,primary,5,5B,U2,wordlist,15,high
pri-5B-U2-0093,swimming,,,primary,5,5B,U2,wordlist,15,high
pri-5B-U2-0094,morning exercises,,,primary,5,5B,U2,wordlist,15,high
pri-5B-U2-0095,What do you do on the weekend,,,primary,5,5B,U2,wordlist,15,high
pri-5B-U2-0096,I often,,,primary,5,5B,U2,wordlist,15,high
pri-5B-U2-0097,I always,,,primary,5,5B,U2,wordlist,15,high
pri-5B-U2-0098,I sometimes,,,primary,5,5B,U2,wordlist,15,high
pri-5B-U2-0099,go,,,primary,5,5B,U2,wordlist,15,high
pri-5B-U2-0100,play,,,primary,5,5B,U2,wordlist,15,high
pri-5B-U2-0101,have,,,primary,5,5B,U2,wordlist,15,high
pri-5B-U2-0102,do,,,primary,5,5B,U2,wordlist,15,high
pri-5B-U2-0103,go swimming,,,primary,5,5B,U2,wordlist,15,high
pri-5B-U2-0104,pipa,,,primary,5,5B,U2,wordlist,15,high
pri-5B-U2-0105,Give answers about yourself,,,primary,5,5B,U2,wordlist,15,high
pri-5B-U2-0106,Let s check,,,primary,5,5B,U2,wordlist,15,high
pri-5B-U2-0107,Listen and tick,,,primary,5,5B,U2,wordlist,15,high
pri-5B-U2-0108,Let s wrap it up,,,primary,5,5B,U2,wordlist,15,high
pri-5B-U2-0109,Choose and write the words in the correct rows,,,primary,5,5B,U2,wordlist,15,high
pri-5B-U2-0110,C,,,primary,5,5B,U2,wordlist,16,high
pri-5B-U2-0111,Zip It s Saturday now Zoom,,,primary,5,5B,U2,wordlist,16,high
pri-5B-U2-0112,I m always very busy,,,primary,5,5B,U2,wordlist,16,high
pri-5B-U2-0113,Zoom Why,,,primary,5,5B,U2,wordlist,16,high
pri-5B-U2-0114,Zip On Friday I eat nuts,,,primary,5,5B,U2,wordlist,16,high
pri-5B-U2-0115,with my friends,,,primary,5,5B,U2,wordlist,16,high
pri-5B-U2-0116,Zoom What do you usually do on,,,primary,5,5B,U2,wordlist,16,high
pri-5B-U2-0117,Zip I often watch TV but this,,,primary,5,5B,U2,wordlist,16,high
pri-5B-U2-0118,weekend I have a show I ll,,,primary,5,5B,U2,wordlist,16,high
pri-5B-U2-0119,play the,,,primary,5,5B,U2,wordlist,16,high
pri-5B-U2-0120,Zoom When,,,primary,5,5B,U2,wordlist,16,high
pri-5B-U2-0121,Zip Saturday at o clock,,,primary,5,5B,U2,wordlist,16,high
pri-5B-U2-0122,Oh no,,,primary,5,5B,U2,wordlist,16,high
pri-5B-U2-0123,Zoom What else,,,primary,5,5B,U2,wordlist,16,high
pri-5B-U2-0124,Zip On Thursday I often dry,,,primary,5,5B,U2,wordlist,16,high
pri-5B-U2-0125,my nuts in the sun,,,primary,5,5B,U2,wordlist,16,high
pri-5B-U2-0126,Zip Let me see From Monday,,,primary,5,5B,U2,wordlist,16,high
pri-5B-U2-0127,to Wednesday I usually,,,primary,5,5B,U2,wordlist,16,high
pri-5B-U2-0128,collect nuts in the,,,primary,5,5B,U2,wordlist,16,high
pri-5B-U2-0129,afternoon,,,primary,5,5B,U2,wordlist,16,high
pri-5B-U2-0130,Story time,,,primary,5,5B,U2,wordlist,16,high
pri-5B-U2-0131,Autumn,,,primary,5,5B,U2,wordlist,17,high
pri-5B-U2-0132,Why,,,primary,5,5B,U2,wordlist,17,high
pri-5B-U2-0133,Which season,,,primary,5,5B,U2,wordlist,17,high
pri-5B-U2-0134,do you like best,,,primary,5,5B,U2,wordlist,17,high
pri-5B-U2-0135,Because the,,,primary,5,5B,U2,wordlist,17,high
pri-5B-U2-0136,colours are pretty,,,primary,5,5B,U2,wordlist,17,high
pri-5B-U2-0137,I like spring best,,,primary,5,5B,U2,wordlist,17,high
pri-5B-U2-0138,There are beautiful,,,primary,5,5B,U2,wordlist,17,high
pri-5B-U2-0139,flowers everywhere,,,primary,5,5B,U2,wordlist,17,high
pri-5B-U2-0140,Winter I can sleep,,,primary,5,5B,U2,wordlist,17,high
pri-5B-U2-0141,all day How about you,,,primary,5,5B,U2,wordlist,17,high
pri-5B-U2-0142,Unit Two,,,primary,5,5B,U2,wordlist,17,high
pri-5B-U2-0143,Look at my picture,,,primary,5,5B,U2,wordlist,18,high
pri-5B-U2-0144,Miss White I like,,,primary,5,5B,U2,wordlist,18,high
pri-5B-U2-0145,summer best because of,,,primary,5,5B,U2,wordlist,18,high
pri-5B-U2-0146,Children s Day,,,primary,5,5B,U2,wordlist,18,high
pri-5B-U2-0147,I often go swimming,,,primary,5,5B,U2,wordlist,18,high
pri-5B-U2-0148,What do you often,,,primary,5,5B,U2,wordlist,18,high
pri-5B-U2-0149,do in summer,,,primary,5,5B,U2,wordlist,18,high
pri-5B-U2-0150,My favourite,,,primary,5,5B,U2,wordlist,18,high
pri-5B-U2-0151,season,,,primary,5,5B,U2,wordlist,18,high
pri-5B-U2-0152,A,,,primary,5,5B,U2,wordlist,19,high
pri-5B-U2-0153,Zoom,,,primary,5,5B,U2,wordlist,19,high
pri-5B-U2-0154,rainy and cold,,,primary,5,5B,U2,wordlist,19,high
pri-5B-U2-0155,windy and cold,,,primary,5,5B,U2,wordlist,19,high
pri-5B-U2-0156,sunny and warm,,,primary,5,5B,U2,wordlist,19,high
pri-5B-U2-0157,It is,,,primary,5,5B,U2,wordlist,19,high
pri-5B-U2-0158,Mr Jones Do you like the music children,,,primary,5,5B,U2,wordlist,19,high
pri-5B-U2-0159,Mike Yes It s very beautiful What,,,primary,5,5B,U2,wordlist,19,high
pri-5B-U2-0160,is it,,,primary,5,5B,U2,wordlist,19,high
pri-5B-U2-0161,Mr Jones Today we ll,,,primary,5,5B,U2,wordlist,19,high
pri-5B-U2-0162,draw the seasons Which season,,,primary,5,5B,U2,wordlist,19,high
pri-5B-U2-0163,do you like best Mike,,,primary,5,5B,U2,wordlist,19,high
pri-5B-U2-0164,Mike Winter I like snow,,,primary,5,5B,U2,wordlist,19,high
pri-5B-U2-0165,Mr Jones I like snow too Which season,,,primary,5,5B,U2,wordlist,19,high
pri-5B-U2-0166,do you like best Wu Binbin,,,primary,5,5B,U2,wordlist,19,high
pri-5B-U2-0167,Wu Binbin Spring It s pretty,,,primary,5,5B,U2,wordlist,19,high
pri-5B-U2-0168,Mr Jones Yes it is,,,primary,5,5B,U2,wordlist,19,high
pri-5B-U2-0169,Winter,,,primary,5,5B,U2,wordlist,19,high
pri-5B-U2-0170,The Four Seasons,,,primary,5,5B,U2,wordlist,19,high
pri-5B-U2-0171,What is the weather like today,,,primary,5,5B,U2,wordlist,19,high
pri-5B-U2-0172,Listen and write,,,primary,5,5B,U2,wordlist,19,high
pri-5B-U2-0173,Which season do you like best Ask and answer,,,primary,5,5B,U2,wordlist,19,high
pri-5B-U2-0174,Spring is green with flowers and songs,,,primary,5,5B,U2,wordlist,20,high
pri-5B-U2-0175,Summer is hot and the days are long,,,primary,5,5B,U2,wordlist,20,high
pri-5B-U2-0176,Autumn is golden and farmers are busy,,,primary,5,5B,U2,wordlist,20,high
pri-5B-U2-0177,Winter is white and the year is gone,,,primary,5,5B,U2,wordlist,20,high
pri-5B-U2-0178,spring,,,primary,5,5B,U2,wordlist,20,high
pri-5B-U2-0179,summer,,,primary,5,5B,U2,wordlist,20,high
pri-5B-U2-0180,Which season do,,,primary,5,5B,U2,wordlist,20,high
pri-5B-U2-0181,you like best,,,primary,5,5B,U2,wordlist,20,high
pri-5B-U2-0182,Summer I can go,,,primary,5,5B,U2,wordlist,20,high
pri-5B-U2-0183,swimming every day,,,primary,5,5B,U2,wordlist,20,high
pri-5B-U2-0184,Read and match,,,primary,5,5B,U2,wordlist,20,high
pri-5B-U2-0185,brown,,,primary,5,5B,U2,wordlist,21,high
pri-5B-U2-0186,green,,,primary,5,5B,U2,wordlist,21,high
pri-5B-U2-0187,grapes,,,primary,5,5B,U2,wordlist,21,high
pri-5B-U2-0188,grandpa,,,primary,5,5B,U2,wordlist,21,high
pri-5B-U2-0189,grow,,,primary,5,5B,U2,wordlist,21,high
pri-5B-U2-0190,green brown grow grandma breakfast,,,primary,5,5B,U2,wordlist,21,high
pri-5B-U2-0191,brother grass grapes library great,,,primary,5,5B,U2,wordlist,21,high
pri-5B-U2-0192,library,,,primary,5,5B,U2,wordlist,21,high
pri-5B-U2-0193,umbrella,,,primary,5,5B,U2,wordlist,21,high
pri-5B-U2-0194,brother,,,primary,5,5B,U2,wordlist,21,high
pri-5B-U2-0195,Grandma,,,primary,5,5B,U2,wordlist,21,high
pri-5B-U2-0196,grows,,,primary,5,5B,U2,wordlist,21,high
pri-5B-U2-0197,yellow,,,primary,5,5B,U2,wordlist,21,high
pri-5B-U2-0198,purple,,,primary,5,5B,U2,wordlist,21,high
pri-5B-U2-0199,potatoes,,,primary,5,5B,U2,wordlist,21,high
pri-5B-U2-0200,grass,,,primary,5,5B,U2,wordlist,21,high
pri-5B-U2-0201,apples,,,primary,5,5B,U2,wordlist,21,high
pri-5B-U2-0202,Grandpa grows green grapes,,,primary,5,5B,U2,wordlist,21,high
pri-5B-U2-0203,Let s spell,,,primary,5,5B,U2,wordlist,21,high
pri-5B-U2-0204,Read listen and chant,,,primary,5,5B,U2,wordlist,21,high
pri-5B-U2-0205,Choose write and say,,,primary,5,5B,U2,wordlist,21,high
pri-5B-U2-0206,Read and group,,,primary,5,5B,U2,wordlist,21,high
pri-5B-U3-0001,B,,,primary,5,5B,U3,wordlist,22,high
pri-5B-U3-0002,Amy Hello Miss White Look at,,,primary,5,5B,U3,wordlist,22,high
pri-5B-U3-0003,my picture,,,primary,5,5B,U3,wordlist,22,high
pri-5B-U3-0004,Miss White Good job I like the trees,,,primary,5,5B,U3,wordlist,22,high
pri-5B-U3-0005,The colours are very pretty,,,primary,5,5B,U3,wordlist,22,high
pri-5B-U3-0006,Amy Yes I like autumn best The,,,primary,5,5B,U3,wordlist,22,high
pri-5B-U3-0007,weather is good and the,,,primary,5,5B,U3,wordlist,22,high
pri-5B-U3-0008,colours are beautiful Which season,,,primary,5,5B,U3,wordlist,22,high
pri-5B-U3-0009,do you like best Miss White,,,primary,5,5B,U3,wordlist,22,high
pri-5B-U3-0010,Miss White Summer,,,primary,5,5B,U3,wordlist,22,high
pri-5B-U3-0011,Amy Why,,,primary,5,5B,U3,wordlist,22,high
pri-5B-U3-0012,Miss White Because I like summer vacation,,,primary,5,5B,U3,wordlist,22,high
pri-5B-U3-0013,Because there,,,primary,5,5B,U3,wordlist,22,high
pri-5B-U3-0014,are pretty flowers,,,primary,5,5B,U3,wordlist,22,high
pri-5B-U3-0015,Which season do,,,primary,5,5B,U3,wordlist,22,high
pri-5B-U3-0016,you like best,,,primary,5,5B,U3,wordlist,22,high
pri-5B-U3-0017,Why,,,primary,5,5B,U3,wordlist,22,high
pri-5B-U3-0018,I like spring best,,,primary,5,5B,U3,wordlist,22,high
pri-5B-U3-0019,Let s try,,,primary,5,5B,U3,wordlist,22,high
pri-5B-U3-0020,Zhang Peng and John are looking at some pictures,,,primary,5,5B,U3,wordlist,22,high
pri-5B-U3-0021,Which is Zhang Peng s picture Listen and tick,,,primary,5,5B,U3,wordlist,22,high
pri-5B-U3-0022,Let s talk,,,primary,5,5B,U3,wordlist,22,high
pri-5B-U3-0023,Ask and answer,,,primary,5,5B,U3,wordlist,22,high
pri-5B-U3-0024,go on a picnic,,,primary,5,5B,U3,wordlist,23,high
pri-5B-U3-0025,go swimming,,,primary,5,5B,U3,wordlist,23,high
pri-5B-U3-0026,pick apples,,,primary,5,5B,U3,wordlist,23,high
pri-5B-U3-0027,make a snowman,,,primary,5,5B,U3,wordlist,23,high
pri-5B-U3-0028,play in the snow,,,primary,5,5B,U3,wordlist,23,high
pri-5B-U3-0029,plant flowers,,,primary,5,5B,U3,wordlist,23,high
pri-5B-U3-0030,eat ice cream,,,primary,5,5B,U3,wordlist,23,high
pri-5B-U3-0031,There are beautiful flowers,,,primary,5,5B,U3,wordlist,23,high
pri-5B-U3-0032,everywhere I often go on,,,primary,5,5B,U3,wordlist,23,high
pri-5B-U3-0033,a picnic with my family,,,primary,5,5B,U3,wordlist,23,high
pri-5B-U3-0034,Which season,,,primary,5,5B,U3,wordlist,23,high
pri-5B-U3-0035,do you like best,,,primary,5,5B,U3,wordlist,23,high
pri-5B-U3-0036,Winter I often,,,primary,5,5B,U3,wordlist,23,high
pri-5B-U3-0037,Let s learn,,,primary,5,5B,U3,wordlist,23,high
pri-5B-U3-0038,Words,,,primary,5,5B,U3,wordlist,23,high
pri-5B-U3-0039,The last fall means,,,primary,5,5B,U3,wordlist,24,high
pri-5B-U3-0040,A autumn B pretty C cute D cool,,,primary,5,5B,U3,wordlist,24,high
pri-5B-U3-0041,Which season does Robin like,,,primary,5,5B,U3,wordlist,24,high
pri-5B-U3-0042,A Spring B Autumn C Summer D All the four seasons,,,primary,5,5B,U3,wordlist,24,high
pri-5B-U3-0043,I like,,,primary,5,5B,U3,wordlist,24,high
pri-5B-U3-0044,Look at the green trees and,,,primary,5,5B,U3,wordlist,24,high
pri-5B-U3-0045,pink flowers,,,primary,5,5B,U3,wordlist,24,high
pri-5B-U3-0046,The weather is hot hot hot,,,primary,5,5B,U3,wordlist,24,high
pri-5B-U3-0047,What lovely colours The leaves,,,primary,5,5B,U3,wordlist,24,high
pri-5B-U3-0048,fall and fall and fall I love fall,,,primary,5,5B,U3,wordlist,24,high
pri-5B-U3-0049,There is lots of snow It is,,,primary,5,5B,U3,wordlist,24,high
pri-5B-U3-0050,white everywhere,,,primary,5,5B,U3,wordlist,24,high
pri-5B-U3-0051,I like spring because there are,,,primary,5,5B,U3,wordlist,24,high
pri-5B-U3-0052,beautiful f,,,primary,5,5B,U3,wordlist,24,high
pri-5B-U3-0053,lowers everywhere,,,primary,5,5B,U3,wordlist,24,high
pri-5B-U3-0054,Wow I want to paint,,,primary,5,5B,U3,wordlist,24,high
pri-5B-U3-0055,a picture too,,,primary,5,5B,U3,wordlist,24,high
pri-5B-U3-0056,I like winter because,,,primary,5,5B,U3,wordlist,24,high
pri-5B-U3-0057,I can play in the snow,,,primary,5,5B,U3,wordlist,24,high
pri-5B-U3-0058,I like summer but,,,primary,5,5B,U3,wordlist,24,high
pri-5B-U3-0059,I can t swim,,,primary,5,5B,U3,wordlist,24,high
pri-5B-U3-0060,Robin likes them all,,,primary,5,5B,U3,wordlist,24,high
pri-5B-U3-0061,Read and write,,,primary,5,5B,U3,wordlist,24,high
pri-5B-U3-0062,Which season do you like best Why Complete the sentence,,,primary,5,5B,U3,wordlist,24,high
pri-5B-U3-0063,Read and tick,,,primary,5,5B,U3,wordlist,24,high
pri-5B-U3-0064,Boy,,,primary,5,5B,U3,wordlist,25,high
pri-5B-U3-0065,Girl,,,primary,5,5B,U3,wordlist,25,high
pri-5B-U3-0066,Boy Do you like summer,,,primary,5,5B,U3,wordlist,25,high
pri-5B-U3-0067,Girl No I don t It s too hot,,,primary,5,5B,U3,wordlist,25,high
pri-5B-U3-0068,pick fresh apples,,,primary,5,5B,U3,wordlist,25,high
pri-5B-U3-0069,Why do you like spring best,,,primary,5,5B,U3,wordlist,25,high
pri-5B-U3-0070,Because the weather is nice,,,primary,5,5B,U3,wordlist,25,high
pri-5B-U3-0071,season do you like best,,,primary,5,5B,U3,wordlist,25,high
pri-5B-U3-0072,do you go to school,,,primary,5,5B,U3,wordlist,25,high
pri-5B-U3-0073,I go to school at o clock,,,primary,5,5B,U3,wordlist,25,high
pri-5B-U3-0074,do you often do on the weekend,,,primary,5,5B,U3,wordlist,25,high
pri-5B-U3-0075,I often go shopping,,,primary,5,5B,U3,wordlist,25,high
pri-5B-U3-0076,is your photo,,,primary,5,5B,U3,wordlist,25,high
pri-5B-U3-0077,It s on the wall,,,primary,5,5B,U3,wordlist,25,high
pri-5B-U3-0078,what,,,primary,5,5B,U3,wordlist,25,high
pri-5B-U3-0079,when,,,primary,5,5B,U3,wordlist,25,high
pri-5B-U3-0080,where,,,primary,5,5B,U3,wordlist,25,high
pri-5B-U3-0081,which,,,primary,5,5B,U3,wordlist,25,high
pri-5B-U3-0082,is do,,,primary,5,5B,U3,wordlist,25,high
pri-5B-U3-0083,Fill in the question words,,,primary,5,5B,U3,wordlist,25,high
pri-5B-U3-0084,Let s check,,,primary,5,5B,U3,wordlist,25,high
pri-5B-U3-0085,Listen and write,,,primary,5,5B,U3,wordlist,25,high
pri-5B-U3-0086,Let s wrap it up,,,primary,5,5B,U3,wordlist,25,high
pri-5B-U3-0087,C,,,primary,5,5B,U3,wordlist,26,high
pri-5B-U3-0088,Zip Zoom Welcome,,,primary,5,5B,U3,wordlist,26,high
pri-5B-U3-0089,Koala Thank you Merry,,,primary,5,5B,U3,wordlist,26,high
pri-5B-U3-0090,Christmas,,,primary,5,5B,U3,wordlist,26,high
pri-5B-U3-0091,Zip Zoom Merry Christmas,,,primary,5,5B,U3,wordlist,26,high
pri-5B-U3-0092,Zoom What do you usually do,,,primary,5,5B,U3,wordlist,26,high
pri-5B-U3-0093,on Christmas Day,,,primary,5,5B,U3,wordlist,26,high
pri-5B-U3-0094,Koala I usually go to the beach,,,primary,5,5B,U3,wordlist,26,high
pri-5B-U3-0095,and swim in the sea,,,primary,5,5B,U3,wordlist,26,high
pri-5B-U3-0096,Zoom You swim in winter,,,primary,5,5B,U3,wordlist,26,high
pri-5B-U3-0097,Koala Christmas is in summer in,,,primary,5,5B,U3,wordlist,26,high
pri-5B-U3-0098,Australia so we never have,,,primary,5,5B,U3,wordlist,26,high
pri-5B-U3-0099,snow for Christmas,,,primary,5,5B,U3,wordlist,26,high
pri-5B-U3-0100,Zoom Which season do you,,,primary,5,5B,U3,wordlist,26,high
pri-5B-U3-0101,like best,,,primary,5,5B,U3,wordlist,26,high
pri-5B-U3-0102,Koala Summer I like sunny,,,primary,5,5B,U3,wordlist,26,high
pri-5B-U3-0103,days,,,primary,5,5B,U3,wordlist,26,high
pri-5B-U3-0104,Koala Wow A white Christmas,,,primary,5,5B,U3,wordlist,26,high
pri-5B-U3-0105,Zoom Let s make a snowman,,,primary,5,5B,U3,wordlist,26,high
pri-5B-U3-0106,Zip Koala Great,,,primary,5,5B,U3,wordlist,26,high
pri-5B-U3-0107,Zip Say cheese,,,primary,5,5B,U3,wordlist,26,high
pri-5B-U3-0108,Koala Cheese,,,primary,5,5B,U3,wordlist,26,high
pri-5B-U3-0109,Story time,,,primary,5,5B,U3,wordlist,26,high
pri-5B-U3-0110,When is Tree Planting Day,,,primary,5,5B,U3,wordlist,27,high
pri-5B-U3-0111,That s very,,,primary,5,5B,U3,wordlist,27,high
pri-5B-U3-0112,kind of you,,,primary,5,5B,U3,wordlist,27,high
pri-5B-U3-0113,When is Dragon Boat Festival,,,primary,5,5B,U3,wordlist,27,high
pri-5B-U3-0114,When is the summer vacation,,,primary,5,5B,U3,wordlist,27,high
pri-5B-U3-0115,It s in March,,,primary,5,5B,U3,wordlist,27,high
pri-5B-U3-0116,It s usually in June,,,primary,5,5B,U3,wordlist,27,high
pri-5B-U3-0117,My mum will make zongzi,,,primary,5,5B,U3,wordlist,27,high
pri-5B-U3-0118,then I hope you can come,,,primary,5,5B,U3,wordlist,27,high
pri-5B-U3-0119,and share some with us,,,primary,5,5B,U3,wordlist,27,high
pri-5B-U3-0120,zongzi,,,primary,5,5B,U3,wordlist,27,high
pri-5B-U3-0121,Unit Three,,,primary,5,5B,U3,wordlist,27,high
pri-5B-U3-0122,It s in July and August,,,primary,5,5B,U3,wordlist,28,high
pri-5B-U3-0123,When is the school,,,primary,5,5B,U3,wordlist,28,high
pri-5B-U3-0124,trip this year,,,primary,5,5B,U3,wordlist,28,high
pri-5B-U3-0125,Is the singing,,,primary,5,5B,U3,wordlist,28,high
pri-5B-U3-0126,contest in May too,,,primary,5,5B,U3,wordlist,28,high
pri-5B-U3-0127,Hooray for May,,,primary,5,5B,U3,wordlist,28,high
pri-5B-U3-0128,It s in May,,,primary,5,5B,U3,wordlist,28,high
pri-5B-U3-0129,Yes,,,primary,5,5B,U3,wordlist,28,high
pri-5B-U3-0130,My school calendar,,,primary,5,5B,U3,wordlist,28,high
pri-5B-U3-0131,A,,,primary,5,5B,U3,wordlist,29,high
pri-5B-U3-0132,It s usually,,,primary,5,5B,U3,wordlist,29,high
pri-5B-U3-0133,in May,,,primary,5,5B,U3,wordlist,29,high
pri-5B-U3-0134,When is the,,,primary,5,5B,U3,wordlist,29,high
pri-5B-U3-0135,singing contest,,,primary,5,5B,U3,wordlist,29,high
pri-5B-U3-0136,March th,,,primary,5,5B,U3,wordlist,29,high
pri-5B-U3-0137,Dear parents,,,primary,5,5B,U3,wordlist,29,high
pri-5B-U3-0138,Please come to the sports,,,primary,5,5B,U3,wordlist,29,high
pri-5B-U3-0139,meet next Friday,,,primary,5,5B,U3,wordlist,29,high
pri-5B-U3-0140,Zhang Peng s parents,,,primary,5,5B,U3,wordlist,29,high
pri-5B-U3-0141,Mike s parents,,,primary,5,5B,U3,wordlist,29,high
pri-5B-U3-0142,school trip,,,primary,5,5B,U3,wordlist,29,high
pri-5B-U3-0143,sports meet,,,primary,5,5B,U3,wordlist,29,high
pri-5B-U3-0144,Chinese test,,,primary,5,5B,U3,wordlist,29,high
pri-5B-U3-0145,Mike We have a few fun things in spring,,,primary,5,5B,U3,wordlist,29,high
pri-5B-U3-0146,After the sports meet we have an,,,primary,5,5B,U3,wordlist,29,high
pri-5B-U3-0147,English party,,,primary,5,5B,U3,wordlist,29,high
pri-5B-U3-0148,Zhang Peng When is the party,,,primary,5,5B,U3,wordlist,29,high
pri-5B-U3-0149,Mike It s in April We have a school trip too,,,primary,5,5B,U3,wordlist,29,high
pri-5B-U3-0150,Zhang Peng When is that,,,primary,5,5B,U3,wordlist,29,high
pri-5B-U3-0151,Mike It s in May,,,primary,5,5B,U3,wordlist,29,high
pri-5B-U3-0152,Zhang Peng Cool,,,primary,5,5B,U3,wordlist,29,high
pri-5B-U3-0153,Who will go to the sports meet next week Listen,,,primary,5,5B,U3,wordlist,29,high
pri-5B-U3-0154,and tick,,,primary,5,5B,U3,wordlist,29,high
pri-5B-U3-0155,Write and talk,,,primary,5,5B,U3,wordlist,29,high
pri-5B-U3-0156,Tree Planting Day is in February March,,,primary,5,5B,U3,wordlist,30,high
pri-5B-U3-0157,Winter vacation is in February and March,,,primary,5,5B,U3,wordlist,30,high
pri-5B-U3-0158,Mother s Day is in May,,,primary,5,5B,U3,wordlist,30,high
pri-5B-U3-0159,The sports meet is in April,,,primary,5,5B,U3,wordlist,30,high
pri-5B-U3-0160,Children s Day is in January,,,primary,5,5B,U3,wordlist,30,high
pri-5B-U3-0161,When is,,,primary,5,5B,U3,wordlist,30,high
pri-5B-U3-0162,Mother s Day,,,primary,5,5B,U3,wordlist,30,high
pri-5B-U3-0163,It s in,,,primary,5,5B,U3,wordlist,30,high
pri-5B-U3-0164,When is Tree,,,primary,5,5B,U3,wordlist,30,high
pri-5B-U3-0165,Planting Day,,,primary,5,5B,U3,wordlist,30,high
pri-5B-U3-0166,March,,,primary,5,5B,U3,wordlist,30,high
pri-5B-U3-0167,New Year s Day,,,primary,5,5B,U3,wordlist,30,high
pri-5B-U3-0168,winter vacation,,,primary,5,5B,U3,wordlist,30,high
pri-5B-U3-0169,Tree Planting Day,,,primary,5,5B,U3,wordlist,30,high
pri-5B-U3-0170,May Day,,,primary,5,5B,U3,wordlist,30,high
pri-5B-U3-0171,Children s Day,,,primary,5,5B,U3,wordlist,30,high
pri-5B-U3-0172,Father s Day,,,primary,5,5B,U3,wordlist,30,high
pri-5B-U3-0173,Read and say,,,primary,5,5B,U3,wordlist,30,high
pri-5B-U3-0174,Tick or cross Correct the names of the months when,,,primary,5,5B,U3,wordlist,30,high
pri-5B-U3-0175,necessary,,,primary,5,5B,U3,wordlist,30,high
pri-5B-U3-0176,Chinese children,,,primary,5,5B,U3,wordlist,31,high
pri-5B-U3-0177,a shirt and shorts,,,primary,5,5B,U3,wordlist,31,high
pri-5B-U3-0178,a short sheep,,,primary,5,5B,U3,wordlist,31,high
pri-5B-U3-0179,an English teacher,,,primary,5,5B,U3,wordlist,31,high
pri-5B-U3-0180,fish for lunch,,,primary,5,5B,U3,wordlist,31,high
pri-5B-U3-0181,China,,,primary,5,5B,U3,wordlist,31,high
pri-5B-U3-0182,sheep,,,primary,5,5B,U3,wordlist,31,high
pri-5B-U3-0183,chicken,,,primary,5,5B,U3,wordlist,31,high
pri-5B-U3-0184,fish,,,primary,5,5B,U3,wordlist,31,high
pri-5B-U3-0185,lunch,,,primary,5,5B,U3,wordlist,31,high
pri-5B-U3-0186,shirt,,,primary,5,5B,U3,wordlist,31,high
pri-5B-U3-0187,teacher,,,primary,5,5B,U3,wordlist,31,high
pri-5B-U3-0188,shorts,,,primary,5,5B,U3,wordlist,31,high
pri-5B-U3-0189,The,,,primary,5,5B,U3,wordlist,31,high
pri-5B-U3-0190,is,,,primary,5,5B,U3,wordlist,31,high
pri-5B-U3-0191,The teacher is nice,,,primary,5,5B,U3,wordlist,31,high
pri-5B-U3-0192,short,,,primary,5,5B,U3,wordlist,31,high
pri-5B-U3-0193,fresh,,,primary,5,5B,U3,wordlist,31,high
pri-5B-U3-0194,cheap,,,primary,5,5B,U3,wordlist,31,high
pri-5B-U3-0195,nice,,,primary,5,5B,U3,wordlist,31,high
pri-5B-U3-0196,Let s spell,,,primary,5,5B,U3,wordlist,31,high
pri-5B-U3-0197,Read listen and chant,,,primary,5,5B,U3,wordlist,31,high
pri-5B-U3-0198,Listen number and say,,,primary,5,5B,U3,wordlist,31,high
pri-5B-U3-0199,Choose write and say,,,primary,5,5B,U3,wordlist,31,high
pri-5B-U4-0001,B,,,primary,5,5B,U4,wordlist,32,high
pri-5B-U4-0002,I will,,,primary,5,5B,U4,wordlist,32,high
pri-5B-U4-0003,will,,,primary,5,5B,U4,text_only,32,high
pri-5B-U4-0004,cook,,,primary,5,5B,U4,wordlist,32,high
pri-5B-U4-0005,make a card,,,primary,5,5B,U4,wordlist,32,high
pri-5B-U4-0006,sing to her,,,primary,5,5B,U4,wordlist,32,high
pri-5B-U4-0007,say Thank you,,,primary,5,5B,U4,wordlist,32,high
pri-5B-U4-0008,write her a letter,,,primary,5,5B,U4,wordlist,32,high
pri-5B-U4-0009,tell her a story,,,primary,5,5B,U4,wordlist,32,high
pri-5B-U4-0010,play the for her,,,primary,5,5B,U4,wordlist,32,high
pri-5B-U4-0011,What about you and your partner,,,primary,5,5B,U4,wordlist,32,high
pri-5B-U4-0012,Oliver I like autumn I really like the colours,,,primary,5,5B,U4,wordlist,32,high
pri-5B-U4-0013,Chen Jie I like autumn too We usually have a school,,,primary,5,5B,U4,wordlist,32,high
pri-5B-U4-0014,trip in autumn,,,primary,5,5B,U4,wordlist,32,high
pri-5B-U4-0015,Oliver Great When is the trip this year,,,primary,5,5B,U4,wordlist,32,high
pri-5B-U4-0016,Chen Jie It s in October We ll go to the Great Wall,,,primary,5,5B,U4,wordlist,32,high
pri-5B-U4-0017,Oliver Cool I love the Great Wall,,,primary,5,5B,U4,wordlist,32,high
pri-5B-U4-0018,A birthday party,,,primary,5,5B,U4,wordlist,32,high
pri-5B-U4-0019,A birthday cake,,,primary,5,5B,U4,wordlist,32,high
pri-5B-U4-0020,I ll make,,,primary,5,5B,U4,wordlist,32,high
pri-5B-U4-0021,a card,,,primary,5,5B,U4,wordlist,32,high
pri-5B-U4-0022,I ll cook for my mother,,,primary,5,5B,U4,wordlist,32,high
pri-5B-U4-0023,What about you,,,primary,5,5B,U4,wordlist,32,high
pri-5B-U4-0024,pipa,,,primary,5,5B,U4,wordlist,32,high
pri-5B-U4-0025,Let s try,,,primary,5,5B,U4,wordlist,32,high
pri-5B-U4-0026,What will Oliver have Listen and tick,,,primary,5,5B,U4,wordlist,32,high
pri-5B-U4-0027,Let s talk,,,primary,5,5B,U4,wordlist,32,high
pri-5B-U4-0028,What will you do for your mum on Mother s Day,,,primary,5,5B,U4,wordlist,32,high
pri-5B-U4-0029,Teachers Day is in September,,,primary,5,5B,U4,wordlist,33,high
pri-5B-U4-0030,New Year s Day is in,,,primary,5,5B,U4,wordlist,33,high
pri-5B-U4-0031,China s National Day is in,,,primary,5,5B,U4,wordlist,33,high
pri-5B-U4-0032,American Thanksgiving Day is in,,,primary,5,5B,U4,wordlist,33,high
pri-5B-U4-0033,Christmas is in,,,primary,5,5B,U4,wordlist,33,high
pri-5B-U4-0034,Children s Day is in,,,primary,5,5B,U4,wordlist,33,high
pri-5B-U4-0035,When is,,,primary,5,5B,U4,wordlist,33,high
pri-5B-U4-0036,Teachers,,,primary,5,5B,U4,wordlist,33,high
pri-5B-U4-0037,Day,,,primary,5,5B,U4,wordlist,33,high
pri-5B-U4-0038,It s in,,,primary,5,5B,U4,wordlist,33,high
pri-5B-U4-0039,September,,,primary,5,5B,U4,wordlist,33,high
pri-5B-U4-0040,summer vacation,,,primary,5,5B,U4,wordlist,33,high
pri-5B-U4-0041,Teachers Day,,,primary,5,5B,U4,wordlist,33,high
pri-5B-U4-0042,Mid-Autumn Day,,,primary,5,5B,U4,wordlist,33,high
pri-5B-U4-0043,Christmas,,,primary,5,5B,U4,wordlist,33,high
pri-5B-U4-0044,American,,,primary,5,5B,U4,wordlist,33,high
pri-5B-U4-0045,Thanksgiving Day,,,primary,5,5B,U4,wordlist,33,high
pri-5B-U4-0046,China s,,,primary,5,5B,U4,wordlist,33,high
pri-5B-U4-0047,National Day,,,primary,5,5B,U4,wordlist,33,high
pri-5B-U4-0048,It s usually in September,,,primary,5,5B,U4,wordlist,33,high
pri-5B-U4-0049,or October I ll eat mooncakes,,,primary,5,5B,U4,wordlist,33,high
pri-5B-U4-0050,with my family,,,primary,5,5B,U4,wordlist,33,high
pri-5B-U4-0051,When is Mid-Autumn Day,,,primary,5,5B,U4,wordlist,33,high
pri-5B-U4-0052,Let s learn,,,primary,5,5B,U4,wordlist,33,high
pri-5B-U4-0053,Words,,,primary,5,5B,U4,wordlist,33,high
pri-5B-U4-0054,Ask and write,,,primary,5,5B,U4,wordlist,33,high
pri-5B-U4-0055,WHEN April th p m,,,primary,5,5B,U4,wordlist,34,high
pri-5B-U4-0056,WHERE Gym,,,primary,5,5B,U4,wordlist,34,high
pri-5B-U4-0057,WHAT You will play games You will read,,,primary,5,5B,U4,wordlist,34,high
pri-5B-U4-0058,riddles You will act out stories,,,primary,5,5B,U4,wordlist,34,high
pri-5B-U4-0059,You will meet Robin the Robot,,,primary,5,5B,U4,wordlist,34,high
pri-5B-U4-0060,He is a great English teacher,,,primary,5,5B,U4,wordlist,34,high
pri-5B-U4-0061,RSVP Will you come to the party,,,primary,5,5B,U4,wordlist,34,high
pri-5B-U4-0062,Please send an email by March,,,primary,5,5B,U4,wordlist,34,high
pri-5B-U4-0063,rd,,,primary,5,5B,U4,wordlist,34,high
pri-5B-U4-0064,dance,,,primary,5,5B,U4,wordlist,34,high
pri-5B-U4-0065,play games,,,primary,5,5B,U4,wordlist,34,high
pri-5B-U4-0066,make a wish,,,primary,5,5B,U4,wordlist,34,high
pri-5B-U4-0067,sing the birthday song,,,primary,5,5B,U4,wordlist,34,high
pri-5B-U4-0068,eat noodles a birthday cake,,,primary,5,5B,U4,wordlist,34,high
pri-5B-U4-0069,The English party is on March rd,,,primary,5,5B,U4,wordlist,34,high
pri-5B-U4-0070,The party will start at p m,,,primary,5,5B,U4,wordlist,34,high
pri-5B-U4-0071,You ll dance at the party,,,primary,5,5B,U4,wordlist,34,high
pri-5B-U4-0072,You ll meet a great English teacher at the party,,,primary,5,5B,U4,wordlist,34,high
pri-5B-U4-0073,English Party,,,primary,5,5B,U4,wordlist,34,high
pri-5B-U4-0074,Read and write,,,primary,5,5B,U4,wordlist,34,high
pri-5B-U4-0075,Read and tick or cross,,,primary,5,5B,U4,wordlist,34,high
pri-5B-U4-0076,What will you do if you have a birthday party,,,primary,5,5B,U4,wordlist,34,high
pri-5B-U4-0077,Write three sentences,,,primary,5,5B,U4,wordlist,34,high
pri-5B-U4-0078,We will have an English party,,,primary,5,5B,U4,wordlist,35,high
pri-5B-U4-0079,I get up,,,primary,5,5B,U4,wordlist,35,high
pri-5B-U4-0080,What do you have,,,primary,5,5B,U4,wordlist,35,high
pri-5B-U4-0081,What will the students do in May,,,primary,5,5B,U4,wordlist,35,high
pri-5B-U4-0082,What will they do in December,,,primary,5,5B,U4,wordlist,35,high
pri-5B-U4-0083,school trip,,,primary,5,5B,U4,wordlist,35,high
pri-5B-U4-0084,singing contest,,,primary,5,5B,U4,wordlist,35,high
pri-5B-U4-0085,August March April December,,,primary,5,5B,U4,wordlist,35,high
pri-5B-U4-0086,November March April May,,,primary,5,5B,U4,wordlist,35,high
pri-5B-U4-0087,September October May July,,,primary,5,5B,U4,wordlist,35,high
pri-5B-U4-0088,p,,,primary,5,5B,U4,wordlist,35,high
pri-5B-U4-0089,Listen again and answer the questions,,,primary,5,5B,U4,wordlist,35,high
pri-5B-U4-0090,Let s check,,,primary,5,5B,U4,wordlist,35,high
pri-5B-U4-0091,Listen and circle,,,primary,5,5B,U4,wordlist,35,high
pri-5B-U4-0092,Let s wrap it up,,,primary,5,5B,U4,wordlist,35,high
pri-5B-U4-0093,Fill in the blanks,,,primary,5,5B,U4,wordlist,35,high
pri-5B-U5-0001,C,,,primary,5,5B,U5,wordlist,36,high
pri-5B-U5-0002,Zoom Look at my summer vacation,,,primary,5,5B,U5,wordlist,36,high
pri-5B-U5-0003,plan,,,primary,5,5B,U5,wordlist,36,high
pri-5B-U5-0004,Zip It s April now The summer,,,primary,5,5B,U5,wordlist,36,high
pri-5B-U5-0005,vacation is still three,,,primary,5,5B,U5,wordlist,36,high
pri-5B-U5-0006,months away,,,primary,5,5B,U5,wordlist,36,high
pri-5B-U5-0007,Zoom Early planning is,,,primary,5,5B,U5,wordlist,36,high
pri-5B-U5-0008,always good,,,primary,5,5B,U5,wordlist,36,high
pri-5B-U5-0009,Zip What will you do there,,,primary,5,5B,U5,wordlist,36,high
pri-5B-U5-0010,Zoom We ll go to Grape Valley,,,primary,5,5B,U5,wordlist,36,high
pri-5B-U5-0011,The grapes there are,,,primary,5,5B,U5,wordlist,36,high
pri-5B-U5-0012,very sweet Grapes are,,,primary,5,5B,U5,wordlist,36,high
pri-5B-U5-0013,my favourite fruit,,,primary,5,5B,U5,wordlist,36,high
pri-5B-U5-0014,Zip You have a great plan,,,primary,5,5B,U5,wordlist,36,high
pri-5B-U5-0015,but what will you do,,,primary,5,5B,U5,wordlist,36,high
pri-5B-U5-0016,this weekend,,,primary,5,5B,U5,wordlist,36,high
pri-5B-U5-0017,Zoom This weekend,,,primary,5,5B,U5,wordlist,36,high
pri-5B-U5-0018,Zip There will be a maths,,,primary,5,5B,U5,wordlist,36,high
pri-5B-U5-0019,test next Monday So,,,primary,5,5B,U5,wordlist,36,high
pri-5B-U5-0020,please study hard,,,primary,5,5B,U5,wordlist,36,high
pri-5B-U5-0021,Zoom Oh my goodness I forgot,,,primary,5,5B,U5,wordlist,36,high
pri-5B-U5-0022,Zoom In August I ll go to,,,primary,5,5B,U5,wordlist,36,high
pri-5B-U5-0023,Huangshan Mountain,,,primary,5,5B,U5,wordlist,36,high
pri-5B-U5-0024,The trees there are,,,primary,5,5B,U5,wordlist,36,high
pri-5B-U5-0025,very famous The clouds,,,primary,5,5B,U5,wordlist,36,high
pri-5B-U5-0026,are beautiful,,,primary,5,5B,U5,wordlist,36,high
pri-5B-U5-0027,Zip Sounds great,,,primary,5,5B,U5,wordlist,36,high
pri-5B-U5-0028,Zoom In July I ll visit my,,,primary,5,5B,U5,wordlist,36,high
pri-5B-U5-0029,grandparents They,,,primary,5,5B,U5,wordlist,36,high
pri-5B-U5-0030,live in Xinjiang,,,primary,5,5B,U5,wordlist,36,high
pri-5B-U5-0031,Story time,,,primary,5,5B,U5,wordlist,36,high
pri-5B-U5-0032,play ping-pong,,,primary,5,5B,U5,wordlist,37,high
pri-5B-U5-0033,pick apples,,,primary,5,5B,U5,wordlist,37,high
pri-5B-U5-0034,play ping-pong with Sarah,,,primary,5,5B,U5,wordlist,37,high
pri-5B-U5-0035,go swimming,,,primary,5,5B,U5,wordlist,37,high
pri-5B-U5-0036,go shopping,,,primary,5,5B,U5,wordlist,37,high
pri-5B-U5-0037,play basketball,,,primary,5,5B,U5,wordlist,37,high
pri-5B-U5-0038,go on a picnic,,,primary,5,5B,U5,wordlist,37,high
pri-5B-U5-0039,Hi Oliver This is,,,primary,5,5B,U5,wordlist,37,high
pri-5B-U5-0040,Wu Binbin Are you,,,primary,5,5B,U5,wordlist,37,high
pri-5B-U5-0041,free this,,,primary,5,5B,U5,wordlist,37,high
pri-5B-U5-0042,Hello,,,primary,5,5B,U5,wordlist,37,high
pri-5B-U5-0043,It is Saturday morning Sarah is calling her friends,,,primary,5,5B,U5,wordlist,37,high
pri-5B-U5-0044,Listen and write the names,,,primary,5,5B,U5,wordlist,37,high
pri-5B-U5-0045,Sarah s weekend,,,primary,5,5B,U5,wordlist,37,high
pri-5B-U5-0046,Recycle,,,primary,5,5B,U5,wordlist,37,high
pri-5B-U5-0047,Call your friends and plan your weekend,,,primary,5,5B,U5,wordlist,37,high
pri-5B-U5-0048,Robin Do you work at night,,,primary,5,5B,U5,wordlist,38,high
pri-5B-U5-0049,Sarah s father Yes I m a doctor I often work at night,,,primary,5,5B,U5,wordlist,38,high
pri-5B-U5-0050,Robin When do you go to bed then,,,primary,5,5B,U5,wordlist,38,high
pri-5B-U5-0051,Sarah s father,,,primary,5,5B,U5,wordlist,38,high
pri-5B-U5-0052,Robin Wow When do you eat lunch,,,primary,5,5B,U5,wordlist,38,high
pri-5B-U5-0053,Robin,,,primary,5,5B,U5,wordlist,38,high
pri-5B-U5-0054,Sarah s father At p m,,,primary,5,5B,U5,wordlist,38,high
pri-5B-U5-0055,Robin When do you go to work,,,primary,5,5B,U5,wordlist,38,high
pri-5B-U5-0056,Robin Oh You must be very tired,,,primary,5,5B,U5,wordlist,38,high
pri-5B-U5-0057,Breakfast is ready Please,,,primary,5,5B,U5,wordlist,38,high
pri-5B-U5-0058,enjoy it,,,primary,5,5B,U5,wordlist,38,high
pri-5B-U5-0059,Sarah s father Thanks,,,primary,5,5B,U5,wordlist,38,high
pri-5B-U5-0060,My,,,primary,5,5B,U5,wordlist,38,high
pri-5B-U5-0061,get up,,,primary,5,5B,U5,text_only,38,high
pri-5B-U5-0062,cook breakfast,,,primary,5,5B,U5,text_only,38,high
pri-5B-U5-0063,go to work,,,primary,5,5B,U5,text_only,38,high
pri-5B-U5-0064,go home,,,primary,5,5B,U5,text_only,38,high
pri-5B-U5-0065,cook dinner,,,primary,5,5B,U5,text_only,38,high
pri-5B-U5-0066,go to bed,,,primary,5,5B,U5,text_only,38,high
pri-5B-U5-0067,p m go to work,,,primary,5,5B,U5,wordlist,38,high
pri-5B-U5-0068,a m eat breakfast,,,primary,5,5B,U5,wordlist,38,high
pri-5B-U5-0069,a m go to bed,,,primary,5,5B,U5,wordlist,38,high
pri-5B-U5-0070,p m eat lunch,,,primary,5,5B,U5,wordlist,38,high
pri-5B-U5-0071,p m eat dinner,,,primary,5,5B,U5,wordlist,38,high
pri-5B-U5-0072,When do you,,,primary,5,5B,U5,wordlist,38,high
pri-5B-U5-0073,get up Mum,,,primary,5,5B,U5,wordlist,38,high
pri-5B-U5-0074,I usually get,,,primary,5,5B,U5,wordlist,38,high
pri-5B-U5-0075,up at a m,,,primary,5,5B,U5,wordlist,38,high
pri-5B-U5-0076,At,,,primary,5,5B,U5,wordlist,38,high
pri-5B-U5-0077,It is Sunday morning Sarah s father is home after work,,,primary,5,5B,U5,wordlist,38,high
pri-5B-U5-0078,Sarah is still asleep but Robin is up Read and complete,,,primary,5,5B,U5,wordlist,38,high
pri-5B-U5-0079,the dialogue,,,primary,5,5B,U5,wordlist,38,high
pri-5B-U5-0080,Find out your parents timetables and role-play with your,,,primary,5,5B,U5,wordlist,38,high
pri-5B-U5-0081,partner,,,primary,5,5B,U5,wordlist,38,high
pri-5B-U5-0082,Hi Sarah,,,primary,5,5B,U5,wordlist,39,high
pri-5B-U5-0083,It is autumn in April here in Sydney Autumn is my favourite,,,primary,5,5B,U5,wordlist,39,high
pri-5B-U5-0084,season It is warm in the day and cool at night Many people,,,primary,5,5B,U5,wordlist,39,high
pri-5B-U5-0085,visit us in autumn because they like the weather,,,primary,5,5B,U5,wordlist,39,high
pri-5B-U5-0086,When you come you can visit the Sydney Opera House It is,,,primary,5,5B,U5,wordlist,39,high
pri-5B-U5-0087,the most famous building in Australia,,,primary,5,5B,U5,wordlist,39,high
pri-5B-U5-0088,What is the weather like in April in your city,,,primary,5,5B,U5,wordlist,39,high
pri-5B-U5-0089,What do you often do,,,primary,5,5B,U5,wordlist,39,high
pri-5B-U5-0090,All the best,,,primary,5,5B,U5,wordlist,39,high
pri-5B-U5-0091,Stella,,,primary,5,5B,U5,wordlist,39,high
pri-5B-U5-0092,Hi Stella,,,primary,5,5B,U5,wordlist,39,high
pri-5B-U5-0093,Thanks for your email It is spring here,,,primary,5,5B,U5,wordlist,39,high
pri-5B-U5-0094,in China,,,primary,5,5B,U5,wordlist,39,high
pri-5B-U5-0095,Please visit me someday and I am sure,,,primary,5,5B,U5,wordlist,39,high
pri-5B-U5-0096,you will have a good time,,,primary,5,5B,U5,wordlist,39,high
pri-5B-U5-0097,Best wishes,,,primary,5,5B,U5,wordlist,39,high
pri-5B-U5-0098,Sarah,,,primary,5,5B,U5,wordlist,39,high
pri-5B-U5-0099,What s the weather,,,primary,5,5B,U5,wordlist,39,high
pri-5B-U5-0100,like in spring,,,primary,5,5B,U5,wordlist,39,high
pri-5B-U5-0101,What do you usually,,,primary,5,5B,U5,wordlist,39,high
pri-5B-U5-0102,do then,,,primary,5,5B,U5,wordlist,39,high
pri-5B-U5-0103,Is it spring in Sydney in April,,,primary,5,5B,U5,wordlist,39,high
pri-5B-U5-0104,What s the weather like in April in Sydney,,,primary,5,5B,U5,wordlist,39,high
pri-5B-U5-0105,Sarah will visit Sydney in April She asks Stella a friend,,,primary,5,5B,U5,wordlist,39,high
pri-5B-U5-0106,there about the weather Here is Stella s reply,,,primary,5,5B,U5,wordlist,39,high
pri-5B-U5-0107,Read and answer,,,primary,5,5B,U5,wordlist,39,high
pri-5B-U5-0108,Now can you answer the email for Sarah please,,,primary,5,5B,U5,wordlist,39,high
pri-5B-U5-0109,clean,,,primary,5,5B,U5,wordlist,40,high
pri-5B-U5-0110,please,,,primary,5,5B,U5,wordlist,40,high
pri-5B-U5-0111,green,,,primary,5,5B,U5,wordlist,40,high
pri-5B-U5-0112,cheap,,,primary,5,5B,U5,wordlist,40,high
pri-5B-U5-0113,sheep,,,primary,5,5B,U5,wordlist,40,high
pri-5B-U5-0114,Bed in Summer,,,primary,5,5B,U5,wordlist,40,high
pri-5B-U5-0115,by Robert Louis Stevenson,,,primary,5,5B,U5,wordlist,40,high
pri-5B-U5-0116,In winter I get up at night,,,primary,5,5B,U5,wordlist,40,high
pri-5B-U5-0117,And dress by yellow candlelight,,,primary,5,5B,U5,wordlist,40,high
pri-5B-U5-0118,In summer quite the other way,,,primary,5,5B,U5,wordlist,40,high
pri-5B-U5-0119,I have to go to bed by day,,,primary,5,5B,U5,wordlist,40,high
pri-5B-U5-0120,I have to go to bed and see,,,primary,5,5B,U5,wordlist,40,high
pri-5B-U5-0121,The birds still hopping on the tree,,,primary,5,5B,U5,wordlist,40,high
pri-5B-U5-0122,Or hear the grown-up people s feet,,,primary,5,5B,U5,wordlist,40,high
pri-5B-U5-0123,Still going past me in the street,,,primary,5,5B,U5,wordlist,40,high
pri-5B-U5-0124,And does it not seem hard to you,,,primary,5,5B,U5,wordlist,40,high
pri-5B-U5-0125,When all the sky is clear and blue,,,primary,5,5B,U5,wordlist,40,high
pri-5B-U5-0126,And I should like so much to play,,,primary,5,5B,U5,wordlist,40,high
pri-5B-U5-0127,To have to go to bed by day,,,primary,5,5B,U5,wordlist,40,high
pri-5B-U5-0128,Can you write more words,,,primary,5,5B,U5,wordlist,40,high
pri-5B-U5-0129,Sarah often reads to Sam This is a poem that Sarah will,,,primary,5,5B,U5,wordlist,40,high
pri-5B-U5-0130,read today,,,primary,5,5B,U5,wordlist,40,high
pri-5B-U5-0131,Find friends in the poem for the words below,,,primary,5,5B,U5,wordlist,40,high
pri-5B-U5-0132,When is Mother s Day,,,primary,5,5B,U5,wordlist,41,high
pri-5B-U5-0133,Happy birthday Mum,,,primary,5,5B,U5,wordlist,41,high
pri-5B-U5-0134,Thank you,,,primary,5,5B,U5,wordlist,41,high
pri-5B-U5-0135,It s on the second,,,primary,5,5B,U5,wordlist,41,high
pri-5B-U5-0136,Sunday in May,,,primary,5,5B,U5,wordlist,41,high
pri-5B-U5-0137,Unit Four,,,primary,5,5B,U5,wordlist,41,high
pri-5B-U5-0138,When is Mid-Autumn,,,primary,5,5B,U5,wordlist,42,high
pri-5B-U5-0139,Day this year,,,primary,5,5B,U5,wordlist,42,high
pri-5B-U5-0140,A birthday cake for,,,primary,5,5B,U5,wordlist,42,high
pri-5B-U5-0141,Mid-Autumn Day,,,primary,5,5B,U5,wordlist,42,high
pri-5B-U5-0142,What do you,,,primary,5,5B,U5,wordlist,42,high
pri-5B-U5-0143,usually do on,,,primary,5,5B,U5,wordlist,42,high
pri-5B-U5-0144,We eat mooncakes,,,primary,5,5B,U5,wordlist,42,high
pri-5B-U5-0145,My family will also,,,primary,5,5B,U5,wordlist,42,high
pri-5B-U5-0146,eat a birthday cake,,,primary,5,5B,U5,wordlist,42,high
pri-5B-U5-0147,September th,,,primary,5,5B,U5,wordlist,42,high
pri-5B-U5-0148,Cool,,,primary,5,5B,U5,wordlist,42,high
pri-5B-U5-0149,My cousin s,,,primary,5,5B,U5,wordlist,42,high
pri-5B-U5-0150,birthday is on,,,primary,5,5B,U5,wordlist,42,high
pri-5B-U5-0151,this year,,,primary,5,5B,U5,wordlist,42,high
pri-5B-U5-0152,When is the art show,,,primary,5,5B,U5,wordlist,42,high
pri-5B-U5-0153,A,,,primary,5,5B,U5,wordlist,43,high
pri-5B-U5-0154,May st,,,primary,5,5B,U5,wordlist,43,high
pri-5B-U5-0155,art show,,,primary,5,5B,U5,wordlist,43,high
pri-5B-U5-0156,May th,,,primary,5,5B,U5,wordlist,43,high
pri-5B-U5-0157,reading festival,,,primary,5,5B,U5,wordlist,43,high
pri-5B-U5-0158,March,,,primary,5,5B,U5,wordlist,43,high
pri-5B-U5-0159,April,,,primary,5,5B,U5,wordlist,43,high
pri-5B-U5-0160,September,,,primary,5,5B,U5,wordlist,43,high
pri-5B-U5-0161,February,,,primary,5,5B,U5,wordlist,43,high
pri-5B-U5-0162,Children s Day,,,primary,5,5B,U5,wordlist,43,high
pri-5B-U5-0163,January st,,,primary,5,5B,U5,wordlist,43,high
pri-5B-U5-0164,May Day,,,primary,5,5B,U5,wordlist,43,high
pri-5B-U5-0165,China s National Day,,,primary,5,5B,U5,wordlist,43,high
pri-5B-U5-0166,June st,,,primary,5,5B,U5,wordlist,43,high
pri-5B-U5-0167,New Year s Day,,,primary,5,5B,U5,wordlist,43,high
pri-5B-U5-0168,October st,,,primary,5,5B,U5,wordlist,43,high
pri-5B-U5-0169,Mr Jones There are some other special days in May,,,primary,5,5B,U5,wordlist,43,high
pri-5B-U5-0170,Zhang Peng What are they,,,primary,5,5B,U5,wordlist,43,high
pri-5B-U5-0171,Mr Jones The school art show and the reading festival,,,primary,5,5B,U5,wordlist,43,high
pri-5B-U5-0172,Zhang Peng When is the art show,,,primary,5,5B,U5,wordlist,43,high
pri-5B-U5-0173,Mr Jones It s on May st,,,primary,5,5B,U5,wordlist,43,high
pri-5B-U5-0174,Zhang Peng It s May Day When is the reading festival,,,primary,5,5B,U5,wordlist,43,high
pri-5B-U5-0175,Mr Jones It s on May th,,,primary,5,5B,U5,wordlist,43,high
pri-5B-U5-0176,Zhang Peng Wow May is fun,,,primary,5,5B,U5,wordlist,43,high
pri-5B-U5-0177,When is China s,,,primary,5,5B,U5,wordlist,43,high
pri-5B-U5-0178,National Day,,,primary,5,5B,U5,wordlist,43,high
pri-5B-U5-0179,It s on,,,primary,5,5B,U5,wordlist,43,high
pri-5B-U5-0180,Let s try,,,primary,5,5B,U5,wordlist,43,high
pri-5B-U5-0181,Which month are they talking,,,primary,5,5B,U5,wordlist,43,high
pri-5B-U5-0182,about Listen and tick,,,primary,5,5B,U5,wordlist,43,high
pri-5B-U5-0183,Let s talk,,,primary,5,5B,U5,wordlist,43,high
pri-5B-U5-0184,Talk about the holidays,,,primary,5,5B,U5,wordlist,43,high
pri-5B-U5-0185,with your partner,,,primary,5,5B,U5,wordlist,43,high
pri-5B-U5-0186,maths test,,,primary,5,5B,U5,wordlist,44,high
pri-5B-U5-0187,singing contest,,,primary,5,5B,U5,wordlist,44,high
pri-5B-U5-0188,school trip,,,primary,5,5B,U5,wordlist,44,high
pri-5B-U5-0189,Miss Chen s,,,primary,5,5B,U5,wordlist,44,high
pri-5B-U5-0190,birthday,,,primary,5,5B,U5,wordlist,44,high
pri-5B-U5-0191,English test,,,primary,5,5B,U5,wordlist,44,high
pri-5B-U5-0192,When is the,,,primary,5,5B,U5,wordlist,44,high
pri-5B-U5-0193,sports meet,,,primary,5,5B,U5,wordlist,44,high
pri-5B-U5-0194,November nd,,,primary,5,5B,U5,wordlist,44,high
pri-5B-U5-0195,It s on April th,,,primary,5,5B,U5,wordlist,44,high
pri-5B-U5-0196,Let s learn,,,primary,5,5B,U5,wordlist,44,high
pri-5B-U5-0197,Words,,,primary,5,5B,U5,wordlist,44,high
pri-5B-U5-0198,Ask and answer,,,primary,5,5B,U5,wordlist,44,high
pri-5B-U5-0199,mother,,,primary,5,5B,U5,wordlist,45,high
pri-5B-U5-0200,this,,,primary,5,5B,U5,wordlist,45,high
pri-5B-U5-0201,there,,,primary,5,5B,U5,wordlist,45,high
pri-5B-U5-0202,father,,,primary,5,5B,U5,wordlist,45,high
pri-5B-U5-0203,brother,,,primary,5,5B,U5,wordlist,45,high
pri-5B-U5-0204,that,,,primary,5,5B,U5,wordlist,45,high
pri-5B-U5-0205,maths,,,primary,5,5B,U5,wordlist,45,high
pri-5B-U5-0206,three,,,primary,5,5B,U5,wordlist,45,high
pri-5B-U5-0207,thin,,,primary,5,5B,U5,wordlist,45,high
pri-5B-U5-0208,fifth,,,primary,5,5B,U5,wordlist,45,high
pri-5B-U5-0209,third,,,primary,5,5B,U5,wordlist,45,high
pri-5B-U5-0210,thirteen,,,primary,5,5B,U5,wordlist,45,high
pri-5B-U5-0211,Thursday third fourth birthday,,,primary,5,5B,U5,wordlist,45,high
pri-5B-U5-0212,That is her brother father,,,primary,5,5B,U5,wordlist,45,high
pri-5B-U5-0213,His mother Chinese teacher,,,primary,5,5B,U5,wordlist,45,high
pri-5B-U5-0214,Thursday is his eleventh birthday,,,primary,5,5B,U5,wordlist,45,high
pri-5B-U5-0215,Let s spell,,,primary,5,5B,U5,wordlist,45,high
pri-5B-U5-0216,Read listen and chant,,,primary,5,5B,U5,wordlist,45,high
pri-5B-U5-0217,Listen circle and say,,,primary,5,5B,U5,wordlist,45,high
pri-5B-U5-0218,Choose write and say,,,primary,5,5B,U5,wordlist,45,high
pri-5B-U6-0001,B,,,primary,5,5B,U6,wordlist,46,high
pri-5B-U6-0002,Yes,,,primary,5,5B,U6,wordlist,46,high
pri-5B-U6-0003,Chen Jie When is your birthday,,,primary,5,5B,U6,wordlist,46,high
pri-5B-U6-0004,Mike My birthday is on April th,,,primary,5,5B,U6,wordlist,46,high
pri-5B-U6-0005,Chen Jie That s my mother s birthday too,,,primary,5,5B,U6,wordlist,46,high
pri-5B-U6-0006,Mike Cool What will you do for your,,,primary,5,5B,U6,wordlist,46,high
pri-5B-U6-0007,mum,,,primary,5,5B,U6,wordlist,46,high
pri-5B-U6-0008,Chen Jie I ll cook noodles for her,,,primary,5,5B,U6,wordlist,46,high
pri-5B-U6-0009,Mike Chinese noodles are delicious,,,primary,5,5B,U6,wordlist,46,high
pri-5B-U6-0010,Chen Jie Please come then We can have a,,,primary,5,5B,U6,wordlist,46,high
pri-5B-U6-0011,birthday party for both of you,,,primary,5,5B,U6,wordlist,46,high
pri-5B-U6-0012,March st,,,primary,5,5B,U6,wordlist,46,high
pri-5B-U6-0013,March nd,,,primary,5,5B,U6,wordlist,46,high
pri-5B-U6-0014,March th,,,primary,5,5B,U6,wordlist,46,high
pri-5B-U6-0015,Sarah s,,,primary,5,5B,U6,wordlist,46,high
pri-5B-U6-0016,birthday,,,primary,5,5B,U6,wordlist,46,high
pri-5B-U6-0017,John s,,,primary,5,5B,U6,wordlist,46,high
pri-5B-U6-0018,Oliver s,,,primary,5,5B,U6,wordlist,46,high
pri-5B-U6-0019,When is your,,,primary,5,5B,U6,wordlist,46,high
pri-5B-U6-0020,That s New,,,primary,5,5B,U6,wordlist,46,high
pri-5B-U6-0021,Year s Day,,,primary,5,5B,U6,wordlist,46,high
pri-5B-U6-0022,My birthday is,,,primary,5,5B,U6,wordlist,46,high
pri-5B-U6-0023,on January st,,,primary,5,5B,U6,wordlist,46,high
pri-5B-U6-0024,Let s try,,,primary,5,5B,U6,wordlist,46,high
pri-5B-U6-0025,When is the baby s birthday,,,primary,5,5B,U6,wordlist,46,high
pri-5B-U6-0026,Listen and tick,,,primary,5,5B,U6,wordlist,46,high
pri-5B-U6-0027,Let s talk,,,primary,5,5B,U6,wordlist,46,high
pri-5B-U6-0028,Role-play,,,primary,5,5B,U6,wordlist,46,high
pri-5B-U6-0029,When is Grandpa s,,,primary,5,5B,U6,wordlist,47,high
pri-5B-U6-0030,It s on,,,primary,5,5B,U6,wordlist,47,high
pri-5B-U6-0031,October th,,,primary,5,5B,U6,wordlist,47,high
pri-5B-U6-0032,on March st,,,primary,5,5B,U6,wordlist,47,high
pri-5B-U6-0033,Let s learn,,,primary,5,5B,U6,wordlist,47,high
pri-5B-U6-0034,Words,,,primary,5,5B,U6,wordlist,47,high
pri-5B-U6-0035,Look and write,,,primary,5,5B,U6,wordlist,47,high
pri-5B-U6-0036,April th,,,primary,5,5B,U6,wordlist,48,high
pri-5B-U6-0037,My cat has two new,,,primary,5,5B,U6,wordlist,48,high
pri-5B-U6-0038,kittens They are pink,,,primary,5,5B,U6,wordlist,48,high
pri-5B-U6-0039,because they are very,,,primary,5,5B,U6,wordlist,48,high
pri-5B-U6-0040,young They still can t,,,primary,5,5B,U6,wordlist,48,high
pri-5B-U6-0041,see,,,primary,5,5B,U6,wordlist,48,high
pri-5B-U6-0042,April st,,,primary,5,5B,U6,wordlist,48,high
pri-5B-U6-0043,The kittens are six days,,,primary,5,5B,U6,wordlist,48,high
pri-5B-U6-0044,old They make noises,,,primary,5,5B,U6,wordlist,48,high
pri-5B-U6-0045,when they are hungry,,,primary,5,5B,U6,wordlist,48,high
pri-5B-U6-0046,They have white fur,,,primary,5,5B,U6,wordlist,48,high
pri-5B-U6-0047,now They are cute,,,primary,5,5B,U6,wordlist,48,high
pri-5B-U6-0048,Their eyes are open,,,primary,5,5B,U6,wordlist,48,high
pri-5B-U6-0049,They are blue,,,primary,5,5B,U6,wordlist,48,high
pri-5B-U6-0050,May rd,,,primary,5,5B,U6,wordlist,48,high
pri-5B-U6-0051,The kittens can walk,,,primary,5,5B,U6,wordlist,48,high
pri-5B-U6-0052,now They can play,,,primary,5,5B,U6,wordlist,48,high
pri-5B-U6-0053,with Robin,,,primary,5,5B,U6,wordlist,48,high
pri-5B-U6-0054,Their eyes are open on April th,,,primary,5,5B,U6,wordlist,48,high
pri-5B-U6-0055,They can walk,,,primary,5,5B,U6,wordlist,48,high
pri-5B-U6-0056,Now write two sentences about the kittens,,,primary,5,5B,U6,wordlist,48,high
pri-5B-U6-0057,Two new kittens,,,primary,5,5B,U6,wordlist,48,high
pri-5B-U6-0058,Read and write,,,primary,5,5B,U6,wordlist,48,high
pri-5B-U6-0059,Read and match,,,primary,5,5B,U6,wordlist,48,high
pri-5B-U6-0060,Sarah s cat has two kittens Read,,,primary,5,5B,U6,wordlist,48,high
pri-5B-U6-0061,Sarah s diary,,,primary,5,5B,U6,wordlist,48,high
pri-5B-U6-0062,one,,,primary,5,5B,U6,wordlist,49,high
pri-5B-U6-0063,two,,,primary,5,5B,U6,wordlist,49,high
pri-5B-U6-0064,three,,,primary,5,5B,U6,wordlist,49,high
pri-5B-U6-0065,th,,,primary,5,5B,U6,wordlist,49,high
pri-5B-U6-0066,five,,,primary,5,5B,U6,wordlist,49,high
pri-5B-U6-0067,seven,,,primary,5,5B,U6,wordlist,49,high
pri-5B-U6-0068,nine,,,primary,5,5B,U6,wordlist,49,high
pri-5B-U6-0069,ten,,,primary,5,5B,U6,wordlist,49,high
pri-5B-U6-0070,I see,,,primary,5,5B,U6,wordlist,49,high
pri-5B-U6-0071,My birthday is on July,,,primary,5,5B,U6,wordlist,49,high
pri-5B-U6-0072,Mother s Day is on the,,,primary,5,5B,U6,wordlist,49,high
pri-5B-U6-0073,It is,,,primary,5,5B,U6,wordlist,49,high
pri-5B-U6-0074,There are,,,primary,5,5B,U6,wordlist,49,high
pri-5B-U6-0075,The girl s birthday is on July th,,,primary,5,5B,U6,wordlist,49,high
pri-5B-U6-0076,The boy s birthday is on May th,,,primary,5,5B,U6,wordlist,49,high
pri-5B-U6-0077,The woman s birthday is on October nd,,,primary,5,5B,U6,wordlist,49,high
pri-5B-U6-0078,The man s birthday is on December th,,,primary,5,5B,U6,wordlist,49,high
pri-5B-U6-0079,Let s check,,,primary,5,5B,U6,wordlist,49,high
pri-5B-U6-0080,Listen and number,,,primary,5,5B,U6,wordlist,49,high
pri-5B-U6-0081,Listen again and tick or cross,,,primary,5,5B,U6,wordlist,49,high
pri-5B-U6-0082,Let s wrap it up,,,primary,5,5B,U6,wordlist,49,high
pri-5B-U6-0083,Fill in the table,,,primary,5,5B,U6,wordlist,49,high
pri-5B-U6-0084,Finish the sentences,,,primary,5,5B,U6,wordlist,49,high
pri-5B-U6-0085,C,,,primary,5,5B,U6,wordlist,50,high
pri-5B-U6-0086,Music teacher The singing test will,,,primary,5,5B,U6,wordlist,50,high
pri-5B-U6-0087,be on May th,,,primary,5,5B,U6,wordlist,50,high
pri-5B-U6-0088,Zoom I can t sing well,,,primary,5,5B,U6,wordlist,50,high
pri-5B-U6-0089,Zip Don t worry,,,primary,5,5B,U6,wordlist,50,high
pri-5B-U6-0090,Practice makes,,,primary,5,5B,U6,wordlist,50,high
pri-5B-U6-0091,perfect,,,primary,5,5B,U6,wordlist,50,high
pri-5B-U6-0092,Zip Will you come to the,,,primary,5,5B,U6,wordlist,50,high
pri-5B-U6-0093,party Today is,,,primary,5,5B,U6,wordlist,50,high
pri-5B-U6-0094,Rabbit s birthday,,,primary,5,5B,U6,wordlist,50,high
pri-5B-U6-0095,Zoom Sorry I can t I want,,,primary,5,5B,U6,wordlist,50,high
pri-5B-U6-0096,to practise my song,,,primary,5,5B,U6,wordlist,50,high
pri-5B-U6-0097,Rabbit Will you play football,,,primary,5,5B,U6,wordlist,50,high
pri-5B-U6-0098,with me after lunch,,,primary,5,5B,U6,wordlist,50,high
pri-5B-U6-0099,to practise the song,,,primary,5,5B,U6,wordlist,50,high
pri-5B-U6-0100,Cat Let s watch TV together,,,primary,5,5B,U6,wordlist,50,high
pri-5B-U6-0101,The show is very funny,,,primary,5,5B,U6,wordlist,50,high
pri-5B-U6-0102,Zoom Sorry I need more,,,primary,5,5B,U6,wordlist,50,high
pri-5B-U6-0103,practice,,,primary,5,5B,U6,wordlist,50,high
pri-5B-U6-0104,Music teacher Good job Zoom,,,primary,5,5B,U6,wordlist,50,high
pri-5B-U6-0105,Zoom Thank you Miss,,,primary,5,5B,U6,wordlist,50,high
pri-5B-U6-0106,Bird,,,primary,5,5B,U6,wordlist,50,high
pri-5B-U6-0107,Cat I ll go swimming tonight,,,primary,5,5B,U6,wordlist,50,high
pri-5B-U6-0108,Will you go,,,primary,5,5B,U6,wordlist,50,high
pri-5B-U6-0109,Zoom Of course,,,primary,5,5B,U6,wordlist,50,high
pri-5B-U6-0110,Story time,,,primary,5,5B,U6,wordlist,50,high
pri-5B-U6-0111,Wow What a beautiful,,,primary,5,5B,U6,wordlist,51,high
pri-5B-U6-0112,painting Is it yours,,,primary,5,5B,U6,wordlist,51,high
pri-5B-U6-0113,Oh it s mine He s,,,primary,5,5B,U6,wordlist,51,high
pri-5B-U6-0114,sleeping He s very tired,,,primary,5,5B,U6,wordlist,51,high
pri-5B-U6-0115,Hey Whose dog is this,,,primary,5,5B,U6,wordlist,51,high
pri-5B-U6-0116,No It s his,,,primary,5,5B,U6,wordlist,51,high
pri-5B-U6-0117,Unit Five,,,primary,5,5B,U6,wordlist,51,high
pri-5B-U6-0118,It s playing with,,,primary,5,5B,U6,wordlist,52,high
pri-5B-U6-0119,its friends,,,primary,5,5B,U6,wordlist,52,high
pri-5B-U6-0120,Whose carrots,,,primary,5,5B,U6,wordlist,52,high
pri-5B-U6-0121,are these,,,primary,5,5B,U6,wordlist,52,high
pri-5B-U6-0122,I see Why is,,,primary,5,5B,U6,wordlist,52,high
pri-5B-U6-0123,it jumping,,,primary,5,5B,U6,wordlist,52,high
pri-5B-U6-0124,It s a rabbit It s mine,,,primary,5,5B,U6,wordlist,52,high
pri-5B-U6-0125,The carrots are theirs,,,primary,5,5B,U6,wordlist,52,high
pri-5B-U6-0126,What s that,,,primary,5,5B,U6,wordlist,52,high
pri-5B-U6-0127,Whose dog is it,,,primary,5,5B,U6,wordlist,52,high
pri-5B-U6-0128,A,,,primary,5,5B,U6,wordlist,53,high
pri-5B-U6-0129,Chen Jie The yellow picture is mine,,,primary,5,5B,U6,wordlist,53,high
pri-5B-U6-0130,Are these all ours,,,primary,5,5B,U6,wordlist,53,high
pri-5B-U6-0131,Mike Yes they are,,,primary,5,5B,U6,wordlist,53,high
pri-5B-U6-0132,Chen Jie Wow That picture of,,,primary,5,5B,U6,wordlist,53,high
pri-5B-U6-0133,Beijing is beautiful,,,primary,5,5B,U6,wordlist,53,high
pri-5B-U6-0134,Whose is it,,,primary,5,5B,U6,wordlist,53,high
pri-5B-U6-0135,Mike It s Zhang Peng s,,,primary,5,5B,U6,wordlist,53,high
pri-5B-U6-0136,Chen Jie Look There is a picture,,,primary,5,5B,U6,wordlist,53,high
pri-5B-U6-0137,of Shanghai too,,,primary,5,5B,U6,wordlist,53,high
pri-5B-U6-0138,Mike It s Binbin s,,,primary,5,5B,U6,wordlist,53,high
pri-5B-U6-0139,Chen Jie Oh yes It s his,,,primary,5,5B,U6,wordlist,53,high
pri-5B-U6-0140,They are mine,,,primary,5,5B,U6,wordlist,53,high
pri-5B-U6-0141,Whose book is this,,,primary,5,5B,U6,wordlist,53,high
pri-5B-U6-0142,Whose storybooks,,,primary,5,5B,U6,wordlist,53,high
pri-5B-U6-0143,It s Mike s,,,primary,5,5B,U6,wordlist,53,high
pri-5B-U6-0144,It s his,,,primary,5,5B,U6,wordlist,53,high
pri-5B-U6-0145,Ask and find out,,,primary,5,5B,U6,wordlist,53,high
pri-5B-U6-0146,Listen and tick Which is John s picture,,,primary,5,5B,U6,wordlist,53,high
pri-5B-U6-0147,his dog his,,,primary,5,5B,U6,wordlist,54,high
pri-5B-U6-0148,Zoom s dog,,,primary,5,5B,U6,wordlist,54,high
pri-5B-U6-0149,her dog hers,,,primary,5,5B,U6,wordlist,54,high
pri-5B-U6-0150,their dog theirs,,,primary,5,5B,U6,wordlist,54,high
pri-5B-U6-0151,my dog mine,,,primary,5,5B,U6,wordlist,54,high
pri-5B-U6-0152,Yes It s your dog,,,primary,5,5B,U6,wordlist,54,high
pri-5B-U6-0153,The dog is yours,,,primary,5,5B,U6,wordlist,54,high
pri-5B-U6-0154,Look That s my dog,,,primary,5,5B,U6,wordlist,54,high
pri-5B-U6-0155,It s Amy s book,,,primary,5,5B,U6,wordlist,54,high
pri-5B-U6-0156,Whose book is that,,,primary,5,5B,U6,wordlist,54,high
pri-5B-U6-0157,Ah The book is hers,,,primary,5,5B,U6,wordlist,54,high
pri-5B-U6-0158,Amy,,,primary,5,5B,U6,wordlist,54,high
pri-5B-U6-0159,John,,,primary,5,5B,U6,wordlist,54,high
pri-5B-U6-0160,John and Amy,,,primary,5,5B,U6,wordlist,54,high
pri-5B-U6-0161,your name,,,primary,5,5B,U6,wordlist,54,high
pri-5B-U6-0162,you and your partner,,,primary,5,5B,U6,wordlist,54,high
pri-5B-U6-0163,It s her book,,,primary,5,5B,U6,wordlist,54,high
pri-5B-U6-0164,The book is hers,,,primary,5,5B,U6,wordlist,54,high
pri-5B-U6-0165,Look say and complete,,,primary,5,5B,U6,wordlist,54,high
pri-5B-U6-0166,trunk,,,primary,5,5B,U6,wordlist,55,high
pri-5B-U6-0167,drink,,,primary,5,5B,U6,wordlist,55,high
pri-5B-U6-0168,song,,,primary,5,5B,U6,wordlist,55,high
pri-5B-U6-0169,pink,,,primary,5,5B,U6,wordlist,55,high
pri-5B-U6-0170,ring,,,primary,5,5B,U6,wordlist,55,high
pri-5B-U6-0171,thank,,,primary,5,5B,U6,wordlist,55,high
pri-5B-U6-0172,think,,,primary,5,5B,U6,wordlist,55,high
pri-5B-U6-0173,morning,,,primary,5,5B,U6,wordlist,55,high
pri-5B-U6-0174,sing,,,primary,5,5B,U6,wordlist,55,high
pri-5B-U6-0175,long,,,primary,5,5B,U6,wordlist,55,high
pri-5B-U6-0176,thing,,,primary,5,5B,U6,wordlist,55,high
pri-5B-U6-0177,bank,,,primary,5,5B,U6,wordlist,55,high
pri-5B-U6-0178,ink,,,primary,5,5B,U6,wordlist,55,high
pri-5B-U6-0179,young,,,primary,5,5B,U6,wordlist,55,high
pri-5B-U6-0180,Zoom is eating,,,primary,5,5B,U6,wordlist,55,high
pri-5B-U6-0181,eat,,,primary,5,5B,U6,wordlist,55,high
pri-5B-U6-0182,jump,,,primary,5,5B,U6,wordlist,55,high
pri-5B-U6-0183,Let s spell,,,primary,5,5B,U6,wordlist,55,high
pri-5B-U6-0184,Read write and listen,,,primary,5,5B,U6,wordlist,55,high
pri-5B-U6-0185,Look listen and write,,,primary,5,5B,U6,wordlist,55,high
pri-5B-U6-0186,Read listen and chant,,,primary,5,5B,U6,wordlist,55,high
pri-5B-U6-0187,Is the dog,,,primary,5,5B,U6,wordlist,56,high
pri-5B-U6-0188,eating,,,primary,5,5B,U6,wordlist,56,high
pri-5B-U6-0189,No he isn t,,,primary,5,5B,U6,wordlist,56,high
pri-5B-U6-0190,He is,,,primary,5,5B,U6,wordlist,56,high
pri-5B-U6-0191,Sam is at Chen Jie s home,,,primary,5,5B,U6,wordlist,56,high
pri-5B-U6-0192,Sam Where is Fido now,,,primary,5,5B,U6,wordlist,56,high
pri-5B-U6-0193,Chen Jie He s in the kitchen,,,primary,5,5B,U6,wordlist,56,high
pri-5B-U6-0194,Sam Is he drinking water,,,primary,5,5B,U6,wordlist,56,high
pri-5B-U6-0195,Chen Jie No he isn t He s eating,,,primary,5,5B,U6,wordlist,56,high
pri-5B-U6-0196,Sam Can I play with him now,,,primary,5,5B,U6,wordlist,56,high
pri-5B-U6-0197,Chen Jie Yes Can you take him to,,,primary,5,5B,U6,wordlist,56,high
pri-5B-U6-0198,the park,,,primary,5,5B,U6,wordlist,56,high
pri-5B-U6-0199,Sam Of course Fido come here,,,primary,5,5B,U6,wordlist,56,high
pri-5B-U6-0200,Fido Woof woof,,,primary,5,5B,U6,wordlist,56,high
pri-5B-U6-0201,Look and say,,,primary,5,5B,U6,wordlist,56,high
pri-5B-U6-0202,Listen and tick Where is the dog,,,primary,5,5B,U6,wordlist,56,high
pri-5B-U6-0203,climbing,,,primary,5,5B,U6,wordlist,57,high
pri-5B-U6-0204,Chen Jie,,,primary,5,5B,U6,wordlist,57,high
pri-5B-U6-0205,Wu Binbin,,,primary,5,5B,U6,wordlist,57,high
pri-5B-U6-0206,Zhang Peng,,,primary,5,5B,U6,wordlist,57,high
pri-5B-U6-0207,Oliver,,,primary,5,5B,U6,wordlist,57,high
pri-5B-U6-0208,Mike,,,primary,5,5B,U6,wordlist,57,high
pri-5B-U6-0209,is sleeping,,,primary,5,5B,U6,wordlist,57,high
pri-5B-U6-0210,is climbing,,,primary,5,5B,U6,wordlist,57,high
pri-5B-U6-0211,at school,,,primary,5,5B,U6,wordlist,57,high
pri-5B-U6-0212,is running,,,primary,5,5B,U6,wordlist,57,high
pri-5B-U6-0213,is reading,,,primary,5,5B,U6,wordlist,57,high
pri-5B-U6-0214,is listening,,,primary,5,5B,U6,wordlist,57,high
pri-5B-U6-0215,to music,,,primary,5,5B,U6,wordlist,57,high
pri-5B-U6-0216,with my,,,primary,5,5B,U6,wordlist,57,high
pri-5B-U6-0217,father,,,primary,5,5B,U6,wordlist,57,high
pri-5B-U6-0218,under,,,primary,5,5B,U6,wordlist,57,high
pri-5B-U6-0219,the tree,,,primary,5,5B,U6,wordlist,57,high
pri-5B-U6-0220,in the park,,,primary,5,5B,U6,wordlist,57,high
pri-5B-U6-0221,in the,,,primary,5,5B,U6,wordlist,57,high
pri-5B-U6-0222,living room,,,primary,5,5B,U6,wordlist,57,high
pri-5B-U6-0223,is jumping,,,primary,5,5B,U6,wordlist,57,high
pri-5B-U6-0224,is eating,,,primary,5,5B,U6,wordlist,57,high
pri-5B-U6-0225,is playing,,,primary,5,5B,U6,wordlist,57,high
pri-5B-U6-0226,playing,,,primary,5,5B,U6,wordlist,57,high
pri-5B-U6-0227,jumping,,,primary,5,5B,U6,wordlist,57,high
pri-5B-U6-0228,sleeping,,,primary,5,5B,U6,wordlist,57,high
pri-5B-U6-0229,drinking,,,primary,5,5B,U6,wordlist,57,high
pri-5B-U6-0230,Oh Fido is,,,primary,5,5B,U6,wordlist,57,high
pri-5B-U6-0231,Are these rabbits,,,primary,5,5B,U6,wordlist,57,high
pri-5B-U6-0232,No They re playing,,,primary,5,5B,U6,wordlist,57,high
pri-5B-U6-0233,with each other,,,primary,5,5B,U6,wordlist,57,high
pri-5B-U6-0234,Yes He s,,,primary,5,5B,U6,wordlist,57,high
pri-5B-U6-0235,so cute,,,primary,5,5B,U6,wordlist,57,high
pri-5B-U6-0236,Let s play,,,primary,5,5B,U6,wordlist,57,high
pri-5B-U6-0237,I m looking at a,,,primary,5,5B,U6,wordlist,58,high
pri-5B-U6-0238,bear I m dancing,,,primary,5,5B,U6,wordlist,58,high
pri-5B-U6-0239,like a bear,,,primary,5,5B,U6,wordlist,58,high
pri-5B-U6-0240,tiger I m running,,,primary,5,5B,U6,wordlist,58,high
pri-5B-U6-0241,like a tiger,,,primary,5,5B,U6,wordlist,58,high
pri-5B-U6-0242,I m looking,,,primary,5,5B,U6,wordlist,58,high
pri-5B-U6-0243,at a monkey,,,primary,5,5B,U6,wordlist,58,high
pri-5B-U6-0244,I m climbing,,,primary,5,5B,U6,wordlist,58,high
pri-5B-U6-0245,like him,,,primary,5,5B,U6,wordlist,58,high
pri-5B-U6-0246,I m looking at the,,,primary,5,5B,U6,wordlist,58,high
pri-5B-U6-0247,rabbits I m,,,primary,5,5B,U6,wordlist,58,high
pri-5B-U6-0248,eating like,,,primary,5,5B,U6,wordlist,58,high
pri-5B-U6-0249,a rabbit,,,primary,5,5B,U6,wordlist,58,high
pri-5B-U6-0250,I m looking at an,,,primary,5,5B,U6,wordlist,58,high
pri-5B-U6-0251,elephant I m,,,primary,5,5B,U6,wordlist,58,high
pri-5B-U6-0252,walking like an,,,primary,5,5B,U6,wordlist,58,high
pri-5B-U6-0253,elephant,,,primary,5,5B,U6,wordlist,58,high
pri-5B-U6-0254,I m looking at a bird,,,primary,5,5B,U6,wordlist,58,high
pri-5B-U6-0255,I like flying I want to be a bird,,,primary,5,5B,U6,wordlist,58,high
pri-5B-U6-0256,Where are Sarah and Robin,,,primary,5,5B,U6,wordlist,58,high
pri-5B-U6-0257,They are at,,,primary,5,5B,U6,wordlist,58,high
pri-5B-U6-0258,What are the animals doing in the story,,,primary,5,5B,U6,wordlist,58,high
pri-5B-U6-0259,The bear is,,,primary,5,5B,U6,wordlist,58,high
pri-5B-U6-0260,The rabbits are,,,primary,5,5B,U6,wordlist,58,high
pri-5B-U6-0261,The tiger is,,,primary,5,5B,U6,wordlist,58,high
pri-5B-U6-0262,The elephant is,,,primary,5,5B,U6,wordlist,58,high
pri-5B-U6-0263,What are you,,,primary,5,5B,U6,wordlist,58,high
pri-5B-U6-0264,doing here Robin,,,primary,5,5B,U6,wordlist,58,high
pri-5B-U6-0265,Robin do you want,,,primary,5,5B,U6,wordlist,58,high
pri-5B-U6-0266,to swim like a fish,,,primary,5,5B,U6,wordlist,58,high
pri-5B-U6-0267,No No I,,,primary,5,5B,U6,wordlist,58,high
pri-5B-U6-0268,don t want to,,,primary,5,5B,U6,wordlist,58,high
pri-5B-U6-0269,be a fish,,,primary,5,5B,U6,wordlist,58,high
pri-5B-U6-0270,Robin at the zoo,,,primary,5,5B,U6,wordlist,58,high
pri-5B-U6-0271,Answer the questions,,,primary,5,5B,U6,wordlist,58,high
pri-5B-U6-0272,Sarah and Robin are at the zoo,,,primary,5,5B,U6,wordlist,58,high
pri-5B-U6-0273,Robin is excited,,,primary,5,5B,U6,wordlist,58,high
pri-5B-U6-0274,Amy Whose English book is that,,,primary,5,5B,U6,wordlist,59,high
pri-5B-U6-0275,John It s Miss White s book,,,primary,5,5B,U6,wordlist,59,high
pri-5B-U6-0276,It s,,,primary,5,5B,U6,wordlist,59,high
pri-5B-U6-0277,Amy Whose storybook is this,,,primary,5,5B,U6,wordlist,59,high
pri-5B-U6-0278,John It s Mr Zhang s It s,,,primary,5,5B,U6,wordlist,59,high
pri-5B-U6-0279,Wu Binbin Where is my pen,,,primary,5,5B,U6,wordlist,59,high
pri-5B-U6-0280,I can t find it,,,primary,5,5B,U6,wordlist,59,high
pri-5B-U6-0281,Sarah Here s one,,,primary,5,5B,U6,wordlist,59,high
pri-5B-U6-0282,Is this,,,primary,5,5B,U6,wordlist,59,high
pri-5B-U6-0283,Wu Binbin Yes it s,,,primary,5,5B,U6,wordlist,59,high
pri-5B-U6-0284,Mike Mum my dog is so cute,,,primary,5,5B,U6,wordlist,59,high
pri-5B-U6-0285,I love him so much,,,primary,5,5B,U6,wordlist,59,high
pri-5B-U6-0286,Mum My dear it s not only,,,primary,5,5B,U6,wordlist,59,high
pri-5B-U6-0287,dog,,,primary,5,5B,U6,text_only,59,high
pri-5B-U6-0288,It,,,primary,5,5B,U6,text_only,59,low
pri-5B-U6-0289,s also mine,,,primary,5,5B,U6,text_only,59,high
pri-5B-U6-0290,Mike Yes Mum He s,,,primary,5,5B,U6,wordlist,59,high
pri-5B-U6-0291,Grandpa Whose rabbits are these,,,primary,5,5B,U6,wordlist,59,high
pri-5B-U6-0292,Robin These are Binbin s,,,primary,5,5B,U6,wordlist,59,high
pri-5B-U6-0293,Grandpa Oh these are,,,primary,5,5B,U6,wordlist,59,high
pri-5B-U6-0294,rabbits,,,primary,5,5B,U6,wordlist,59,high
pri-5B-U6-0295,Robin Look The rabbits are,,,primary,5,5B,U6,wordlist,59,high
pri-5B-U6-0296,What is Amy doing,,,primary,5,5B,U6,wordlist,59,high
pri-5B-U6-0297,A She is shopping,,,primary,5,5B,U6,wordlist,59,high
pri-5B-U6-0298,B She is eating lunch,,,primary,5,5B,U6,wordlist,59,high
pri-5B-U6-0299,Whose bike is it,,,primary,5,5B,U6,wordlist,59,high
pri-5B-U6-0300,A It is his,,,primary,5,5B,U6,wordlist,59,high
pri-5B-U6-0301,B It is hers,,,primary,5,5B,U6,wordlist,59,high
pri-5B-U6-0302,What is the cat doing,,,primary,5,5B,U6,wordlist,59,high
pri-5B-U6-0303,A It is climbing,,,primary,5,5B,U6,wordlist,59,high
pri-5B-U6-0304,B It is sleeping,,,primary,5,5B,U6,wordlist,59,high
pri-5B-U6-0305,What is Wu Binbin doing now,,,primary,5,5B,U6,wordlist,59,high
pri-5B-U6-0306,A He is playing,,,primary,5,5B,U6,wordlist,59,high
pri-5B-U6-0307,B He is eating,,,primary,5,5B,U6,wordlist,59,high
pri-5B-U6-0308,his,,,primary,5,5B,U6,wordlist,59,high
pri-5B-U6-0309,her,,,primary,5,5B,U6,wordlist,59,high
pri-5B-U6-0310,hers,,,primary,5,5B,U6,wordlist,59,high
pri-5B-U6-0311,my,,,primary,5,5B,U6,wordlist,59,high
pri-5B-U6-0312,mine,,,primary,5,5B,U6,wordlist,59,high
pri-5B-U6-0313,their,,,primary,5,5B,U6,wordlist,59,high
pri-5B-U6-0314,theirs,,,primary,5,5B,U6,wordlist,59,high
pri-5B-U6-0315,our,,,primary,5,5B,U6,wordlist,59,high
pri-5B-U6-0316,ours,,,primary,5,5B,U6,wordlist,59,high
pri-5B-U6-0317,your,,,primary,5,5B,U6,wordlist,59,high
pri-5B-U6-0318,yours,,,primary,5,5B,U6,wordlist,59,high
pri-5B-U6-0319,Listen again and choose the right answers,,,primary,5,5B,U6,wordlist,59,high
pri-5B-U6-0320,Complete the sentences,,,primary,5,5B,U6,wordlist,59,high
pri-5B-U6-0321,Zoom What are they doing,,,primary,5,5B,U6,wordlist,60,high
pri-5B-U6-0322,Zip Why are they looking at,,,primary,5,5B,U6,wordlist,60,high
pri-5B-U6-0323,us,,,primary,5,5B,U6,wordlist,60,high
pri-5B-U6-0324,Zoom I don t know,,,primary,5,5B,U6,wordlist,60,high
pri-5B-U6-0325,Zip Look They re taking,,,primary,5,5B,U6,wordlist,60,high
pri-5B-U6-0326,pictures too,,,primary,5,5B,U6,wordlist,60,high
pri-5B-U6-0327,Zoom That s cute They re,,,primary,5,5B,U6,wordlist,60,high
pri-5B-U6-0328,copying us,,,primary,5,5B,U6,wordlist,60,high
pri-5B-U6-0329,Zoom Whose tail is that,,,primary,5,5B,U6,wordlist,60,high
pri-5B-U6-0330,It s running so fast,,,primary,5,5B,U6,wordlist,60,high
pri-5B-U6-0331,Is it the tiger s,,,primary,5,5B,U6,wordlist,60,high
pri-5B-U6-0332,Zip Yes it is,,,primary,5,5B,U6,wordlist,60,high
pri-5B-U6-0333,Zip Here comes a tiger,,,primary,5,5B,U6,wordlist,60,high
pri-5B-U6-0334,Zoom Where is it,,,primary,5,5B,U6,wordlist,60,high
pri-5B-U6-0335,Zip Shh Be quiet,,,primary,5,5B,U6,wordlist,60,high
pri-5B-U6-0336,Zip I see two monkeys,,,primary,5,5B,U6,wordlist,60,high
pri-5B-U6-0337,Zoom Where are they,,,primary,5,5B,U6,wordlist,60,high
pri-5B-U6-0338,Zip Shh They re climbing,,,primary,5,5B,U6,wordlist,60,high
pri-5B-U6-0339,Zoom Wow They re fast too,,,primary,5,5B,U6,wordlist,60,high
pri-5B-U6-0340,Zoom Ah-choo,,,primary,5,5B,U6,wordlist,60,high
pri-5B-U6-0341,Haha Look They re eating,,,primary,5,5B,U6,wordlist,61,high
pri-5B-U6-0342,lunch They re so cute,,,primary,5,5B,U6,wordlist,61,high
pri-5B-U6-0343,Shh,,,primary,5,5B,U6,wordlist,61,high
pri-5B-U6-0344,Dum-de-dum,,,primary,5,5B,U6,wordlist,61,high
pri-5B-U6-0345,Zoom Keep your desk clean,,,primary,5,5B,U6,wordlist,61,high
pri-5B-U6-0346,Work quietly,,,primary,5,5B,U6,wordlist,61,high
pri-5B-U6-0347,Sorry,,,primary,5,5B,U6,wordlist,61,high
pri-5B-U6-0348,Yes they are,,,primary,5,5B,U6,wordlist,61,high
pri-5B-U6-0349,Unit Six,,,primary,5,5B,U6,wordlist,61,high
pri-5B-U6-0350,Keep to the right please,,,primary,5,5B,U6,wordlist,62,high
pri-5B-U6-0351,She s listening to,,,primary,5,5B,U6,wordlist,62,high
pri-5B-U6-0352,music in the classroom,,,primary,5,5B,U6,wordlist,62,high
pri-5B-U6-0353,Where is Amy,,,primary,5,5B,U6,wordlist,62,high
pri-5B-U6-0354,Chen Jie Look at the pandas,,,primary,5,5B,U6,wordlist,63,high
pri-5B-U6-0355,Mike What are they doing,,,primary,5,5B,U6,wordlist,63,high
pri-5B-U6-0356,Chen Jie Haha They re eating lunch,,,primary,5,5B,U6,wordlist,63,high
pri-5B-U6-0357,They re so cute,,,primary,5,5B,U6,wordlist,63,high
pri-5B-U6-0358,Mike Oh yes They like bamboo,,,primary,5,5B,U6,wordlist,63,high
pri-5B-U6-0359,Chen Jie What s the little monkey doing,,,primary,5,5B,U6,wordlist,63,high
pri-5B-U6-0360,Mike It s playing with its mother,,,primary,5,5B,U6,wordlist,63,high
pri-5B-U6-0361,Chen Jie Do you see any elephants,,,primary,5,5B,U6,wordlist,63,high
pri-5B-U6-0362,Mike Yes Look there The,,,primary,5,5B,U6,wordlist,63,high
pri-5B-U6-0363,elephant is drinking water,,,primary,5,5B,U6,wordlist,63,high
pri-5B-U6-0364,We re having,,,primary,5,5B,U6,wordlist,63,high
pri-5B-U6-0365,an English class,,,primary,5,5B,U6,wordlist,63,high
pri-5B-U6-0366,I m eating,,,primary,5,5B,U6,wordlist,63,high
pri-5B-U6-0367,dinner,,,primary,5,5B,U6,wordlist,63,high
pri-5B-U6-0368,I am,,,primary,5,5B,U6,wordlist,63,high
pri-5B-U6-0369,He She is,,,primary,5,5B,U6,wordlist,63,high
pri-5B-U6-0370,We are,,,primary,5,5B,U6,wordlist,63,high
pri-5B-U6-0371,You are,,,primary,5,5B,U6,wordlist,63,high
pri-5B-U6-0372,They are,,,primary,5,5B,U6,wordlist,63,high
pri-5B-U6-0373,have class,,,primary,5,5B,U6,wordlist,63,high
pri-5B-U6-0374,clean room,,,primary,5,5B,U6,wordlist,63,high
pri-5B-U6-0375,eat dinner,,,primary,5,5B,U6,wordlist,63,high
pri-5B-U6-0376,read a book,,,primary,5,5B,U6,wordlist,63,high
pri-5B-U6-0377,watch TV,,,primary,5,5B,U6,wordlist,63,high
pri-5B-U6-0378,Choose and tell,,,primary,5,5B,U6,wordlist,63,high
pri-5B-U6-0379,doing morning exercises,,,primary,5,5B,U6,wordlist,64,high
pri-5B-U6-0380,eating lunch,,,primary,5,5B,U6,wordlist,64,high
pri-5B-U6-0381,reading a book,,,primary,5,5B,U6,wordlist,64,high
pri-5B-U6-0382,listening to music,,,primary,5,5B,U6,wordlist,64,high
pri-5B-U6-0383,having class,,,primary,5,5B,U6,wordlist,64,high
pri-5B-U6-0384,Mike is listening,,,primary,5,5B,U6,wordlist,64,high
pri-5B-U6-0385,It s p m What s,,,primary,5,5B,U6,wordlist,64,high
pri-5B-U6-0386,Chen Jie doing,,,primary,5,5B,U6,wordlist,64,high
pri-5B-U6-0387,She s listening to music It s o clock,,,primary,5,5B,U6,wordlist,64,high
pri-5B-U6-0388,What are the students doing,,,primary,5,5B,U6,wordlist,64,high
pri-5B-U6-0389,weather whose,,,primary,5,5B,U6,wordlist,65,high
pri-5B-U6-0390,wait when,,,primary,5,5B,U6,wordlist,65,high
pri-5B-U6-0391,what white,,,primary,5,5B,U6,wordlist,65,high
pri-5B-U6-0392,who wall,,,primary,5,5B,U6,wordlist,65,high
pri-5B-U6-0393,where well,,,primary,5,5B,U6,wordlist,65,high
pri-5B-U6-0394,what,,,primary,5,5B,U6,wordlist,65,high
pri-5B-U6-0395,when,,,primary,5,5B,U6,wordlist,65,high
pri-5B-U6-0396,where,,,primary,5,5B,U6,wordlist,65,high
pri-5B-U6-0397,whose,,,primary,5,5B,U6,wordlist,65,high
pri-5B-U6-0398,who,,,primary,5,5B,U6,wordlist,65,high
pri-5B-U6-0399,What colour is it,,,primary,5,5B,U6,wordlist,65,high
pri-5B-U6-0400,Ask your partner three wh questions and write,,,primary,5,5B,U6,wordlist,65,high
pri-5B-U6-0401,them down,,,primary,5,5B,U6,wordlist,65,high
pri-5B-U6-0402,Listen and circle,,,primary,5,5B,U6,wordlist,65,high
pri-5B-U6-0403,Quiet please,,,primary,5,5B,U6,wordlist,66,high
pri-5B-U6-0404,Talk quietly,,,primary,5,5B,U6,wordlist,66,high
pri-5B-U6-0405,Keep your,,,primary,5,5B,U6,wordlist,66,high
pri-5B-U6-0406,desk clean,,,primary,5,5B,U6,wordlist,66,high
pri-5B-U6-0407,Oh my English,,,primary,5,5B,U6,wordlist,66,high
pri-5B-U6-0408,book is here,,,primary,5,5B,U6,wordlist,66,high
pri-5B-U6-0409,No eating,,,primary,5,5B,U6,wordlist,66,high
pri-5B-U6-0410,Tom My name is Tom What s your,,,primary,5,5B,U6,wordlist,66,high
pri-5B-U6-0411,name,,,primary,5,5B,U6,wordlist,66,high
pri-5B-U6-0412,John Shh Talk quietly I m John I can,,,primary,5,5B,U6,wordlist,66,high
pri-5B-U6-0413,show you the English books,,,primary,5,5B,U6,wordlist,66,high
pri-5B-U6-0414,Tom Thanks,,,primary,5,5B,U6,wordlist,66,high
pri-5B-U6-0415,John Here they are,,,primary,5,5B,U6,wordlist,66,high
pri-5B-U6-0416,Tom OK Can I read the books here,,,primary,5,5B,U6,wordlist,66,high
pri-5B-U6-0417,John Yes Of course,,,primary,5,5B,U6,wordlist,66,high
pri-5B-U6-0418,Tom Anything else,,,primary,5,5B,U6,wordlist,66,high
pri-5B-U6-0419,John Yes Keep your desk clean,,,primary,5,5B,U6,wordlist,66,high
pri-5B-U6-0420,Tom OK I will Thanks,,,primary,5,5B,U6,wordlist,66,high
pri-5B-U6-0421,Match say and act,,,primary,5,5B,U6,wordlist,66,high
pri-5B-U6-0422,He is talking in the library,,,primary,5,5B,U6,wordlist,67,high
pri-5B-U6-0423,We are playing a game,,,primary,5,5B,U6,wordlist,67,high
pri-5B-U6-0424,She is colouring at her desk,,,primary,5,5B,U6,wordlist,67,high
pri-5B-U6-0425,They are writing in class,,,primary,5,5B,U6,wordlist,67,high
pri-5B-U6-0426,They are walking on a bridge,,,primary,5,5B,U6,wordlist,67,high
pri-5B-U6-0427,A Keep to the right,,,primary,5,5B,U6,wordlist,67,high
pri-5B-U6-0428,B Talk quietly,,,primary,5,5B,U6,wordlist,67,high
pri-5B-U6-0429,C Take turns,,,primary,5,5B,U6,wordlist,67,high
pri-5B-U6-0430,D Keep your desk clean,,,primary,5,5B,U6,wordlist,67,high
pri-5B-U6-0431,E Work quietly,,,primary,5,5B,U6,wordlist,67,high
pri-5B-U6-0432,Keep to the right,,,primary,5,5B,U6,wordlist,67,high
pri-5B-U6-0433,Keep your desk clean,,,primary,5,5B,U6,wordlist,67,high
pri-5B-U6-0434,Can we use,,,primary,5,5B,U6,wordlist,67,high
pri-5B-U6-0435,your crayons,,,primary,5,5B,U6,wordlist,67,high
pri-5B-U6-0436,He is talking,,,primary,5,5B,U6,wordlist,67,high
pri-5B-U6-0437,in the library,,,primary,5,5B,U6,wordlist,67,high
pri-5B-U6-0438,please,,,primary,5,5B,U6,wordlist,67,high
pri-5B-U6-0439,OK Take turns,,,primary,5,5B,U6,wordlist,67,high
pri-5B-U6-0440,Look match and say,,,primary,5,5B,U6,wordlist,67,high
pri-5B-U6-0441,Can we play,,,primary,5,5B,U6,wordlist,68,high
pri-5B-U6-0442,music with you,,,primary,5,5B,U6,wordlist,68,high
pri-5B-U6-0443,Sure Please,,,primary,5,5B,U6,wordlist,68,high
pri-5B-U6-0444,take turns,,,primary,5,5B,U6,wordlist,68,high
pri-5B-U6-0445,Yes I am,,,primary,5,5B,U6,wordlist,68,high
pri-5B-U6-0446,I ll show you,,,primary,5,5B,U6,wordlist,68,high
pri-5B-U6-0447,Are you,,,primary,5,5B,U6,wordlist,68,high
pri-5B-U6-0448,cooking,,,primary,5,5B,U6,wordlist,68,high
pri-5B-U6-0449,I m speaking,,,primary,5,5B,U6,wordlist,68,high
pri-5B-U6-0450,Chinese,,,primary,5,5B,U6,wordlist,68,high
pri-5B-U6-0451,It s lovely,,,primary,5,5B,U6,wordlist,68,high
pri-5B-U6-0452,Are you from China,,,primary,5,5B,U6,wordlist,68,high
pri-5B-U6-0453,Sure,,,primary,5,5B,U6,wordlist,68,high
pri-5B-U6-0454,I m drawing,,,primary,5,5B,U6,wordlist,68,high
pri-5B-U6-0455,a picture,,,primary,5,5B,U6,wordlist,68,high
pri-5B-U6-0456,Have a look,,,primary,5,5B,U6,wordlist,68,high
pri-5B-U6-0457,Oh hello,,,primary,5,5B,U6,wordlist,68,high
pri-5B-U6-0458,doing,,,primary,5,5B,U6,wordlist,68,high
pri-5B-U6-0459,You re so,,,primary,5,5B,U6,wordlist,68,high
pri-5B-U6-0460,cool Can you,,,primary,5,5B,U6,wordlist,68,high
pri-5B-U6-0461,teach me,,,primary,5,5B,U6,wordlist,68,high
pri-5B-U6-0462,What are,,,primary,5,5B,U6,wordlist,68,high
pri-5B-U6-0463,you saying,,,primary,5,5B,U6,wordlist,68,high
pri-5B-U6-0464,Yes I m cooking,,,primary,5,5B,U6,wordlist,68,high
pri-5B-U6-0465,rice Asako is,,,primary,5,5B,U6,wordlist,68,high
pri-5B-U6-0466,making sushi,,,primary,5,5B,U6,wordlist,68,high
pri-5B-U6-0467,Ni hao Ni zai gan,,,primary,5,5B,U6,wordlist,68,high
pri-5B-U6-0468,shen me ne,,,primary,5,5B,U6,wordlist,68,high
pri-5B-U6-0469,The Canadian robot is,,,primary,5,5B,U6,wordlist,68,high
pri-5B-U6-0470,The Spanish robot is,,,primary,5,5B,U6,wordlist,68,high
pri-5B-U6-0471,Robin is,,,primary,5,5B,U6,wordlist,68,high
pri-5B-U6-0472,Sarah and Robin are,,,primary,5,5B,U6,wordlist,68,high
pri-5B-U6-0473,Are you doing,,,primary,5,5B,U6,wordlist,68,high
pri-5B-U6-0474,kung fu,,,primary,5,5B,U6,wordlist,68,high
pri-5B-U6-0475,The world robot exhibition,,,primary,5,5B,U6,wordlist,68,high
pri-5B-U6-0476,Fill in the blanks,,,primary,5,5B,U6,wordlist,68,high
pri-5B-U6-0477,It s a m We,,,primary,5,5B,U6,wordlist,69,high
pri-5B-U6-0478,I sometimes clean my bike on the weekend I,,,primary,5,5B,U6,wordlist,69,high
pri-5B-U6-0479,it now,,,primary,5,5B,U6,text_only,69,high
pri-5B-U6-0480,It s p m They,,,primary,5,5B,U6,wordlist,69,high
pri-5B-U6-0481,to bed at p m,,,primary,5,5B,U6,wordlist,69,high
pri-5B-U6-0482,What is Grandpa doing,,,primary,5,5B,U6,wordlist,69,high
pri-5B-U6-0483,What is Chen Jie doing,,,primary,5,5B,U6,wordlist,69,high
pri-5B-U6-0484,Listen again and write,,,primary,5,5B,U6,wordlist,69,high
pri-5B-U6-0485,Zip I love the film,,,primary,5,5B,U6,wordlist,70,high
pri-5B-U6-0486,Zoom Yes The gorilla is great,,,primary,5,5B,U6,wordlist,70,high
pri-5B-U6-0487,Zip Wow The gorilla is,,,primary,5,5B,U6,wordlist,70,high
pri-5B-U6-0488,eating a banana,,,primary,5,5B,U6,wordlist,70,high
pri-5B-U6-0489,Zoom It s so big and strong,,,primary,5,5B,U6,wordlist,70,high
pri-5B-U6-0490,Zip What s that noise,,,primary,5,5B,U6,wordlist,70,high
pri-5B-U6-0491,Zoom I m eating popcorn,,,primary,5,5B,U6,wordlist,70,high
pri-5B-U6-0492,Zip It s so exciting,,,primary,5,5B,U6,wordlist,70,high
pri-5B-U6-0493,Zoom Yes it is,,,primary,5,5B,U6,wordlist,70,high
pri-5B-U6-0494,Zip Look at the sign,,,primary,5,5B,U6,wordlist,70,high
pri-5B-U6-0495,Zoom Oh no,,,primary,5,5B,U6,wordlist,70,high
pri-5B-U6-0496,Tiger Shh Talk quietly,,,primary,5,5B,U6,wordlist,70,high
pri-5B-U6-0497,Zoom Sorry,,,primary,5,5B,U6,wordlist,70,high
pri-5B-U6-0498,When is the sports day It is in,,,primary,5,5B,U6,wordlist,71,high
pri-5B-U6-0499,A June,,,primary,5,5B,U6,wordlist,71,high
pri-5B-U6-0500,B July,,,primary,5,5B,U6,wordlist,71,high
pri-5B-U6-0501,C August,,,primary,5,5B,U6,wordlist,71,high
pri-5B-U6-0502,Mike s mum Be a good boy,,,primary,5,5B,U6,wordlist,71,high
pri-5B-U6-0503,A Work quietly B Keep your room clean,,,primary,5,5B,U6,wordlist,71,high
pri-5B-U6-0504,C Talk quietly,,,primary,5,5B,U6,wordlist,71,high
pri-5B-U6-0505,Mike is at summer camp What will he do Listen and,,,primary,5,5B,U6,wordlist,71,high
pri-5B-U6-0506,match,,,primary,5,5B,U6,wordlist,71,high
pri-5B-U6-0507,Recycle,,,primary,5,5B,U6,wordlist,71,high
pri-5B-U6-0508,Mike s summer camp,,,primary,5,5B,U6,wordlist,71,high
pri-5B-U6-0509,Listen to dialogue and tick the right picture What are,,,primary,5,5B,U6,wordlist,71,high
pri-5B-U6-0510,the children doing,,,primary,5,5B,U6,wordlist,71,high
pri-5B-U6-0511,Listen to dialogues and Choose the right answers,,,primary,5,5B,U6,wordlist,71,high
pri-5B-U6-0512,Thirty days has September April June and November,,,primary,5,5B,U6,wordlist,72,high
pri-5B-U6-0513,February has twenty-eight alone,,,primary,5,5B,U6,wordlist,72,high
pri-5B-U6-0514,All the rest have thirty-one,,,primary,5,5B,U6,wordlist,72,high
pri-5B-U6-0515,Except in leap year That s the time,,,primary,5,5B,U6,wordlist,72,high
pri-5B-U6-0516,When February s days are twenty-nine,,,primary,5,5B,U6,wordlist,72,high
pri-5B-U6-0517,It s on June st,,,primary,5,5B,U6,wordlist,72,high
pri-5B-U6-0518,Pandas pandas and pandas Tell,,,primary,5,5B,U6,wordlist,72,high
pri-5B-U6-0519,me when Children s Day comes,,,primary,5,5B,U6,wordlist,72,high
pri-5B-U6-0520,Monkeys monkeys and,,,primary,5,5B,U6,wordlist,72,high
pri-5B-U6-0521,monkeys Tell me when,,,primary,5,5B,U6,wordlist,72,high
pri-5B-U6-0522,your birthday comes,,,primary,5,5B,U6,wordlist,72,high
pri-5B-U6-0523,Read the chant and write the months in the correct,,,primary,5,5B,U6,wordlist,72,high
pri-5B-U6-0524,column,,,primary,5,5B,U6,wordlist,72,high
pri-5B-U6-0525,A game Animals and dates,,,primary,5,5B,U6,wordlist,72,high
pri-5B-U6-0526,August st A Sports Day,,,primary,5,5B,U6,wordlist,73,high
pri-5B-U6-0527,Zhang Peng and John are football,,,primary,5,5B,U6,wordlist,73,high
pri-5B-U6-0528,Chen Jie is rope I am,,,primary,5,5B,U6,wordlist,73,high
pri-5B-U6-0529,We are having lots of fun Where are Wu Binbin,,,primary,5,5B,U6,wordlist,73,high
pri-5B-U6-0530,and Robin,,,primary,5,5B,U6,wordlist,73,high
pri-5B-U6-0531,drink eat,,,primary,5,5B,U6,wordlist,73,high
pri-5B-U6-0532,jump play,,,primary,5,5B,U6,wordlist,73,high
pri-5B-U6-0533,run sleep,,,primary,5,5B,U6,wordlist,73,high
pri-5B-U6-0534,Where are you,,,primary,5,5B,U6,wordlist,73,high
pri-5B-U6-0535,What are you doing,,,primary,5,5B,U6,wordlist,73,high
pri-5B-U6-0536,Which season is it,,,primary,5,5B,U6,wordlist,73,high
pri-5B-U6-0537,Are there any people there,,,primary,5,5B,U6,wordlist,73,high
pri-5B-U6-0538,If so what are they doing,,,primary,5,5B,U6,wordlist,73,high
pri-5B-U6-0539,What will you do next,,,primary,5,5B,U6,wordlist,73,high
pri-5B-U6-0540,Which season,,,primary,5,5B,U6,wordlist,73,high
pri-5B-U6-0541,is it,,,primary,5,5B,U6,wordlist,73,high
pri-5B-U6-0542,Winter It is my,,,primary,5,5B,U6,wordlist,73,high
pri-5B-U6-0543,favourite season,,,primary,5,5B,U6,wordlist,73,high
pri-5B-U6-0544,I m in Jilin now,,,primary,5,5B,U6,wordlist,73,high
pri-5B-U6-0545,I m playing in the snow,,,primary,5,5B,U6,wordlist,73,high
pri-5B-U6-0546,Look at Mike s photo Fill in the blanks,,,primary,5,5B,U6,wordlist,73,high
pri-5B-U6-0547,Let s play the game I m in the picture Please show your,,,primary,5,5B,U6,wordlist,73,high
pri-5B-U6-0548,partner a picture of an interesting place Put yourself in the,,,primary,5,5B,U6,wordlist,73,high
pri-5B-U6-0549,picture Ask and answer the questions,,,primary,5,5B,U6,wordlist,73,high
pri-5B-U6-0550,Where is the monkey going on Thursday,,,primary,5,5B,U6,wordlist,74,high
pri-5B-U6-0551,He s swimming in the park in the south,,,primary,5,5B,U6,wordlist,74,high
pri-5B-U6-0552,What is the monkey doing on his birthday,,,primary,5,5B,U6,wordlist,74,high
pri-5B-U6-0553,I think he s playing and drinking with his friends,,,primary,5,5B,U6,wordlist,74,high
pri-5B-U6-0554,our ours,,,primary,5,5B,U6,wordlist,74,high
pri-5B-U6-0555,their theirs,,,primary,5,5B,U6,wordlist,74,high
pri-5B-U6-0556,his his,,,primary,5,5B,U6,wordlist,74,high
pri-5B-U6-0557,her hers,,,primary,5,5B,U6,wordlist,74,high
pri-5B-U6-0558,my mine,,,primary,5,5B,U6,wordlist,74,high
pri-5B-U6-0559,your yours,,,primary,5,5B,U6,wordlist,74,high
pri-5B-U6-0560,Yours is over there,,,primary,5,5B,U6,wordlist,74,high
pri-5B-U6-0561,The red one is yours,,,primary,5,5B,U6,wordlist,74,high
pri-5B-U6-0562,Where is mine,,,primary,5,5B,U6,wordlist,74,high
pri-5B-U6-0563,Whose water bottle is this,,,primary,5,5B,U6,wordlist,74,high
pri-5B-U6-0564,This is Fido s The green one is his,,,primary,5,5B,U6,wordlist,74,high
pri-5B-U6-0565,Zip and Zoom are going to visit you They are preparing,,,primary,5,5B,U6,wordlist,74,high
pri-5B-U6-0566,many gifts for you and your friends Choose and tell,,,primary,5,5B,U6,wordlist,74,high
pri-5B-U6-0567,your partner whose things they are,,,primary,5,5B,U6,wordlist,74,high
pri-5B-U6-0568,Read the sentences Find friends,,,primary,5,5B,U6,wordlist,74,high
pri-5B-U6-0569,for the words in this table,,,primary,5,5B,U6,wordlist,74,high
pri-5B-U1-0106,Appendix,,,primary,5,5B,U1,wordlist,75,high
pri-5B-U1-0107,I like to do things on the weekend,,,primary,5,5B,U1,wordlist,75,high
pri-5B-U1-0108,I clean my room and go shopping at the mall,,,primary,5,5B,U1,wordlist,75,high
pri-5B-U1-0109,I have a music class and do exercises,,,primary,5,5B,U1,wordlist,75,high
pri-5B-U1-0110,I play football and play basketball,,,primary,5,5B,U1,wordlist,75,high
pri-5B-U1-0111,The twelve months,,,primary,5,5B,U1,wordlist,75,high
pri-5B-U1-0112,Apples peaches pears and plums,,,primary,5,5B,U1,wordlist,75,high
pri-5B-U1-0113,Tell me when your birthday comes,,,primary,5,5B,U1,wordlist,75,high
pri-5B-U1-0114,January February March April,,,primary,5,5B,U1,wordlist,75,high
pri-5B-U1-0115,May June July August,,,primary,5,5B,U1,wordlist,75,high
pri-5B-U1-0116,September October November December,,,primary,5,5B,U1,wordlist,75,high
pri-5B-U1-0117,Please tell me when it s your birthday,,,primary,5,5B,U1,wordlist,75,high
pri-5B-U1-0118,What s your favourite season,,,primary,5,5B,U1,wordlist,75,high
pri-5B-U1-0119,Summer winter,,,primary,5,5B,U1,wordlist,75,high
pri-5B-U1-0120,Spring and fall,,,primary,5,5B,U1,wordlist,75,high
pri-5B-U1-0121,Songs in each unit,,,primary,5,5B,U1,wordlist,75,high
pri-5B-U4-0094,Appendix,,,primary,5,5B,U4,wordlist,76,high
pri-5B-U4-0095,My birthday is in January My birthday is in January,,,primary,5,5B,U4,wordlist,76,high
pri-5B-U4-0096,My birthday is in January It s on January st,,,primary,5,5B,U4,wordlist,76,high
pri-5B-U4-0097,My birthday is in August My birthday is in August,,,primary,5,5B,U4,wordlist,76,high
pri-5B-U4-0098,My birthday is in August It s on August th,,,primary,5,5B,U4,wordlist,76,high
pri-5B-U4-0099,Rabbits and monkeys and elephants,,,primary,5,5B,U4,wordlist,76,high
pri-5B-U4-0100,Pandas and tigers too,,,primary,5,5B,U4,wordlist,76,high
pri-5B-U4-0101,Some are climbing some are jumping,,,primary,5,5B,U4,wordlist,76,high
pri-5B-U4-0102,Animals in the zoo,,,primary,5,5B,U4,wordlist,76,high
pri-5B-U4-0103,Cats and monkeys and elephants,,,primary,5,5B,U4,wordlist,76,high
pri-5B-U4-0104,A dog a rabbit a bear,,,primary,5,5B,U4,wordlist,76,high
pri-5B-U4-0105,Some are eating some are sleeping,,,primary,5,5B,U4,wordlist,76,high
pri-5B-U4-0106,Animals everywhere,,,primary,5,5B,U4,wordlist,76,high
pri-5B-U4-0107,School days School days,,,primary,5,5B,U4,wordlist,76,high
pri-5B-U4-0108,We come to work and play,,,primary,5,5B,U4,wordlist,76,high
pri-5B-U4-0109,We need to work and talk quietly,,,primary,5,5B,U4,wordlist,76,high
pri-5B-U4-0110,And listen every day,,,primary,5,5B,U4,wordlist,76,high
pri-5B-U4-0111,We need to keep our desks clean,,,primary,5,5B,U4,wordlist,76,high
pri-5B-U4-0112,We need to take turns to talk,,,primary,5,5B,U4,wordlist,76,high
pri-5B-U4-0113,Keep to the left,,,primary,5,5B,U4,wordlist,76,high
pri-5B-U4-0114,And keep to the right,,,primary,5,5B,U4,wordlist,76,high
pri-5B-U4-0115,And you will be a good student at school,,,primary,5,5B,U4,wordlist,76,high
pri-5B-U1-0122,exercise,,活动；运动,primary,5,5B,U1,wordlist,77,high
pri-5B-U1-0123,clean my room,,打扫我的房间,primary,5,5B,U1,wordlist,77,high
pri-5B-U1-0124,go for a walk,,散步,primary,5,5B,U1,wordlist,77,high
pri-5B-U1-0125,go shopping,,去买东西；购物,primary,5,5B,U1,wordlist,77,high
pri-5B-U1-0126,take,,学习；上（课）,primary,5,5B,U1,wordlist,77,high
pri-5B-U1-0127,dancing,,跳舞；舞蹈,primary,5,5B,U1,wordlist,77,high
pri-5B-U1-0128,take a dancing class,,上舞蹈课,primary,5,5B,U1,wordlist,77,high
pri-5B-U1-0129,when,,什么时候；何时,primary,5,5B,U1,wordlist,77,high
pri-5B-U1-0130,after,,在（时间）后,primary,5,5B,U1,wordlist,77,high
pri-5B-U1-0131,start,,开始,primary,5,5B,U1,wordlist,77,high
pri-5B-U1-0132,usually,,通常地；惯常地,primary,5,5B,U1,wordlist,77,high
pri-5B-U1-0133,late,,晚；迟,primary,5,5B,U1,wordlist,77,high
pri-5B-U1-0134,p m,,午后；下午,primary,5,5B,U1,wordlist,77,high
pri-5B-U1-0135,why,,为什么,primary,5,5B,U1,wordlist,77,high
pri-5B-U1-0136,shop,,去买东西；购物,primary,5,5B,U1,wordlist,77,high
pri-5B-U1-0137,work,,工作,primary,5,5B,U1,wordlist,77,high
pri-5B-U1-0138,last,,上一个的；刚过去的,primary,5,5B,U1,wordlist,77,high
pri-5B-U1-0139,sound,,听起来好像,primary,5,5B,U1,wordlist,77,high
pri-5B-U1-0140,also,,还；也,primary,5,5B,U1,wordlist,77,high
pri-5B-U1-0141,busy,,忙的,primary,5,5B,U1,wordlist,77,high
pri-5B-U1-0142,need,,需要,primary,5,5B,U1,wordlist,77,high
pri-5B-U1-0143,letter,,信,primary,5,5B,U1,wordlist,77,high
pri-5B-U1-0144,live,,居住,primary,5,5B,U1,wordlist,77,high
pri-5B-U1-0145,island,,岛,primary,5,5B,U1,wordlist,77,high
pri-5B-U1-0146,always,,总是；一直,primary,5,5B,U1,wordlist,77,high
pri-5B-U1-0147,cave,,山洞；洞穴,primary,5,5B,U1,wordlist,77,high
pri-5B-U1-0148,go swimming,,去游泳,primary,5,5B,U1,wordlist,77,high
pri-5B-U1-0149,win,,获胜,primary,5,5B,U1,wordlist,77,high
pri-5B-U2-0207,picnic,,野餐,primary,5,5B,U2,wordlist,77,high
pri-5B-U2-0208,go on a picnic,,去野餐,primary,5,5B,U2,wordlist,77,high
pri-5B-U2-0209,pick,,摘；采集,primary,5,5B,U2,wordlist,77,high
pri-5B-U2-0210,pick apples,,摘苹果,primary,5,5B,U2,wordlist,77,high
pri-5B-U2-0211,snowman,,雪人,primary,5,5B,U2,wordlist,77,high
pri-5B-U2-0212,make a snowman,,堆雪人,primary,5,5B,U2,wordlist,77,high
pri-5B-U2-0213,which,,哪一个,primary,5,5B,U2,wordlist,77,high
pri-5B-U2-0214,best,,最；最高程度地,primary,5,5B,U2,wordlist,77,high
pri-5B-U2-0215,snow,,雪,primary,5,5B,U2,wordlist,77,high
pri-5B-U2-0216,good job,,做得好,primary,5,5B,U2,wordlist,77,high
pri-5B-U2-0217,because,,因为,primary,5,5B,U2,wordlist,77,high
pri-5B-U2-0218,Appendix,,,primary,5,5B,U2,wordlist,77,high
pri-5B-U2-0219,vacation,,假期,primary,5,5B,U2,wordlist,78,high
pri-5B-U2-0220,all,,全；完全,primary,5,5B,U2,wordlist,78,high
pri-5B-U2-0221,pink,,粉色；粉色的,primary,5,5B,U2,wordlist,78,high
pri-5B-U2-0222,lovely,,可爱的；美丽的,primary,5,5B,U2,wordlist,78,high
pri-5B-U2-0223,leaf,,叶子,primary,5,5B,U2,wordlist,78,high
pri-5B-U2-0224,leaves,,,primary,5,5B,U2,wordlist,78,high
pri-5B-U2-0225,fall,,落下；,primary,5,5B,U2,wordlist,78,high
pri-5B-U2-0226,paint,,用颜料绘画,primary,5,5B,U2,wordlist,78,high
pri-5B-U3-0200,January,,一月,primary,5,5B,U3,wordlist,78,high
pri-5B-U3-0201,February,,二月,primary,5,5B,U3,wordlist,78,high
pri-5B-U3-0202,April,,四月,primary,5,5B,U3,wordlist,78,high
pri-5B-U3-0203,May,,五月,primary,5,5B,U3,wordlist,78,high
pri-5B-U3-0204,June,,六月,primary,5,5B,U3,wordlist,78,high
pri-5B-U3-0205,July,,七月,primary,5,5B,U3,wordlist,78,high
pri-5B-U3-0206,August,,八月,primary,5,5B,U3,wordlist,78,high
pri-5B-U3-0207,September,,九月,primary,5,5B,U3,wordlist,78,high
pri-5B-U3-0208,October,,十月,primary,5,5B,U3,wordlist,78,high
pri-5B-U3-0209,November,,十一月p,primary,5,5B,U3,wordlist,78,high
pri-5B-U3-0210,December,,十二月,primary,5,5B,U3,wordlist,78,high
pri-5B-U3-0211,few,,不多；很少,primary,5,5B,U3,wordlist,78,high
pri-5B-U3-0212,a few,,一些,primary,5,5B,U3,wordlist,78,high
pri-5B-U3-0213,thing,,事情,primary,5,5B,U3,wordlist,78,high
pri-5B-U3-0214,meet,,集会；开会,primary,5,5B,U3,wordlist,78,high
pri-5B-U3-0215,trip,,旅行,primary,5,5B,U3,wordlist,78,high
pri-5B-U3-0216,year,,年,primary,5,5B,U3,wordlist,78,high
pri-5B-U3-0217,plant,,种植,primary,5,5B,U3,wordlist,78,high
pri-5B-U3-0218,contest,,比赛；竞赛,primary,5,5B,U3,wordlist,78,high
pri-5B-U3-0219,the Great Wall,,长城,primary,5,5B,U3,wordlist,78,high
pri-5B-U3-0220,national,,国家的,primary,5,5B,U3,wordlist,78,high
pri-5B-U3-0221,National Day,,国庆日,primary,5,5B,U3,wordlist,78,high
pri-5B-U3-0222,American,,美国的,primary,5,5B,U3,wordlist,78,high
pri-5B-U3-0223,Thanksgiving,,,primary,5,5B,U3,wordlist,78,high
pri-5B-U3-0224,game,,游戏,primary,5,5B,U3,wordlist,78,high
pri-5B-U3-0225,riddle,,谜；谜语,primary,5,5B,U3,wordlist,78,high
pri-5B-U3-0226,act,,扮演,primary,5,5B,U3,wordlist,78,high
pri-5B-U3-0227,act out,,把……表演出来,primary,5,5B,U3,wordlist,78,high
pri-5B-U3-0228,RSVP,,尤用于请柬）请赐复,primary,5,5B,U3,wordlist,78,high
pri-5B-U3-0229,by,,在……之前,primary,5,5B,U3,wordlist,78,high
pri-5B-U4-0116,first st,,第一（的）,primary,5,5B,U4,wordlist,78,high
pri-5B-U4-0117,second nd,,第二（的）,primary,5,5B,U4,wordlist,78,high
pri-5B-U4-0118,third rd,,第三（的）,primary,5,5B,U4,wordlist,78,high
pri-5B-U4-0119,fourth th,,第四（的）,primary,5,5B,U4,wordlist,78,high
pri-5B-U4-0120,fifth th,,第五（的）,primary,5,5B,U4,wordlist,78,high
pri-5B-U4-0121,twelfth th,,第十二（的）,primary,5,5B,U4,wordlist,78,high
pri-5B-U4-0122,twentieth th,,,primary,5,5B,U4,wordlist,78,high
pri-5B-U4-0123,twenty-first st,,,primary,5,5B,U4,wordlist,78,high
pri-5B-U4-0124,twenty-third rd,,,primary,5,5B,U4,wordlist,78,high
pri-5B-U4-0125,thirtieth th,,,primary,5,5B,U4,wordlist,78,high
pri-5B-U4-0126,other,,其他,primary,5,5B,U4,wordlist,78,high
pri-5B-U4-0127,special,,特殊的；特别的,primary,5,5B,U4,wordlist,78,high
pri-5B-U4-0128,show,,展览,primary,5,5B,U4,wordlist,78,high
pri-5B-U4-0129,festival,,节日,primary,5,5B,U4,wordlist,78,high
pri-5B-U4-0130,kitten,,小猫,primary,5,5B,U4,wordlist,78,high
pri-5B-U4-0131,diary,,日记,primary,5,5B,U4,wordlist,79,high
pri-5B-U4-0132,still,,仍然；依旧；还是,primary,5,5B,U4,wordlist,79,high
pri-5B-U4-0133,noise,,声音；响声；噪音,primary,5,5B,U4,wordlist,79,high
pri-5B-U4-0134,fur,,某些动物的）浓密的,primary,5,5B,U4,wordlist,79,high
pri-5B-U4-0135,open,,开着的,primary,5,5B,U4,wordlist,79,high
pri-5B-U4-0136,walk,,行走,primary,5,5B,U4,wordlist,79,high
pri-5B-U5-0219,mine,,我的,primary,5,5B,U5,wordlist,79,high
pri-5B-U5-0220,yours,,你（们）的,primary,5,5B,U5,wordlist,79,high
pri-5B-U5-0221,his,,他的,primary,5,5B,U5,wordlist,79,high
pri-5B-U5-0222,hers,,她的,primary,5,5B,U5,wordlist,79,high
pri-5B-U5-0223,theirs,,他们的；她们的；,primary,5,5B,U5,wordlist,79,high
pri-5B-U5-0224,ours,,我们的,primary,5,5B,U5,wordlist,79,high
pri-5B-U5-0225,climbing climb,,,primary,5,5B,U5,wordlist,79,high
pri-5B-U5-0226,ing,,,primary,5,5B,U5,wordlist,79,high
pri-5B-U5-0227,eating eat,,的-ing形式）,primary,5,5B,U5,wordlist,79,high
pri-5B-U5-0228,playing play,,的-ing形式）,primary,5,5B,U5,wordlist,79,high
pri-5B-U5-0229,jumping jump,,,primary,5,5B,U5,wordlist,79,high
pri-5B-U5-0230,drinking drink,,的-ing,primary,5,5B,U5,wordlist,79,high
pri-5B-U5-0231,sleeping sleep,,,primary,5,5B,U5,wordlist,79,high
pri-5B-U5-0232,each,,每一；各个,primary,5,5B,U5,wordlist,79,high
pri-5B-U5-0233,each other,,相互,primary,5,5B,U5,wordlist,79,high
pri-5B-U5-0234,excited,,兴奋的；激动的,primary,5,5B,U5,wordlist,79,high
pri-5B-U5-0235,like,,像……那样,primary,5,5B,U5,wordlist,79,high
pri-5B-U6-0570,keep,,保持某种状态,primary,5,5B,U6,wordlist,79,high
pri-5B-U6-0571,turn,,顺序,primary,5,5B,U6,wordlist,79,high
pri-5B-U6-0572,bamboo,,竹子,primary,5,5B,U6,wordlist,79,high
pri-5B-U6-0573,its,,指事物、动物或幼儿）,primary,5,5B,U6,wordlist,79,high
pri-5B-U6-0574,show,,给人看,primary,5,5B,U6,wordlist,79,high
pri-5B-U6-0575,anything,,任何事物,primary,5,5B,U6,wordlist,79,high
pri-5B-U6-0576,else els,,另外；其他,primary,5,5B,U6,wordlist,79,high
pri-5B-U6-0577,exhibition,,展览,primary,5,5B,U6,wordlist,79,high
pri-5B-U6-0578,say,,说；讲,primary,5,5B,U6,wordlist,79,high
pri-5B-U6-0579,sushi,,寿司,primary,5,5B,U6,wordlist,79,high
pri-5B-U6-0580,teach,,教,primary,5,5B,U6,wordlist,79,high
pri-5B-U6-0581,Canadian,,加拿大的,primary,5,5B,U6,wordlist,79,high
pri-5B-U6-0582,Spanish,,西班牙的,primary,5,5B,U6,wordlist,79,high
pri-5B-U6-0583,Appendix,,,primary,5,5B,U6,wordlist,79,high
pri-5B-EXTRA-0001,A,,,primary,5,5B,EXTRA,wordlist,80,high
pri-5B-EXTRA-0002,act,,扮演,primary,5,5B,EXTRA,wordlist,80,high
pri-5B-EXTRA-0003,act out,,把……表演出来,primary,5,5B,EXTRA,wordlist,80,high
pri-5B-EXTRA-0004,a few,,一些,primary,5,5B,EXTRA,wordlist,80,high
pri-5B-EXTRA-0005,after,,在（时间）后,primary,5,5B,EXTRA,wordlist,80,high
pri-5B-EXTRA-0006,all,,全；完全,primary,5,5B,EXTRA,wordlist,80,high
pri-5B-EXTRA-0007,also,,还；也,primary,5,5B,EXTRA,wordlist,80,high
pri-5B-EXTRA-0008,always,,总是；一直,primary,5,5B,EXTRA,wordlist,80,high
pri-5B-EXTRA-0009,a m,,午前；上午,primary,5,5B,EXTRA,wordlist,80,high
pri-5B-EXTRA-0010,American,,美国的,primary,5,5B,EXTRA,wordlist,80,high
pri-5B-EXTRA-0011,anything,,任何事物,primary,5,5B,EXTRA,wordlist,80,high
pri-5B-EXTRA-0012,April,,四月,primary,5,5B,EXTRA,wordlist,80,high
pri-5B-EXTRA-0013,August,,八月,primary,5,5B,EXTRA,wordlist,80,high
pri-5B-EXTRA-0014,autumn,,秋天,primary,5,5B,EXTRA,wordlist,80,high
pri-5B-EXTRA-0015,B,,,primary,5,5B,EXTRA,wordlist,80,high
pri-5B-EXTRA-0016,bamboo,,竹子,primary,5,5B,EXTRA,wordlist,80,high
pri-5B-EXTRA-0017,because,,因为,primary,5,5B,EXTRA,wordlist,80,high
pri-5B-EXTRA-0018,best,,最；最高程度地,primary,5,5B,EXTRA,wordlist,80,high
pri-5B-EXTRA-0019,busy,,忙的,primary,5,5B,EXTRA,wordlist,80,high
pri-5B-EXTRA-0020,by,,在……之前,primary,5,5B,EXTRA,wordlist,80,high
pri-5B-EXTRA-0021,C,,,primary,5,5B,EXTRA,wordlist,80,high
pri-5B-EXTRA-0022,Canadian,,加拿大的,primary,5,5B,EXTRA,wordlist,80,high
pri-5B-EXTRA-0023,cave,,山洞；洞穴,primary,5,5B,EXTRA,wordlist,80,high
pri-5B-EXTRA-0024,Christmas,,圣诞节,primary,5,5B,EXTRA,wordlist,80,high
pri-5B-EXTRA-0025,clean my room,,打扫我的房间,primary,5,5B,EXTRA,wordlist,80,high
pri-5B-EXTRA-0026,climbing climb,,,primary,5,5B,EXTRA,wordlist,80,high
pri-5B-EXTRA-0027,ing,,,primary,5,5B,EXTRA,wordlist,80,high
pri-5B-EXTRA-0028,contest,,比赛；竞赛,primary,5,5B,EXTRA,wordlist,80,high
pri-5B-EXTRA-0029,D,,,primary,5,5B,EXTRA,wordlist,80,high
pri-5B-EXTRA-0030,dancing,,跳舞；舞蹈,primary,5,5B,EXTRA,wordlist,80,high
pri-5B-EXTRA-0031,December,,十二月,primary,5,5B,EXTRA,wordlist,80,high
pri-5B-EXTRA-0032,diary,,日记,primary,5,5B,EXTRA,wordlist,80,high
pri-5B-EXTRA-0033,do morning exercises,,做早操,primary,5,5B,EXTRA,wordlist,80,high
pri-5B-EXTRA-0034,doing morning exercises,,,primary,5,5B,EXTRA,wordlist,80,high
pri-5B-EXTRA-0035,drinking drink,,的-ing,primary,5,5B,EXTRA,wordlist,80,high
pri-5B-EXTRA-0036,E,,,primary,5,5B,EXTRA,wordlist,80,high
pri-5B-EXTRA-0037,each,,每一；各个,primary,5,5B,EXTRA,wordlist,80,high
pri-5B-EXTRA-0038,each other,,相互,primary,5,5B,EXTRA,wordlist,80,high
pri-5B-EXTRA-0039,eat breakfast,,吃早饭,primary,5,5B,EXTRA,wordlist,80,high
pri-5B-EXTRA-0040,eat dinner,,吃晚饭,primary,5,5B,EXTRA,wordlist,80,high
pri-5B-EXTRA-0041,eating eat,,的-ing形式）,primary,5,5B,EXTRA,wordlist,80,high
pri-5B-EXTRA-0042,eating lunch,,正在）吃午饭,primary,5,5B,EXTRA,wordlist,80,high
pri-5B-EXTRA-0043,else els,,另外；其他,primary,5,5B,EXTRA,wordlist,80,high
pri-5B-EXTRA-0044,Appendix,,,primary,5,5B,EXTRA,wordlist,80,high
pri-5B-EXTRA-0045,excited,,兴奋的；激动的,primary,5,5B,EXTRA,wordlist,81,high
pri-5B-EXTRA-0046,exercise,,活动；运动,primary,5,5B,EXTRA,wordlist,81,high
pri-5B-EXTRA-0047,exhibition,,展览,primary,5,5B,EXTRA,wordlist,81,high
pri-5B-EXTRA-0048,F,,,primary,5,5B,EXTRA,wordlist,81,high
pri-5B-EXTRA-0049,fall,,落下；,primary,5,5B,EXTRA,wordlist,81,high
pri-5B-EXTRA-0050,February,,二月,primary,5,5B,EXTRA,wordlist,81,high
pri-5B-EXTRA-0051,festival,,节日,primary,5,5B,EXTRA,wordlist,81,high
pri-5B-EXTRA-0052,few,,不多；很少,primary,5,5B,EXTRA,wordlist,81,high
pri-5B-EXTRA-0053,fifth th,,第五（的）,primary,5,5B,EXTRA,wordlist,81,high
pri-5B-EXTRA-0054,first st,,第一（的）,primary,5,5B,EXTRA,wordlist,81,high
pri-5B-EXTRA-0055,fourth th,,第四（的）,primary,5,5B,EXTRA,wordlist,81,high
pri-5B-EXTRA-0056,fur,,某些动物的）浓密的,primary,5,5B,EXTRA,wordlist,81,high
pri-5B-EXTRA-0057,G,,,primary,5,5B,EXTRA,wordlist,81,high
pri-5B-EXTRA-0058,game,,游戏,primary,5,5B,EXTRA,wordlist,81,high
pri-5B-EXTRA-0059,go on a picnic,,去野餐,primary,5,5B,EXTRA,wordlist,81,high
pri-5B-EXTRA-0060,go shopping,,去买东西；购物,primary,5,5B,EXTRA,wordlist,81,high
pri-5B-EXTRA-0061,go swimming,,去游泳,primary,5,5B,EXTRA,wordlist,81,high
pri-5B-EXTRA-0062,good job,,做得好,primary,5,5B,EXTRA,wordlist,81,high
pri-5B-EXTRA-0063,H,,,primary,5,5B,EXTRA,wordlist,81,high
pri-5B-EXTRA-0064,have class,,上……课,primary,5,5B,EXTRA,wordlist,81,high
pri-5B-EXTRA-0065,have a look,,看一看,primary,5,5B,EXTRA,wordlist,81,high
pri-5B-EXTRA-0066,having class,,正在）上……课,primary,5,5B,EXTRA,wordlist,81,high
pri-5B-EXTRA-0067,hers,,她的,primary,5,5B,EXTRA,wordlist,81,high
pri-5B-EXTRA-0068,his,,他的,primary,5,5B,EXTRA,wordlist,81,high
pri-5B-EXTRA-0069,I,,,primary,5,5B,EXTRA,wordlist,81,high
pri-5B-EXTRA-0070,island,,岛,primary,5,5B,EXTRA,wordlist,81,high
pri-5B-EXTRA-0071,its,,指事物、动物或幼儿）,primary,5,5B,EXTRA,wordlist,81,high
pri-5B-EXTRA-0072,J,,,primary,5,5B,EXTRA,wordlist,81,high
pri-5B-EXTRA-0073,January,,一月,primary,5,5B,EXTRA,wordlist,81,high
pri-5B-EXTRA-0074,July,,七月,primary,5,5B,EXTRA,wordlist,81,high
pri-5B-EXTRA-0075,jumping jump,,,primary,5,5B,EXTRA,wordlist,81,high
pri-5B-EXTRA-0076,June,,六月,primary,5,5B,EXTRA,wordlist,81,high
pri-5B-EXTRA-0077,K,,,primary,5,5B,EXTRA,wordlist,81,high
pri-5B-EXTRA-0078,keep,,保持某种状态,primary,5,5B,EXTRA,wordlist,81,high
pri-5B-EXTRA-0079,keep to the right,,靠右,primary,5,5B,EXTRA,wordlist,81,high
pri-5B-EXTRA-0080,keep your desk clean,,保持你,primary,5,5B,EXTRA,wordlist,81,high
pri-5B-EXTRA-0081,kitten,,小猫,primary,5,5B,EXTRA,wordlist,81,high
pri-5B-EXTRA-0082,L,,,primary,5,5B,EXTRA,wordlist,81,high
pri-5B-EXTRA-0083,last,,上一个的；刚过去的,primary,5,5B,EXTRA,wordlist,81,high
pri-5B-EXTRA-0084,late,,晚；迟,primary,5,5B,EXTRA,wordlist,81,high
pri-5B-EXTRA-0085,leaf,,叶子,primary,5,5B,EXTRA,wordlist,81,high
pri-5B-EXTRA-0086,leaves,,,primary,5,5B,EXTRA,wordlist,81,high
pri-5B-EXTRA-0087,letter,,信,primary,5,5B,EXTRA,wordlist,81,high
pri-5B-EXTRA-0088,like,,像……那样,primary,5,5B,EXTRA,wordlist,81,high
pri-5B-EXTRA-0089,listening to music,,正在）,primary,5,5B,EXTRA,wordlist,81,high
pri-5B-EXTRA-0090,live,,居住,primary,5,5B,EXTRA,wordlist,82,high
pri-5B-EXTRA-0091,lovely,,可爱的；美丽的,primary,5,5B,EXTRA,wordlist,82,high
pri-5B-EXTRA-0092,M,,,primary,5,5B,EXTRA,wordlist,82,high
pri-5B-EXTRA-0093,make a snowman,,堆雪人,primary,5,5B,EXTRA,wordlist,82,high
pri-5B-EXTRA-0094,March,,三月,primary,5,5B,EXTRA,wordlist,82,high
pri-5B-EXTRA-0095,May,,五月,primary,5,5B,EXTRA,wordlist,82,high
pri-5B-EXTRA-0096,meet,,集会；开会,primary,5,5B,EXTRA,wordlist,82,high
pri-5B-EXTRA-0097,mine,,我的,primary,5,5B,EXTRA,wordlist,82,high
pri-5B-EXTRA-0098,N,,,primary,5,5B,EXTRA,wordlist,82,high
pri-5B-EXTRA-0099,national,,国家的,primary,5,5B,EXTRA,wordlist,82,high
pri-5B-EXTRA-0100,National Day,,国庆日,primary,5,5B,EXTRA,wordlist,82,high
pri-5B-EXTRA-0101,need,,需要,primary,5,5B,EXTRA,wordlist,82,high
pri-5B-EXTRA-0102,noise,,声音；响声；噪音,primary,5,5B,EXTRA,wordlist,82,high
pri-5B-EXTRA-0103,November,,十一月p,primary,5,5B,EXTRA,wordlist,82,high
pri-5B-EXTRA-0104,O,,,primary,5,5B,EXTRA,wordlist,82,high
pri-5B-EXTRA-0105,October,,十月,primary,5,5B,EXTRA,wordlist,82,high
pri-5B-EXTRA-0106,open,,开着的,primary,5,5B,EXTRA,wordlist,82,high
pri-5B-EXTRA-0107,other,,其他,primary,5,5B,EXTRA,wordlist,82,high
pri-5B-EXTRA-0108,ours,,我们的,primary,5,5B,EXTRA,wordlist,82,high
pri-5B-EXTRA-0109,P,,,primary,5,5B,EXTRA,wordlist,82,high
pri-5B-EXTRA-0110,paint,,用颜料绘画,primary,5,5B,EXTRA,wordlist,82,high
pri-5B-EXTRA-0111,pick,,摘；采集,primary,5,5B,EXTRA,wordlist,82,high
pri-5B-EXTRA-0112,pick apples,,摘苹果,primary,5,5B,EXTRA,wordlist,82,high
pri-5B-EXTRA-0113,picnic,,野餐,primary,5,5B,EXTRA,wordlist,82,high
pri-5B-EXTRA-0114,pink,,粉色；粉色的,primary,5,5B,EXTRA,wordlist,82,high
pri-5B-EXTRA-0115,plant,,种植,primary,5,5B,EXTRA,wordlist,82,high
pri-5B-EXTRA-0116,play,,戏剧；剧本,primary,5,5B,EXTRA,wordlist,82,high
pri-5B-EXTRA-0117,playing play,,的-ing形式）,primary,5,5B,EXTRA,wordlist,82,high
pri-5B-EXTRA-0118,play sports,,进行体育运动,primary,5,5B,EXTRA,wordlist,82,high
pri-5B-EXTRA-0119,p m,,午后；下午,primary,5,5B,EXTRA,wordlist,82,high
pri-5B-EXTRA-0120,R,,,primary,5,5B,EXTRA,wordlist,82,high
pri-5B-EXTRA-0121,reading a book,,正在）看书,primary,5,5B,EXTRA,wordlist,82,high
pri-5B-EXTRA-0122,riddle,,谜；谜语,primary,5,5B,EXTRA,wordlist,82,high
pri-5B-EXTRA-0123,RSVP,,尤用于请柬）请赐复,primary,5,5B,EXTRA,wordlist,82,high
pri-5B-EXTRA-0124,S,,,primary,5,5B,EXTRA,wordlist,82,high
pri-5B-EXTRA-0125,say,,说；讲,primary,5,5B,EXTRA,wordlist,82,high
pri-5B-EXTRA-0126,season,,季节,primary,5,5B,EXTRA,wordlist,82,high
pri-5B-EXTRA-0127,second nd,,第二（的）,primary,5,5B,EXTRA,wordlist,82,high
pri-5B-EXTRA-0128,September,,九月,primary,5,5B,EXTRA,wordlist,82,high
pri-5B-EXTRA-0129,show,,展览；给人看,primary,5,5B,EXTRA,wordlist,82,high
pri-5B-EXTRA-0130,sleeping sleep,,,primary,5,5B,EXTRA,wordlist,82,high
pri-5B-EXTRA-0131,snow,,雪,primary,5,5B,EXTRA,wordlist,82,high
pri-5B-EXTRA-0132,snowman,,雪人,primary,5,5B,EXTRA,wordlist,82,high
pri-5B-EXTRA-0133,sound,,听起来好像,primary,5,5B,EXTRA,wordlist,82,high
pri-5B-EXTRA-0134,Spain,,西班牙,primary,5,5B,EXTRA,wordlist,82,high
pri-5B-EXTRA-0135,Spanish,,西班牙的,primary,5,5B,EXTRA,wordlist,82,high
pri-5B-EXTRA-0136,special,,特殊的；特别的,primary,5,5B,EXTRA,wordlist,82,high
pri-5B-EXTRA-0137,sports meet,,运动会,primary,5,5B,EXTRA,wordlist,82,high
pri-5B-EXTRA-0138,spring,,春天,primary,5,5B,EXTRA,wordlist,82,high
pri-5B-EXTRA-0139,start,,开始,primary,5,5B,EXTRA,wordlist,82,high
pri-5B-EXTRA-0140,still,,仍然；依旧；还是,primary,5,5B,EXTRA,wordlist,83,high
pri-5B-EXTRA-0141,summer,,夏天,primary,5,5B,EXTRA,wordlist,83,high
pri-5B-EXTRA-0142,sure,,表示同意）当然,primary,5,5B,EXTRA,wordlist,83,high
pri-5B-EXTRA-0143,sushi,,寿司,primary,5,5B,EXTRA,wordlist,83,high
pri-5B-EXTRA-0144,T,,,primary,5,5B,EXTRA,wordlist,83,high
pri-5B-EXTRA-0145,take,,学习；上（课）,primary,5,5B,EXTRA,wordlist,83,high
pri-5B-EXTRA-0146,take a dancing class,,上舞蹈课,primary,5,5B,EXTRA,wordlist,83,high
pri-5B-EXTRA-0147,take turns,,按顺序来,primary,5,5B,EXTRA,wordlist,83,high
pri-5B-EXTRA-0148,talk quietly,,小声讲话,primary,5,5B,EXTRA,wordlist,83,high
pri-5B-EXTRA-0149,teach,,教,primary,5,5B,EXTRA,wordlist,83,high
pri-5B-EXTRA-0150,Thanksgiving,,,primary,5,5B,EXTRA,wordlist,83,high
pri-5B-EXTRA-0151,the Great Wall,,长城,primary,5,5B,EXTRA,wordlist,83,high
pri-5B-EXTRA-0152,theirs,,他们的；她们的；,primary,5,5B,EXTRA,wordlist,83,high
pri-5B-EXTRA-0153,thing,,事情,primary,5,5B,EXTRA,wordlist,83,high
pri-5B-EXTRA-0154,third rd,,第三（的 ）,primary,5,5B,EXTRA,wordlist,83,high
pri-5B-EXTRA-0155,thirtieth th,,,primary,5,5B,EXTRA,wordlist,83,high
pri-5B-EXTRA-0156,trip,,旅行,primary,5,5B,EXTRA,wordlist,83,high
pri-5B-EXTRA-0157,turn,,顺序,primary,5,5B,EXTRA,wordlist,83,high
pri-5B-EXTRA-0158,twelfth th,,第十二（的）,primary,5,5B,EXTRA,wordlist,83,high
pri-5B-EXTRA-0159,twentieth th,,,primary,5,5B,EXTRA,wordlist,83,high
pri-5B-EXTRA-0160,twenty-first st,,,primary,5,5B,EXTRA,wordlist,83,high
pri-5B-EXTRA-0161,twenty-third rd,,,primary,5,5B,EXTRA,wordlist,83,high
pri-5B-EXTRA-0162,U,,,primary,5,5B,EXTRA,wordlist,83,high
pri-5B-EXTRA-0163,usually,,通常地；惯常地,primary,5,5B,EXTRA,wordlist,83,high
pri-5B-EXTRA-0164,V,,,primary,5,5B,EXTRA,wordlist,83,high
pri-5B-EXTRA-0165,vacation,,假期,primary,5,5B,EXTRA,wordlist,83,high
pri-5B-EXTRA-0166,W,,,primary,5,5B,EXTRA,wordlist,83,high
pri-5B-EXTRA-0167,walk,,行走,primary,5,5B,EXTRA,wordlist,83,high
pri-5B-EXTRA-0168,when,,什么时候；何时,primary,5,5B,EXTRA,wordlist,83,high
pri-5B-EXTRA-0169,which,,哪一个,primary,5,5B,EXTRA,wordlist,83,high
pri-5B-EXTRA-0170,why,,为什么,primary,5,5B,EXTRA,wordlist,83,high
pri-5B-EXTRA-0171,win,,获胜,primary,5,5B,EXTRA,wordlist,83,high
pri-5B-EXTRA-0172,winter,,冬天,primary,5,5B,EXTRA,wordlist,83,high
pri-5B-EXTRA-0173,work,,工作,primary,5,5B,EXTRA,wordlist,83,high
pri-5B-EXTRA-0174,Y,,,primary,5,5B,EXTRA,wordlist,83,high
pri-5B-EXTRA-0175,year,,年,primary,5,5B,EXTRA,wordlist,83,high
pri-5B-EXTRA-0176,yours,,你（们）的,primary,5,5B,EXTRA,wordlist,83,high
pri-5B-U6-0584,When do you finish class,,,primary,5,5B,U6,wordlist,84,high
pri-5B-U6-0585,in the morning,,,primary,5,5B,U6,wordlist,84,high
pri-5B-U6-0586,We finish class at o clock,,,primary,5,5B,U6,wordlist,84,high
pri-5B-U6-0587,What do you do on the weekend,,,primary,5,5B,U6,wordlist,84,high
pri-5B-U6-0588,I often watch TV and play,,,primary,5,5B,U6,wordlist,84,high
pri-5B-U6-0589,ping-pong with my father,,,primary,5,5B,U6,wordlist,84,high
pri-5B-U6-0590,Which season do you like best,,,primary,5,5B,U6,wordlist,84,high
pri-5B-U6-0591,Winter,,,primary,5,5B,U6,wordlist,84,high
pri-5B-U6-0592,Why,,,primary,5,5B,U6,wordlist,84,high
pri-5B-U6-0593,Because I like summer vacation,,,primary,5,5B,U6,wordlist,84,high
pri-5B-U6-0594,When is the party,,,primary,5,5B,U6,wordlist,84,high
pri-5B-U6-0595,It s in April,,,primary,5,5B,U6,wordlist,84,high
pri-5B-U6-0596,When is the trip this year,,,primary,5,5B,U6,wordlist,84,high
pri-5B-U6-0597,It s in October We ll go to the,,,primary,5,5B,U6,wordlist,84,high
pri-5B-U6-0598,Great Wall,,,primary,5,5B,U6,wordlist,84,high
pri-5B-U6-0599,When is the art show,,,primary,5,5B,U6,wordlist,84,high
pri-5B-U6-0600,It s on May st,,,primary,5,5B,U6,wordlist,84,high
pri-5B-U6-0601,When is your birthday,,,primary,5,5B,U6,wordlist,84,high
pri-5B-U6-0602,My birthday is on April th,,,primary,5,5B,U6,wordlist,84,high
pri-5B-U6-0603,The yellow picture is mine,,,primary,5,5B,U6,wordlist,84,high
pri-5B-U6-0604,Useful expressions,,,primary,5,5B,U6,wordlist,84,high
pri-5B-U6-0605,It s Zhang Peng s,,,primary,5,5B,U6,wordlist,85,high
pri-5B-U6-0606,Is he drinking water,,,primary,5,5B,U6,wordlist,85,high
pri-5B-U6-0607,No he isn t He s eating,,,primary,5,5B,U6,wordlist,85,high
pri-5B-U6-0608,What are they doing,,,primary,5,5B,U6,wordlist,85,high
pri-5B-U6-0609,They re eating lunch,,,primary,5,5B,U6,wordlist,85,high
pri-5B-U6-0610,What s the little monkey doing,,,primary,5,5B,U6,wordlist,85,high
pri-5B-U6-0611,It s playing with its mother,,,primary,5,5B,U6,wordlist,85,high
pri-5B-U6-0612,Shh Talk quietly,,,primary,5,5B,U6,wordlist,85,high
pri-5B-U6-0613,Proverbs,,,primary,5,5B,U6,wordlist,85,high
pri-5B-U6-0614,The early bird catches the worm,,,primary,5,5B,U6,wordlist,85,high
pri-5B-U6-0615,Every season brings its joy,,,primary,5,5B,U6,wordlist,85,high
pri-5B-U6-0616,Life has seasons,,,primary,5,5B,U6,wordlist,85,high
pri-5B-U6-0617,Yesterday today and tomorrow,,,primary,5,5B,U6,wordlist,85,high
pri-5B-U6-0618,these are the three days of man,,,primary,5,5B,U6,wordlist,85,high
pri-5B-U6-0619,Let sleeping dogs lie,,,primary,5,5B,U6,wordlist,85,high
pri-5B-U6-0620,It s the empty can that makes the,,,primary,5,5B,U6,wordlist,85,high
pri-5B-U6-0621,most noise,,,primary,5,5B,U6,wordlist,85,high
pri-5B-U6-0622,Lingo Learning Inc,,,primary,5,5B,U6,text_only,86,high
pri-5B-U6-0623,David,,,primary,5,5B,U6,text_only,86,high
pri-5B-U6-0624,Booth Jack Booth,,等,primary,5,5B,U6,wordlist,86,high
pri-5B-U6-0625,jcfk,,,primary,5,5B,U6,text_only,86,high
pri-5B-U6-0626,pep,,,primary,5,5B,U6,text_only,86,high
pri-5B-U6-0627,com,,,primary,5,5B,U6,text_only,86,high
pri-5B-U6-0628,cn,,,primary,5,5B,U6,text_only,86,low
pri-5B-U6-0629,YINGYU,,,primary,5,5B,U6,wordlist,87,high
pri-5B-U6-0630,YIWU JIAOYU JIAOKESHU,,,primary,5,5B,U6,wordlist,87,high
pri-6A-U1-0001,PEP,,,primary,6,6A,U1,wordlist,2,high
pri-6A-U1-0002,Larry Swartz Beth Levy,,,primary,6,6A,U1,text_only,3,high
pri-6A-U1-0003,Fraser Bewick,,,primary,6,6A,U1,text_only,3,high
pri-6A-U1-0004,Copyright by People s Education Press Ltd and Lingo Learning Inc,,,primary,6,6A,U1,wordlist,3,high
pri-6A-U1-0005,No part of this publication may be reproduced or transmitted in any form or by any means,,,primary,6,6A,U1,wordlist,3,high
pri-6A-U1-0006,without permission in writing from the publisher,,,primary,6,6A,U1,wordlist,3,high
pri-6A-U1-0007,http,,,primary,6,6A,U1,text_only,3,high
pri-6A-U1-0008,www,,,primary,6,6A,U1,text_only,3,high
pri-6A-U1-0009,com,,,primary,6,6A,U1,text_only,3,high
pri-6A-U1-0010,cn,,,primary,6,6A,U1,text_only,3,low
pri-6A-U1-0011,jcyjfk,,,primary,6,6A,U1,text_only,3,high
pri-6A-U1-0012,Sarah,,,primary,6,6A,U1,text_only,4,high
pri-6A-U1-0013,Amy,,,primary,6,6A,U1,text_only,4,high
pri-6A-U1-0014,Mike,,,primary,6,6A,U1,text_only,4,high
pri-6A-U1-0015,John,,,primary,6,6A,U1,text_only,4,high
pri-6A-U1-0016,Oliver,,,primary,6,6A,U1,text_only,4,high
pri-6A-U1-0017,Robin,,,primary,6,6A,U1,text_only,4,high
pri-6A-U1-0018,Zoom,,,primary,6,6A,U1,text_only,4,high
pri-6A-U1-0019,Zip,,,primary,6,6A,U1,text_only,4,high
pri-6A-U1-0020,Let,,,primary,6,6A,U1,text_only,4,high
pri-6A-U1-0021,s try,,,primary,6,6A,U1,text_only,4,high
pri-6A-U1-0022,Read and write,,,primary,6,6A,U1,text_only,4,high
pri-6A-U1-0023,s wrap,,,primary,6,6A,U1,text_only,4,high
pri-6A-U1-0024,it up Tips for pronunciation,,引导你们仔细观察、发现并总结,primary,6,6A,U1,wordlist,4,high
pri-6A-U3-0001,CONTENTS,,,primary,6,6A,U3,wordlist,5,high
pri-6A-U3-0002,Recycle,,,primary,6,6A,U3,wordlist,5,high
pri-6A-U3-0003,Appendix Songs in each unit,,,primary,6,6A,U3,wordlist,5,high
pri-6A-U3-0004,Appendix Words in each unit,,,primary,6,6A,U3,wordlist,5,high
pri-6A-U3-0005,Appendix Vocabulary,,,primary,6,6A,U3,wordlist,5,high
pri-6A-U3-0006,Appendix Useful expressions,,,primary,6,6A,U3,wordlist,5,high
pri-6A-U3-0007,Appendix Proverbs,,,primary,6,6A,U3,wordlist,5,high
pri-6A-U1-0025,Turn right at,,,primary,6,6A,U1,wordlist,7,high
pri-6A-U1-0026,the school Then,,,primary,6,6A,U1,wordlist,7,high
pri-6A-U1-0027,go straight,,,primary,6,6A,U1,wordlist,7,high
pri-6A-U1-0028,Hey Robin,,,primary,6,6A,U1,wordlist,7,high
pri-6A-U1-0029,Where is the,,,primary,6,6A,U1,wordlist,7,high
pri-6A-U1-0030,science museum,,,primary,6,6A,U1,wordlist,7,high
pri-6A-U1-0031,I see How can,,,primary,6,6A,U1,wordlist,7,high
pri-6A-U1-0032,I get there,,,primary,6,6A,U1,wordlist,7,high
pri-6A-U1-0033,It s near,,,primary,6,6A,U1,wordlist,7,high
pri-6A-U1-0034,the library,,,primary,6,6A,U1,wordlist,7,high
pri-6A-U1-0035,OK Let s go,,,primary,6,6A,U1,wordlist,7,high
pri-6A-U1-0036,Unit One,,,primary,6,6A,U1,wordlist,7,high
pri-6A-U1-0037,How can I get,,,primary,6,6A,U1,wordlist,8,high
pri-6A-U1-0038,to the science,,,primary,6,6A,U1,wordlist,8,high
pri-6A-U1-0039,museum,,,primary,6,6A,U1,wordlist,8,high
pri-6A-U1-0040,Sure,,,primary,6,6A,U1,wordlist,8,high
pri-6A-U1-0041,It s over there,,,primary,6,6A,U1,wordlist,8,high
pri-6A-U1-0042,Thanks,,,primary,6,6A,U1,wordlist,8,high
pri-6A-U1-0043,Excuse me Can,,,primary,6,6A,U1,wordlist,8,high
pri-6A-U1-0044,you help me,,,primary,6,6A,U1,wordlist,8,high
pri-6A-U1-0045,Oh where is Robin,,,primary,6,6A,U1,wordlist,8,high
pri-6A-U1-0046,How can I get there,,,primary,6,6A,U1,wordlist,8,high
pri-6A-U1-0047,A,,,primary,6,6A,U1,wordlist,9,high
pri-6A-U1-0048,Wu Binbin Robin where is the museum shop,,,primary,6,6A,U1,wordlist,9,high
pri-6A-U1-0049,I want to buy a postcard,,,primary,6,6A,U1,wordlist,9,high
pri-6A-U1-0050,Robin It s near the door,,,primary,6,6A,U1,wordlist,9,high
pri-6A-U1-0051,Wu Binbin Thanks Where is the post office,,,primary,6,6A,U1,wordlist,9,high
pri-6A-U1-0052,I want to send it today,,,primary,6,6A,U1,wordlist,9,high
pri-6A-U1-0053,Robin I don t know I ll ask Excuse,,,primary,6,6A,U1,wordlist,9,high
pri-6A-U1-0054,me sir,,,primary,6,6A,U1,wordlist,9,high
pri-6A-U1-0055,Man Wow A talking robot What a,,,primary,6,6A,U1,wordlist,9,high
pri-6A-U1-0056,great museum,,,primary,6,6A,U1,wordlist,9,high
pri-6A-U1-0057,Robin Where is the post office,,,primary,6,6A,U1,wordlist,9,high
pri-6A-U1-0058,Man It s next to the museum,,,primary,6,6A,U1,wordlist,9,high
pri-6A-U1-0059,Robin Thanks,,,primary,6,6A,U1,wordlist,9,high
pri-6A-U1-0060,Where are they In the museum In the bookstore,,,primary,6,6A,U1,wordlist,9,high
pri-6A-U1-0061,Is Grandpa there,,,primary,6,6A,U1,wordlist,9,high
pri-6A-U1-0062,Yes he is,,,primary,6,6A,U1,wordlist,9,high
pri-6A-U1-0063,No he isn t,,,primary,6,6A,U1,wordlist,9,high
pri-6A-U1-0064,Is there a,,,primary,6,6A,U1,wordlist,9,high
pri-6A-U1-0065,Where is it,,,primary,6,6A,U1,wordlist,9,high
pri-6A-U1-0066,It s near behind,,,primary,6,6A,U1,wordlist,9,high
pri-6A-U1-0067,park library zoo,,,primary,6,6A,U1,wordlist,9,high
pri-6A-U1-0068,post office school,,,primary,6,6A,U1,wordlist,9,high
pri-6A-U1-0069,Wu Binbin and Robin are looking at some robots Listen,,,primary,6,6A,U1,wordlist,9,high
pri-6A-U1-0070,and tick,,,primary,6,6A,U1,wordlist,9,high
pri-6A-U1-0071,Let s try,,,primary,6,6A,U1,wordlist,9,high
pri-6A-U1-0072,Where is the museum shop post office,,,primary,6,6A,U1,wordlist,9,high
pri-6A-U1-0073,Let s talk,,,primary,6,6A,U1,wordlist,9,high
pri-6A-U1-0074,Talk about the places in your city village,,,primary,6,6A,U1,wordlist,9,high
pri-6A-U1-0075,Wu Binbin Where is the cinema,,,primary,6,6A,U1,wordlist,10,high
pri-6A-U1-0076,Robin It s next to the bookstore,,,primary,6,6A,U1,wordlist,10,high
pri-6A-U1-0077,There is a pet hospital,,,primary,6,6A,U1,wordlist,10,high
pri-6A-U1-0078,in my city,,,primary,6,6A,U1,wordlist,10,high
pri-6A-U1-0079,It s near the park,,,primary,6,6A,U1,wordlist,10,high
pri-6A-U1-0080,post office,,,primary,6,6A,U1,wordlist,10,high
pri-6A-U1-0081,bookstore,,,primary,6,6A,U1,wordlist,10,high
pri-6A-U1-0082,hospital,,,primary,6,6A,U1,wordlist,10,high
pri-6A-U1-0083,pet,,,primary,6,6A,U1,wordlist,10,high
pri-6A-U1-0084,park,,,primary,6,6A,U1,wordlist,10,high
pri-6A-U1-0085,cinema,,,primary,6,6A,U1,wordlist,10,high
pri-6A-U1-0086,Let s learn,,,primary,6,6A,U1,wordlist,10,high
pri-6A-U1-0087,Make a map and talk,,,primary,6,6A,U1,wordlist,10,high
pri-6A-U1-0088,Words,,,primary,6,6A,U1,wordlist,10,high
pri-6A-U1-0089,B,,,primary,6,6A,U1,wordlist,11,high
pri-6A-U1-0090,Mike What an interesting film,,,primary,6,6A,U1,wordlist,11,high
pri-6A-U1-0091,Wu Binbin Yes but I m hungry now I know,,,primary,6,6A,U1,wordlist,11,high
pri-6A-U1-0092,a great Italian restaurant,,,primary,6,6A,U1,wordlist,11,high
pri-6A-U1-0093,Mike Yum I like pizza Where is the,,,primary,6,6A,U1,wordlist,11,high
pri-6A-U1-0094,restaurant,,,primary,6,6A,U1,wordlist,11,high
pri-6A-U1-0095,Wu Binbin It s next to the park on Dongfang,,,primary,6,6A,U1,wordlist,11,high
pri-6A-U1-0096,Street,,,primary,6,6A,U1,wordlist,11,high
pri-6A-U1-0097,Mike How can we get there,,,primary,6,6A,U1,wordlist,11,high
pri-6A-U1-0098,Robin Turn left at the bookstore Then,,,primary,6,6A,U1,wordlist,11,high
pri-6A-U1-0099,turn right at the hospital,,,primary,6,6A,U1,wordlist,11,high
pri-6A-U1-0100,Mike OK Let s go,,,primary,6,6A,U1,wordlist,11,high
pri-6A-U1-0101,They want to go to the bookstore,,,primary,6,6A,U1,wordlist,11,high
pri-6A-U1-0102,The cinema is next to the bookstore,,,primary,6,6A,U1,wordlist,11,high
pri-6A-U1-0103,I like,,,primary,6,6A,U1,wordlist,11,high
pri-6A-U1-0104,Turn left right at,,,primary,6,6A,U1,wordlist,11,high
pri-6A-U1-0105,How can I get to the,,,primary,6,6A,U1,wordlist,11,high
pri-6A-U1-0106,Wu Binbin is calling Mike Listen and tick or cross,,,primary,6,6A,U1,wordlist,11,high
pri-6A-U1-0107,Talk about a cinema or restaurant you like How can,,,primary,6,6A,U1,wordlist,11,high
pri-6A-U1-0108,you get there,,,primary,6,6A,U1,wordlist,11,high
pri-6A-U1-0109,How can Wu Binbin and Mike,,,primary,6,6A,U1,wordlist,11,high
pri-6A-U1-0110,get to the restaurant,,,primary,6,6A,U1,wordlist,11,high
pri-6A-U2-0001,Mike Where is the Italian restaurant,,,primary,6,6A,U2,wordlist,12,high
pri-6A-U2-0002,Turn right here,,,primary,6,6A,U2,wordlist,12,high
pri-6A-U2-0003,Robin No turn left,,,primary,6,6A,U2,wordlist,12,high
pri-6A-U2-0004,crossing,,,primary,6,6A,U2,wordlist,12,high
pri-6A-U2-0005,Now we are in front of Tian anmen,,,primary,6,6A,U2,wordlist,12,high
pri-6A-U2-0006,Go straight and you can see the Palace Museum,,,primary,6,6A,U2,wordlist,12,high
pri-6A-U2-0007,Beihai Park,,,primary,6,6A,U2,wordlist,12,high
pri-6A-U2-0008,Tian anmen,,,primary,6,6A,U2,wordlist,12,high
pri-6A-U2-0009,You re here,,,primary,6,6A,U2,wordlist,12,high
pri-6A-U2-0010,Palace Museum,,,primary,6,6A,U2,wordlist,12,high
pri-6A-U2-0011,turn left,,,primary,6,6A,U2,wordlist,12,high
pri-6A-U2-0012,turn right,,,primary,6,6A,U2,wordlist,12,high
pri-6A-U2-0013,go straight,,,primary,6,6A,U2,wordlist,12,high
pri-6A-U2-0014,Chen Jie is trying to be a tour guide for Oliver in,,,primary,6,6A,U2,wordlist,12,high
pri-6A-U2-0015,Beijing Can you help her,,,primary,6,6A,U2,wordlist,12,high
pri-6A-U2-0016,Let s learn,,,primary,6,6A,U2,wordlist,12,high
pri-6A-U2-0017,Be a tour guide,,,primary,6,6A,U2,wordlist,12,high
pri-6A-U2-0018,Words,,,primary,6,6A,U2,wordlist,12,high
pri-6A-U2-0019,Wu Binbin s grandpa gave Robin a new feature He now has BDS,,,primary,6,6A,U2,wordlist,13,high
pri-6A-U2-0020,He can help the boys find the Italian restaurant,,,primary,6,6A,U2,wordlist,13,high
pri-6A-U2-0021,Robin We re in front of the,,,primary,6,6A,U2,wordlist,13,high
pri-6A-U2-0022,cinema Let s go straight,,,primary,6,6A,U2,wordlist,13,high
pri-6A-U2-0023,and turn left at the,,,primary,6,6A,U2,wordlist,13,high
pri-6A-U2-0024,bookstore Follow me,,,primary,6,6A,U2,wordlist,13,high
pri-6A-U2-0025,please,,,primary,6,6A,U2,wordlist,13,high
pri-6A-U2-0026,Mike There is the restaurant,,,primary,6,6A,U2,wordlist,13,high
pri-6A-U2-0027,map,,,primary,6,6A,U2,wordlist,13,high
pri-6A-U2-0028,compass,,,primary,6,6A,U2,wordlist,13,high
pri-6A-U2-0029,BDS,,,primary,6,6A,U2,wordlist,13,high
pri-6A-U2-0030,stars,,,primary,6,6A,U2,wordlist,13,high
pri-6A-U2-0031,Mike Is it far,,,primary,6,6A,U2,wordlist,13,high
pri-6A-U2-0032,Robin No Now we are behind,,,primary,6,6A,U2,wordlist,13,high
pri-6A-U2-0033,the hospital Let s turn,,,primary,6,6A,U2,wordlist,13,high
pri-6A-U2-0034,right and then turn right,,,primary,6,6A,U2,wordlist,13,high
pri-6A-U2-0035,again,,,primary,6,6A,U2,wordlist,13,high
pri-6A-U2-0036,Robin My BDS works,,,primary,6,6A,U2,wordlist,13,high
pri-6A-U2-0037,Wu Binbin Yes I ll tell Grandpa,,,primary,6,6A,U2,wordlist,13,high
pri-6A-U2-0038,But let s eat first I m,,,primary,6,6A,U2,wordlist,13,high
pri-6A-U2-0039,so hungry,,,primary,6,6A,U2,wordlist,13,high
pri-6A-U2-0040,Read and write,,,primary,6,6A,U2,wordlist,13,high
pri-6A-U2-0041,Robin has BDS,,,primary,6,6A,U2,wordlist,13,high
pri-6A-U2-0042,You are in a car Which of these can help you find a,,,primary,6,6A,U2,wordlist,13,high
pri-6A-U2-0043,place,,,primary,6,6A,U2,wordlist,13,high
pri-6A-U2-0044,What is Robin s new feature,,,primary,6,6A,U2,wordlist,14,high
pri-6A-U2-0045,He can find food He can find the way,,,primary,6,6A,U2,wordlist,14,high
pri-6A-U2-0046,How many places did they pass by,,,primary,6,6A,U2,wordlist,14,high
pri-6A-U2-0047,Underline them in the text,,,primary,6,6A,U2,wordlist,14,high
pri-6A-U2-0048,Which word under the fourth picture means,,,primary,6,6A,U2,wordlist,14,high
pri-6A-U2-0049,Wu Binbin and his friends want to eat some pizza in an Italian,,,primary,6,6A,U2,wordlist,14,high
pri-6A-U2-0050,restaurant They,,,primary,6,6A,U2,wordlist,14,high
pri-6A-U2-0051,They,,,primary,6,6A,U2,text_only,14,high
pri-6A-U2-0052,and,,,primary,6,6A,U2,text_only,14,high
pri-6A-U2-0053,then turn right again,,,primary,6,6A,U2,wordlist,14,high
pri-6A-U2-0054,Read the text and answer the questions,,,primary,6,6A,U2,wordlist,14,high
pri-6A-U2-0055,Listen look and say,,,primary,6,6A,U2,wordlist,14,high
pri-6A-U2-0056,Fill in the blanks Then retell the story,,,primary,6,6A,U2,wordlist,14,high
pri-6A-U2-0057,me,,,primary,6,6A,U2,wordlist,14,high
pri-6A-U2-0058,restaurant,,,primary,6,6A,U2,wordlist,14,high
pri-6A-U2-0059,Robin has,,,primary,6,6A,U2,wordlist,14,high
pri-6A-U2-0060,Follow,,,primary,6,6A,U2,wordlist,14,high
pri-6A-U2-0061,Where is the,,,primary,6,6A,U2,wordlist,14,high
pri-6A-U2-0062,Is it,,,primary,6,6A,U2,wordlist,14,high
pri-6A-U2-0063,far,,,primary,6,6A,U2,wordlist,14,high
pri-6A-U2-0064,Where does the boy want to go,,,primary,6,6A,U2,wordlist,15,high
pri-6A-U2-0065,How can he get there from the post office,,,primary,6,6A,U2,wordlist,15,high
pri-6A-U2-0066,near,,,primary,6,6A,U2,wordlist,15,high
pri-6A-U2-0067,next to,,,primary,6,6A,U2,wordlist,15,high
pri-6A-U2-0068,beside,,,primary,6,6A,U2,wordlist,15,high
pri-6A-U2-0069,Can you make,,,primary,6,6A,U2,wordlist,15,high
pri-6A-U2-0070,sentences with,,,primary,6,6A,U2,wordlist,15,high
pri-6A-U2-0071,these words,,,primary,6,6A,U2,wordlist,15,high
pri-6A-U2-0072,Listen again and answer,,,primary,6,6A,U2,wordlist,15,high
pri-6A-U2-0073,Let s check,,,primary,6,6A,U2,wordlist,15,high
pri-6A-U2-0074,Listen and tick the places you hear,,,primary,6,6A,U2,wordlist,15,high
pri-6A-U2-0075,Write the words under the pictures,,,primary,6,6A,U2,wordlist,15,high
pri-6A-U2-0076,Let s wrap it up,,,primary,6,6A,U2,wordlist,15,high
pri-6A-U2-0077,Try to write more words,,,primary,6,6A,U2,wordlist,15,high
pri-6A-U2-0078,C,,,primary,6,6A,U2,wordlist,16,high
pri-6A-U2-0079,Zoom Hey that looks tasty Where,,,primary,6,6A,U2,wordlist,16,high
pri-6A-U2-0080,can I buy one,,,primary,6,6A,U2,wordlist,16,high
pri-6A-U2-0081,Boy Near the London Eye Go that way,,,primary,6,6A,U2,wordlist,16,high
pri-6A-U2-0082,Zoom Zip look,,,primary,6,6A,U2,wordlist,16,high
pri-6A-U2-0083,Zip Finally,,,primary,6,6A,U2,wordlist,16,high
pri-6A-U2-0084,Zoom Hi Three large,,,primary,6,6A,U2,wordlist,16,high
pri-6A-U2-0085,portions and one,,,primary,6,6A,U2,wordlist,16,high
pri-6A-U2-0086,small one please,,,primary,6,6A,U2,wordlist,16,high
pri-6A-U2-0087,Man OK,,,primary,6,6A,U2,wordlist,16,high
pri-6A-U2-0088,Zoom Oh my stomach hurts I,,,primary,6,6A,U2,wordlist,16,high
pri-6A-U2-0089,miss my,,,primary,6,6A,U2,wordlist,16,high
pri-6A-U2-0090,Zip You still want to eat,,,primary,6,6A,U2,wordlist,16,high
pri-6A-U2-0091,Zoom Excuse me Is the Thames far,,,primary,6,6A,U2,wordlist,16,high
pri-6A-U2-0092,from here,,,primary,6,6A,U2,wordlist,16,high
pri-6A-U2-0093,Man No Go straight and turn left,,,primary,6,6A,U2,wordlist,16,high
pri-6A-U2-0094,Zoom Excuse me Where,,,primary,6,6A,U2,wordlist,16,high
pri-6A-U2-0095,is the London Eye,,,primary,6,6A,U2,wordlist,16,high
pri-6A-U2-0096,Man It s next to the film,,,primary,6,6A,U2,wordlist,16,high
pri-6A-U2-0097,museum near the,,,primary,6,6A,U2,wordlist,16,high
pri-6A-U2-0098,Thames,,,primary,6,6A,U2,wordlist,16,high
pri-6A-U2-0099,tanghulu,,,primary,6,6A,U2,wordlist,16,high
pri-6A-U2-0100,Story time,,,primary,6,6A,U2,wordlist,16,high
pri-6A-U2-0101,Good morning John,,,primary,6,6A,U2,wordlist,17,high
pri-6A-U2-0102,How do you go to school,,,primary,6,6A,U2,wordlist,17,high
pri-6A-U2-0103,Wait Don t go,,,primary,6,6A,U2,wordlist,17,high
pri-6A-U2-0104,at the red light,,,primary,6,6A,U2,wordlist,17,high
pri-6A-U2-0105,I often go,,,primary,6,6A,U2,wordlist,17,high
pri-6A-U2-0106,by subway,,,primary,6,6A,U2,wordlist,17,high
pri-6A-U2-0107,You must pay attention,,,primary,6,6A,U2,wordlist,17,high
pri-6A-U2-0108,to the traffic lights,,,primary,6,6A,U2,wordlist,17,high
pri-6A-U2-0109,Sorry,,,primary,6,6A,U2,wordlist,17,high
pri-6A-U2-0110,Unit Two,,,primary,6,6A,U2,wordlist,17,high
pri-6A-U2-0111,Yes,,,primary,6,6A,U2,wordlist,18,high
pri-6A-U2-0112,Nice,,,primary,6,6A,U2,wordlist,18,high
pri-6A-U2-0113,Hi Mike Is,,,primary,6,6A,U2,wordlist,18,high
pri-6A-U2-0114,this your bike,,,primary,6,6A,U2,wordlist,18,high
pri-6A-U2-0115,I usually,,,primary,6,6A,U2,wordlist,18,high
pri-6A-U2-0116,come on foot,,,primary,6,6A,U2,wordlist,18,high
pri-6A-U2-0117,Thanks How do you,,,primary,6,6A,U2,wordlist,18,high
pri-6A-U2-0118,come to school,,,primary,6,6A,U2,wordlist,18,high
pri-6A-U2-0119,Ways to,,,primary,6,6A,U2,wordlist,18,high
pri-6A-U2-0120,go to school,,,primary,6,6A,U2,wordlist,18,high
pri-6A-U2-0121,A,,,primary,6,6A,U2,wordlist,19,high
pri-6A-U2-0122,Mike Good morning Mrs Smith,,,primary,6,6A,U2,wordlist,19,high
pri-6A-U2-0123,Mrs Smith Hi children You re early,,,primary,6,6A,U2,wordlist,19,high
pri-6A-U2-0124,How do you come to school,,,primary,6,6A,U2,wordlist,19,high
pri-6A-U2-0125,Amy Usually I come on foot,,,primary,6,6A,U2,wordlist,19,high
pri-6A-U2-0126,Sometimes I come by bus,,,primary,6,6A,U2,wordlist,19,high
pri-6A-U2-0127,Mike I often come by bike,,,primary,6,6A,U2,wordlist,19,high
pri-6A-U2-0128,Amy How do you come to school,,,primary,6,6A,U2,wordlist,19,high
pri-6A-U2-0129,Mrs Smith By car,,,primary,6,6A,U2,wordlist,19,high
pri-6A-U2-0130,Mrs Smith Sometimes but I usually walk,,,primary,6,6A,U2,wordlist,19,high
pri-6A-U2-0131,Mike That s good exercise,,,primary,6,6A,U2,wordlist,19,high
pri-6A-U2-0132,They are talking about a sports meet,,,primary,6,6A,U2,wordlist,19,high
pri-6A-U2-0133,They will go by bus,,,primary,6,6A,U2,wordlist,19,high
pri-6A-U2-0134,usually,,,primary,6,6A,U2,wordlist,19,high
pri-6A-U2-0135,often,,,primary,6,6A,U2,wordlist,19,high
pri-6A-U2-0136,sometimes,,,primary,6,6A,U2,wordlist,19,high
pri-6A-U2-0137,Three students usually come to school by bike,,,primary,6,6A,U2,wordlist,19,high
pri-6A-U2-0138,How do you come,,,primary,6,6A,U2,wordlist,19,high
pri-6A-U2-0139,to school,,,primary,6,6A,U2,wordlist,19,high
pri-6A-U2-0140,Amy meets Mike at school this morning,,,primary,6,6A,U2,wordlist,19,high
pri-6A-U2-0141,Listen and tick or cross,,,primary,6,6A,U2,wordlist,19,high
pri-6A-U2-0142,Let s try,,,primary,6,6A,U2,wordlist,19,high
pri-6A-U2-0143,What about your classmates and teachers Do a,,,primary,6,6A,U2,wordlist,19,high
pri-6A-U2-0144,survey,,,primary,6,6A,U2,wordlist,19,high
pri-6A-U2-0145,Let s talk,,,primary,6,6A,U2,wordlist,19,high
pri-6A-U2-0146,How do Mike Amy and Mrs Smith come to school,,,primary,6,6A,U2,wordlist,19,high
pri-6A-U2-0147,Mrs Smith Let s go to the nature,,,primary,6,6A,U2,wordlist,20,high
pri-6A-U2-0148,park,,,primary,6,6A,U2,wordlist,20,high
pri-6A-U2-0149,John Hooray,,,primary,6,6A,U2,wordlist,20,high
pri-6A-U2-0150,Sarah How do we get there,,,primary,6,6A,U2,wordlist,20,high
pri-6A-U2-0151,Mrs Smith By bus,,,primary,6,6A,U2,wordlist,20,high
pri-6A-U2-0152,China,,,primary,6,6A,U2,wordlist,20,high
pri-6A-U2-0153,USA,,,primary,6,6A,U2,wordlist,20,high
pri-6A-U2-0154,your school,,,primary,6,6A,U2,wordlist,20,high
pri-6A-U2-0155,A How do you get to the USA from China,,,primary,6,6A,U2,wordlist,20,high
pri-6A-U2-0156,B By plane,,,primary,6,6A,U2,wordlist,20,high
pri-6A-U2-0157,your home,,,primary,6,6A,U2,wordlist,20,high
pri-6A-U2-0158,by bus,,,primary,6,6A,U2,wordlist,20,high
pri-6A-U2-0159,by taxi,,,primary,6,6A,U2,wordlist,20,high
pri-6A-U2-0160,by ship,,,primary,6,6A,U2,wordlist,20,high
pri-6A-U2-0161,on foot,,,primary,6,6A,U2,wordlist,20,high
pri-6A-U2-0162,by train,,,primary,6,6A,U2,wordlist,20,high
pri-6A-U2-0163,by plane,,,primary,6,6A,U2,wordlist,20,high
pri-6A-U2-0164,Write and say,,,primary,6,6A,U2,wordlist,20,high
pri-6A-U2-0165,B,,,primary,6,6A,U2,wordlist,21,high
pri-6A-U2-0166,Wu Binbin Mr Jones how can I get to the Fuxing Hospital,,,primary,6,6A,U2,wordlist,21,high
pri-6A-U2-0167,Mr Jones Take the No bus over there,,,primary,6,6A,U2,wordlist,21,high
pri-6A-U2-0168,Wu Binbin Thanks Wow So many pictures,,,primary,6,6A,U2,wordlist,21,high
pri-6A-U2-0169,of bikes,,,primary,6,6A,U2,wordlist,21,high
pri-6A-U2-0170,Mr Jones They re from my cousin in the,,,primary,6,6A,U2,wordlist,21,high
pri-6A-U2-0171,Wu Binbin What s this,,,primary,6,6A,U2,wordlist,21,high
pri-6A-U2-0172,Mr Jones A helmet In the USA people on,,,primary,6,6A,U2,wordlist,21,high
pri-6A-U2-0173,bikes must wear one,,,primary,6,6A,U2,wordlist,21,high
pri-6A-U2-0174,Wu Binbin I see Oh the bus is coming,,,primary,6,6A,U2,wordlist,21,high
pri-6A-U2-0175,Bye Mr Jones,,,primary,6,6A,U2,wordlist,21,high
pri-6A-U2-0176,Mr Jones Hey don t go at the red light,,,primary,6,6A,U2,wordlist,21,high
pri-6A-U2-0177,Wu Binbin Oh right Thanks I must pay,,,primary,6,6A,U2,wordlist,21,high
pri-6A-U2-0178,attention to the traffic lights,,,primary,6,6A,U2,wordlist,21,high
pri-6A-U2-0179,Don t touch the,,,primary,6,6A,U2,wordlist,21,high
pri-6A-U2-0180,door You can see,,,primary,6,6A,U2,wordlist,21,high
pri-6A-U2-0181,this in the subway,,,primary,6,6A,U2,wordlist,21,high
pri-6A-U2-0182,You must stop,,,primary,6,6A,U2,wordlist,21,high
pri-6A-U2-0183,You can see this,,,primary,6,6A,U2,wordlist,21,high
pri-6A-U2-0184,on the road,,,primary,6,6A,U2,wordlist,21,high
pri-6A-U2-0185,What does Mrs Smith tell,,,primary,6,6A,U2,wordlist,21,high
pri-6A-U2-0186,the children to do Listen,,,primary,6,6A,U2,wordlist,21,high
pri-6A-U2-0187,and tick,,,primary,6,6A,U2,wordlist,21,high
pri-6A-U2-0188,What do you learn about riding a bike from the,,,primary,6,6A,U2,wordlist,21,high
pri-6A-U2-0189,dialogue,,,primary,6,6A,U2,wordlist,21,high
pri-6A-U2-0190,Tell your partner What do these signs mean Where,,,primary,6,6A,U2,wordlist,21,high
pri-6A-U2-0191,can you see them,,,primary,6,6A,U2,wordlist,21,high
pri-6A-U3-0008,Mike Look The park is over there Let s go,,,primary,6,6A,U3,wordlist,22,high
pri-6A-U3-0009,Mrs Smith Please wait It s red now We must,,,primary,6,6A,U3,wordlist,22,high
pri-6A-U3-0010,stop and wait,,,primary,6,6A,U3,wordlist,22,high
pri-6A-U3-0011,Go at a green light,,,primary,6,6A,U3,wordlist,22,high
pri-6A-U3-0012,Stop and wait at,,,primary,6,6A,U3,wordlist,22,high
pri-6A-U3-0013,a red light,,,primary,6,6A,U3,wordlist,22,high
pri-6A-U3-0014,Slow down and stop,,,primary,6,6A,U3,wordlist,22,high
pri-6A-U3-0015,at a yellow light,,,primary,6,6A,U3,wordlist,22,high
pri-6A-U3-0016,Let s go,,,primary,6,6A,U3,wordlist,22,high
pri-6A-U3-0017,Let s learn,,,primary,6,6A,U3,wordlist,22,high
pri-6A-U3-0018,Role-play,,,primary,6,6A,U3,wordlist,22,high
pri-6A-U3-0019,Words,,,primary,6,6A,U3,wordlist,22,high
pri-6A-U3-0020,Some children go to,,,primary,6,6A,U3,wordlist,23,high
pri-6A-U3-0021,school on foot in Munich,,,primary,6,6A,U3,wordlist,23,high
pri-6A-U3-0022,Germany,,,primary,6,6A,U3,wordlist,23,high
pri-6A-U3-0023,Some children in Jiangxi,,,primary,6,6A,U3,wordlist,23,high
pri-6A-U3-0024,China go to school by,,,primary,6,6A,U3,wordlist,23,high
pri-6A-U3-0025,ferry every day,,,primary,6,6A,U3,wordlist,23,high
pri-6A-U3-0026,In Papa Westray,,,primary,6,6A,U3,wordlist,23,high
pri-6A-U3-0027,Scotland the,,,primary,6,6A,U3,wordlist,23,high
pri-6A-U3-0028,children go to,,,primary,6,6A,U3,wordlist,23,high
pri-6A-U3-0029,school by ferry,,,primary,6,6A,U3,wordlist,23,high
pri-6A-U3-0030,too But in,,,primary,6,6A,U3,wordlist,23,high
pri-6A-U3-0031,they went to,,,primary,6,6A,U3,wordlist,23,high
pri-6A-U3-0032,school by plane,,,primary,6,6A,U3,wordlist,23,high
pri-6A-U3-0033,because the,,,primary,6,6A,U3,wordlist,23,high
pri-6A-U3-0034,ferry didn t,,,primary,6,6A,U3,wordlist,23,high
pri-6A-U3-0035,work,,,primary,6,6A,U3,wordlist,23,high
pri-6A-U3-0036,I don t go,,,primary,6,6A,U3,wordlist,23,high
pri-6A-U3-0037,to school I learn,,,primary,6,6A,U3,wordlist,23,high
pri-6A-U3-0038,at home,,,primary,6,6A,U3,wordlist,23,high
pri-6A-U3-0039,In Alaska USA it snows a lot Some,,,primary,6,6A,U3,wordlist,23,high
pri-6A-U3-0040,kids go to school by sled It s fast,,,primary,6,6A,U3,wordlist,23,high
pri-6A-U3-0041,Grandpa let me,,,primary,6,6A,U3,wordlist,23,high
pri-6A-U3-0042,read this for you,,,primary,6,6A,U3,wordlist,23,high
pri-6A-U3-0043,Thanks Robin,,,primary,6,6A,U3,wordlist,23,high
pri-6A-U3-0044,Different ways to go to school,,,primary,6,6A,U3,wordlist,23,high
pri-6A-U3-0045,Read and write,,,primary,6,6A,U3,wordlist,23,high
pri-6A-U3-0046,How many ways can you think of to go to school,,,primary,6,6A,U3,wordlist,23,high
pri-6A-U3-0047,Talk with your partner,,,primary,6,6A,U3,wordlist,23,high
pri-6A-U3-0048,come and have a look pictures of stop at a red light,,,primary,6,6A,U3,wordlist,24,high
pri-6A-U3-0049,How many ways to go to school can you find in the text,,,primary,6,6A,U3,wordlist,24,high
pri-6A-U3-0050,Underline them,,,primary,6,6A,U3,wordlist,24,high
pri-6A-U3-0051,Does everyone in the text go to school,,,primary,6,6A,U3,wordlist,24,high
pri-6A-U3-0052,On foot,,,primary,6,6A,U3,wordlist,24,high
pri-6A-U3-0053,You must stop at a red light,,,primary,6,6A,U3,wordlist,24,high
pri-6A-U3-0054,By sled,,,primary,6,6A,U3,wordlist,24,high
pri-6A-U3-0055,You must drive slowly,,,primary,6,6A,U3,wordlist,24,high
pri-6A-U3-0056,By ferry,,,primary,6,6A,U3,wordlist,24,high
pri-6A-U3-0057,You must wear a life jacket,,,primary,6,6A,U3,wordlist,24,high
pri-6A-U3-0058,Don t go at a red light,,,primary,6,6A,U3,wordlist,24,high
pri-6A-U3-0059,Don t let the dogs run too fast,,,primary,6,6A,U3,wordlist,24,high
pri-6A-U3-0060,Don t run on the ferry,,,primary,6,6A,U3,wordlist,24,high
pri-6A-U3-0061,Listen look and say,,,primary,6,6A,U3,wordlist,24,high
pri-6A-U3-0062,Look at the text on page Find and say more like,,,primary,6,6A,U3,wordlist,24,high
pri-6A-U3-0063,these,,,primary,6,6A,U3,wordlist,24,high
pri-6A-U3-0064,Read the text and answer the questions,,,primary,6,6A,U3,wordlist,24,high
pri-6A-U3-0065,What suggestions will you give to your friends,,,primary,6,6A,U3,wordlist,24,high
pri-6A-U3-0066,Make a poster,,,primary,6,6A,U3,wordlist,24,high
pri-6A-U3-0067,Choose some suggestions for the kids on page,,,primary,6,6A,U3,wordlist,24,high
pri-6A-U3-0068,How does Wu Binbin go to the park He goes by,,,primary,6,6A,U3,wordlist,25,high
pri-6A-U3-0069,How does the girl s father go to work He goes by,,,primary,6,6A,U3,wordlist,25,high
pri-6A-U3-0070,How does Amy go home She goes,,,primary,6,6A,U3,wordlist,25,high
pri-6A-U3-0071,What will the woman do She will,,,primary,6,6A,U3,wordlist,25,high
pri-6A-U3-0072,At the cinema,,,primary,6,6A,U3,wordlist,25,high
pri-6A-U3-0073,Not at the cinema,,,primary,6,6A,U3,wordlist,25,high
pri-6A-U3-0074,In the park,,,primary,6,6A,U3,wordlist,25,high
pri-6A-U3-0075,Not in the park,,,primary,6,6A,U3,wordlist,25,high
pri-6A-U3-0076,At school,,,primary,6,6A,U3,wordlist,25,high
pri-6A-U3-0077,Not at school,,,primary,6,6A,U3,wordlist,25,high
pri-6A-U3-0078,At the museum,,,primary,6,6A,U3,wordlist,25,high
pri-6A-U3-0079,Not at the museum,,,primary,6,6A,U3,wordlist,25,high
pri-6A-U3-0080,Go to the cinema,,,primary,6,6A,U3,wordlist,25,high
pri-6A-U3-0081,Come to the park and play with us,,,primary,6,6A,U3,wordlist,25,high
pri-6A-U3-0082,How does Mrs Zhao come to school,,,primary,6,6A,U3,wordlist,25,high
pri-6A-U3-0083,How can I go to the museum,,,primary,6,6A,U3,wordlist,25,high
pri-6A-U3-0084,Listen again and answer the questions,,,primary,6,6A,U3,wordlist,25,high
pri-6A-U3-0085,Let s check,,,primary,6,6A,U3,wordlist,25,high
pri-6A-U3-0086,Listen and number,,,primary,6,6A,U3,wordlist,25,high
pri-6A-U3-0087,Let s wrap it up,,,primary,6,6A,U3,wordlist,25,high
pri-6A-U3-0088,Come or go Where is Mike,,,primary,6,6A,U3,wordlist,25,high
pri-6A-U3-0089,Tick or cross,,,primary,6,6A,U3,wordlist,25,high
pri-6A-U3-0090,C,,,primary,6,6A,U3,wordlist,26,high
pri-6A-U3-0091,Amy It s so good to see you,,,primary,6,6A,U3,wordlist,26,high
pri-6A-U3-0092,Annie,,,primary,6,6A,U3,wordlist,26,high
pri-6A-U3-0093,Annie You too Amy I missed you,,,primary,6,6A,U3,wordlist,26,high
pri-6A-U3-0094,Annie I see We must,,,primary,6,6A,U3,wordlist,26,high
pri-6A-U3-0095,look right before,,,primary,6,6A,U3,wordlist,26,high
pri-6A-U3-0096,crossing the road,,,primary,6,6A,U3,wordlist,26,high
pri-6A-U3-0097,Amy No first left and,,,primary,6,6A,U3,wordlist,26,high
pri-6A-U3-0098,then right,,,primary,6,6A,U3,wordlist,26,high
pri-6A-U3-0099,Amy Look the bus is over,,,primary,6,6A,U3,wordlist,26,high
pri-6A-U3-0100,there,,,primary,6,6A,U3,wordlist,26,high
pri-6A-U3-0101,Annie Wow it s a,,,primary,6,6A,U3,wordlist,26,high
pri-6A-U3-0102,double-decker The,,,primary,6,6A,U3,wordlist,26,high
pri-6A-U3-0103,same as in London,,,primary,6,6A,U3,wordlist,26,high
pri-6A-U3-0104,Annie Where is the door Amy,,,primary,6,6A,U3,wordlist,26,high
pri-6A-U3-0105,there is no door on the bus,,,primary,6,6A,U3,wordlist,26,high
pri-6A-U3-0106,Amy Haha you re looking at the,,,primary,6,6A,U3,wordlist,26,high
pri-6A-U3-0107,wrong side again,,,primary,6,6A,U3,wordlist,26,high
pri-6A-U3-0108,Amy Let s take a bus home We must,,,primary,6,6A,U3,wordlist,26,high
pri-6A-U3-0109,cross the road,,,primary,6,6A,U3,wordlist,26,high
pri-6A-U3-0110,Annie Wow Chinese food,,,primary,6,6A,U3,wordlist,26,high
pri-6A-U3-0111,is so different from,,,primary,6,6A,U3,wordlist,26,high
pri-6A-U3-0112,British food,,,primary,6,6A,U3,wordlist,26,high
pri-6A-U3-0113,Amy Yes Can you use,,,primary,6,6A,U3,wordlist,26,high
pri-6A-U3-0114,chopsticks,,,primary,6,6A,U3,wordlist,26,high
pri-6A-U3-0115,Annie No I can t,,,primary,6,6A,U3,wordlist,26,high
pri-6A-U3-0116,Story time,,,primary,6,6A,U3,wordlist,26,high
pri-6A-U3-0117,What are you going to,,,primary,6,6A,U3,wordlist,27,high
pri-6A-U3-0118,do in the nature park,,,primary,6,6A,U3,wordlist,27,high
pri-6A-U3-0119,I m going to look for,,,primary,6,6A,U3,wordlist,27,high
pri-6A-U3-0120,some beautiful leaves,,,primary,6,6A,U3,wordlist,27,high
pri-6A-U3-0121,I m going to draw,,,primary,6,6A,U3,wordlist,27,high
pri-6A-U3-0122,some pictures What,,,primary,6,6A,U3,wordlist,27,high
pri-6A-U3-0123,about you,,,primary,6,6A,U3,wordlist,27,high
pri-6A-U3-0124,Unit Three,,,primary,6,6A,U3,wordlist,27,high
pri-6A-U3-0125,Mike is going to see a film John is,,,primary,6,6A,U3,wordlist,28,high
pri-6A-U3-0126,going to buy his favourite comic book Hmm,,,primary,6,6A,U3,wordlist,28,high
pri-6A-U3-0127,what am I going to do this weekend,,,primary,6,6A,U3,wordlist,28,high
pri-6A-U3-0128,My weekend plan,,,primary,6,6A,U3,wordlist,28,high
pri-6A-U3-0129,A,,,primary,6,6A,U3,wordlist,29,high
pri-6A-U3-0130,Mike What are you going to do tomorrow,,,primary,6,6A,U3,wordlist,29,high
pri-6A-U3-0131,Sarah I m going to have an art lesson,,,primary,6,6A,U3,wordlist,29,high
pri-6A-U3-0132,Mike What are you going to do in your lesson,,,primary,6,6A,U3,wordlist,29,high
pri-6A-U3-0133,Sarah We re going to draw some pictures in Renmin Park,,,primary,6,6A,U3,wordlist,29,high
pri-6A-U3-0134,Mike Sounds great I m going to see a film tomorrow,,,primary,6,6A,U3,wordlist,29,high
pri-6A-U3-0135,Sarah Have a good time,,,primary,6,6A,U3,wordlist,29,high
pri-6A-U3-0136,Mike You too I have to do my homework now Bye,,,primary,6,6A,U3,wordlist,29,high
pri-6A-U3-0137,Sarah OK Bye,,,primary,6,6A,U3,wordlist,29,high
pri-6A-U3-0138,Can Mike go swimming today,,,primary,6,6A,U3,wordlist,29,high
pri-6A-U3-0139,A Yes he can,,,primary,6,6A,U3,wordlist,29,high
pri-6A-U3-0140,B No he can t,,,primary,6,6A,U3,wordlist,29,high
pri-6A-U3-0141,Why or why not,,,primary,6,6A,U3,wordlist,29,high
pri-6A-U3-0142,A He has homework to do B He is fishing now,,,primary,6,6A,U3,wordlist,29,high
pri-6A-U3-0143,go ice-skating,,,primary,6,6A,U3,wordlist,29,high
pri-6A-U3-0144,wash clothes,,,primary,6,6A,U3,wordlist,29,high
pri-6A-U3-0145,draw pictures,,,primary,6,6A,U3,wordlist,29,high
pri-6A-U3-0146,make a snowman,,,primary,6,6A,U3,wordlist,29,high
pri-6A-U3-0147,go for a picnic,,,primary,6,6A,U3,wordlist,29,high
pri-6A-U3-0148,What is going to do,,,primary,6,6A,U3,wordlist,29,high
pri-6A-U3-0149,What are going to do,,,primary,6,6A,U3,wordlist,29,high
pri-6A-U3-0150,He She is going to,,,primary,6,6A,U3,wordlist,29,high
pri-6A-U3-0151,They are going to,,,primary,6,6A,U3,wordlist,29,high
pri-6A-U3-0152,It s Saturday morning Sarah is on the phone with Mike,,,primary,6,6A,U3,wordlist,29,high
pri-6A-U3-0153,Listen and circle,,,primary,6,6A,U3,wordlist,29,high
pri-6A-U3-0154,Let s try,,,primary,6,6A,U3,wordlist,29,high
pri-6A-U3-0155,Talk about your and your friends weekend plan,,,primary,6,6A,U3,wordlist,29,high
pri-6A-U3-0156,Let s talk,,,primary,6,6A,U3,wordlist,29,high
pri-6A-U3-0157,What are Mike and Sarah going to do tomorrow,,,primary,6,6A,U3,wordlist,29,high
pri-6A-U3-0158,Sarah What are you going to do today,,,primary,6,6A,U3,wordlist,30,high
pri-6A-U3-0159,Chen Jie I m going to see a film,,,primary,6,6A,U3,wordlist,30,high
pri-6A-U3-0160,this morning,,,primary,6,6A,U3,wordlist,30,high
pri-6A-U3-0161,this afternoon,,,primary,6,6A,U3,wordlist,30,high
pri-6A-U3-0162,this evening,,,primary,6,6A,U3,wordlist,30,high
pri-6A-U3-0163,tonight,,,primary,6,6A,U3,wordlist,30,high
pri-6A-U3-0164,tomorrow,,,primary,6,6A,U3,wordlist,30,high
pri-6A-U3-0165,next week,,,primary,6,6A,U3,wordlist,30,high
pri-6A-U3-0166,visit my grandparents,,,primary,6,6A,U3,wordlist,30,high
pri-6A-U3-0167,go to the supermarket,,,primary,6,6A,U3,wordlist,30,high
pri-6A-U3-0168,see a film,,,primary,6,6A,U3,wordlist,30,high
pri-6A-U3-0169,take a trip,,,primary,6,6A,U3,wordlist,30,high
pri-6A-U3-0170,What are you going,,,primary,6,6A,U3,wordlist,30,high
pri-6A-U3-0171,to do this morning,,,primary,6,6A,U3,wordlist,30,high
pri-6A-U3-0172,I m going to visit,,,primary,6,6A,U3,wordlist,30,high
pri-6A-U3-0173,my grandparents,,,primary,6,6A,U3,wordlist,30,high
pri-6A-U3-0174,Make a plan,,,primary,6,6A,U3,wordlist,30,high
pri-6A-U3-0175,It is Saturday morning now Make a plan and share it,,,primary,6,6A,U3,wordlist,30,high
pri-6A-U3-0176,with your partner,,,primary,6,6A,U3,wordlist,30,high
pri-6A-U3-0177,B,,,primary,6,6A,U3,wordlist,31,high
pri-6A-U3-0178,What,,,primary,6,6A,U3,wordlist,31,high
pri-6A-U3-0179,Where,,,primary,6,6A,U3,wordlist,31,high
pri-6A-U3-0180,When,,,primary,6,6A,U3,wordlist,31,high
pri-6A-U3-0181,John My cousin Jack is going to visit me,,,primary,6,6A,U3,wordlist,31,high
pri-6A-U3-0182,Amy That s nice Where are you going,,,primary,6,6A,U3,wordlist,31,high
pri-6A-U3-0183,John We re going to the cinema We re,,,primary,6,6A,U3,wordlist,31,high
pri-6A-U3-0184,going to see a film about space travel,,,primary,6,6A,U3,wordlist,31,high
pri-6A-U3-0185,Amy Cool I have lots of comic books,,,primary,6,6A,U3,wordlist,31,high
pri-6A-U3-0186,about space When are you going,,,primary,6,6A,U3,wordlist,31,high
pri-6A-U3-0187,John Next Wednesday,,,primary,6,6A,U3,wordlist,31,high
pri-6A-U3-0188,Amy Why not go on Tuesday It s half,,,primary,6,6A,U3,wordlist,31,high
pri-6A-U3-0189,price then,,,primary,6,6A,U3,wordlist,31,high
pri-6A-U3-0190,John Really Thank you,,,primary,6,6A,U3,wordlist,31,high
pri-6A-U3-0191,What is Amy going to do,,,primary,6,6A,U3,wordlist,31,high
pri-6A-U3-0192,Is the ice cream for John,,,primary,6,6A,U3,wordlist,31,high
pri-6A-U3-0193,Questions,,,primary,6,6A,U3,wordlist,31,high
pri-6A-U3-0194,Answers,,,primary,6,6A,U3,wordlist,31,high
pri-6A-U3-0195,Where are you going,,,primary,6,6A,U3,wordlist,31,high
pri-6A-U3-0196,to do there,,,primary,6,6A,U3,wordlist,31,high
pri-6A-U3-0197,When are you going,,,primary,6,6A,U3,wordlist,31,high
pri-6A-U3-0198,John is on his way home He sees Amy Listen and answer,,,primary,6,6A,U3,wordlist,31,high
pri-6A-U3-0199,Where are John and Jack going next week,,,primary,6,6A,U3,wordlist,31,high
pri-6A-U3-0200,Interview your classmates and then give a report,,,primary,6,6A,U3,wordlist,31,high
pri-6A-U4-0001,Jack Where are we going,,,primary,6,6A,U4,wordlist,32,high
pri-6A-U4-0002,John To the bookstore I m going to,,,primary,6,6A,U4,wordlist,32,high
pri-6A-U4-0003,buy a new comic book,,,primary,6,6A,U4,wordlist,32,high
pri-6A-U4-0004,Yes Do you have,,,primary,6,6A,U4,wordlist,32,high
pri-6A-U4-0005,comic books,,,primary,6,6A,U4,wordlist,32,high
pri-6A-U4-0006,I m going to buy,,,primary,6,6A,U4,wordlist,32,high
pri-6A-U4-0007,some word books,,,primary,6,6A,U4,wordlist,32,high
pri-6A-U4-0008,What are you going,,,primary,6,6A,U4,wordlist,32,high
pri-6A-U4-0009,to buy Sarah,,,primary,6,6A,U4,wordlist,32,high
pri-6A-U4-0010,Can I help you,,,primary,6,6A,U4,wordlist,32,high
pri-6A-U4-0011,Yes Here they are,,,primary,6,6A,U4,wordlist,32,high
pri-6A-U4-0012,Let s learn,,,primary,6,6A,U4,wordlist,32,high
pri-6A-U4-0013,Role-play,,,primary,6,6A,U4,wordlist,32,high
pri-6A-U4-0014,Words,,,primary,6,6A,U4,wordlist,32,high
pri-6A-U4-0015,Dear Diary,,,primary,6,6A,U4,wordlist,33,high
pri-6A-U4-0016,Tomorrow is Mid-Autumn Festival My family are going to get,,,primary,6,6A,U4,wordlist,33,high
pri-6A-U4-0017,together and have a big dinner My aunt is going to make mooncakes,,,primary,6,6A,U4,wordlist,33,high
pri-6A-U4-0018,My grandma will tell us a story about Chang e Robin and I are going,,,primary,6,6A,U4,wordlist,33,high
pri-6A-U4-0019,to read a poem This is our poem,,,primary,6,6A,U4,wordlist,33,high
pri-6A-U4-0020,Sunday,,,primary,6,6A,U4,wordlist,33,high
pri-6A-U4-0021,F is for family We will all be together tonight,,,primary,6,6A,U4,wordlist,33,high
pri-6A-U4-0022,A is for autumn It is the autumn season,,,primary,6,6A,U4,wordlist,33,high
pri-6A-U4-0023,M is for moon We eat mooncakes and tell stories,,,primary,6,6A,U4,wordlist,33,high
pri-6A-U4-0024,about the moon,,,primary,6,6A,U4,wordlist,33,high
pri-6A-U4-0025,I is for I I am so happy today,,,primary,6,6A,U4,wordlist,33,high
pri-6A-U4-0026,L is for love We love Mid-Autumn Festival,,,primary,6,6A,U4,wordlist,33,high
pri-6A-U4-0027,Y is for you You can be together with your family,,,primary,6,6A,U4,wordlist,33,high
pri-6A-U4-0028,too,,,primary,6,6A,U4,wordlist,33,high
pri-6A-U4-0029,Read and write,,,primary,6,6A,U4,wordlist,33,high
pri-6A-U4-0030,What are these holidays What do your family do on,,,primary,6,6A,U4,wordlist,33,high
pri-6A-U4-0031,these days Tell your partner about another time,,,primary,6,6A,U4,wordlist,33,high
pri-6A-U4-0032,when your family get together,,,primary,6,6A,U4,wordlist,33,high
pri-6A-U4-0033,Wu Binbin s family,,,primary,6,6A,U4,wordlist,34,high
pri-6A-U4-0034,Wu Binbin s aunt,,,primary,6,6A,U4,wordlist,34,high
pri-6A-U4-0035,Wu Binbin s grandma,,,primary,6,6A,U4,wordlist,34,high
pri-6A-U4-0036,Wu Binbin and Robin,,,primary,6,6A,U4,wordlist,34,high
pri-6A-U4-0037,His family will get together,,,primary,6,6A,U4,wordlist,34,high
pri-6A-U4-0038,For Mid-Autumn Festival I m going to,,,primary,6,6A,U4,wordlist,34,high
pri-6A-U4-0039,My partner is going to,,,primary,6,6A,U4,wordlist,34,high
pri-6A-U4-0040,Listen clap and repeat,,,primary,6,6A,U4,wordlist,34,high
pri-6A-U4-0041,Look at the text on page Find and say more words,,,primary,6,6A,U4,wordlist,34,high
pri-6A-U4-0042,like these,,,primary,6,6A,U4,wordlist,34,high
pri-6A-U4-0043,lesson,,,primary,6,6A,U4,wordlist,34,high
pri-6A-U4-0044,dinner,,,primary,6,6A,U4,wordlist,34,high
pri-6A-U4-0045,tonight,,,primary,6,6A,U4,wordlist,34,high
pri-6A-U4-0046,tomorrow,,,primary,6,6A,U4,wordlist,34,high
pri-6A-U4-0047,Read the text and fill in the table,,,primary,6,6A,U4,wordlist,34,high
pri-6A-U4-0048,Discuss with your partner What are you going to do,,,primary,6,6A,U4,wordlist,34,high
pri-6A-U4-0049,for Mid-Autumn Festival Write down your plan here,,,primary,6,6A,U4,wordlist,34,high
pri-6A-U4-0050,John is going to,,,primary,6,6A,U4,wordlist,35,high
pri-6A-U4-0051,This evening the boy is going to,,,primary,6,6A,U4,wordlist,35,high
pri-6A-U4-0052,The boy is,,,primary,6,6A,U4,wordlist,35,high
pri-6A-U4-0053,The woman is going to,,,primary,6,6A,U4,wordlist,35,high
pri-6A-U4-0054,What Where,,,primary,6,6A,U4,wordlist,35,high
pri-6A-U4-0055,When,,,primary,6,6A,U4,wordlist,35,high
pri-6A-U4-0056,am is,,,primary,6,6A,U4,wordlist,35,high
pri-6A-U4-0057,are,,,primary,6,6A,U4,wordlist,35,high
pri-6A-U4-0058,going to,,,primary,6,6A,U4,wordlist,35,high
pri-6A-U4-0059,going,,,primary,6,6A,U4,wordlist,35,high
pri-6A-U4-0060,do,,,primary,6,6A,U4,wordlist,35,high
pri-6A-U4-0061,I you,,,primary,6,6A,U4,wordlist,35,high
pri-6A-U4-0062,we they,,,primary,6,6A,U4,wordlist,35,high
pri-6A-U4-0063,he she,,,primary,6,6A,U4,wordlist,35,high
pri-6A-U4-0064,Listen again and fill in the blanks,,,primary,6,6A,U4,wordlist,35,high
pri-6A-U4-0065,Let s check,,,primary,6,6A,U4,wordlist,35,high
pri-6A-U4-0066,Listen and tick,,,primary,6,6A,U4,wordlist,35,high
pri-6A-U4-0067,Let s wrap it up,,,primary,6,6A,U4,wordlist,35,high
pri-6A-U4-0068,How many sentences can you make,,,primary,6,6A,U4,wordlist,35,high
pri-6A-U5-0001,C,,,primary,6,6A,U5,wordlist,36,high
pri-6A-U5-0002,Zip What are you going to do,,,primary,6,6A,U5,wordlist,36,high
pri-6A-U5-0003,tomorrow,,,primary,6,6A,U5,wordlist,36,high
pri-6A-U5-0004,Zoom I m going to learn how to,,,primary,6,6A,U5,wordlist,36,high
pri-6A-U5-0005,swim,,,primary,6,6A,U5,wordlist,36,high
pri-6A-U5-0006,Zip OK I ll teach you,,,primary,6,6A,U5,wordlist,36,high
pri-6A-U5-0007,Zip Just jump in Catch this,,,primary,6,6A,U5,wordlist,36,high
pri-6A-U5-0008,Practise and you will learn,,,primary,6,6A,U5,wordlist,36,high
pri-6A-U5-0009,Zoom Help Help,,,primary,6,6A,U5,wordlist,36,high
pri-6A-U5-0010,Zip Just try This,,,primary,6,6A,U5,wordlist,36,high
pri-6A-U5-0011,way This way,,,primary,6,6A,U5,wordlist,36,high
pri-6A-U5-0012,OK now can you do,,,primary,6,6A,U5,wordlist,36,high
pri-6A-U5-0013,it,,,primary,6,6A,U5,wordlist,36,high
pri-6A-U5-0014,Zoom Oh it s easy,,,primary,6,6A,U5,wordlist,36,high
pri-6A-U5-0015,Zip We should always remember,,,primary,6,6A,U5,wordlist,36,high
pri-6A-U5-0016,Learn by doing,,,primary,6,6A,U5,wordlist,36,high
pri-6A-U5-0017,Zip Come on Let s go to,,,primary,6,6A,U5,wordlist,36,high
pri-6A-U5-0018,the swimming pool,,,primary,6,6A,U5,wordlist,36,high
pri-6A-U5-0019,Zoom No I m afraid of,,,primary,6,6A,U5,wordlist,36,high
pri-6A-U5-0020,water,,,primary,6,6A,U5,wordlist,36,high
pri-6A-U5-0021,Zoom Please don t disturb me,,,primary,6,6A,U5,wordlist,36,high
pri-6A-U5-0022,I m learning to swim,,,primary,6,6A,U5,wordlist,36,high
pri-6A-U5-0023,Zip How can you learn to,,,primary,6,6A,U5,wordlist,36,high
pri-6A-U5-0024,swim without going to a,,,primary,6,6A,U5,wordlist,36,high
pri-6A-U5-0025,pool,,,primary,6,6A,U5,wordlist,36,high
pri-6A-U5-0026,Story time,,,primary,6,6A,U5,wordlist,36,high
pri-6A-U5-0027,Are they going by bus or on foot,,,primary,6,6A,U5,wordlist,37,high
pri-6A-U5-0028,When are they going,,,primary,6,6A,U5,wordlist,37,high
pri-6A-U5-0029,First,,,primary,6,6A,U5,wordlist,37,high
pri-6A-U5-0030,At the traffic lights,,,primary,6,6A,U5,wordlist,37,high
pri-6A-U5-0031,Recycle,,,primary,6,6A,U5,wordlist,37,high
pri-6A-U5-0032,Visiting Grandma and Grandpa,,,primary,6,6A,U5,wordlist,37,high
pri-6A-U5-0033,Wu Binbin is going to visit his grandparents,,,primary,6,6A,U5,wordlist,37,high
pri-6A-U5-0034,Listen and circle,,,primary,6,6A,U5,wordlist,37,high
pri-6A-U5-0035,Look at these pictures and fill in the blanks,,,primary,6,6A,U5,wordlist,37,high
pri-6A-U5-0036,Listen again and answer,,,primary,6,6A,U5,wordlist,37,high
pri-6A-U5-0037,The boy can t find his dog,,,primary,6,6A,U5,wordlist,38,high
pri-6A-U5-0038,They are going to the police station,,,primary,6,6A,U5,wordlist,38,high
pri-6A-U5-0039,They should turn right at the crossing,,,primary,6,6A,U5,wordlist,38,high
pri-6A-U5-0040,These may help you,,,primary,6,6A,U5,wordlist,38,high
pri-6A-U5-0041,Stop Don t go at,,,primary,6,6A,U5,wordlist,38,high
pri-6A-U5-0042,Let s go to,,,primary,6,6A,U5,wordlist,38,high
pri-6A-U5-0043,Go Turn,,,primary,6,6A,U5,wordlist,38,high
pri-6A-U5-0044,Binbin and Robin see a little boy crying on the street,,,primary,6,6A,U5,wordlist,38,high
pri-6A-U5-0045,Look at the pictures and guess what they are saying,,,primary,6,6A,U5,wordlist,38,high
pri-6A-U5-0046,Now listen and tick or cross,,,primary,6,6A,U5,wordlist,38,high
pri-6A-U5-0047,Hush little boy don t say a word,,,primary,6,6A,U5,wordlist,39,high
pri-6A-U5-0048,Papa s going to buy you a little bird,,,primary,6,6A,U5,wordlist,39,high
pri-6A-U5-0049,And if that bird doesn t sing,,,primary,6,6A,U5,wordlist,39,high
pri-6A-U5-0050,Papa s going to buy you a big big ring,,,primary,6,6A,U5,wordlist,39,high
pri-6A-U5-0051,And if that ring is lost in class,,,primary,6,6A,U5,wordlist,39,high
pri-6A-U5-0052,Papa s going to buy you a looking glass,,,primary,6,6A,U5,wordlist,39,high
pri-6A-U5-0053,And if that looking glass falls down,,,primary,6,6A,U5,wordlist,39,high
pri-6A-U5-0054,Well you ll still be the sweetest boy in town,,,primary,6,6A,U5,wordlist,39,high
pri-6A-U5-0055,Who is the song for,,,primary,6,6A,U5,wordlist,39,high
pri-6A-U5-0056,A For a sad kid,,,primary,6,6A,U5,wordlist,39,high
pri-6A-U5-0057,B For a happy kid,,,primary,6,6A,U5,wordlist,39,high
pri-6A-U5-0058,What is the meaning of hush,,,primary,6,6A,U5,wordlist,39,high
pri-6A-U5-0059,A Be nice,,,primary,6,6A,U5,wordlist,39,high
pri-6A-U5-0060,B Be quiet,,,primary,6,6A,U5,wordlist,39,high
pri-6A-U5-0061,The little boy is waiting for his mother Robin is singing,,,primary,6,6A,U5,wordlist,39,high
pri-6A-U5-0062,a song to him Listen and read the song aloud,,,primary,6,6A,U5,wordlist,39,high
pri-6A-U5-0063,In the song what is Papa going to do,,,primary,6,6A,U5,wordlist,39,high
pri-6A-U5-0064,Read and circle,,,primary,6,6A,U5,wordlist,39,high
pri-6A-U5-0065,Man Are you Mrs,,,primary,6,6A,U5,wordlist,40,high
pri-6A-U5-0066,Woman Yes I,,,primary,6,6A,U5,wordlist,40,high
pri-6A-U5-0067,Thank you so,,,primary,6,6A,U5,wordlist,40,high
pri-6A-U5-0068,Zhang,,,primary,6,6A,U5,wordlist,40,high
pri-6A-U5-0069,am,,,primary,6,6A,U5,wordlist,40,high
pri-6A-U5-0070,much,,,primary,6,6A,U5,wordlist,40,high
pri-6A-U5-0071,How can the boy s mother go to the police station,,,primary,6,6A,U5,wordlist,40,high
pri-6A-U5-0072,Circle the words for transportation,,交通方式),primary,6,6A,U5,wordlist,40,high
pri-6A-U5-0073,kinds do you know Write them down,,,primary,6,6A,U5,wordlist,40,high
pri-6A-U5-0074,Ma am we have your son Come to the,,,primary,6,6A,U5,wordlist,40,high
pri-6A-U5-0075,police station please,,,primary,6,6A,U5,wordlist,40,high
pri-6A-U5-0076,Thank you Thank you How can I,,,primary,6,6A,U5,wordlist,40,high
pri-6A-U5-0077,Where are you now,,,primary,6,6A,U5,wordlist,40,high
pri-6A-U5-0078,I m in front of the,,,primary,6,6A,U5,wordlist,40,high
pri-6A-U5-0079,Should I go by bus,,,primary,6,6A,U5,wordlist,40,high
pri-6A-U5-0080,No you can come on foot,,,primary,6,6A,U5,wordlist,40,high
pri-6A-U5-0081,the hospital Then,,,primary,6,6A,U5,wordlist,40,high
pri-6A-U5-0082,station is,,,primary,6,6A,U5,wordlist,40,high
pri-6A-U5-0083,The little boy s mother is on the phone Look at the map,,,primary,6,6A,U5,wordlist,40,high
pri-6A-U5-0084,and,,,primary,6,6A,U5,wordlist,40,high
pri-6A-U5-0085,Read answer and do,,,primary,6,6A,U5,wordlist,40,high
pri-6A-U5-0086,Listen and read aloud,,,primary,6,6A,U5,wordlist,40,high
pri-6A-U5-0087,Tea s ready,,,primary,6,6A,U5,wordlist,41,high
pri-6A-U5-0088,You like tea a lot,,,primary,6,6A,U5,wordlist,41,high
pri-6A-U5-0089,Cake for sure,,,primary,6,6A,U5,wordlist,41,high
pri-6A-U5-0090,Yes What do you like,,,primary,6,6A,U5,wordlist,41,high
pri-6A-U5-0091,Sorry I don t have any cake,,,primary,6,6A,U5,wordlist,41,high
pri-6A-U5-0092,Unit Four,,,primary,6,6A,U5,wordlist,41,high
pri-6A-U5-0093,Oliver this is my pen pal Peter,,,primary,6,6A,U5,wordlist,42,high
pri-6A-U5-0094,He s from New Zealand,,,primary,6,6A,U5,wordlist,42,high
pri-6A-U5-0095,He likes doing kung,,,primary,6,6A,U5,wordlist,42,high
pri-6A-U5-0096,fu and swimming,,,primary,6,6A,U5,wordlist,42,high
pri-6A-U5-0097,Yes he does He,,,primary,6,6A,U5,wordlist,42,high
pri-6A-U5-0098,lives on a farm Look,,,primary,6,6A,U5,wordlist,42,high
pri-6A-U5-0099,Does he live on,,,primary,6,6A,U5,wordlist,42,high
pri-6A-U5-0100,the South Island,,,primary,6,6A,U5,wordlist,42,high
pri-6A-U5-0101,What are his hobbies,,,primary,6,6A,U5,wordlist,42,high
pri-6A-U5-0102,I have a pen pal,,,primary,6,6A,U5,wordlist,42,high
pri-6A-U5-0103,A,,,primary,6,6A,U5,wordlist,43,high
pri-6A-U5-0104,Oliver What are Peter s hobbies,,,primary,6,6A,U5,wordlist,43,high
pri-6A-U5-0105,Zhang Peng He likes reading stories He lives on,,,primary,6,6A,U5,wordlist,43,high
pri-6A-U5-0106,a farm so sometimes he reads to,,,primary,6,6A,U5,wordlist,43,high
pri-6A-U5-0107,the cows,,,primary,6,6A,U5,wordlist,43,high
pri-6A-U5-0108,Oliver That s interesting,,,primary,6,6A,U5,wordlist,43,high
pri-6A-U5-0109,Zhang Peng He likes doing kung fu,,,primary,6,6A,U5,wordlist,43,high
pri-6A-U5-0110,and swimming,,,primary,6,6A,U5,wordlist,43,high
pri-6A-U5-0111,Oliver Really Me too,,,primary,6,6A,U5,wordlist,43,high
pri-6A-U5-0112,Zhang Peng He also likes singing,,,primary,6,6A,U5,wordlist,43,high
pri-6A-U5-0113,Oliver Oh you like singing too,,,primary,6,6A,U5,wordlist,43,high
pri-6A-U5-0114,Zhang Peng Yes I m going to teach him,,,primary,6,6A,U5,wordlist,43,high
pri-6A-U5-0115,the Chinese song Jasmine Flower,,,primary,6,6A,U5,wordlist,43,high
pri-6A-U5-0116,Oliver Good idea,,,primary,6,6A,U5,wordlist,43,high
pri-6A-U5-0117,Peter likes basketball Peter isn t tall,,,primary,6,6A,U5,wordlist,43,high
pri-6A-U5-0118,playing sports,,,primary,6,6A,U5,wordlist,43,high
pri-6A-U5-0119,climbing mountains,,,primary,6,6A,U5,wordlist,43,high
pri-6A-U5-0120,listening to music,,,primary,6,6A,U5,wordlist,43,high
pri-6A-U5-0121,watching TV,,,primary,6,6A,U5,wordlist,43,high
pri-6A-U5-0122,playing the,,,primary,6,6A,U5,wordlist,43,high
pri-6A-U5-0123,drawing cartoons,,,primary,6,6A,U5,wordlist,43,high
pri-6A-U5-0124,What are,,,primary,6,6A,U5,wordlist,43,high
pri-6A-U5-0125,his hobbies,,,primary,6,6A,U5,wordlist,43,high
pri-6A-U5-0126,My best friend,,,primary,6,6A,U5,wordlist,43,high
pri-6A-U5-0127,is Xu Wei,,,primary,6,6A,U5,wordlist,43,high
pri-6A-U5-0128,He likes flying kites and,,,primary,6,6A,U5,wordlist,43,high
pri-6A-U5-0129,singing English songs,,,primary,6,6A,U5,wordlist,43,high
pri-6A-U5-0130,pipa,,,primary,6,6A,U5,wordlist,43,high
pri-6A-U5-0131,Zhang Peng is talking with Oliver about his pen pal,,,primary,6,6A,U5,wordlist,43,high
pri-6A-U5-0132,Listen and then write T true or F false,,,primary,6,6A,U5,wordlist,43,high
pri-6A-U5-0133,Let s try,,,primary,6,6A,U5,wordlist,43,high
pri-6A-U5-0134,Let s talk,,,primary,6,6A,U5,wordlist,43,high
pri-6A-U5-0135,Who is your best friend Talk about his or her hobbies,,,primary,6,6A,U5,wordlist,43,high
pri-6A-U5-0136,What are Peter s hobbies,,,primary,6,6A,U5,wordlist,43,high
pri-6A-U5-0137,dancing,,,primary,6,6A,U5,wordlist,44,high
pri-6A-U5-0138,singing,,,primary,6,6A,U5,wordlist,44,high
pri-6A-U5-0139,reading stories,,,primary,6,6A,U5,wordlist,44,high
pri-6A-U5-0140,playing football,,,primary,6,6A,U5,wordlist,44,high
pri-6A-U5-0141,doing kung fu,,,primary,6,6A,U5,wordlist,44,high
pri-6A-U5-0142,Sue Martin,,,primary,6,6A,U5,wordlist,44,high
pri-6A-U5-0143,Two students like dancing,,,primary,6,6A,U5,wordlist,44,high
pri-6A-U5-0144,One student likes singing,,,primary,6,6A,U5,wordlist,44,high
pri-6A-U5-0145,Peter Hey Zhang Peng what,,,primary,6,6A,U5,wordlist,44,high
pri-6A-U5-0146,are your hobbies,,,primary,6,6A,U5,wordlist,44,high
pri-6A-U5-0147,Zhang Peng I like reading stories,,,primary,6,6A,U5,wordlist,44,high
pri-6A-U5-0148,I also like singing and,,,primary,6,6A,U5,wordlist,44,high
pri-6A-U5-0149,What are your,,,primary,6,6A,U5,wordlist,44,high
pri-6A-U5-0150,hobbies,,,primary,6,6A,U5,wordlist,44,high
pri-6A-U5-0151,I like singing,,,primary,6,6A,U5,wordlist,44,high
pri-6A-U5-0152,and dancing,,,primary,6,6A,U5,wordlist,44,high
pri-6A-U5-0153,Let s learn,,,primary,6,6A,U5,wordlist,44,high
pri-6A-U5-0154,Do a survey,,,primary,6,6A,U5,wordlist,44,high
pri-6A-U5-0155,Words,,,primary,6,6A,U5,wordlist,44,high
pri-6A-U5-0156,Interview your classmates and then give a report,,,primary,6,6A,U5,wordlist,44,high
pri-6A-U5-0157,B,,,primary,6,6A,U5,wordlist,45,high
pri-6A-U5-0158,John Hey Binbin What are you doing,,,primary,6,6A,U5,wordlist,45,high
pri-6A-U5-0159,Wu Binbin I m writing an email to my new pen pal in Australia,,,primary,6,6A,U5,wordlist,45,high
pri-6A-U5-0160,John Does he live in Sydney,,,primary,6,6A,U5,wordlist,45,high
pri-6A-U5-0161,Wu Binbin No he doesn t He lives in Canberra His name is,,,primary,6,6A,U5,wordlist,45,high
pri-6A-U5-0162,John too,,,primary,6,6A,U5,wordlist,45,high
pri-6A-U5-0163,John Really Does he like doing word,,,primary,6,6A,U5,wordlist,45,high
pri-6A-U5-0164,puzzles and going hiking,,,primary,6,6A,U5,wordlist,45,high
pri-6A-U5-0165,Wu Binbin Yes he does,,,primary,6,6A,U5,wordlist,45,high
pri-6A-U5-0166,John Amazing I like those too Can I,,,primary,6,6A,U5,wordlist,45,high
pri-6A-U5-0167,also be his pen pal,,,primary,6,6A,U5,wordlist,45,high
pri-6A-U5-0168,Wu Binbin Sure Why not,,,primary,6,6A,U5,wordlist,45,high
pri-6A-U5-0169,John Cool,,,primary,6,6A,U5,wordlist,45,high
pri-6A-U5-0170,What are they talking about,,,primary,6,6A,U5,wordlist,45,high
pri-6A-U5-0171,A A computer,,,primary,6,6A,U5,wordlist,45,high
pri-6A-U5-0172,B A pen pal,,,primary,6,6A,U5,wordlist,45,high
pri-6A-U5-0173,How old is the student from Australia,,,primary,6,6A,U5,wordlist,45,high
pri-6A-U5-0174,A He is years old,,,primary,6,6A,U5,wordlist,45,high
pri-6A-U5-0175,B He is years old,,,primary,6,6A,U5,wordlist,45,high
pri-6A-U5-0176,School is over Miss White is talking to Wu Binbin,,,primary,6,6A,U5,wordlist,45,high
pri-6A-U5-0177,What do the two Johns like,,,primary,6,6A,U5,wordlist,45,high
pri-6A-U5-0178,Talk about your hobbies Then finish writing this,,,primary,6,6A,U5,wordlist,45,high
pri-6A-U5-0179,message to John in Australia,,,primary,6,6A,U5,wordlist,45,high
pri-6A-U6-0001,John Come and see my new pen pal His name is John too,,,primary,6,6A,U6,wordlist,46,high
pri-6A-U6-0002,Brother Really Does he live in China too,,,primary,6,6A,U6,wordlist,46,high
pri-6A-U6-0003,John No he doesn t He lives in Australia but he studies Chinese,,,primary,6,6A,U6,wordlist,46,high
pri-6A-U6-0004,A Does Oliver do word puzzles every day,,,primary,6,6A,U6,wordlist,46,high
pri-6A-U6-0005,B Yes he does,,,primary,6,6A,U6,wordlist,46,high
pri-6A-U6-0006,cooks Chinese food,,,primary,6,6A,U6,wordlist,46,high
pri-6A-U6-0007,studies Chinese,,,primary,6,6A,U6,wordlist,46,high
pri-6A-U6-0008,does word puzzles,,,primary,6,6A,U6,wordlist,46,high
pri-6A-U6-0009,goes hiking,,,primary,6,6A,U6,wordlist,46,high
pri-6A-U6-0010,Let s learn,,,primary,6,6A,U6,wordlist,46,high
pri-6A-U6-0011,Listen match and say,,,primary,6,6A,U6,wordlist,46,high
pri-6A-U6-0012,Words,,,primary,6,6A,U6,wordlist,46,high
pri-6A-U6-0013,Shall we dance,,,primary,6,6A,U6,wordlist,47,high
pri-6A-U6-0014,There is a dance class,,,primary,6,6A,U6,wordlist,47,high
pri-6A-U6-0015,on Sunday at p m I like,,,primary,6,6A,U6,wordlist,47,high
pri-6A-U6-0016,dancing and I need a,,,primary,6,6A,U6,wordlist,47,high
pri-6A-U6-0017,partner,,,primary,6,6A,U6,wordlist,47,high
pri-6A-U6-0018,Call Amy,,,primary,6,6A,U6,wordlist,47,high
pri-6A-U6-0019,Goal Goal Goal,,,primary,6,6A,U6,wordlist,47,high
pri-6A-U6-0020,What do you do on Sundays,,,primary,6,6A,U6,wordlist,47,high
pri-6A-U6-0021,Join our football club See,,,primary,6,6A,U6,wordlist,47,high
pri-6A-U6-0022,you on the playground,,,primary,6,6A,U6,wordlist,47,high
pri-6A-U6-0023,john pep com cn,,,primary,6,6A,U6,wordlist,47,high
pri-6A-U6-0024,Science Club YOUR club,,,primary,6,6A,U6,wordlist,47,high
pri-6A-U6-0025,Do you want to learn about,,,primary,6,6A,U6,wordlist,47,high
pri-6A-U6-0026,robots Come to the science,,,primary,6,6A,U6,wordlist,47,high
pri-6A-U6-0027,room Meet Robin He teaches,,,primary,6,6A,U6,wordlist,47,high
pri-6A-U6-0028,students to make robots,,,primary,6,6A,U6,wordlist,47,high
pri-6A-U6-0029,robin pep com cn,,,primary,6,6A,U6,wordlist,47,high
pri-6A-U6-0030,Let s read together,,,primary,6,6A,U6,wordlist,47,high
pri-6A-U6-0031,What is your hobby Do,,,primary,6,6A,U6,wordlist,47,high
pri-6A-U6-0032,you like reading I have,,,primary,6,6A,U6,wordlist,47,high
pri-6A-U6-0033,great books We can share,,,primary,6,6A,U6,wordlist,47,high
pri-6A-U6-0034,Call Mike,,,primary,6,6A,U6,wordlist,47,high
pri-6A-U6-0035,Finish this table with your partner,,,primary,6,6A,U6,wordlist,47,high
pri-6A-U6-0036,Read and write,,,primary,6,6A,U6,wordlist,47,high
pri-6A-U6-0037,We can share,,,primary,6,6A,U6,wordlist,48,high
pri-6A-U6-0038,I like dancing,,,primary,6,6A,U6,wordlist,48,high
pri-6A-U6-0039,He lives on a farm What are Peter s hobbies,,,primary,6,6A,U6,wordlist,48,high
pri-6A-U6-0040,Do the four people in the text want pen pals,,,primary,6,6A,U6,wordlist,48,high
pri-6A-U6-0041,How many hobbies can you find in the text Write them down,,,primary,6,6A,U6,wordlist,48,high
pri-6A-U6-0042,Amy likes,,,primary,6,6A,U6,wordlist,48,high
pri-6A-U6-0043,John,,,primary,6,6A,U6,wordlist,48,high
pri-6A-U6-0044,Mike,,,primary,6,6A,U6,wordlist,48,high
pri-6A-U6-0045,Robin,,,primary,6,6A,U6,wordlist,48,high
pri-6A-U6-0046,Do you like food Do you want to cook Join us,,,primary,6,6A,U6,wordlist,48,high
pri-6A-U6-0047,Different people in our club teach different things,,,primary,6,6A,U6,wordlist,48,high
pri-6A-U6-0048,Mandy,,,primary,6,6A,U6,wordlist,48,high
pri-6A-U6-0049,talk talks about chocolates Wang Tong,,,primary,6,6A,U6,wordlist,48,high
pri-6A-U6-0050,cook cooks rice and noodles Cao Jia,,,primary,6,6A,U6,wordlist,48,high
pri-6A-U6-0051,make makes salad,,,primary,6,6A,U6,wordlist,48,high
pri-6A-U6-0052,Who,,,primary,6,6A,U6,wordlist,48,high
pri-6A-U6-0053,do does the dishes Don t worry We all do them,,,primary,6,6A,U6,wordlist,48,high
pri-6A-U6-0054,together,,,primary,6,6A,U6,wordlist,48,high
pri-6A-U6-0055,We meet every Wednesday afternoon at o clock in the dining hall See,,,primary,6,6A,U6,wordlist,48,high
pri-6A-U6-0056,you there,,,primary,6,6A,U6,wordlist,48,high
pri-6A-U6-0057,Listen and repeat,,,primary,6,6A,U6,wordlist,48,high
pri-6A-U6-0058,Read answer and write,,,primary,6,6A,U6,wordlist,48,high
pri-6A-U6-0059,Finish this ad for a cooking club,,,primary,6,6A,U6,wordlist,48,high
pri-6A-U6-0060,Andy likes,,,primary,6,6A,U6,wordlist,49,high
pri-6A-U6-0061,Amy loves to,,,primary,6,6A,U6,wordlist,49,high
pri-6A-U6-0062,John s mother likes,,,primary,6,6A,U6,wordlist,49,high
pri-6A-U6-0063,Jane has a cat The cat loves to sleep Every afternoon Jane,,,primary,6,6A,U6,wordlist,49,high
pri-6A-U6-0064,studies Chinese and does her homework After that Jane,,,primary,6,6A,U6,wordlist,49,high
pri-6A-U6-0065,teaches her sister to draw The cat just sleeps,,,primary,6,6A,U6,wordlist,49,high
pri-6A-U6-0066,loves love,,,primary,6,6A,U6,wordlist,49,high
pri-6A-U6-0067,has have,,,primary,6,6A,U6,wordlist,49,high
pri-6A-U6-0068,Listen again and fill in the blanks,,,primary,6,6A,U6,wordlist,49,high
pri-6A-U6-0069,Let s check,,,primary,6,6A,U6,wordlist,49,high
pri-6A-U6-0070,Listen and tick,,,primary,6,6A,U6,wordlist,49,high
pri-6A-U6-0071,Let s wrap it up,,,primary,6,6A,U6,wordlist,49,high
pri-6A-U6-0072,Underline the verbs and fill in the blanks,,,primary,6,6A,U6,wordlist,49,high
pri-6A-U6-0073,C,,,primary,6,6A,U6,wordlist,50,high
pri-6A-U6-0074,Zac lives in a forest He likes,,,primary,6,6A,U6,wordlist,50,high
pri-6A-U6-0075,singing and dancing very much,,,primary,6,6A,U6,wordlist,50,high
pri-6A-U6-0076,One day Zac sang for the,,,primary,6,6A,U6,wordlist,50,high
pri-6A-U6-0077,king The king was very,,,primary,6,6A,U6,wordlist,50,high
pri-6A-U6-0078,angry and shouted Go,,,primary,6,6A,U6,wordlist,50,high
pri-6A-U6-0079,away Then he threw Zac,,,primary,6,6A,U6,wordlist,50,high
pri-6A-U6-0080,out of the tree,,,primary,6,6A,U6,wordlist,50,high
pri-6A-U6-0081,Zac got up and looked at his tail,,,primary,6,6A,U6,wordlist,50,high
pri-6A-U6-0082,It was really bushy Zac liked his,,,primary,6,6A,U6,wordlist,50,high
pri-6A-U6-0083,new tail and so did all the other,,,primary,6,6A,U6,wordlist,50,high
pri-6A-U6-0084,squirrels So from that day on all,,,primary,6,6A,U6,wordlist,50,high
pri-6A-U6-0085,squirrels tails were bushy,,,primary,6,6A,U6,wordlist,50,high
pri-6A-U6-0086,What a,,,primary,6,6A,U6,wordlist,50,high
pri-6A-U6-0087,great story,,,primary,6,6A,U6,wordlist,50,high
pri-6A-U6-0088,Is it true,,,primary,6,6A,U6,wordlist,50,high
pri-6A-U6-0089,Zac sometimes sings and dances,,,primary,6,6A,U6,wordlist,50,high
pri-6A-U6-0090,in front of the king The Monkey,,,primary,6,6A,U6,wordlist,50,high
pri-6A-U6-0091,King likes reading books so he,,,primary,6,6A,U6,wordlist,50,high
pri-6A-U6-0092,doesn t like Zac s music,,,primary,6,6A,U6,wordlist,50,high
pri-6A-U6-0093,Every day the squirrels have,,,primary,6,6A,U6,wordlist,50,high
pri-6A-U6-0094,to give the Monkey King gifts,,,primary,6,6A,U6,wordlist,50,high
pri-6A-U6-0095,Then the Monkey King lets,,,primary,6,6A,U6,wordlist,50,high
pri-6A-U6-0096,them get food from his,,,primary,6,6A,U6,wordlist,50,high
pri-6A-U6-0097,forest,,,primary,6,6A,U6,wordlist,50,high
pri-6A-U6-0098,Story time,,,primary,6,6A,U6,wordlist,50,high
pri-6A-U6-0099,What does your,,,primary,6,6A,U6,wordlist,51,high
pri-6A-U6-0100,mother do Oliver,,,primary,6,6A,U6,wordlist,51,high
pri-6A-U6-0101,I m going to be a businessman,,,primary,6,6A,U6,wordlist,51,high
pri-6A-U6-0102,My father is a businessman,,,primary,6,6A,U6,wordlist,51,high
pri-6A-U6-0103,She is a head teacher,,,primary,6,6A,U6,wordlist,51,high
pri-6A-U6-0104,Cool I m going to,,,primary,6,6A,U6,wordlist,51,high
pri-6A-U6-0105,be a head teacher one,,,primary,6,6A,U6,wordlist,51,high
pri-6A-U6-0106,day What about you,,,primary,6,6A,U6,wordlist,51,high
pri-6A-U6-0107,Unit Five,,,primary,6,6A,U6,wordlist,51,high
pri-6A-U6-0108,How does he go,,,primary,6,6A,U6,wordlist,52,high
pri-6A-U6-0109,to work By plane,,,primary,6,6A,U6,wordlist,52,high
pri-6A-U6-0110,He works,,,primary,6,6A,U6,wordlist,52,high
pri-6A-U6-0111,near the sea,,,primary,6,6A,U6,wordlist,52,high
pri-6A-U6-0112,My father is a pilot,,,primary,6,6A,U6,wordlist,52,high
pri-6A-U6-0113,No By car,,,primary,6,6A,U6,wordlist,52,high
pri-6A-U6-0114,Wow Where does he work,,,primary,6,6A,U6,wordlist,52,high
pri-6A-U6-0115,Hey My mother,,,primary,6,6A,U6,wordlist,52,high
pri-6A-U6-0116,works near the sea too,,,primary,6,6A,U6,wordlist,52,high
pri-6A-U6-0117,She is a fisherwoman,,,primary,6,6A,U6,wordlist,52,high
pri-6A-U6-0118,What does he do,,,primary,6,6A,U6,wordlist,52,high
pri-6A-U6-0119,A,,,primary,6,6A,U6,wordlist,53,high
pri-6A-U6-0120,Sarah Is your father here today,,,primary,6,6A,U6,wordlist,53,high
pri-6A-U6-0121,Oliver No He s in Australia,,,primary,6,6A,U6,wordlist,53,high
pri-6A-U6-0122,Sarah What does he do,,,primary,6,6A,U6,wordlist,53,high
pri-6A-U6-0123,Oliver He s a businessman He often,,,primary,6,6A,U6,wordlist,53,high
pri-6A-U6-0124,goes to other countries,,,primary,6,6A,U6,wordlist,53,high
pri-6A-U6-0125,Sarah And what does your mother do,,,primary,6,6A,U6,wordlist,53,high
pri-6A-U6-0126,Oliver She s a head teacher,,,primary,6,6A,U6,wordlist,53,high
pri-6A-U6-0127,Sarah That s nice,,,primary,6,6A,U6,wordlist,53,high
pri-6A-U6-0128,Oliver Yeah She ll be here today,,,primary,6,6A,U6,wordlist,53,high
pri-6A-U6-0129,Sarah Do you want to be a head teacher,,,primary,6,6A,U6,wordlist,53,high
pri-6A-U6-0130,too,,,primary,6,6A,U6,wordlist,53,high
pri-6A-U6-0131,Oliver No I want to be a businessman,,,primary,6,6A,U6,wordlist,53,high
pri-6A-U6-0132,Sarah s mother can can t come today,,,primary,6,6A,U6,wordlist,53,high
pri-6A-U6-0133,Her father is a doctor taxi driver,,,primary,6,6A,U6,wordlist,53,high
pri-6A-U6-0134,taxi driver cleaner writer singer dancer football player,,,primary,6,6A,U6,wordlist,53,high
pri-6A-U6-0135,Today is Parents Day Who will come Listen and circle,,,primary,6,6A,U6,wordlist,53,high
pri-6A-U6-0136,Let s try,,,primary,6,6A,U6,wordlist,53,high
pri-6A-U6-0137,What does your father mother do,,,primary,6,6A,U6,wordlist,53,high
pri-6A-U6-0138,Let s talk,,,primary,6,6A,U6,wordlist,53,high
pri-6A-U6-0139,What does Oliver s father mother do,,,primary,6,6A,U6,wordlist,53,high
pri-6A-U6-0140,Zhang Peng Is your father a postman,,,primary,6,6A,U6,wordlist,54,high
pri-6A-U6-0141,Oliver No he isn t,,,primary,6,6A,U6,wordlist,54,high
pri-6A-U6-0142,Zhang Peng What does he do,,,primary,6,6A,U6,wordlist,54,high
pri-6A-U6-0143,Oliver He s a businessman,,,primary,6,6A,U6,wordlist,54,high
pri-6A-U6-0144,factory worker,,,primary,6,6A,U6,wordlist,54,high
pri-6A-U6-0145,postman,,,primary,6,6A,U6,wordlist,54,high
pri-6A-U6-0146,businessman,,,primary,6,6A,U6,wordlist,54,high
pri-6A-U6-0147,police officer,,,primary,6,6A,U6,wordlist,54,high
pri-6A-U6-0148,Jiao Jie s mother,,,primary,6,6A,U6,wordlist,54,high
pri-6A-U6-0149,Ge Nan s father,,,primary,6,6A,U6,wordlist,54,high
pri-6A-U6-0150,Zhou Jia s mother,,,primary,6,6A,U6,wordlist,54,high
pri-6A-U6-0151,Liu Qian s father,,,primary,6,6A,U6,wordlist,54,high
pri-6A-U6-0152,businesswoman,,,primary,6,6A,U6,wordlist,54,high
pri-6A-U6-0153,What does Jiao,,,primary,6,6A,U6,wordlist,54,high
pri-6A-U6-0154,Jie s mother do,,,primary,6,6A,U6,wordlist,54,high
pri-6A-U6-0155,She s a,,,primary,6,6A,U6,wordlist,54,high
pri-6A-U6-0156,B,,,primary,6,6A,U6,wordlist,55,high
pri-6A-U6-0157,Mike My uncle is a fisherman,,,primary,6,6A,U6,wordlist,55,high
pri-6A-U6-0158,Xiao Yu Where does he work,,,primary,6,6A,U6,wordlist,55,high
pri-6A-U6-0159,Mike He works at sea He sees lots of fish,,,primary,6,6A,U6,wordlist,55,high
pri-6A-U6-0160,every day,,,primary,6,6A,U6,wordlist,55,high
pri-6A-U6-0161,Xiao Yu I see How does he go to work By boat,,,primary,6,6A,U6,wordlist,55,high
pri-6A-U6-0162,Mike No He works on a boat He goes to work by bike,,,primary,6,6A,U6,wordlist,55,high
pri-6A-U6-0163,Xiao Yu He has a very healthy life,,,primary,6,6A,U6,wordlist,55,high
pri-6A-U6-0164,Mike Yes He works very hard and stays,,,primary,6,6A,U6,wordlist,55,high
pri-6A-U6-0165,healthy,,,primary,6,6A,U6,wordlist,55,high
pri-6A-U6-0166,Xiao Yu We should study hard and stay,,,primary,6,6A,U6,wordlist,55,high
pri-6A-U6-0167,healthy too,,,primary,6,6A,U6,wordlist,55,high
pri-6A-U6-0168,What does Xiao Yu s uncle look like,,,primary,6,6A,U6,wordlist,55,high
pri-6A-U6-0169,A Big and tall,,,primary,6,6A,U6,wordlist,55,high
pri-6A-U6-0170,B Thin and short,,,primary,6,6A,U6,wordlist,55,high
pri-6A-U6-0171,Does Xiao Yu s uncle often take him to school,,,primary,6,6A,U6,wordlist,55,high
pri-6A-U6-0172,A Yes he does,,,primary,6,6A,U6,wordlist,55,high
pri-6A-U6-0173,B No he doesn t,,,primary,6,6A,U6,wordlist,55,high
pri-6A-U6-0174,Mike and Xiao Yu are going home now Mike sees a,,,primary,6,6A,U6,wordlist,55,high
pri-6A-U6-0175,man coming towards them Listen and circle,,,primary,6,6A,U6,wordlist,55,high
pri-6A-U6-0176,Where does Mike s uncle work,,,primary,6,6A,U6,wordlist,55,high
pri-6A-U6-0177,How does he go to work,,,primary,6,6A,U6,wordlist,55,high
pri-6A-U6-0178,Where does your father,,,primary,6,6A,U6,wordlist,55,high
pri-6A-U6-0179,she go to work,,,primary,6,6A,U6,wordlist,55,high
pri-6A-U6-0180,Oliver My aunt is a scientist,,,primary,6,6A,U6,wordlist,56,high
pri-6A-U6-0181,Wu Binbin Where does she work,,,primary,6,6A,U6,wordlist,56,high
pri-6A-U6-0182,Oliver She works at a university,,,primary,6,6A,U6,wordlist,56,high
pri-6A-U6-0183,fisherman,,,primary,6,6A,U6,wordlist,56,high
pri-6A-U6-0184,scientist,,,primary,6,6A,U6,wordlist,56,high
pri-6A-U6-0185,pilot,,,primary,6,6A,U6,wordlist,56,high
pri-6A-U6-0186,coach,,,primary,6,6A,U6,wordlist,56,high
pri-6A-U6-0187,Lee is a doctor and he works in a pet hospital,,,primary,6,6A,U6,wordlist,56,high
pri-6A-U6-0188,Ann is a and she works at a,,,primary,6,6A,U6,wordlist,56,high
pri-6A-U6-0189,Tim is a and he works at,,,primary,6,6A,U6,wordlist,56,high
pri-6A-U6-0190,Zhou Jing is a and she works in a,,,primary,6,6A,U6,wordlist,56,high
pri-6A-U6-0191,Guo Wei is a and he works on a rescue,,,primary,6,6A,U6,wordlist,56,high
pri-6A-U6-0192,university,,,primary,6,6A,U6,wordlist,56,high
pri-6A-U6-0193,gym,,,primary,6,6A,U6,wordlist,56,high
pri-6A-U6-0194,sea,,,primary,6,6A,U6,wordlist,56,high
pri-6A-U6-0195,plane,,,primary,6,6A,U6,wordlist,56,high
pri-6A-U6-0196,Write and discuss,,,primary,6,6A,U6,wordlist,56,high
pri-6A-U6-0197,What does he she work,,,primary,6,6A,U6,wordlist,56,high
pri-6A-U6-0198,Can you think of any other jobs Where do those,,,primary,6,6A,U6,wordlist,56,high
pri-6A-U6-0199,people work,,,primary,6,6A,U6,wordlist,56,high
pri-6A-U6-0200,Hu Bin likes sports He is good at,,,primary,6,6A,U6,wordlist,57,high
pri-6A-U6-0201,football ping-pong and basketball,,,primary,6,6A,U6,wordlist,57,high
pri-6A-U6-0202,He often goes running after school,,,primary,6,6A,U6,wordlist,57,high
pri-6A-U6-0203,He wants to work in a gym,,,primary,6,6A,U6,wordlist,57,high
pri-6A-U6-0204,Tip If you like sports you can,,,primary,6,6A,U6,wordlist,57,high
pri-6A-U6-0205,be a coach a sports reporter,,,primary,6,6A,U6,wordlist,57,high
pri-6A-U6-0206,or a PE teacher,,,primary,6,6A,U6,wordlist,57,high
pri-6A-U6-0207,Sarah likes using computers,,,primary,6,6A,U6,wordlist,57,high
pri-6A-U6-0208,and she can type very quickly,,,primary,6,6A,U6,wordlist,57,high
pri-6A-U6-0209,She wants to work in an office,,,primary,6,6A,U6,wordlist,57,high
pri-6A-U6-0210,Tip If you can type quickly,,,primary,6,6A,U6,wordlist,57,high
pri-6A-U6-0211,you can be a secretary,,,primary,6,6A,U6,wordlist,57,high
pri-6A-U6-0212,Robin wants to be a scientist,,,primary,6,6A,U6,wordlist,57,high
pri-6A-U6-0213,like Wu Binbin s grandfather,,,primary,6,6A,U6,wordlist,57,high
pri-6A-U6-0214,He studies very hard and he,,,primary,6,6A,U6,wordlist,57,high
pri-6A-U6-0215,wants to work in a university,,,primary,6,6A,U6,wordlist,57,high
pri-6A-U6-0216,Tip If you like science you,,,primary,6,6A,U6,wordlist,57,high
pri-6A-U6-0217,can be a scientist,,,primary,6,6A,U6,wordlist,57,high
pri-6A-U6-0218,Title,,,primary,6,6A,U6,wordlist,57,high
pri-6A-U6-0219,List five jobs Compare with your partner How many,,,primary,6,6A,U6,wordlist,57,high
pri-6A-U6-0220,different jobs are there in both lists,,,primary,6,6A,U6,wordlist,57,high
pri-6A-U6-0221,He is good at football and basketball,,,primary,6,6A,U6,wordlist,58,high
pri-6A-U6-0222,If you like sports a sports,,,primary,6,6A,U6,wordlist,58,high
pri-6A-U6-0223,reporter or a PE teacher,,,primary,6,6A,U6,wordlist,58,high
pri-6A-U6-0224,What does he she like,,,primary,6,6A,U6,wordlist,58,high
pri-6A-U6-0225,What does he she want to be,,,primary,6,6A,U6,wordlist,58,high
pri-6A-U6-0226,Where is he she going to work,,,primary,6,6A,U6,wordlist,58,high
pri-6A-U6-0227,Hu Bin,,,primary,6,6A,U6,wordlist,58,high
pri-6A-U6-0228,Sarah,,,primary,6,6A,U6,wordlist,58,high
pri-6A-U6-0229,Parents information,,,primary,6,6A,U6,wordlist,58,high
pri-6A-U6-0230,Where does he she work,,,primary,6,6A,U6,wordlist,58,high
pri-6A-U6-0231,What is his her phone number,,,primary,6,6A,U6,wordlist,58,high
pri-6A-U6-0232,I allow my child to go to the camp,,,primary,6,6A,U6,wordlist,58,high
pri-6A-U6-0233,Parent s signature,,,primary,6,6A,U6,wordlist,58,high
pri-6A-U6-0234,Which job do you want,,,primary,6,6A,U6,wordlist,58,high
pri-6A-U6-0235,to do,,,primary,6,6A,U6,wordlist,58,high
pri-6A-U6-0236,People and their jobs,,,primary,6,6A,U6,wordlist,58,high
pri-6A-U6-0237,Hobbies and jobs,,,primary,6,6A,U6,wordlist,58,high
pri-6A-U6-0238,pause,,,primary,6,6A,U6,wordlist,58,high
pri-6A-U6-0239,Choose a title for the text,,,primary,6,6A,U6,wordlist,58,high
pri-6A-U6-0240,Fill in the table,,,primary,6,6A,U6,wordlist,58,high
pri-6A-U6-0241,At the Real World Camp children can try to do different,,,primary,6,6A,U6,wordlist,58,high
pri-6A-U6-0242,jobs Do you want to go to the camp Fill in this form,,,primary,6,6A,U6,wordlist,58,high
pri-6A-U6-0243,What does Wei Fang s uncle do He is a,,,primary,6,6A,U6,wordlist,59,high
pri-6A-U6-0244,Will the children go home together,,,primary,6,6A,U6,wordlist,59,high
pri-6A-U6-0245,Write three other jobs,,,primary,6,6A,U6,wordlist,59,high
pri-6A-U6-0246,Wei Fang s father,,,primary,6,6A,U6,wordlist,59,high
pri-6A-U6-0247,Xiao Yu s father,,,primary,6,6A,U6,wordlist,59,high
pri-6A-U6-0248,Wei Fang s uncle,,,primary,6,6A,U6,wordlist,59,high
pri-6A-U6-0249,Mary has a cat What,,,primary,6,6A,U6,wordlist,59,high
pri-6A-U6-0250,He goes to school by bus How,,,primary,6,6A,U6,wordlist,59,high
pri-6A-U6-0251,My aunt works in a gym Where,,,primary,6,6A,U6,wordlist,59,high
pri-6A-U6-0252,Sorry I didn t,,,primary,6,6A,U6,wordlist,59,high
pri-6A-U6-0253,hear you What,,,primary,6,6A,U6,wordlist,59,high
pri-6A-U6-0254,does Mary have,,,primary,6,6A,U6,wordlist,59,high
pri-6A-U6-0255,Mary has,,,primary,6,6A,U6,wordlist,59,high
pri-6A-U6-0256,a cat,,,primary,6,6A,U6,wordlist,59,high
pri-6A-U6-0257,Listen again and answer the questions,,,primary,6,6A,U6,wordlist,59,high
pri-6A-U6-0258,Listen and match,,,primary,6,6A,U6,wordlist,59,high
pri-6A-U6-0259,Fill in the blanks Then play the game I didn t hear you,,,primary,6,6A,U6,wordlist,59,high
pri-6A-U6-0260,Zoom Wow What a great job,,,primary,6,6A,U6,wordlist,60,high
pri-6A-U6-0261,Zip Yes What other unusual,,,primary,6,6A,U6,wordlist,60,high
pri-6A-U6-0262,jobs can you think of,,,primary,6,6A,U6,wordlist,60,high
pri-6A-U6-0263,Zoom Maybe you can be a,,,primary,6,6A,U6,wordlist,60,high
pri-6A-U6-0264,computer game tester,,,primary,6,6A,U6,wordlist,60,high
pri-6A-U6-0265,You can play games and,,,primary,6,6A,U6,wordlist,60,high
pri-6A-U6-0266,work at home,,,primary,6,6A,U6,wordlist,60,high
pri-6A-U6-0267,Zip I like to study I don t,,,primary,6,6A,U6,wordlist,60,high
pri-6A-U6-0268,like computer games,,,primary,6,6A,U6,wordlist,60,high
pri-6A-U6-0269,Zoom What about a magician s,,,primary,6,6A,U6,wordlist,60,high
pri-6A-U6-0270,assistant That would be cool,,,primary,6,6A,U6,wordlist,60,high
pri-6A-U6-0271,Zip Oh no I don t like that,,,primary,6,6A,U6,wordlist,60,high
pri-6A-U6-0272,Zoom Well what do you want to be,,,primary,6,6A,U6,wordlist,60,high
pri-6A-U6-0273,Zip I want to be a nut,,,primary,6,6A,U6,wordlist,60,high
pri-6A-U6-0274,cracker Yum I like,,,primary,6,6A,U6,wordlist,60,high
pri-6A-U6-0275,eating nuts,,,primary,6,6A,U6,wordlist,60,high
pri-6A-U6-0276,Zoom Haha You re nuts,,,primary,6,6A,U6,wordlist,60,high
pri-6A-U6-0277,Zoom What about a bee,,,primary,6,6A,U6,wordlist,60,high
pri-6A-U6-0278,farmer I love honey,,,primary,6,6A,U6,wordlist,60,high
pri-6A-U6-0279,Zip Hmm Maybe a bee,,,primary,6,6A,U6,wordlist,60,high
pri-6A-U6-0280,farmer will get stung,,,primary,6,6A,U6,wordlist,60,high
pri-6A-U6-0281,That s not for me,,,primary,6,6A,U6,wordlist,60,high
pri-6A-U6-0282,Zoom How about a lion tamer,,,primary,6,6A,U6,wordlist,60,high
pri-6A-U6-0283,Zip Oh no Too dangerous,,,primary,6,6A,U6,wordlist,60,high
pri-6A-U6-0284,Hey where s,,,primary,6,6A,U6,wordlist,61,high
pri-6A-U6-0285,my popcorn,,,primary,6,6A,U6,wordlist,61,high
pri-6A-U6-0286,Here you are I ll go and get,,,primary,6,6A,U6,wordlist,61,high
pri-6A-U6-0287,some drinks Wait for me,,,primary,6,6A,U6,wordlist,61,high
pri-6A-U6-0288,Yum I m so happy,,,primary,6,6A,U6,wordlist,61,high
pri-6A-U6-0289,I love popcorn,,,primary,6,6A,U6,wordlist,61,high
pri-6A-U6-0290,Yum It was so good,,,primary,6,6A,U6,wordlist,61,high
pri-6A-U6-0291,Hey let s have some popcorn,,,primary,6,6A,U6,wordlist,61,high
pri-6A-U6-0292,What How could you,,,primary,6,6A,U6,wordlist,61,high
pri-6A-U6-0293,eat all the popcorn,,,primary,6,6A,U6,wordlist,61,high
pri-6A-U6-0294,We should share,,,primary,6,6A,U6,wordlist,61,high
pri-6A-U6-0295,Unit Six,,,primary,6,6A,U6,wordlist,61,high
pri-6A-U6-0296,Mum if I feel angry,,,primary,6,6A,U6,wordlist,62,high
pri-6A-U6-0297,what should I do,,,primary,6,6A,U6,wordlist,62,high
pri-6A-U6-0298,After that you,,,primary,6,6A,U6,wordlist,62,high
pri-6A-U6-0299,won t feel so angry,,,primary,6,6A,U6,wordlist,62,high
pri-6A-U6-0300,No dear You,,,primary,6,6A,U6,wordlist,62,high
pri-6A-U6-0301,should see a doctor,,,primary,6,6A,U6,wordlist,62,high
pri-6A-U6-0302,Mum I feel ill Should,,,primary,6,6A,U6,wordlist,62,high
pri-6A-U6-0303,I count to ten too,,,primary,6,6A,U6,wordlist,62,high
pri-6A-U6-0304,After that,,,primary,6,6A,U6,wordlist,62,high
pri-6A-U6-0305,Well first take a,,,primary,6,6A,U6,wordlist,62,high
pri-6A-U6-0306,deep breath Then you,,,primary,6,6A,U6,wordlist,62,high
pri-6A-U6-0307,should count to ten,,,primary,6,6A,U6,wordlist,62,high
pri-6A-U6-0308,How do you feel,,,primary,6,6A,U6,wordlist,62,high
pri-6A-U6-0309,Sam What s this cartoon about,,,primary,6,6A,U6,wordlist,63,high
pri-6A-U6-0310,Sarah It s about a cat The cat is a police officer,,,primary,6,6A,U6,wordlist,63,high
pri-6A-U6-0311,Sam Cool,,,primary,6,6A,U6,wordlist,63,high
pri-6A-U6-0312,Sarah He chases the mice They re afraid of him,,,primary,6,6A,U6,wordlist,63,high
pri-6A-U6-0313,Sam Why,,,primary,6,6A,U6,wordlist,63,high
pri-6A-U6-0314,Sarah Because the mice are bad They hurt,,,primary,6,6A,U6,wordlist,63,high
pri-6A-U6-0315,people The cat is angry with them,,,primary,6,6A,U6,wordlist,63,high
pri-6A-U6-0316,Sam Maybe our cat is chasing a mouse now,,,primary,6,6A,U6,wordlist,63,high
pri-6A-U6-0317,Where are they,,,primary,6,6A,U6,wordlist,63,high
pri-6A-U6-0318,A At home,,,primary,6,6A,U6,wordlist,63,high
pri-6A-U6-0319,B At school,,,primary,6,6A,U6,wordlist,63,high
pri-6A-U6-0320,What will they do A Eat some fruit B Watch films,,,primary,6,6A,U6,wordlist,63,high
pri-6A-U6-0321,It s cold outside Sam is talking with Sarah,,,primary,6,6A,U6,wordlist,63,high
pri-6A-U6-0322,Listen and circle,,,primary,6,6A,U6,wordlist,63,high
pri-6A-U6-0323,Look and tell your partner How do these pictures,,,primary,6,6A,U6,wordlist,63,high
pri-6A-U6-0324,make you feel,,,primary,6,6A,U6,wordlist,63,high
pri-6A-U6-0325,Why is the cat angry with the mice,,,primary,6,6A,U6,wordlist,63,high
pri-6A-U6-0326,Sarah is angry,,,primary,6,6A,U6,wordlist,64,high
pri-6A-U6-0327,The cat is afraid,,,primary,6,6A,U6,wordlist,64,high
pri-6A-U6-0328,The cat is ill,,,primary,6,6A,U6,wordlist,64,high
pri-6A-U6-0329,Sarah is sad,,,primary,6,6A,U6,wordlist,64,high
pri-6A-U6-0330,Sarah and the cat,,,primary,6,6A,U6,wordlist,64,high
pri-6A-U6-0331,are worried,,,primary,6,6A,U6,wordlist,64,high
pri-6A-U6-0332,They are happy,,,primary,6,6A,U6,wordlist,64,high
pri-6A-U6-0333,He is,,,primary,6,6A,U6,wordlist,64,high
pri-6A-U6-0334,They are,,,primary,6,6A,U6,wordlist,64,high
pri-6A-U6-0335,I am,,,primary,6,6A,U6,wordlist,64,high
pri-6A-U6-0336,She is,,,primary,6,6A,U6,wordlist,64,high
pri-6A-U6-0337,Write and say,,,primary,6,6A,U6,wordlist,64,high
pri-6A-U6-0338,Mum Sarah Sam come here please,,,primary,6,6A,U6,wordlist,65,high
pri-6A-U6-0339,Sarah What s wrong,,,primary,6,6A,U6,wordlist,65,high
pri-6A-U6-0340,Mum Your father is ill He should see,,,primary,6,6A,U6,wordlist,65,high
pri-6A-U6-0341,a doctor this morning so we can t,,,primary,6,6A,U6,wordlist,65,high
pri-6A-U6-0342,go to the zoo today,,,primary,6,6A,U6,wordlist,65,high
pri-6A-U6-0343,Sam Oh no,,,primary,6,6A,U6,wordlist,65,high
pri-6A-U6-0344,Mum Don t be sad We can go next time,,,primary,6,6A,U6,wordlist,65,high
pri-6A-U6-0345,Sam How does Dad feel now,,,primary,6,6A,U6,wordlist,65,high
pri-6A-U6-0346,Mum Not well Let s go to the hospital,,,primary,6,6A,U6,wordlist,65,high
pri-6A-U6-0347,Your friends need some help Call them and give your suggestions,,,primary,6,6A,U6,wordlist,65,high
pri-6A-U6-0348,Who is talking,,,primary,6,6A,U6,wordlist,65,high
pri-6A-U6-0349,A Doctors,,,primary,6,6A,U6,wordlist,65,high
pri-6A-U6-0350,B Parents,,,primary,6,6A,U6,wordlist,65,high
pri-6A-U6-0351,What are they talking about,,,primary,6,6A,U6,wordlist,65,high
pri-6A-U6-0352,A Going to the zoo B Going to school,,,primary,6,6A,U6,wordlist,65,high
pri-6A-U6-0353,Don t be angry,,,primary,6,6A,U6,wordlist,65,high
pri-6A-U6-0354,You should take a,,,primary,6,6A,U6,wordlist,65,high
pri-6A-U6-0355,deep breath,,,primary,6,6A,U6,wordlist,65,high
pri-6A-U6-0356,I m,,,primary,6,6A,U6,wordlist,65,high
pri-6A-U6-0357,angry,,,primary,6,6A,U6,wordlist,65,high
pri-6A-U6-0358,It s seven o clock in the morning and it s time to get up,,,primary,6,6A,U6,wordlist,65,high
pri-6A-U6-0359,How does Sam feel What,,,primary,6,6A,U6,wordlist,65,high
pri-6A-U6-0360,should he do,,,primary,6,6A,U6,wordlist,65,high
pri-6A-U6-0361,Act with your friends,,,primary,6,6A,U6,wordlist,65,high
pri-6A-U6-0362,You should see a doctor,,,primary,6,6A,U6,wordlist,66,high
pri-6A-U6-0363,You should do more exercise,,,primary,6,6A,U6,wordlist,66,high
pri-6A-U6-0364,You should wear warm clothes,,,primary,6,6A,U6,wordlist,66,high
pri-6A-U6-0365,You should take a deep breath,,,primary,6,6A,U6,wordlist,66,high
pri-6A-U6-0366,and count to ten,,,primary,6,6A,U6,wordlist,66,high
pri-6A-U6-0367,ill,,,primary,6,6A,U6,wordlist,66,high
pri-6A-U6-0368,cold,,,primary,6,6A,U6,wordlist,66,high
pri-6A-U6-0369,worried,,,primary,6,6A,U6,wordlist,66,high
pri-6A-U6-0370,You should wear,,,primary,6,6A,U6,wordlist,66,high
pri-6A-U6-0371,warm clothes,,,primary,6,6A,U6,wordlist,66,high
pri-6A-U6-0372,Play card games,,,primary,6,6A,U6,wordlist,66,high
pri-6A-U6-0373,What suggestions can you give,,,primary,6,6A,U6,wordlist,66,high
pri-6A-U6-0374,It is a sunny morning Robin is going,,,primary,6,6A,U6,wordlist,67,high
pri-6A-U6-0375,to sit on the grass when he hears,,,primary,6,6A,U6,wordlist,67,high
pri-6A-U6-0376,Wait,,,primary,6,6A,U6,wordlist,67,high
pri-6A-U6-0377,It is a little ant He is afraid,,,primary,6,6A,U6,wordlist,67,high
pri-6A-U6-0378,Please don t sit on me One day I,,,primary,6,6A,U6,wordlist,67,high
pri-6A-U6-0379,can help you,,,primary,6,6A,U6,wordlist,67,high
pri-6A-U6-0380,Don t worry little ant I won t sit,,,primary,6,6A,U6,wordlist,67,high
pri-6A-U6-0381,on you says Robin,,,primary,6,6A,U6,wordlist,67,high
pri-6A-U6-0382,The next day it is raining Robin is,,,primary,6,6A,U6,wordlist,67,high
pri-6A-U6-0383,in the park He is stuck in the mud,,,primary,6,6A,U6,wordlist,67,high
pri-6A-U6-0384,He is worried,,,primary,6,6A,U6,wordlist,67,high
pri-6A-U6-0385,Then he hears Let us help you It,,,primary,6,6A,U6,wordlist,67,high
pri-6A-U6-0386,is the ant and all of his friends,,,primary,6,6A,U6,wordlist,67,high
pri-6A-U6-0387,They are strong They pull Robin,,,primary,6,6A,U6,wordlist,67,high
pri-6A-U6-0388,out of the mud,,,primary,6,6A,U6,wordlist,67,high
pri-6A-U6-0389,Everyone is happy,,,primary,6,6A,U6,wordlist,67,high
pri-6A-U6-0390,Draw faces for each word,,,primary,6,6A,U6,wordlist,67,high
pri-6A-U6-0391,The ant is,,,primary,6,6A,U6,wordlist,68,high
pri-6A-U6-0392,Robin is stuck and,,,primary,6,6A,U6,wordlist,68,high
pri-6A-U6-0393,The ants are strong They,,,primary,6,6A,U6,wordlist,68,high
pri-6A-U6-0394,Now everyone,,,primary,6,6A,U6,wordlist,68,high
pri-6A-U6-0395,A We should always be nice to each other,,,primary,6,6A,U6,wordlist,68,high
pri-6A-U6-0396,B We shouldn t hurt ants,,,primary,6,6A,U6,wordlist,68,high
pri-6A-U6-0397,next day can t go count to don t be,,,primary,6,6A,U6,wordlist,68,high
pri-6A-U6-0398,What does the story tell us,,,primary,6,6A,U6,wordlist,68,high
pri-6A-U6-0399,Number the pictures,,,primary,6,6A,U6,wordlist,68,high
pri-6A-U6-0400,Look at the text on page Find and say,,,primary,6,6A,U6,wordlist,68,high
pri-6A-U6-0401,more like these,,,primary,6,6A,U6,wordlist,68,high
pri-6A-U6-0402,Fill in the blanks and retell the story,,,primary,6,6A,U6,wordlist,68,high
pri-6A-U6-0403,How does cold weather make John feel,,,primary,6,6A,U6,wordlist,69,high
pri-6A-U6-0404,A Sad,,,primary,6,6A,U6,wordlist,69,high
pri-6A-U6-0405,B Worried,,,primary,6,6A,U6,wordlist,69,high
pri-6A-U6-0406,Who should Wu Binbin see,,,primary,6,6A,U6,wordlist,69,high
pri-6A-U6-0407,A Robin,,,primary,6,6A,U6,wordlist,69,high
pri-6A-U6-0408,B A doctor,,,primary,6,6A,U6,wordlist,69,high
pri-6A-U6-0409,How does Oliver feel now,,,primary,6,6A,U6,wordlist,69,high
pri-6A-U6-0410,A He feels happy,,,primary,6,6A,U6,wordlist,69,high
pri-6A-U6-0411,B He feels angry,,,primary,6,6A,U6,wordlist,69,high
pri-6A-U6-0412,What should Zhang Peng do,,,primary,6,6A,U6,wordlist,69,high
pri-6A-U6-0413,A Wear warm clothes,,,primary,6,6A,U6,wordlist,69,high
pri-6A-U6-0414,B Do more exercise,,,primary,6,6A,U6,wordlist,69,high
pri-6A-U6-0415,is ill,,,primary,6,6A,U6,wordlist,69,high
pri-6A-U6-0416,is happy,,,primary,6,6A,U6,wordlist,69,high
pri-6A-U6-0417,should wear warm clothes,,,primary,6,6A,U6,wordlist,69,high
pri-6A-U6-0418,Listen again and circle the right answers,,,primary,6,6A,U6,wordlist,69,high
pri-6A-U6-0419,Add more words Then tell your partner how you are,,,primary,6,6A,U6,wordlist,69,high
pri-6A-U6-0420,feeling now,,,primary,6,6A,U6,wordlist,69,high
pri-6A-U6-0421,Zip My favourite TV show is on soon,,,primary,6,6A,U6,wordlist,70,high
pri-6A-U6-0422,Let s watch it Do you have any,,,primary,6,6A,U6,wordlist,70,high
pri-6A-U6-0423,popcorn,,,primary,6,6A,U6,wordlist,70,high
pri-6A-U6-0424,Zoom I ll go and make some,,,primary,6,6A,U6,wordlist,70,high
pri-6A-U6-0425,Zip Where is he I m a little,,,primary,6,6A,U6,wordlist,70,high
pri-6A-U6-0426,worried now I ll go and,,,primary,6,6A,U6,wordlist,70,high
pri-6A-U6-0427,check,,,primary,6,6A,U6,wordlist,70,high
pri-6A-U6-0428,Zip Oh Zoom what are,,,primary,6,6A,U6,wordlist,70,high
pri-6A-U6-0429,you doing here,,,primary,6,6A,U6,wordlist,70,high
pri-6A-U6-0430,Zoom I m making popcorn,,,primary,6,6A,U6,wordlist,70,high
pri-6A-U6-0431,Zip What,,,primary,6,6A,U6,wordlist,70,high
pri-6A-U6-0432,Zoom Oh don t be angry Count to,,,primary,6,6A,U6,wordlist,70,high
pri-6A-U6-0433,ten and take a deep breath,,,primary,6,6A,U6,wordlist,70,high
pri-6A-U6-0434,Well I planted the popcorn,,,primary,6,6A,U6,wordlist,70,high
pri-6A-U6-0435,seeds But they take a long,,,primary,6,6A,U6,wordlist,70,high
pri-6A-U6-0436,time to grow I m still,,,primary,6,6A,U6,wordlist,70,high
pri-6A-U6-0437,waiting,,,primary,6,6A,U6,wordlist,70,high
pri-6A-U6-0438,Zip Oooooh noooo,,,primary,6,6A,U6,wordlist,70,high
pri-6A-U6-0439,Zip He must be making lots,,,primary,6,6A,U6,wordlist,70,high
pri-6A-U6-0440,of popcorn Yum,,,primary,6,6A,U6,wordlist,70,high
pri-6A-U6-0441,Zip I can t wait I love,,,primary,6,6A,U6,wordlist,70,high
pri-6A-U6-0442,popcorn I m so,,,primary,6,6A,U6,wordlist,70,high
pri-6A-U6-0443,happy,,,primary,6,6A,U6,wordlist,70,high
pri-6A-U6-0444,He likes,,,primary,6,6A,U6,wordlist,71,high
pri-6A-U6-0445,father s job,,,primary,6,6A,U6,wordlist,71,high
pri-6A-U6-0446,mother s job,,,primary,6,6A,U6,wordlist,71,high
pri-6A-U6-0447,brother s job,,,primary,6,6A,U6,wordlist,71,high
pri-6A-U6-0448,sister s job,,,primary,6,6A,U6,wordlist,71,high
pri-6A-U6-0449,aunt s job,,,primary,6,6A,U6,wordlist,71,high
pri-6A-U6-0450,uncle s job,,,primary,6,6A,U6,wordlist,71,high
pri-6A-U6-0451,Ken,,,primary,6,6A,U6,wordlist,71,high
pri-6A-U6-0452,She likes,,,primary,6,6A,U6,wordlist,71,high
pri-6A-U6-0453,Peter s family are going to visit Ken s family in another,,,primary,6,6A,U6,wordlist,71,high
pri-6A-U6-0454,town Peter s father is talking about them Listen and fill,,,primary,6,6A,U6,wordlist,71,high
pri-6A-U6-0455,in the blanks,,,primary,6,6A,U6,wordlist,71,high
pri-6A-U6-0456,Recycle,,,primary,6,6A,U6,wordlist,71,high
pri-6A-U6-0457,Visiting an old friend,,,primary,6,6A,U6,wordlist,71,high
pri-6A-U6-0458,Listen again Write down the hobbies for the people,,,primary,6,6A,U6,wordlist,71,high
pri-6A-U6-0459,father,,,primary,6,6A,U6,wordlist,72,high
pri-6A-U6-0460,uncle,,,primary,6,6A,U6,wordlist,72,high
pri-6A-U6-0461,Peter,,,primary,6,6A,U6,wordlist,72,high
pri-6A-U6-0462,mother,,,primary,6,6A,U6,wordlist,72,high
pri-6A-U6-0463,brother,,,primary,6,6A,U6,wordlist,72,high
pri-6A-U6-0464,aunt,,,primary,6,6A,U6,wordlist,72,high
pri-6A-U6-0465,sister,,,primary,6,6A,U6,wordlist,72,high
pri-6A-U6-0466,cousin,,,primary,6,6A,U6,wordlist,72,high
pri-6A-U6-0467,happy sad worried angry talking,,,primary,6,6A,U6,wordlist,72,high
pri-6A-U6-0468,reading a book playing video games,,,primary,6,6A,U6,wordlist,72,high
pri-6A-U6-0469,doing word puzzles singing running,,,primary,6,6A,U6,wordlist,72,high
pri-6A-U6-0470,ACROSS,,,primary,6,6A,U6,wordlist,72,high
pri-6A-U6-0471,You go there to,,,primary,6,6A,U6,wordlist,72,high
pri-6A-U6-0472,see the doctor,,,primary,6,6A,U6,wordlist,72,high
pri-6A-U6-0473,They catch bad,,,primary,6,6A,U6,wordlist,72,high
pri-6A-U6-0474,men,,,primary,6,6A,U6,wordlist,72,high
pri-6A-U6-0475,DOWN,,,primary,6,6A,U6,wordlist,72,high
pri-6A-U6-0476,You are afraid and,,,primary,6,6A,U6,wordlist,72,high
pri-6A-U6-0477,not happy because,,,primary,6,6A,U6,wordlist,72,high
pri-6A-U6-0478,something bad might,,,primary,6,6A,U6,wordlist,72,high
pri-6A-U6-0479,happen,,,primary,6,6A,U6,wordlist,72,high
pri-6A-U6-0480,You are not feeling well,,,primary,6,6A,U6,wordlist,72,high
pri-6A-U6-0481,Peter s father,,,primary,6,6A,U6,wordlist,72,high
pri-6A-U6-0482,is talking,,,primary,6,6A,U6,wordlist,72,high
pri-6A-U6-0483,He s happy,,,primary,6,6A,U6,wordlist,72,high
pri-6A-U6-0484,Stop running,,,primary,6,6A,U6,wordlist,72,high
pri-6A-U6-0485,Sit down,,,primary,6,6A,U6,wordlist,72,high
pri-6A-U6-0486,Peter s family are on the bus What are they doing on the,,,primary,6,6A,U6,wordlist,72,high
pri-6A-U6-0487,bus,,,primary,6,6A,U6,wordlist,72,high
pri-6A-U6-0488,This is Peter s puzzle Do you know the answers,,,primary,6,6A,U6,wordlist,72,high
pri-6A-U6-0489,One day a rich old businessman in a small town,,,primary,6,6A,U6,wordlist,73,high
pri-6A-U6-0490,meets a factory worker a coach and a fisherman,,,primary,6,6A,U6,wordlist,73,high
pri-6A-U6-0491,He gives them three seeds and says Bring me the,,,primary,6,6A,U6,wordlist,73,high
pri-6A-U6-0492,flowers in three months The man with the most,,,primary,6,6A,U6,wordlist,73,high
pri-6A-U6-0493,beautiful flower can have my money,,,primary,6,6A,U6,wordlist,73,high
pri-6A-U6-0494,After three months the factory worker brings,,,primary,6,6A,U6,wordlist,73,high
pri-6A-U6-0495,a big red flower The coach brings a small purple,,,primary,6,6A,U6,wordlist,73,high
pri-6A-U6-0496,flower But the poor fisherman brings nothing He,,,primary,6,6A,U6,wordlist,73,high
pri-6A-U6-0497,is very sad,,,primary,6,6A,U6,wordlist,73,high
pri-6A-U6-0498,I don t know why he says I watered it every,,,primary,6,6A,U6,wordlist,73,high
pri-6A-U6-0499,day,,,primary,6,6A,U6,wordlist,73,high
pri-6A-U6-0500,You are honest the businessman says The seeds,,,primary,6,6A,U6,wordlist,73,high
pri-6A-U6-0501,are bad and will never sprout The money is yours,,,primary,6,6A,U6,wordlist,73,high
pri-6A-U6-0502,The fisherman is very happy The other two men,,,primary,6,6A,U6,wordlist,73,high
pri-6A-U6-0503,feel ashamed and sad,,,primary,6,6A,U6,wordlist,73,high
pri-6A-U6-0504,How does the fisherman feel after three months How does,,,primary,6,6A,U6,wordlist,73,high
pri-6A-U6-0505,he feel at the end Why,,,primary,6,6A,U6,wordlist,73,high
pri-6A-U6-0506,What does the story tell us Tick what you agree with,,,primary,6,6A,U6,wordlist,73,high
pri-6A-U6-0507,People should work hard,,,primary,6,6A,U6,wordlist,73,high
pri-6A-U6-0508,People should be honest,,,primary,6,6A,U6,wordlist,73,high
pri-6A-U6-0509,People sometimes do not tell the truth,,,primary,6,6A,U6,wordlist,73,high
pri-6A-U6-0510,At Ken s house his father tells a story,,,primary,6,6A,U6,wordlist,73,high
pri-6A-U6-0511,Read and answer,,,primary,6,6A,U6,wordlist,73,high
pri-6A-U6-0512,A story often has a setting when and where characters who and,,,primary,6,6A,U6,wordlist,74,high
pri-6A-U6-0513,a plot what happens Fill in the blanks for this story,,,primary,6,6A,U6,wordlist,74,high
pri-6A-U6-0514,What happens,,,primary,6,6A,U6,wordlist,74,high
pri-6A-U6-0515,The businessman is old He has lots of,,,primary,6,6A,U6,wordlist,74,high
pri-6A-U6-0516,The businessman meets three men He gives,,,primary,6,6A,U6,wordlist,74,high
pri-6A-U6-0517,The factory worker,,,primary,6,6A,U6,wordlist,74,high
pri-6A-U6-0518,The coach,,,primary,6,6A,U6,wordlist,74,high
pri-6A-U6-0519,The fisherman,,,primary,6,6A,U6,wordlist,74,high
pri-6A-U6-0520,can have his money because he is,,,primary,6,6A,U6,text_only,74,high
pri-6A-U6-0521,honest,,,primary,6,6A,U6,text_only,74,high
pri-6A-U6-0522,When one day,,,primary,6,6A,U6,wordlist,74,high
pri-6A-U6-0523,Where,,,primary,6,6A,U6,wordlist,74,high
pri-6A-U6-0524,There s a rich old businessman in a small town,,,primary,6,6A,U6,wordlist,74,high
pri-6A-U6-0525,One day he meets three men He gives,,,primary,6,6A,U6,wordlist,74,high
pri-6A-U6-0526,Peter likes the story very much He is going to tell it to his,,,primary,6,6A,U6,wordlist,74,high
pri-6A-U6-0527,best friend,,,primary,6,6A,U6,wordlist,74,high
pri-6A-U6-0528,Now you are Peter Call your friend and tell the,,,primary,6,6A,U6,wordlist,74,high
pri-6A-U6-0529,story,,,primary,6,6A,U6,wordlist,74,high
pri-6A-U1-0111,Appendix,,,primary,6,6A,U1,wordlist,75,high
pri-6A-U1-0112,Where is the hospital,,,primary,6,6A,U1,wordlist,75,high
pri-6A-U1-0113,Is it near the park,,,primary,6,6A,U1,wordlist,75,high
pri-6A-U1-0114,Where is the cinema,,,primary,6,6A,U1,wordlist,75,high
pri-6A-U1-0115,Is it near the mall,,,primary,6,6A,U1,wordlist,75,high
pri-6A-U1-0116,Come to the bookstore,,,primary,6,6A,U1,wordlist,75,high
pri-6A-U1-0117,It s next to the light,,,primary,6,6A,U1,wordlist,75,high
pri-6A-U1-0118,Come with me Come with me,,,primary,6,6A,U1,wordlist,75,high
pri-6A-U1-0119,Come with me tonight,,,primary,6,6A,U1,wordlist,75,high
pri-6A-U1-0120,How do you get there,,,primary,6,6A,U1,wordlist,75,high
pri-6A-U1-0121,You go by subway,,,primary,6,6A,U1,wordlist,75,high
pri-6A-U1-0122,And I ll go by taxi,,,primary,6,6A,U1,wordlist,75,high
pri-6A-U1-0123,And I ll be at school before you,,,primary,6,6A,U1,wordlist,75,high
pri-6A-U1-0124,You go by airplane,,,primary,6,6A,U1,wordlist,75,high
pri-6A-U1-0125,And I ll go by a big ship,,,primary,6,6A,U1,wordlist,75,high
pri-6A-U1-0126,And I ll be in Scotland before you,,,primary,6,6A,U1,wordlist,75,high
pri-6A-U1-0127,I m going to walk on the moon Hooray Hooray,,,primary,6,6A,U1,wordlist,75,high
pri-6A-U1-0128,When I grow up I ll walk on the moon,,,primary,6,6A,U1,wordlist,75,high
pri-6A-U1-0129,What are you going to do,,,primary,6,6A,U1,wordlist,75,high
pri-6A-U1-0130,I m going to be a soldier Hooray Hooray,,,primary,6,6A,U1,wordlist,75,high
pri-6A-U1-0131,When I grow up I ll be a soldier,,,primary,6,6A,U1,wordlist,75,high
pri-6A-U1-0132,Recycle Hush little boy,,,primary,6,6A,U1,wordlist,75,high
pri-6A-U1-0133,Hush little boy don t say a word,,,primary,6,6A,U1,wordlist,75,high
pri-6A-U1-0134,Papa s going to buy you a little bird,,,primary,6,6A,U1,wordlist,75,high
pri-6A-U1-0135,And if that bird doesn t sing,,,primary,6,6A,U1,wordlist,75,high
pri-6A-U1-0136,Papa s going to buy you a big big ring,,,primary,6,6A,U1,wordlist,75,high
pri-6A-U1-0137,And if that ring is lost in class,,,primary,6,6A,U1,wordlist,75,high
pri-6A-U1-0138,Papa s going to buy you a looking glass,,,primary,6,6A,U1,wordlist,75,high
pri-6A-U1-0139,And if that looking glass falls down,,,primary,6,6A,U1,wordlist,75,high
pri-6A-U1-0140,Well you ll still be the sweetest boy in town,,,primary,6,6A,U1,wordlist,75,high
pri-6A-U1-0141,Songs in each unit,,,primary,6,6A,U1,wordlist,75,high
pri-6A-U4-0069,Appendix,,,primary,6,6A,U4,wordlist,76,high
pri-6A-U4-0070,My new pen pal my new pen pal,,,primary,6,6A,U4,wordlist,76,high
pri-6A-U4-0071,He likes to sing He can sing so loud,,,primary,6,6A,U4,wordlist,76,high
pri-6A-U4-0072,He likes to play He plays ping-pong,,,primary,6,6A,U4,wordlist,76,high
pri-6A-U4-0073,He likes to play football,,,primary,6,6A,U4,wordlist,76,high
pri-6A-U4-0074,He really likes to play,,,primary,6,6A,U4,wordlist,76,high
pri-6A-U4-0075,I really want him to come here some day,,,primary,6,6A,U4,wordlist,76,high
pri-6A-U4-0076,My mother is a teacher,,,primary,6,6A,U4,wordlist,76,high
pri-6A-U4-0077,My father is a worker,,,primary,6,6A,U4,wordlist,76,high
pri-6A-U4-0078,My uncle is a policeman,,,primary,6,6A,U4,wordlist,76,high
pri-6A-U4-0079,What do you want to do,,,primary,6,6A,U4,wordlist,76,high
pri-6A-U4-0080,I want to be a pilot,,,primary,6,6A,U4,wordlist,76,high
pri-6A-U4-0081,I want to be a postman,,,primary,6,6A,U4,wordlist,76,high
pri-6A-U4-0082,I want to be a scientist,,,primary,6,6A,U4,wordlist,76,high
pri-6A-U4-0083,That s what I will be,,,primary,6,6A,U4,wordlist,76,high
pri-6A-U4-0084,If you re happy and you know it clap your hands,,,primary,6,6A,U4,wordlist,76,high
pri-6A-U4-0085,If you re happy and you know it then your face will surely show it,,,primary,6,6A,U4,wordlist,76,high
pri-6A-U4-0086,If you re angry and you know it stamp your feet,,,primary,6,6A,U4,wordlist,76,high
pri-6A-U4-0087,If you re angry and you know it then your face will surely show it,,,primary,6,6A,U4,wordlist,76,high
pri-6A-U1-0142,science,,科学,primary,6,6A,U1,wordlist,77,high
pri-6A-U1-0143,crossing,,十字路口,primary,6,6A,U1,wordlist,77,high
pri-6A-U1-0144,turn,,转弯,primary,6,6A,U1,wordlist,77,high
pri-6A-U1-0145,left,,左,primary,6,6A,U1,wordlist,77,high
pri-6A-U1-0146,straight,,笔直地,primary,6,6A,U1,wordlist,77,high
pri-6A-U1-0147,right,,右,primary,6,6A,U1,wordlist,77,high
pri-6A-U1-0148,ask,,问,primary,6,6A,U1,wordlist,77,high
pri-6A-U1-0149,sir,,对男子的礼貌称呼）,primary,6,6A,U1,wordlist,77,high
pri-6A-U1-0150,interesting,,有趣的,primary,6,6A,U1,wordlist,77,high
pri-6A-U1-0151,Italian,,意大利的,primary,6,6A,U1,wordlist,77,high
pri-6A-U1-0152,pizza,,比萨饼,primary,6,6A,U1,wordlist,77,high
pri-6A-U1-0153,get,,到达,primary,6,6A,U1,wordlist,77,high
pri-6A-U1-0154,BDS,,北斗卫星导航系统,primary,6,6A,U1,wordlist,77,high
pri-6A-U1-0155,gave give,,的过去式）,primary,6,6A,U1,wordlist,77,high
pri-6A-U1-0156,feature,,特点,primary,6,6A,U1,wordlist,77,high
pri-6A-U1-0157,follow,,跟着,primary,6,6A,U1,wordlist,77,high
pri-6A-U1-0158,far,,远的,primary,6,6A,U1,wordlist,77,high
pri-6A-U1-0159,tell,,告诉,primary,6,6A,U1,wordlist,77,high
pri-6A-U2-0192,by,,表示方式）乘,primary,6,6A,U2,wordlist,77,high
pri-6A-U2-0193,bus,,公共汽车,primary,6,6A,U2,wordlist,77,high
pri-6A-U2-0194,plane,,飞机,primary,6,6A,U2,wordlist,77,high
pri-6A-U2-0195,taxi,,出租汽车,primary,6,6A,U2,wordlist,77,high
pri-6A-U2-0196,ship,,大）船,primary,6,6A,U2,wordlist,77,high
pri-6A-U2-0197,subway,,地铁,primary,6,6A,U2,wordlist,77,high
pri-6A-U2-0198,train,,火车,primary,6,6A,U2,wordlist,77,high
pri-6A-U2-0199,slow,,使）放慢速度；慢的,primary,6,6A,U2,wordlist,77,high
pri-6A-U2-0200,down,,减少；降低,primary,6,6A,U2,wordlist,77,high
pri-6A-U2-0201,slow down,,慢下来,primary,6,6A,U2,wordlist,77,high
pri-6A-U2-0202,stop,,停下,primary,6,6A,U2,wordlist,77,high
pri-6A-U2-0203,Mrs,,夫人,primary,6,6A,U2,wordlist,77,high
pri-6A-U2-0204,early,,早到的,primary,6,6A,U2,wordlist,77,high
pri-6A-U2-0205,helmet,,头盔,primary,6,6A,U2,wordlist,77,high
pri-6A-U2-0206,must,,必须,primary,6,6A,U2,wordlist,77,high
pri-6A-U2-0207,wear,,戴,primary,6,6A,U2,wordlist,77,high
pri-6A-U2-0208,attention,,注意,primary,6,6A,U2,wordlist,77,high
pri-6A-U2-0209,pay attention to,,注意,primary,6,6A,U2,wordlist,77,high
pri-6A-U2-0210,traffic,,交通,primary,6,6A,U2,wordlist,77,high
pri-6A-U2-0211,traffic lights,,交通信号灯,primary,6,6A,U2,wordlist,77,high
pri-6A-U2-0212,Munich,,慕尼黑（德国,primary,6,6A,U2,wordlist,77,high
pri-6A-U2-0213,Appendix,,,primary,6,6A,U2,wordlist,77,high
pri-6A-U2-0214,Germany,,德国,primary,6,6A,U2,wordlist,78,high
pri-6A-U2-0215,Alaska,,阿拉斯加州（美国,primary,6,6A,U2,wordlist,78,high
pri-6A-U2-0216,sled,,雪橇,primary,6,6A,U2,wordlist,78,high
pri-6A-U2-0217,fast,,快,primary,6,6A,U2,wordlist,78,high
pri-6A-U2-0218,ferry,,轮渡,primary,6,6A,U2,wordlist,78,high
pri-6A-U2-0219,Papa Westray,,,primary,6,6A,U2,wordlist,78,high
pri-6A-U2-0220,Scotland,,苏格兰,primary,6,6A,U2,wordlist,78,high
pri-6A-U3-0201,visit,,拜访,primary,6,6A,U3,wordlist,78,high
pri-6A-U3-0202,film,,电影,primary,6,6A,U3,wordlist,78,high
pri-6A-U3-0203,trip,,旅行,primary,6,6A,U3,wordlist,78,high
pri-6A-U3-0204,supermarket,,超市,primary,6,6A,U3,wordlist,78,high
pri-6A-U3-0205,evening,,晚上；傍晚,primary,6,6A,U3,wordlist,78,high
pri-6A-U3-0206,dictionary,,词典,primary,6,6A,U3,wordlist,78,high
pri-6A-U3-0207,comic,,滑稽的,primary,6,6A,U3,wordlist,78,high
pri-6A-U3-0208,comic book,,儿童的）连环画册,primary,6,6A,U3,wordlist,78,high
pri-6A-U3-0209,word,,单词,primary,6,6A,U3,wordlist,78,high
pri-6A-U3-0210,word book,,单词书,primary,6,6A,U3,wordlist,78,high
pri-6A-U3-0211,postcard,,明信片,primary,6,6A,U3,wordlist,78,high
pri-6A-U3-0212,lesson,,课,primary,6,6A,U3,wordlist,78,high
pri-6A-U3-0213,space,,太空,primary,6,6A,U3,wordlist,78,high
pri-6A-U3-0214,travel,,尤指长途）旅行,primary,6,6A,U3,wordlist,78,high
pri-6A-U3-0215,half,,一半,primary,6,6A,U3,wordlist,78,high
pri-6A-U3-0216,price,,价格,primary,6,6A,U3,wordlist,78,high
pri-6A-U3-0217,Mid-Autumn Festival,,,primary,6,6A,U3,wordlist,78,high
pri-6A-U3-0218,together,,一起,primary,6,6A,U3,wordlist,78,high
pri-6A-U3-0219,get together,,聚会,primary,6,6A,U3,wordlist,78,high
pri-6A-U3-0220,mooncake,,月饼,primary,6,6A,U3,wordlist,78,high
pri-6A-U3-0221,poem,,诗,primary,6,6A,U3,wordlist,78,high
pri-6A-U3-0222,moon,,月亮,primary,6,6A,U3,wordlist,78,high
pri-6A-U4-0088,studies study,,的第三,primary,6,6A,U4,wordlist,78,high
pri-6A-U4-0089,puzzle,,谜,primary,6,6A,U4,wordlist,78,high
pri-6A-U4-0090,hiking,,远足,primary,6,6A,U4,wordlist,78,high
pri-6A-U4-0091,pen pal,,笔友,primary,6,6A,U4,wordlist,78,high
pri-6A-U4-0092,hobby,,业余爱好,primary,6,6A,U4,wordlist,78,high
pri-6A-U4-0093,jasmine,,茉莉,primary,6,6A,U4,wordlist,78,high
pri-6A-U4-0094,idea,,想法；主意,primary,6,6A,U4,wordlist,78,high
pri-6A-U4-0095,Canberra,,堪培拉（澳,primary,6,6A,U4,wordlist,78,high
pri-6A-U4-0096,amazing,,令人惊奇的,primary,6,6A,U4,wordlist,78,high
pri-6A-U4-0097,shall,,表示征求意见,primary,6,6A,U4,wordlist,78,high
pri-6A-U4-0098,goal,,射门,primary,6,6A,U4,wordlist,78,high
pri-6A-U4-0099,join,,加入,primary,6,6A,U4,wordlist,78,high
pri-6A-U4-0100,club,,俱乐部,primary,6,6A,U4,wordlist,78,high
pri-6A-U4-0101,share,,分享,primary,6,6A,U4,wordlist,78,high
pri-6A-U5-0180,factory,,工厂,primary,6,6A,U5,wordlist,78,high
pri-6A-U5-0181,worker,,工人,primary,6,6A,U5,wordlist,78,high
pri-6A-U5-0182,Appendix,,,primary,6,6A,U5,wordlist,78,high
pri-6A-U5-0183,postman,,邮递员,primary,6,6A,U5,wordlist,79,high
pri-6A-U5-0184,businessman,,商人；,primary,6,6A,U5,wordlist,79,high
pri-6A-U5-0185,police officer,,,primary,6,6A,U5,wordlist,79,high
pri-6A-U5-0186,fisherman,,渔民,primary,6,6A,U5,wordlist,79,high
pri-6A-U5-0187,scientist,,科学家,primary,6,6A,U5,wordlist,79,high
pri-6A-U5-0188,pilot,,飞行员,primary,6,6A,U5,wordlist,79,high
pri-6A-U5-0189,coach,,教练,primary,6,6A,U5,wordlist,79,high
pri-6A-U5-0190,country,,国家,primary,6,6A,U5,wordlist,79,high
pri-6A-U5-0191,head teacher,,校长,primary,6,6A,U5,wordlist,79,high
pri-6A-U5-0192,sea,,大海,primary,6,6A,U5,wordlist,79,high
pri-6A-U5-0193,stay,,保持,primary,6,6A,U5,wordlist,79,high
pri-6A-U5-0194,university,,大学,primary,6,6A,U5,wordlist,79,high
pri-6A-U5-0195,gym,,体育馆,primary,6,6A,U5,wordlist,79,high
pri-6A-U5-0196,if,,如果,primary,6,6A,U5,wordlist,79,high
pri-6A-U5-0197,reporter,,记者,primary,6,6A,U5,wordlist,79,high
pri-6A-U5-0198,use,,使用,primary,6,6A,U5,wordlist,79,high
pri-6A-U5-0199,type,,打字,primary,6,6A,U5,wordlist,79,high
pri-6A-U5-0200,quickly,,迅速地,primary,6,6A,U5,wordlist,79,high
pri-6A-U5-0201,secretary,,秘书,primary,6,6A,U5,wordlist,79,high
pri-6A-U6-0530,afraid,,害怕,primary,6,6A,U6,wordlist,79,high
pri-6A-U6-0531,sad,,难过的,primary,6,6A,U6,wordlist,79,high
pri-6A-U6-0532,see a doctor,,看病,primary,6,6A,U6,wordlist,79,high
pri-6A-U6-0533,wear,,穿,primary,6,6A,U6,wordlist,79,high
pri-6A-U6-0534,more,,更多的,primary,6,6A,U6,wordlist,79,high
pri-6A-U6-0535,deep,,深的,primary,6,6A,U6,wordlist,79,high
pri-6A-U6-0536,breath,,呼吸,primary,6,6A,U6,wordlist,79,high
pri-6A-U6-0537,take a deep breath,,,primary,6,6A,U6,wordlist,79,high
pri-6A-U6-0538,count,,数数,primary,6,6A,U6,wordlist,79,high
pri-6A-U6-0539,count to ten,,数到十,primary,6,6A,U6,wordlist,79,high
pri-6A-U6-0540,chase,,追赶,primary,6,6A,U6,wordlist,79,high
pri-6A-U6-0541,mice mouse,,的复数）,primary,6,6A,U6,wordlist,79,high
pri-6A-U6-0542,bad,,邪恶的；坏的,primary,6,6A,U6,wordlist,79,high
pri-6A-U6-0543,hurt,,使）受伤,primary,6,6A,U6,wordlist,79,high
pri-6A-U6-0544,wrong,,有毛病,primary,6,6A,U6,wordlist,79,high
pri-6A-U6-0545,should,,应该,primary,6,6A,U6,wordlist,79,high
pri-6A-U6-0546,feel,,觉得；感到,primary,6,6A,U6,wordlist,79,high
pri-6A-U6-0547,well,,健康；身体好,primary,6,6A,U6,wordlist,79,high
pri-6A-U6-0548,sit,,坐,primary,6,6A,U6,wordlist,79,high
pri-6A-U6-0549,grass,,草坪,primary,6,6A,U6,wordlist,79,high
pri-6A-U6-0550,hear,,听见,primary,6,6A,U6,wordlist,79,high
pri-6A-U6-0551,ant,,蚂蚁,primary,6,6A,U6,wordlist,79,high
pri-6A-U6-0552,worry,,担心；担忧,primary,6,6A,U6,wordlist,79,high
pri-6A-U6-0553,stuck,,陷住；无法移动,primary,6,6A,U6,wordlist,79,high
pri-6A-U6-0554,mud,,泥,primary,6,6A,U6,wordlist,79,high
pri-6A-U6-0555,pull,,拉；拽,primary,6,6A,U6,wordlist,79,high
pri-6A-U6-0556,everyone,,每人,primary,6,6A,U6,wordlist,79,high
pri-6A-U6-0557,Appendix,,,primary,6,6A,U6,wordlist,79,high
pri-6A-EXTRA-0001,A,,,primary,6,6A,EXTRA,wordlist,80,high
pri-6A-EXTRA-0002,afraid,,害怕,primary,6,6A,EXTRA,wordlist,80,high
pri-6A-EXTRA-0003,Alaska,,阿拉斯加州（美国,primary,6,6A,EXTRA,wordlist,80,high
pri-6A-EXTRA-0004,amazing,,令人惊奇的,primary,6,6A,EXTRA,wordlist,80,high
pri-6A-EXTRA-0005,angry,,生气的,primary,6,6A,EXTRA,wordlist,80,high
pri-6A-EXTRA-0006,ant,,蚂蚁,primary,6,6A,EXTRA,wordlist,80,high
pri-6A-EXTRA-0007,ask,,问,primary,6,6A,EXTRA,wordlist,80,high
pri-6A-EXTRA-0008,attention,,注意,primary,6,6A,EXTRA,wordlist,80,high
pri-6A-EXTRA-0009,B,,,primary,6,6A,EXTRA,wordlist,80,high
pri-6A-EXTRA-0010,bad,,邪恶的；坏的,primary,6,6A,EXTRA,wordlist,80,high
pri-6A-EXTRA-0011,BDS,,北斗卫星导航系统,primary,6,6A,EXTRA,wordlist,80,high
pri-6A-EXTRA-0012,bookstore,,书店,primary,6,6A,EXTRA,wordlist,80,high
pri-6A-EXTRA-0013,breath,,呼吸,primary,6,6A,EXTRA,wordlist,80,high
pri-6A-EXTRA-0014,bus,,公共汽车,primary,6,6A,EXTRA,wordlist,80,high
pri-6A-EXTRA-0015,businessman,,商人；,primary,6,6A,EXTRA,wordlist,80,high
pri-6A-EXTRA-0016,by,,表示方式）乘,primary,6,6A,EXTRA,wordlist,80,high
pri-6A-EXTRA-0017,C,,,primary,6,6A,EXTRA,wordlist,80,high
pri-6A-EXTRA-0018,Canberra,,堪培拉（澳,primary,6,6A,EXTRA,wordlist,80,high
pri-6A-EXTRA-0019,chase,,追赶,primary,6,6A,EXTRA,wordlist,80,high
pri-6A-EXTRA-0020,cinema,,电影院,primary,6,6A,EXTRA,wordlist,80,high
pri-6A-EXTRA-0021,club,,俱乐部,primary,6,6A,EXTRA,wordlist,80,high
pri-6A-EXTRA-0022,coach,,教练,primary,6,6A,EXTRA,wordlist,80,high
pri-6A-EXTRA-0023,comic,,滑稽的,primary,6,6A,EXTRA,wordlist,80,high
pri-6A-EXTRA-0024,comic book,,儿童的）连环画册,primary,6,6A,EXTRA,wordlist,80,high
pri-6A-EXTRA-0025,count,,数数,primary,6,6A,EXTRA,wordlist,80,high
pri-6A-EXTRA-0026,count to ten,,数到十,primary,6,6A,EXTRA,wordlist,80,high
pri-6A-EXTRA-0027,country,,国家,primary,6,6A,EXTRA,wordlist,80,high
pri-6A-EXTRA-0028,crossing,,十字路口,primary,6,6A,EXTRA,wordlist,80,high
pri-6A-EXTRA-0029,D,,,primary,6,6A,EXTRA,wordlist,80,high
pri-6A-EXTRA-0030,deep,,深的,primary,6,6A,EXTRA,wordlist,80,high
pri-6A-EXTRA-0031,dictionary,,词典,primary,6,6A,EXTRA,wordlist,80,high
pri-6A-EXTRA-0032,down,,减少；降低,primary,6,6A,EXTRA,wordlist,80,high
pri-6A-EXTRA-0033,E,,,primary,6,6A,EXTRA,wordlist,80,high
pri-6A-EXTRA-0034,early,,早到的,primary,6,6A,EXTRA,wordlist,80,high
pri-6A-EXTRA-0035,evening,,晚上；傍晚,primary,6,6A,EXTRA,wordlist,80,high
pri-6A-EXTRA-0036,everyone,,每人,primary,6,6A,EXTRA,wordlist,80,high
pri-6A-EXTRA-0037,F,,,primary,6,6A,EXTRA,wordlist,80,high
pri-6A-EXTRA-0038,factory,,工厂,primary,6,6A,EXTRA,wordlist,80,high
pri-6A-EXTRA-0039,far,,远的,primary,6,6A,EXTRA,wordlist,80,high
pri-6A-EXTRA-0040,fast,,快,primary,6,6A,EXTRA,wordlist,80,high
pri-6A-EXTRA-0041,feature,,特点,primary,6,6A,EXTRA,wordlist,80,high
pri-6A-EXTRA-0042,feel,,觉得；感到,primary,6,6A,EXTRA,wordlist,80,high
pri-6A-EXTRA-0043,ferry,,轮渡,primary,6,6A,EXTRA,wordlist,80,high
pri-6A-EXTRA-0044,film,,电影,primary,6,6A,EXTRA,wordlist,80,high
pri-6A-EXTRA-0045,Appendix,,,primary,6,6A,EXTRA,wordlist,80,high
pri-6A-EXTRA-0046,fisherman,,渔民,primary,6,6A,EXTRA,wordlist,81,high
pri-6A-EXTRA-0047,follow,,跟着,primary,6,6A,EXTRA,wordlist,81,high
pri-6A-EXTRA-0048,G,,,primary,6,6A,EXTRA,wordlist,81,high
pri-6A-EXTRA-0049,gave give,,的过去式）,primary,6,6A,EXTRA,wordlist,81,high
pri-6A-EXTRA-0050,Germany,,德国,primary,6,6A,EXTRA,wordlist,81,high
pri-6A-EXTRA-0051,get,,到达,primary,6,6A,EXTRA,wordlist,81,high
pri-6A-EXTRA-0052,get together,,聚会,primary,6,6A,EXTRA,wordlist,81,high
pri-6A-EXTRA-0053,goal,,射门,primary,6,6A,EXTRA,wordlist,81,high
pri-6A-EXTRA-0054,grass,,草坪,primary,6,6A,EXTRA,wordlist,81,high
pri-6A-EXTRA-0055,gym,,体育馆,primary,6,6A,EXTRA,wordlist,81,high
pri-6A-EXTRA-0056,H,,,primary,6,6A,EXTRA,wordlist,81,high
pri-6A-EXTRA-0057,half,,一半,primary,6,6A,EXTRA,wordlist,81,high
pri-6A-EXTRA-0058,happy,,高兴的,primary,6,6A,EXTRA,wordlist,81,high
pri-6A-EXTRA-0059,head teacher,,校长,primary,6,6A,EXTRA,wordlist,81,high
pri-6A-EXTRA-0060,hear,,听见,primary,6,6A,EXTRA,wordlist,81,high
pri-6A-EXTRA-0061,helmet,,头盔,primary,6,6A,EXTRA,wordlist,81,high
pri-6A-EXTRA-0062,hiking,,远足,primary,6,6A,EXTRA,wordlist,81,high
pri-6A-EXTRA-0063,hobby,,业余爱好,primary,6,6A,EXTRA,wordlist,81,high
pri-6A-EXTRA-0064,hospital,,医院,primary,6,6A,EXTRA,wordlist,81,high
pri-6A-EXTRA-0065,hurt,,使）受伤,primary,6,6A,EXTRA,wordlist,81,high
pri-6A-EXTRA-0066,I,,,primary,6,6A,EXTRA,wordlist,81,high
pri-6A-EXTRA-0067,idea,,想法；主意,primary,6,6A,EXTRA,wordlist,81,high
pri-6A-EXTRA-0068,if,,如果,primary,6,6A,EXTRA,wordlist,81,high
pri-6A-EXTRA-0069,ill,,有病；不舒服,primary,6,6A,EXTRA,wordlist,81,high
pri-6A-EXTRA-0070,interesting,,有趣的,primary,6,6A,EXTRA,wordlist,81,high
pri-6A-EXTRA-0071,Italian,,意大利的,primary,6,6A,EXTRA,wordlist,81,high
pri-6A-EXTRA-0072,J,,,primary,6,6A,EXTRA,wordlist,81,high
pri-6A-EXTRA-0073,jasmine,,茉莉,primary,6,6A,EXTRA,wordlist,81,high
pri-6A-EXTRA-0074,join,,加入,primary,6,6A,EXTRA,wordlist,81,high
pri-6A-EXTRA-0075,L,,,primary,6,6A,EXTRA,wordlist,81,high
pri-6A-EXTRA-0076,left,,左,primary,6,6A,EXTRA,wordlist,81,high
pri-6A-EXTRA-0077,lesson,,课,primary,6,6A,EXTRA,wordlist,81,high
pri-6A-EXTRA-0078,M,,,primary,6,6A,EXTRA,wordlist,81,high
pri-6A-EXTRA-0079,mice mouse,,的复数）,primary,6,6A,EXTRA,wordlist,81,high
pri-6A-EXTRA-0080,Mid-Autumn Festival,,,primary,6,6A,EXTRA,wordlist,81,high
pri-6A-EXTRA-0081,moon,,月亮,primary,6,6A,EXTRA,wordlist,81,high
pri-6A-EXTRA-0082,mooncake,,月饼,primary,6,6A,EXTRA,wordlist,81,high
pri-6A-EXTRA-0083,more,,更多的,primary,6,6A,EXTRA,wordlist,81,high
pri-6A-EXTRA-0084,Mrs,,夫人,primary,6,6A,EXTRA,wordlist,81,high
pri-6A-EXTRA-0085,mud,,泥,primary,6,6A,EXTRA,wordlist,81,high
pri-6A-EXTRA-0086,Munich,,慕尼黑（德国,primary,6,6A,EXTRA,wordlist,81,high
pri-6A-EXTRA-0087,museum,,博物馆,primary,6,6A,EXTRA,wordlist,81,high
pri-6A-EXTRA-0088,must,,必须,primary,6,6A,EXTRA,wordlist,81,high
pri-6A-EXTRA-0089,N,,,primary,6,6A,EXTRA,wordlist,81,high
pri-6A-EXTRA-0090,next week,,下周,primary,6,6A,EXTRA,wordlist,81,high
pri-6A-EXTRA-0091,O,,,primary,6,6A,EXTRA,wordlist,81,high
pri-6A-EXTRA-0092,on foot,,步行,primary,6,6A,EXTRA,wordlist,81,high
pri-6A-EXTRA-0093,P,,,primary,6,6A,EXTRA,wordlist,81,high
pri-6A-EXTRA-0094,Papa Westray,,,primary,6,6A,EXTRA,wordlist,81,high
pri-6A-EXTRA-0095,pay attention to,,注意,primary,6,6A,EXTRA,wordlist,82,high
pri-6A-EXTRA-0096,pen pal,,笔友,primary,6,6A,EXTRA,wordlist,82,high
pri-6A-EXTRA-0097,pilot,,飞行员,primary,6,6A,EXTRA,wordlist,82,high
pri-6A-EXTRA-0098,pizza,,比萨饼,primary,6,6A,EXTRA,wordlist,82,high
pri-6A-EXTRA-0099,plane,,飞机,primary,6,6A,EXTRA,wordlist,82,high
pri-6A-EXTRA-0100,poem,,诗,primary,6,6A,EXTRA,wordlist,82,high
pri-6A-EXTRA-0101,police officer,,,primary,6,6A,EXTRA,wordlist,82,high
pri-6A-EXTRA-0102,postcard,,明信片,primary,6,6A,EXTRA,wordlist,82,high
pri-6A-EXTRA-0103,postman,,邮递员,primary,6,6A,EXTRA,wordlist,82,high
pri-6A-EXTRA-0104,post office,,邮局,primary,6,6A,EXTRA,wordlist,82,high
pri-6A-EXTRA-0105,price,,价格,primary,6,6A,EXTRA,wordlist,82,high
pri-6A-EXTRA-0106,pull,,拉；拽,primary,6,6A,EXTRA,wordlist,82,high
pri-6A-EXTRA-0107,puzzle,,谜,primary,6,6A,EXTRA,wordlist,82,high
pri-6A-EXTRA-0108,Q,,,primary,6,6A,EXTRA,wordlist,82,high
pri-6A-EXTRA-0109,quickly,,迅速地,primary,6,6A,EXTRA,wordlist,82,high
pri-6A-EXTRA-0110,R,,,primary,6,6A,EXTRA,wordlist,82,high
pri-6A-EXTRA-0111,reporter,,记者,primary,6,6A,EXTRA,wordlist,82,high
pri-6A-EXTRA-0112,restaurant,,餐馆,primary,6,6A,EXTRA,wordlist,82,high
pri-6A-EXTRA-0113,right,,右,primary,6,6A,EXTRA,wordlist,82,high
pri-6A-EXTRA-0114,S,,,primary,6,6A,EXTRA,wordlist,82,high
pri-6A-EXTRA-0115,sad,,难过的,primary,6,6A,EXTRA,wordlist,82,high
pri-6A-EXTRA-0116,science,,科学,primary,6,6A,EXTRA,wordlist,82,high
pri-6A-EXTRA-0117,scientist,,科学家,primary,6,6A,EXTRA,wordlist,82,high
pri-6A-EXTRA-0118,Scotland,,苏格兰,primary,6,6A,EXTRA,wordlist,82,high
pri-6A-EXTRA-0119,sea,,大海,primary,6,6A,EXTRA,wordlist,82,high
pri-6A-EXTRA-0120,secretary,,秘书,primary,6,6A,EXTRA,wordlist,82,high
pri-6A-EXTRA-0121,see a doctor,,看病,primary,6,6A,EXTRA,wordlist,82,high
pri-6A-EXTRA-0122,see a film,,看电影,primary,6,6A,EXTRA,wordlist,82,high
pri-6A-EXTRA-0123,shall,,表示征求意见,primary,6,6A,EXTRA,wordlist,82,high
pri-6A-EXTRA-0124,share,,分享,primary,6,6A,EXTRA,wordlist,82,high
pri-6A-EXTRA-0125,ship,,大）船,primary,6,6A,EXTRA,wordlist,82,high
pri-6A-EXTRA-0126,should,,应该,primary,6,6A,EXTRA,wordlist,82,high
pri-6A-EXTRA-0127,sir,,对男子的礼貌称呼）,primary,6,6A,EXTRA,wordlist,82,high
pri-6A-EXTRA-0128,sit,,坐,primary,6,6A,EXTRA,wordlist,82,high
pri-6A-EXTRA-0129,sled,,雪橇,primary,6,6A,EXTRA,wordlist,82,high
pri-6A-EXTRA-0130,slow,,使）放慢速度；慢的,primary,6,6A,EXTRA,wordlist,82,high
pri-6A-EXTRA-0131,slow down,,慢下来,primary,6,6A,EXTRA,wordlist,82,high
pri-6A-EXTRA-0132,space,,太空,primary,6,6A,EXTRA,wordlist,82,high
pri-6A-EXTRA-0133,stay,,保持,primary,6,6A,EXTRA,wordlist,82,high
pri-6A-EXTRA-0134,stop,,停下,primary,6,6A,EXTRA,wordlist,82,high
pri-6A-EXTRA-0135,straight,,笔直地,primary,6,6A,EXTRA,wordlist,82,high
pri-6A-EXTRA-0136,street,,大街；街道,primary,6,6A,EXTRA,wordlist,82,high
pri-6A-EXTRA-0137,stuck,,陷住；无法移动,primary,6,6A,EXTRA,wordlist,82,high
pri-6A-EXTRA-0138,studies study,,的第三,primary,6,6A,EXTRA,wordlist,82,high
pri-6A-EXTRA-0139,subway,,地铁,primary,6,6A,EXTRA,wordlist,82,high
pri-6A-EXTRA-0140,supermarket,,超市,primary,6,6A,EXTRA,wordlist,82,high
pri-6A-EXTRA-0141,T,,,primary,6,6A,EXTRA,wordlist,82,high
pri-6A-EXTRA-0142,take a deep breath,,,primary,6,6A,EXTRA,wordlist,82,high
pri-6A-EXTRA-0143,take a trip,,去旅行,primary,6,6A,EXTRA,wordlist,82,high
pri-6A-EXTRA-0144,taxi,,出租汽车,primary,6,6A,EXTRA,wordlist,82,high
pri-6A-EXTRA-0145,tell,,告诉,primary,6,6A,EXTRA,wordlist,82,high
pri-6A-EXTRA-0146,together,,一起,primary,6,6A,EXTRA,wordlist,82,high
pri-6A-EXTRA-0147,tomorrow,,明天,primary,6,6A,EXTRA,wordlist,82,high
pri-6A-EXTRA-0148,tonight,,在今晚,primary,6,6A,EXTRA,wordlist,82,high
pri-6A-EXTRA-0149,traffic,,交通,primary,6,6A,EXTRA,wordlist,82,high
pri-6A-EXTRA-0150,traffic lights,,交通信号灯,primary,6,6A,EXTRA,wordlist,82,high
pri-6A-EXTRA-0151,train,,火车,primary,6,6A,EXTRA,wordlist,83,high
pri-6A-EXTRA-0152,travel,,尤指长途）旅行,primary,6,6A,EXTRA,wordlist,83,high
pri-6A-EXTRA-0153,trip,,旅行,primary,6,6A,EXTRA,wordlist,83,high
pri-6A-EXTRA-0154,turn,,转弯,primary,6,6A,EXTRA,wordlist,83,high
pri-6A-EXTRA-0155,type,,打字,primary,6,6A,EXTRA,wordlist,83,high
pri-6A-EXTRA-0156,U,,,primary,6,6A,EXTRA,wordlist,83,high
pri-6A-EXTRA-0157,university,,大学,primary,6,6A,EXTRA,wordlist,83,high
pri-6A-EXTRA-0158,use,,使用,primary,6,6A,EXTRA,wordlist,83,high
pri-6A-EXTRA-0159,V,,,primary,6,6A,EXTRA,wordlist,83,high
pri-6A-EXTRA-0160,visit,,拜访,primary,6,6A,EXTRA,wordlist,83,high
pri-6A-EXTRA-0161,W,,,primary,6,6A,EXTRA,wordlist,83,high
pri-6A-EXTRA-0162,wear,,穿；戴,primary,6,6A,EXTRA,wordlist,83,high
pri-6A-EXTRA-0163,well,,健康；身体好,primary,6,6A,EXTRA,wordlist,83,high
pri-6A-EXTRA-0164,word,,单词,primary,6,6A,EXTRA,wordlist,83,high
pri-6A-EXTRA-0165,word book,,单词书,primary,6,6A,EXTRA,wordlist,83,high
pri-6A-EXTRA-0166,worker,,工人,primary,6,6A,EXTRA,wordlist,83,high
pri-6A-EXTRA-0167,worried,,担心的；发愁的,primary,6,6A,EXTRA,wordlist,83,high
pri-6A-EXTRA-0168,worry,,担心；担忧,primary,6,6A,EXTRA,wordlist,83,high
pri-6A-EXTRA-0169,wrong,,有毛病,primary,6,6A,EXTRA,wordlist,83,high
pri-6A-U6-0558,Where is the museum shop,,,primary,6,6A,U6,wordlist,84,high
pri-6A-U6-0559,It s near the door,,,primary,6,6A,U6,wordlist,84,high
pri-6A-U6-0560,How can we get there,,,primary,6,6A,U6,wordlist,84,high
pri-6A-U6-0561,Turn left at the bookstore,,,primary,6,6A,U6,wordlist,84,high
pri-6A-U6-0562,How do you come to school,,,primary,6,6A,U6,wordlist,84,high
pri-6A-U6-0563,Usually I come on foot,,,primary,6,6A,U6,wordlist,84,high
pri-6A-U6-0564,In the USA people on bikes must,,,primary,6,6A,U6,wordlist,84,high
pri-6A-U6-0565,wear one,,,primary,6,6A,U6,wordlist,84,high
pri-6A-U6-0566,Don t go at the red light,,,primary,6,6A,U6,wordlist,84,high
pri-6A-U6-0567,I must pay attention to the,,,primary,6,6A,U6,wordlist,84,high
pri-6A-U6-0568,traffic lights,,,primary,6,6A,U6,wordlist,84,high
pri-6A-U6-0569,What are you going to do tomorrow,,,primary,6,6A,U6,wordlist,84,high
pri-6A-U6-0570,I m going to have an art lesson,,,primary,6,6A,U6,wordlist,84,high
pri-6A-U6-0571,We re going to draw some,,,primary,6,6A,U6,wordlist,84,high
pri-6A-U6-0572,pictures in Renmin Park,,,primary,6,6A,U6,wordlist,84,high
pri-6A-U6-0573,Where are you going,,,primary,6,6A,U6,wordlist,84,high
pri-6A-U6-0574,We re going to the cinema,,,primary,6,6A,U6,wordlist,84,high
pri-6A-U6-0575,When are you going,,,primary,6,6A,U6,wordlist,84,high
pri-6A-U6-0576,What are Peter s hobbies,,,primary,6,6A,U6,wordlist,84,high
pri-6A-U6-0577,He likes reading stories,,,primary,6,6A,U6,wordlist,84,high
pri-6A-U6-0578,Does he live in Sydney,,,primary,6,6A,U6,wordlist,84,high
pri-6A-U6-0579,No he doesn t,,,primary,6,6A,U6,wordlist,84,high
pri-6A-U6-0580,Does he like doing word puzzles,,,primary,6,6A,U6,wordlist,84,high
pri-6A-U6-0581,and going hiking,,,primary,6,6A,U6,wordlist,84,high
pri-6A-U6-0582,Yes he does,,,primary,6,6A,U6,wordlist,84,high
pri-6A-U6-0583,Useful expressions,,,primary,6,6A,U6,wordlist,84,high
pri-6A-U5-0202,What does he do,,,primary,6,6A,U5,wordlist,85,high
pri-6A-U5-0203,He s a businessman,,,primary,6,6A,U5,wordlist,85,high
pri-6A-U5-0204,Where does he work,,,primary,6,6A,U5,wordlist,85,high
pri-6A-U5-0205,He works at sea,,,primary,6,6A,U5,wordlist,85,high
pri-6A-U5-0206,How does he go to work,,,primary,6,6A,U5,wordlist,85,high
pri-6A-U5-0207,He goes to work by bike,,,primary,6,6A,U5,wordlist,85,high
pri-6A-U5-0208,They re afraid of him,,,primary,6,6A,U5,wordlist,85,high
pri-6A-U5-0209,The cat is angry with them,,,primary,6,6A,U5,wordlist,85,high
pri-6A-U5-0210,What s wrong,,,primary,6,6A,U5,wordlist,85,high
pri-6A-U5-0211,Your father is ill,,,primary,6,6A,U5,wordlist,85,high
pri-6A-U5-0212,He should see a doctor this,,,primary,6,6A,U5,wordlist,85,high
pri-6A-U5-0213,morning,,,primary,6,6A,U5,wordlist,85,high
pri-6A-U5-0214,Don t be sad,,,primary,6,6A,U5,wordlist,85,high
pri-6A-U5-0215,Proverbs,,,primary,6,6A,U5,wordlist,85,high
pri-6A-U5-0216,Better to ask the way than go,,,primary,6,6A,U5,wordlist,85,high
pri-6A-U5-0217,astray,,,primary,6,6A,U5,wordlist,85,high
pri-6A-U5-0218,Horses for courses,,,primary,6,6A,U5,wordlist,85,high
pri-6A-U5-0219,Think today and speak tomorrow,,,primary,6,6A,U5,wordlist,85,high
pri-6A-U5-0220,A friend in need is a friend indeed,,,primary,6,6A,U5,wordlist,85,high
pri-6A-U5-0221,Like father like son,,,primary,6,6A,U5,wordlist,85,high
pri-6A-U5-0222,No pleasure without pain,,,primary,6,6A,U5,wordlist,85,high
pri-6A-U6-0584,Lingo Learning Inc,,,primary,6,6A,U6,text_only,86,high
pri-6A-U6-0585,David Booth,,,primary,6,6A,U6,text_only,86,high
pri-6A-U6-0586,Jack Booth,,,primary,6,6A,U6,text_only,86,high
pri-6A-U6-0587,Sandra Purchase,,,primary,6,6A,U6,text_only,86,high
pri-6A-U6-0588,Suzanne Robare,,,primary,6,6A,U6,text_only,86,high
pri-6A-U6-0589,jcfk,,,primary,6,6A,U6,text_only,86,high
pri-6A-U6-0590,pep,,,primary,6,6A,U6,text_only,86,high
pri-6A-U6-0591,com,,,primary,6,6A,U6,text_only,86,high
pri-6A-U6-0592,cn,,,primary,6,6A,U6,text_only,86,low
pri-6A-U6-0593,YINGYU,,,primary,6,6A,U6,wordlist,87,high
pri-6A-U6-0594,YIWU JIAOYU JIAOKESHU,,,primary,6,6A,U6,wordlist,87,high
pri-6B-U1-0001,PEP,,,primary,6,6B,U1,wordlist,2,high
pri-6B-U1-0002,Larry Swartz Beth Levy,,,primary,6,6B,U1,text_only,3,high
pri-6B-U1-0003,Fraser Bewick,,,primary,6,6B,U1,text_only,3,high
pri-6B-U1-0004,Copyright by People s Education Press Ltd and Lingo Learning Inc,,,primary,6,6B,U1,wordlist,3,high
pri-6B-U1-0005,No part of this publication may be reproduced or transmitted in any form or by any means,,,primary,6,6B,U1,wordlist,3,high
pri-6B-U1-0006,without permission in writing from the publisher,,,primary,6,6B,U1,wordlist,3,high
pri-6B-U1-0007,http,,,primary,6,6B,U1,text_only,3,high
pri-6B-U1-0008,www,,,primary,6,6B,U1,text_only,3,high
pri-6B-U1-0009,com,,,primary,6,6B,U1,text_only,3,high
pri-6B-U1-0010,cn,,,primary,6,6B,U1,text_only,3,low
pri-6B-U1-0011,ISBN,,,primary,6,6B,U1,text_only,3,high
pri-6B-U1-0012,jcyjfk,,,primary,6,6B,U1,text_only,3,high
pri-6B-U1-0013,Sarah,,,primary,6,6B,U1,text_only,4,high
pri-6B-U1-0014,Amy,,,primary,6,6B,U1,text_only,4,high
pri-6B-U1-0015,Mike,,,primary,6,6B,U1,text_only,4,high
pri-6B-U1-0016,John,,,primary,6,6B,U1,text_only,4,high
pri-6B-U1-0017,Oliver,,,primary,6,6B,U1,text_only,4,high
pri-6B-U1-0018,Robin,,,primary,6,6B,U1,text_only,4,high
pri-6B-U1-0019,Zoom,,,primary,6,6B,U1,text_only,4,high
pri-6B-U1-0020,Zip,,也会陪伴你们一道继续快乐地学习,primary,6,6B,U1,wordlist,4,high
pri-6B-U1-0021,Let,,,primary,6,6B,U1,text_only,4,high
pri-6B-U1-0022,s try,,,primary,6,6B,U1,text_only,4,high
pri-6B-U1-0023,Read and write,,,primary,6,6B,U1,text_only,4,high
pri-6B-U1-0024,s wrap it up,,,primary,6,6B,U1,text_only,4,high
pri-6B-U3-0001,Appendix Words in each unit,,,primary,6,6B,U3,wordlist,5,high
pri-6B-U3-0002,CONTENTS,,,primary,6,6B,U3,wordlist,5,high
pri-6B-U3-0003,Recycle Mike s happy days,,,primary,6,6B,U3,wordlist,5,high
pri-6B-U3-0004,Appendix Songs in each unit,,,primary,6,6B,U3,wordlist,5,high
pri-6B-U3-0005,Appendix Vocabulary,,,primary,6,6B,U3,wordlist,5,high
pri-6B-U3-0006,Appendix Useful expressions,,,primary,6,6B,U3,wordlist,5,high
pri-6B-U3-0007,Appendix Short plays,,,primary,6,6B,U3,wordlist,5,high
pri-6B-U3-0008,Appendix Irregular verbs,,,primary,6,6B,U3,wordlist,5,high
pri-6B-U3-0009,Appendix English pronunciation patterns,,,primary,6,6B,U3,wordlist,5,high
pri-6B-U3-0010,Appendix Proverbs,,,primary,6,6B,U3,wordlist,5,high
pri-6B-U1-0025,Some dinosaurs are bigger,,,primary,6,6B,U1,wordlist,7,high
pri-6B-U1-0026,than houses Some are smaller,,,primary,6,6B,U1,wordlist,7,high
pri-6B-U1-0027,than our schoolbags,,,primary,6,6B,U1,wordlist,7,high
pri-6B-U1-0028,It s so tall,,,primary,6,6B,U1,wordlist,7,high
pri-6B-U1-0029,I m metres tall I m,,,primary,6,6B,U1,wordlist,7,high
pri-6B-U1-0030,taller than this dinosaur,,,primary,6,6B,U1,wordlist,7,high
pri-6B-U1-0031,I m metres tall,,,primary,6,6B,U1,wordlist,7,high
pri-6B-U1-0032,I m the tallest,,,primary,6,6B,U1,wordlist,7,high
pri-6B-U1-0033,Unit One,,,primary,6,6B,U1,wordlist,7,high
pri-6B-U1-0034,How heavy is it,,,primary,6,6B,U1,wordlist,8,high
pri-6B-U1-0035,What size are,,,primary,6,6B,U1,wordlist,8,high
pri-6B-U1-0036,your shoes,,,primary,6,6B,U1,wordlist,8,high
pri-6B-U1-0037,My shoes are,,,primary,6,6B,U1,wordlist,8,high
pri-6B-U1-0038,size,,,primary,6,6B,U1,wordlist,8,high
pri-6B-U1-0039,It s five tons,,,primary,6,6B,U1,wordlist,8,high
pri-6B-U1-0040,How tall are you,,,primary,6,6B,U1,wordlist,8,high
pri-6B-U1-0041,A,,,primary,6,6B,U1,wordlist,9,high
pri-6B-U1-0042,Zhang Peng Look That s the tallest dinosaur,,,primary,6,6B,U1,wordlist,9,high
pri-6B-U1-0043,in this hall,,,primary,6,6B,U1,wordlist,9,high
pri-6B-U1-0044,Mike Yes it is How tall is it,,,primary,6,6B,U1,wordlist,9,high
pri-6B-U1-0045,Zhang Peng Maybe metres,,,primary,6,6B,U1,wordlist,9,high
pri-6B-U1-0046,Mike Wow It s taller than both of us together,,,primary,6,6B,U1,wordlist,9,high
pri-6B-U1-0047,Zhang Peng Look There are more dinosaurs over there,,,primary,6,6B,U1,wordlist,9,high
pri-6B-U1-0048,Mike They re all so big and tall,,,primary,6,6B,U1,wordlist,9,high
pri-6B-U1-0049,Zhang Peng Hey this dinosaur isn t tall I m,,,primary,6,6B,U1,wordlist,9,high
pri-6B-U1-0050,taller than this one,,,primary,6,6B,U1,wordlist,9,high
pri-6B-U1-0051,Mike Oh yes How tall are you,,,primary,6,6B,U1,wordlist,9,high
pri-6B-U1-0052,Zhang Peng I m metres,,,primary,6,6B,U1,wordlist,9,high
pri-6B-U1-0053,The first dinosaur eats A vegetables B meat,,,primary,6,6B,U1,wordlist,9,high
pri-6B-U1-0054,The dinosaur is taller A first,,,primary,6,6B,U1,wordlist,9,high
pri-6B-U1-0055,B second,,,primary,6,6B,U1,wordlist,9,high
pri-6B-U1-0056,How tall are you I m metres,,,primary,6,6B,U1,wordlist,9,high
pri-6B-U1-0057,Who is taller than you,,,primary,6,6B,U1,wordlist,9,high
pri-6B-U1-0058,How old are you I m,,,primary,6,6B,U1,wordlist,9,high
pri-6B-U1-0059,Who is older than you,,,primary,6,6B,U1,wordlist,9,high
pri-6B-U1-0060,The children are in the museum Listen and,,,primary,6,6B,U1,wordlist,9,high
pri-6B-U1-0061,circle,,,primary,6,6B,U1,wordlist,9,high
pri-6B-U1-0062,Let s try,,,primary,6,6B,U1,wordlist,9,high
pri-6B-U1-0063,How tall is Zhang Peng,,,primary,6,6B,U1,wordlist,9,high
pri-6B-U1-0064,Who is taller Zhang Peng or the small dinosaur,,,primary,6,6B,U1,wordlist,9,high
pri-6B-U1-0065,Let s talk,,,primary,6,6B,U1,wordlist,9,high
pri-6B-U1-0066,Zhang Peng How tall are you,,,primary,6,6B,U1,wordlist,10,high
pri-6B-U1-0067,John I m metres,,,primary,6,6B,U1,wordlist,10,high
pri-6B-U1-0068,Zhang Peng Oh I m taller,,,primary,6,6B,U1,wordlist,10,high
pri-6B-U1-0069,John You re older than me too,,,primary,6,6B,U1,wordlist,10,high
pri-6B-U1-0070,Name Age Height,,,primary,6,6B,U1,wordlist,10,high
pri-6B-U1-0071,Wu Binbin m,,,primary,6,6B,U1,wordlist,10,high
pri-6B-U1-0072,younger,,,primary,6,6B,U1,wordlist,10,high
pri-6B-U1-0073,older,,,primary,6,6B,U1,wordlist,10,high
pri-6B-U1-0074,taller,,,primary,6,6B,U1,wordlist,10,high
pri-6B-U1-0075,shorter,,,primary,6,6B,U1,wordlist,10,high
pri-6B-U1-0076,longer,,,primary,6,6B,U1,wordlist,10,high
pri-6B-U1-0077,How old are you,,,primary,6,6B,U1,wordlist,10,high
pri-6B-U1-0078,I m years old,,,primary,6,6B,U1,wordlist,10,high
pri-6B-U1-0079,I m metres,,,primary,6,6B,U1,wordlist,10,high
pri-6B-U1-0080,Wu Binbin is taller than John but,,,primary,6,6B,U1,wordlist,10,high
pri-6B-U1-0081,Zhang Peng is taller than Wu Binbin,,,primary,6,6B,U1,wordlist,10,high
pri-6B-U1-0082,Let s learn,,,primary,6,6B,U1,wordlist,10,high
pri-6B-U1-0083,Do a survey and report,,,primary,6,6B,U1,wordlist,10,high
pri-6B-U1-0084,Words,,,primary,6,6B,U1,wordlist,10,high
pri-6B-U1-0085,B,,,primary,6,6B,U1,wordlist,11,high
pri-6B-U1-0086,Mike Those shoes in the window are,,,primary,6,6B,U1,wordlist,11,high
pri-6B-U1-0087,nice Let s have a look,,,primary,6,6B,U1,wordlist,11,high
pri-6B-U1-0088,Wu Binbin What size are your shoes Mike,,,primary,6,6B,U1,wordlist,11,high
pri-6B-U1-0089,Mike Size,,,primary,6,6B,U1,wordlist,11,high
pri-6B-U1-0090,Wu Binbin Size That s so small,,,primary,6,6B,U1,wordlist,11,high
pri-6B-U1-0091,Mike In China I wear size shoes,,,primary,6,6B,U1,wordlist,11,high
pri-6B-U1-0092,Wu Binbin Oh Your feet are bigger than,,,primary,6,6B,U1,wordlist,11,high
pri-6B-U1-0093,mine My shoes are size,,,primary,6,6B,U1,wordlist,11,high
pri-6B-U1-0094,Mike Really You look taller than me,,,primary,6,6B,U1,wordlist,11,high
pri-6B-U1-0095,Wu Binbin But I think you are heavier,,,primary,6,6B,U1,wordlist,11,high
pri-6B-U1-0096,How heavy are you,,,primary,6,6B,U1,wordlist,11,high
pri-6B-U1-0097,Mike I m kilograms,,,primary,6,6B,U1,wordlist,11,high
pri-6B-U1-0098,Wu Binbin Yes you re heavier I m kilograms,,,primary,6,6B,U1,wordlist,11,high
pri-6B-U1-0099,What do Wu Binbin and Mike want to do first,,,primary,6,6B,U1,wordlist,11,high
pri-6B-U1-0100,A Go hiking,,,primary,6,6B,U1,wordlist,11,high
pri-6B-U1-0101,B Go shopping,,,primary,6,6B,U1,wordlist,11,high
pri-6B-U1-0102,What are they going to buy,,,primary,6,6B,U1,wordlist,11,high
pri-6B-U1-0103,A Hiking clothes and shoes,,,primary,6,6B,U1,wordlist,11,high
pri-6B-U1-0104,B Magazines,,,primary,6,6B,U1,wordlist,11,high
pri-6B-U1-0105,Who is heavier than you,,,primary,6,6B,U1,wordlist,11,high
pri-6B-U1-0106,What size are your shoes,,,primary,6,6B,U1,wordlist,11,high
pri-6B-U1-0107,Whose shoes are bigger,,,primary,6,6B,U1,wordlist,11,high
pri-6B-U1-0108,Mike and Wu Binbin are talking about the weekend,,,primary,6,6B,U1,wordlist,11,high
pri-6B-U1-0109,Listen and circle,,,primary,6,6B,U1,wordlist,11,high
pri-6B-U1-0110,What size are Wu Binbin s shoes,,,primary,6,6B,U1,wordlist,11,high
pri-6B-U1-0111,How heavy is Wu Binbin,,,primary,6,6B,U1,wordlist,11,high
pri-6B-U2-0001,John How heavy are you Jim,,,primary,6,6B,U2,wordlist,12,high
pri-6B-U2-0002,Jim I m kilograms,,,primary,6,6B,U2,wordlist,12,high
pri-6B-U2-0003,John You re heavier than me,,,primary,6,6B,U2,wordlist,12,high
pri-6B-U2-0004,thinner,,,primary,6,6B,U2,wordlist,12,high
pri-6B-U2-0005,heavier,,,primary,6,6B,U2,wordlist,12,high
pri-6B-U2-0006,stronger,,,primary,6,6B,U2,wordlist,12,high
pri-6B-U2-0007,bigger,,,primary,6,6B,U2,wordlist,12,high
pri-6B-U2-0008,smaller,,,primary,6,6B,U2,wordlist,12,high
pri-6B-U2-0009,Mike s fish is,,,primary,6,6B,U2,wordlist,12,high
pri-6B-U2-0010,Let s learn,,,primary,6,6B,U2,wordlist,12,high
pri-6B-U2-0011,Match and say,,,primary,6,6B,U2,wordlist,12,high
pri-6B-U2-0012,Words,,,primary,6,6B,U2,wordlist,12,high
pri-6B-U2-0013,Title,,,primary,6,6B,U2,wordlist,13,high
pri-6B-U2-0014,Little Duck is watching the sun,,,primary,6,6B,U2,wordlist,13,high
pri-6B-U2-0015,go down It is getting lower and,,,primary,6,6B,U2,wordlist,13,high
pri-6B-U2-0016,lower but his shadow is getting,,,primary,6,6B,U2,wordlist,13,high
pri-6B-U2-0017,longer and longer,,,primary,6,6B,U2,wordlist,13,high
pri-6B-U2-0018,Why is that Little Duck asks,,,primary,6,6B,U2,wordlist,13,high
pri-6B-U2-0019,his friend Old Tree You are,,,primary,6,6B,U2,wordlist,13,high
pri-6B-U2-0020,older and smarter than me Tell,,,primary,6,6B,U2,wordlist,13,high
pri-6B-U2-0021,me why is my shadow longer,,,primary,6,6B,U2,wordlist,13,high
pri-6B-U2-0022,when the sun gets lower,,,primary,6,6B,U2,wordlist,13,high
pri-6B-U2-0023,Old Tree says,,,primary,6,6B,U2,wordlist,13,high
pri-6B-U2-0024,That s easy Little,,,primary,6,6B,U2,wordlist,13,high
pri-6B-U2-0025,Duck The sun goes,,,primary,6,6B,U2,wordlist,13,high
pri-6B-U2-0026,down every day and,,,primary,6,6B,U2,wordlist,13,high
pri-6B-U2-0027,we grow older every,,,primary,6,6B,U2,wordlist,13,high
pri-6B-U2-0028,day Your shadow,,,primary,6,6B,U2,wordlist,13,high
pri-6B-U2-0029,grows longer because,,,primary,6,6B,U2,wordlist,13,high
pri-6B-U2-0030,you are growing taller,,,primary,6,6B,U2,wordlist,13,high
pri-6B-U2-0031,You are becoming a big,,,primary,6,6B,U2,wordlist,13,high
pri-6B-U2-0032,beautiful bird,,,primary,6,6B,U2,wordlist,13,high
pri-6B-U2-0033,Can you answer Little,,,primary,6,6B,U2,wordlist,13,high
pri-6B-U2-0034,Duck s question Robin,,,primary,6,6B,U2,wordlist,13,high
pri-6B-U2-0035,Read and write,,,primary,6,6B,U2,wordlist,13,high
pri-6B-U2-0036,Spring is coming The sky is clearer and the sun is,,,primary,6,6B,U2,wordlist,13,high
pri-6B-U2-0037,brighter Can you think of any other changes Look,,,primary,6,6B,U2,wordlist,13,high
pri-6B-U2-0038,and tick,,,primary,6,6B,U2,wordlist,13,high
pri-6B-U2-0039,Wu Binbin and his family are going on a trip to the,,,primary,6,6B,U2,wordlist,13,high
pri-6B-U2-0040,countryside Wu Binbin has a story to tell Robin,,,primary,6,6B,U2,wordlist,13,high
pri-6B-U2-0041,Choose a title for the story,,,primary,6,6B,U2,wordlist,14,high
pri-6B-U2-0042,A Little Duck s shadow,,,primary,6,6B,U2,wordlist,14,high
pri-6B-U2-0043,B Old Tree s shadow,,,primary,6,6B,U2,wordlist,14,high
pri-6B-U2-0044,Who is younger,,,primary,6,6B,U2,wordlist,14,high
pri-6B-U2-0045,A The tree,,,primary,6,6B,U2,wordlist,14,high
pri-6B-U2-0046,B The duck,,,primary,6,6B,U2,wordlist,14,high
pri-6B-U2-0047,When is the duck s shadow longer,,,primary,6,6B,U2,wordlist,14,high
pri-6B-U2-0048,A In the morning,,,primary,6,6B,U2,wordlist,14,high
pri-6B-U2-0049,B In the afternoon,,,primary,6,6B,U2,wordlist,14,high
pri-6B-U2-0050,Do you agree with Old Tree Why,,,primary,6,6B,U2,wordlist,14,high
pri-6B-U2-0051,Can you answer Little Duck s question,,,primary,6,6B,U2,wordlist,14,high
pri-6B-U2-0052,What s your answer,,,primary,6,6B,U2,wordlist,14,high
pri-6B-U2-0053,Please circle the words with -er Then talk,,,primary,6,6B,U2,wordlist,14,high
pri-6B-U2-0054,about the changes in your friends,,,primary,6,6B,U2,wordlist,14,high
pri-6B-U2-0055,Little Duck Old Tree the sun gets,,,primary,6,6B,U2,wordlist,14,high
pri-6B-U2-0056,gets,,,primary,6,6B,U2,wordlist,14,high
pri-6B-U2-0057,Old Tree That s easy Your shadow gets longer because you,,,primary,6,6B,U2,wordlist,14,high
pri-6B-U2-0058,are getting,,,primary,6,6B,U2,wordlist,14,high
pri-6B-U2-0059,day,,,primary,6,6B,U2,wordlist,14,high
pri-6B-U2-0060,Little Duck So what will happen to me,,,primary,6,6B,U2,wordlist,14,high
pri-6B-U2-0061,Old Tree Well,,,primary,6,6B,U2,wordlist,14,high
pri-6B-U2-0062,Read and circle,,,primary,6,6B,U2,wordlist,14,high
pri-6B-U2-0063,Think and discuss,,,primary,6,6B,U2,wordlist,14,high
pri-6B-U2-0064,Read the story again and finish the dialogue,,,primary,6,6B,U2,wordlist,14,high
pri-6B-U2-0065,John is older,,,primary,6,6B,U2,wordlist,15,high
pri-6B-U2-0066,long strong big sad hot,,,primary,6,6B,U2,wordlist,15,high
pri-6B-U2-0067,angry sunny funny happy windy,,,primary,6,6B,U2,wordlist,15,high
pri-6B-U2-0068,tall taller,,,primary,6,6B,U2,wordlist,15,high
pri-6B-U2-0069,thin thinner,,,primary,6,6B,U2,wordlist,15,high
pri-6B-U2-0070,heavy heavier,,,primary,6,6B,U2,wordlist,15,high
pri-6B-U2-0071,Listen and tick,,,primary,6,6B,U2,wordlist,15,high
pri-6B-U2-0072,Let s check,,,primary,6,6B,U2,wordlist,15,high
pri-6B-U2-0073,Let s wrap it up,,,primary,6,6B,U2,wordlist,15,high
pri-6B-U2-0074,Listen again and write the answers to the questions,,,primary,6,6B,U2,wordlist,15,high
pri-6B-U2-0075,C,,,primary,6,6B,U2,wordlist,16,high
pri-6B-U2-0076,Zebra They need a new,,,primary,6,6B,U2,wordlist,16,high
pri-6B-U2-0077,goalkeeper,,,primary,6,6B,U2,wordlist,16,high
pri-6B-U2-0078,Deer I d like to have a try,,,primary,6,6B,U2,wordlist,16,high
pri-6B-U2-0079,Giraffe Me too,,,primary,6,6B,U2,wordlist,16,high
pri-6B-U2-0080,Dog I can t wait,,,primary,6,6B,U2,wordlist,16,high
pri-6B-U2-0081,Zoom How tall are you,,,primary,6,6B,U2,wordlist,16,high
pri-6B-U2-0082,Deer I m metres,,,primary,6,6B,U2,wordlist,16,high
pri-6B-U2-0083,Zip How heavy are you,,,primary,6,6B,U2,wordlist,16,high
pri-6B-U2-0084,Deer I m kilograms,,,primary,6,6B,U2,wordlist,16,high
pri-6B-U2-0085,Zip Mr Zebra is,,,primary,6,6B,U2,wordlist,16,high
pri-6B-U2-0086,centimetres taller than,,,primary,6,6B,U2,wordlist,16,high
pri-6B-U2-0087,Mr Deer,,,primary,6,6B,U2,wordlist,16,high
pri-6B-U2-0088,Zoom Yes and he s stronger,,,primary,6,6B,U2,wordlist,16,high
pri-6B-U2-0089,But he can t catch the ball,,,primary,6,6B,U2,wordlist,16,high
pri-6B-U2-0090,Giraffe I m the tallest one,,,primary,6,6B,U2,wordlist,16,high
pri-6B-U2-0091,Zip Sorry Your neck is,,,primary,6,6B,U2,wordlist,16,high
pri-6B-U2-0092,too long The others,,,primary,6,6B,U2,wordlist,16,high
pri-6B-U2-0093,can t reach you,,,primary,6,6B,U2,wordlist,16,high
pri-6B-U2-0094,Football needs,,,primary,6,6B,U2,wordlist,16,high
pri-6B-U2-0095,teamwork,,,primary,6,6B,U2,wordlist,16,high
pri-6B-U2-0096,Hippo What s happening here,,,primary,6,6B,U2,wordlist,16,high
pri-6B-U2-0097,Zip Oh Here s the one,,,primary,6,6B,U2,wordlist,16,high
pri-6B-U2-0098,we want,,,primary,6,6B,U2,wordlist,16,high
pri-6B-U2-0099,Zoom Why He s too heavy,,,primary,6,6B,U2,wordlist,16,high
pri-6B-U2-0100,Zip We need a big guy,,,primary,6,6B,U2,wordlist,16,high
pri-6B-U2-0101,Zoom Oh He s almost bigger,,,primary,6,6B,U2,wordlist,16,high
pri-6B-U2-0102,than the goal,,,primary,6,6B,U2,wordlist,16,high
pri-6B-U2-0103,Dog Yes He s an excellent,,,primary,6,6B,U2,wordlist,16,high
pri-6B-U2-0104,Story time,,,primary,6,6B,U2,wordlist,16,high
pri-6B-U2-0105,Unit Two,,,primary,6,6B,U2,wordlist,17,high
pri-6B-U2-0106,What did you do,,,primary,6,6B,U2,wordlist,18,high
pri-6B-U2-0107,last weekend,,,primary,6,6B,U2,wordlist,18,high
pri-6B-U2-0108,Did you play football,,,primary,6,6B,U2,wordlist,18,high
pri-6B-U2-0109,with Zhang Peng,,,primary,6,6B,U2,wordlist,18,high
pri-6B-U2-0110,I cleaned my room,,,primary,6,6B,U2,wordlist,18,high
pri-6B-U2-0111,and washed my,,,primary,6,6B,U2,wordlist,18,high
pri-6B-U2-0112,clothes on Saturday,,,primary,6,6B,U2,wordlist,18,high
pri-6B-U2-0113,Yes I did We played,,,primary,6,6B,U2,wordlist,18,high
pri-6B-U2-0114,football on Sunday,,,primary,6,6B,U2,wordlist,18,high
pri-6B-U2-0115,A,,,primary,6,6B,U2,wordlist,19,high
pri-6B-U2-0116,Mike Hi Grandpa How are you How was,,,primary,6,6B,U2,wordlist,19,high
pri-6B-U2-0117,your weekend,,,primary,6,6B,U2,wordlist,19,high
pri-6B-U2-0118,Grandpa I m fine Mike It was good thank you,,,primary,6,6B,U2,wordlist,19,high
pri-6B-U2-0119,Mike What did you do,,,primary,6,6B,U2,wordlist,19,high
pri-6B-U2-0120,Grandpa Well I stayed at home with your,,,primary,6,6B,U2,wordlist,19,high
pri-6B-U2-0121,grandma We drank tea in the,,,primary,6,6B,U2,wordlist,19,high
pri-6B-U2-0122,afternoon and watched TV,,,primary,6,6B,U2,wordlist,19,high
pri-6B-U2-0123,Mike I watched TV too,,,primary,6,6B,U2,wordlist,19,high
pri-6B-U2-0124,I watched some children s shows on TV,,,primary,6,6B,U2,wordlist,19,high
pri-6B-U2-0125,Grandpa That s nice Did you do anything else,,,primary,6,6B,U2,wordlist,19,high
pri-6B-U2-0126,Mike Yes I cleaned my room and washed,,,primary,6,6B,U2,wordlist,19,high
pri-6B-U2-0127,my clothes,,,primary,6,6B,U2,wordlist,19,high
pri-6B-U2-0128,Grandpa You are a good boy,,,primary,6,6B,U2,wordlist,19,high
pri-6B-U2-0129,Sarah and Mike are talking on,,,primary,6,6B,U2,wordlist,19,high
pri-6B-U2-0130,A Saturday,,,primary,6,6B,U2,wordlist,19,high
pri-6B-U2-0131,B Sunday,,,primary,6,6B,U2,wordlist,19,high
pri-6B-U2-0132,Who is Mike going to call,,,primary,6,6B,U2,wordlist,19,high
pri-6B-U2-0133,A His grandparents,,,primary,6,6B,U2,wordlist,19,high
pri-6B-U2-0134,B His parents,,,primary,6,6B,U2,wordlist,19,high
pri-6B-U2-0135,How was your weekend,,,primary,6,6B,U2,wordlist,19,high
pri-6B-U2-0136,What did you do last weekend,,,primary,6,6B,U2,wordlist,19,high
pri-6B-U2-0137,What are you going to do next weekend,,,primary,6,6B,U2,wordlist,19,high
pri-6B-U2-0138,Sarah and Mike are talking about this weekend,,,primary,6,6B,U2,wordlist,19,high
pri-6B-U2-0139,Listen and circle,,,primary,6,6B,U2,wordlist,19,high
pri-6B-U2-0140,Let s try,,,primary,6,6B,U2,wordlist,19,high
pri-6B-U2-0141,What did Mike s grandpa do last,,,primary,6,6B,U2,wordlist,19,high
pri-6B-U2-0142,weekend,,,primary,6,6B,U2,wordlist,19,high
pri-6B-U2-0143,Let s talk,,,primary,6,6B,U2,wordlist,19,high
pri-6B-U2-0144,Mike How was your weekend,,,primary,6,6B,U2,wordlist,20,high
pri-6B-U2-0145,Chen Jie It was fine thanks,,,primary,6,6B,U2,wordlist,20,high
pri-6B-U2-0146,Chen Jie I stayed at home and watched TV,,,primary,6,6B,U2,wordlist,20,high
pri-6B-U2-0147,washed my clothes,,,primary,6,6B,U2,wordlist,20,high
pri-6B-U2-0148,stayed at home,,,primary,6,6B,U2,wordlist,20,high
pri-6B-U2-0149,watched TV,,,primary,6,6B,U2,wordlist,20,high
pri-6B-U2-0150,cleaned my room,,,primary,6,6B,U2,wordlist,20,high
pri-6B-U2-0151,did something else,,,primary,6,6B,U2,wordlist,20,high
pri-6B-U2-0152,Last weekend two students washed their clothes,,,primary,6,6B,U2,wordlist,20,high
pri-6B-U2-0153,How was your,,,primary,6,6B,U2,wordlist,20,high
pri-6B-U2-0154,What did,,,primary,6,6B,U2,wordlist,20,high
pri-6B-U2-0155,you do,,,primary,6,6B,U2,wordlist,20,high
pri-6B-U2-0156,I washed,,,primary,6,6B,U2,wordlist,20,high
pri-6B-U2-0157,It was OK,,,primary,6,6B,U2,wordlist,20,high
pri-6B-U2-0158,Do a survey and report,,,primary,6,6B,U2,wordlist,20,high
pri-6B-U2-0159,Ask six students,,,primary,6,6B,U2,wordlist,20,high
pri-6B-U2-0160,Now tell the class,,,primary,6,6B,U2,wordlist,20,high
pri-6B-U2-0161,B,,,primary,6,6B,U2,wordlist,21,high
pri-6B-U2-0162,John Hey Amy Let s go to the bookstore I want,,,primary,6,6B,U2,wordlist,21,high
pri-6B-U2-0163,to buy the new film magazine,,,primary,6,6B,U2,wordlist,21,high
pri-6B-U2-0164,Amy Oh I read it last weekend,,,primary,6,6B,U2,wordlist,21,high
pri-6B-U2-0165,John Was it interesting,,,primary,6,6B,U2,wordlist,21,high
pri-6B-U2-0166,Amy Yes it talked about a lot of new films,,,primary,6,6B,U2,wordlist,21,high
pri-6B-U2-0167,What did you do last weekend Did you see a film,,,primary,6,6B,U2,wordlist,21,high
pri-6B-U2-0168,John No I had a cold I stayed at home all weekend and slept,,,primary,6,6B,U2,wordlist,21,high
pri-6B-U2-0169,Amy Oh I m sorry I m happy you feel better now,,,primary,6,6B,U2,wordlist,21,high
pri-6B-U2-0170,John Thanks Let s go by bus It s faster than walking,,,primary,6,6B,U2,wordlist,21,high
pri-6B-U2-0171,What did John do last weekend,,,primary,6,6B,U2,wordlist,21,high
pri-6B-U2-0172,A He slept,,,primary,6,6B,U2,wordlist,21,high
pri-6B-U2-0173,B He read a new film magazine,,,primary,6,6B,U2,wordlist,21,high
pri-6B-U2-0174,Are Wu Binbin and John going to meet Amy together,,,primary,6,6B,U2,wordlist,21,high
pri-6B-U2-0175,A Yes they are,,,primary,6,6B,U2,wordlist,21,high
pri-6B-U2-0176,B No they aren t,,,primary,6,6B,U2,wordlist,21,high
pri-6B-U2-0177,What did you do yesterday last night,,,primary,6,6B,U2,wordlist,21,high
pri-6B-U2-0178,What do you usually do on weekends,,,primary,6,6B,U2,wordlist,21,high
pri-6B-U2-0179,Wu Binbin is asking John about last weekend Listen,,,primary,6,6B,U2,wordlist,21,high
pri-6B-U2-0180,and circle,,,primary,6,6B,U2,wordlist,21,high
pri-6B-U2-0181,Did John see a film last weekend What did he do,,,primary,6,6B,U2,wordlist,21,high
pri-6B-U3-0011,saw a film,,,primary,6,6B,U3,wordlist,22,high
pri-6B-U3-0012,John What did you do last weekend,,,primary,6,6B,U3,wordlist,22,high
pri-6B-U3-0013,Amy I saw a film,,,primary,6,6B,U3,wordlist,22,high
pri-6B-U3-0014,John Did you like it,,,primary,6,6B,U3,wordlist,22,high
pri-6B-U3-0015,Amy Yes I did It was great,,,primary,6,6B,U3,wordlist,22,high
pri-6B-U3-0016,slept,,,primary,6,6B,U3,wordlist,22,high
pri-6B-U3-0017,read a book,,,primary,6,6B,U3,wordlist,22,high
pri-6B-U3-0018,had a cold,,,primary,6,6B,U3,wordlist,22,high
pri-6B-U3-0019,last weekend,,,primary,6,6B,U3,wordlist,22,high
pri-6B-U3-0020,last night,,,primary,6,6B,U3,wordlist,22,high
pri-6B-U3-0021,last Monday,,,primary,6,6B,U3,wordlist,22,high
pri-6B-U3-0022,yesterday,,,primary,6,6B,U3,wordlist,22,high
pri-6B-U3-0023,the day before yesterday,,,primary,6,6B,U3,wordlist,22,high
pri-6B-U3-0024,John,,,primary,6,6B,U3,wordlist,22,high
pri-6B-U3-0025,Mike,,,primary,6,6B,U3,wordlist,22,high
pri-6B-U3-0026,Chen Jie,,,primary,6,6B,U3,wordlist,22,high
pri-6B-U3-0027,Amy,,,primary,6,6B,U3,wordlist,22,high
pri-6B-U3-0028,Sarah,,,primary,6,6B,U3,wordlist,22,high
pri-6B-U3-0029,slept had a cold,,,primary,6,6B,U3,wordlist,22,high
pri-6B-U3-0030,went boating,,,primary,6,6B,U3,wordlist,22,high
pri-6B-U3-0031,washed her clothes,,,primary,6,6B,U3,wordlist,22,high
pri-6B-U3-0032,What did John do,,,primary,6,6B,U3,wordlist,22,high
pri-6B-U3-0033,Did he have a,,,primary,6,6B,U3,wordlist,22,high
pri-6B-U3-0034,cold yesterday,,,primary,6,6B,U3,wordlist,22,high
pri-6B-U3-0035,He slept,,,primary,6,6B,U3,wordlist,22,high
pri-6B-U3-0036,Yes,,,primary,6,6B,U3,wordlist,22,high
pri-6B-U3-0037,he did,,,primary,6,6B,U3,wordlist,22,high
pri-6B-U3-0038,Let s learn,,,primary,6,6B,U3,wordlist,22,high
pri-6B-U3-0039,Look and talk,,,primary,6,6B,U3,wordlist,22,high
pri-6B-U3-0040,Words,,,primary,6,6B,U3,wordlist,22,high
pri-6B-U3-0041,Look at the table below for a few seconds Then cover,,,primary,6,6B,U3,wordlist,22,high
pri-6B-U3-0042,it Ask and answer,,,primary,6,6B,U3,wordlist,22,high
pri-6B-U3-0043,Dear Sir,,,primary,6,6B,U3,wordlist,23,high
pri-6B-U3-0044,Our weekend at your hotel was bad Our room was big but,,,primary,6,6B,U3,wordlist,23,high
pri-6B-U3-0045,everything was very old Our friend Robin cleaned our room and,,,primary,6,6B,U3,wordlist,23,high
pri-6B-U3-0046,fixed a broken chair,,,primary,6,6B,U3,wordlist,23,high
pri-6B-U3-0047,My mother wanted to read a book but the lamp was too small,,,primary,6,6B,U3,wordlist,23,high
pri-6B-U3-0048,My dad got some hamburgers from the hotel kitchen but they,,,primary,6,6B,U3,wordlist,23,high
pri-6B-U3-0049,were cold and tasted bad,,,primary,6,6B,U3,wordlist,23,high
pri-6B-U3-0050,I wanted to watch TV but the TV didn t work The people in,,,primary,6,6B,U3,wordlist,23,high
pri-6B-U3-0051,Room listened to loud music I didn t sleep all night,,,primary,6,6B,U3,wordlist,23,high
pri-6B-U3-0052,I m sorry but we didn t enjoy our stay very much,,,primary,6,6B,U3,wordlist,23,high
pri-6B-U3-0053,Wu Binbin and family,,,primary,6,6B,U3,wordlist,23,high
pri-6B-U3-0054,made the beds,,,primary,6,6B,U3,wordlist,23,high
pri-6B-U3-0055,cooked the food,,,primary,6,6B,U3,wordlist,23,high
pri-6B-U3-0056,cleaned the rooms,,,primary,6,6B,U3,wordlist,23,high
pri-6B-U3-0057,Read and write,,,primary,6,6B,U3,wordlist,23,high
pri-6B-U3-0058,This is Mrs Broom She works in a hotel,,,primary,6,6B,U3,wordlist,23,high
pri-6B-U3-0059,She is a housekeeper What do you think,,,primary,6,6B,U3,wordlist,23,high
pri-6B-U3-0060,she did yesterday,,,primary,6,6B,U3,wordlist,23,high
pri-6B-U3-0061,Wu Binbin and his family stayed at the Holiday Hotel,,,primary,6,6B,U3,wordlist,23,high
pri-6B-U3-0062,It was not a happy time,,,primary,6,6B,U3,wordlist,23,high
pri-6B-U3-0063,was,,,primary,6,6B,U3,wordlist,24,high
pri-6B-U3-0064,Dear Manager,,,primary,6,6B,U3,wordlist,24,high
pri-6B-U3-0065,Last weekend the Wu family were not happy with their room,,,primary,6,6B,U3,wordlist,24,high
pri-6B-U3-0066,The people in Room,,,primary,6,6B,U3,wordlist,24,high
pri-6B-U3-0067,was very noisy The father,,,primary,6,6B,U3,wordlist,24,high
pri-6B-U3-0068,kitchen but,,,primary,6,6B,U3,wordlist,24,high
pri-6B-U3-0069,but the lamp,,,primary,6,6B,U3,text_only,24,high
pri-6B-U3-0070,The TV didn t work either,,,primary,6,6B,U3,wordlist,24,high
pri-6B-U3-0071,It wasn t a good stay Maybe we can write an email and say sorry to,,,primary,6,6B,U3,wordlist,24,high
pri-6B-U3-0072,them,,,primary,6,6B,U3,wordlist,24,high
pri-6B-U3-0073,Mrs Broom,,,primary,6,6B,U3,wordlist,24,high
pri-6B-U3-0074,is,,,primary,6,6B,U3,wordlist,24,high
pri-6B-U3-0075,Read the letter again quickly Find the sentences that,,,primary,6,6B,U3,wordlist,24,high
pri-6B-U3-0076,describe Pictures,,,primary,6,6B,U3,wordlist,24,high
pri-6B-U3-0077,Circle all the verbs in the text and complete the table,,,primary,6,6B,U3,wordlist,24,high
pri-6B-U3-0078,Read and finish the letter,,,primary,6,6B,U3,wordlist,24,high
pri-6B-U3-0079,saw a film went boating read storybooks slept,,,primary,6,6B,U3,wordlist,25,high
pri-6B-U3-0080,had a cold watched TV cleaned my room,,,primary,6,6B,U3,wordlist,25,high
pri-6B-U3-0081,talk talked,,,primary,6,6B,U3,wordlist,25,high
pri-6B-U3-0082,stay stayed,,,primary,6,6B,U3,wordlist,25,high
pri-6B-U3-0083,live lived,,,primary,6,6B,U3,wordlist,25,high
pri-6B-U3-0084,want wanted,,,primary,6,6B,U3,wordlist,25,high
pri-6B-U3-0085,plan planned,,,primary,6,6B,U3,wordlist,25,high
pri-6B-U3-0086,cry cried,,,primary,6,6B,U3,wordlist,25,high
pri-6B-U3-0087,I cook,,,primary,6,6B,U3,wordlist,25,high
pri-6B-U3-0088,I play,,,primary,6,6B,U3,wordlist,25,high
pri-6B-U3-0089,I like,,,primary,6,6B,U3,wordlist,25,high
pri-6B-U3-0090,I visit,,,primary,6,6B,U3,wordlist,25,high
pri-6B-U3-0091,I stop,,,primary,6,6B,U3,wordlist,25,high
pri-6B-U3-0092,I study,,,primary,6,6B,U3,wordlist,25,high
pri-6B-U3-0093,Listen again and number the phrases,,,primary,6,6B,U3,wordlist,25,high
pri-6B-U3-0094,Let s check,,,primary,6,6B,U3,wordlist,25,high
pri-6B-U3-0095,Listen and number,,,primary,6,6B,U3,wordlist,25,high
pri-6B-U3-0096,Let s wrap it up,,,primary,6,6B,U3,wordlist,25,high
pri-6B-U3-0097,Read and complete the sentences,,,primary,6,6B,U3,wordlist,25,high
pri-6B-U3-0098,C,,,primary,6,6B,U3,wordlist,26,high
pri-6B-U3-0099,Zip How was your weekend,,,primary,6,6B,U3,wordlist,26,high
pri-6B-U3-0100,Zoom It was a busy one,,,primary,6,6B,U3,wordlist,26,high
pri-6B-U3-0101,Zip What did you do on,,,primary,6,6B,U3,wordlist,26,high
pri-6B-U3-0102,Sunday morning,,,primary,6,6B,U3,wordlist,26,high
pri-6B-U3-0103,Zoom I cleaned my room Then,,,primary,6,6B,U3,wordlist,26,high
pri-6B-U3-0104,I visited my grandparents,,,primary,6,6B,U3,wordlist,26,high
pri-6B-U3-0105,Sunday afternoon,,,primary,6,6B,U3,wordlist,26,high
pri-6B-U3-0106,Zoom I played football,,,primary,6,6B,U3,wordlist,26,high
pri-6B-U3-0107,Then I watched TV,,,primary,6,6B,U3,wordlist,26,high
pri-6B-U3-0108,Zip That was a busy weekend,,,primary,6,6B,U3,wordlist,26,high
pri-6B-U3-0109,Zoom Yes it was Now I need,,,primary,6,6B,U3,wordlist,26,high
pri-6B-U3-0110,another weekend,,,primary,6,6B,U3,wordlist,26,high
pri-6B-U3-0111,Saturday afternoon,,,primary,6,6B,U3,wordlist,26,high
pri-6B-U3-0112,Zoom I did my homework,,,primary,6,6B,U3,wordlist,26,high
pri-6B-U3-0113,Then I went fishing,,,primary,6,6B,U3,wordlist,26,high
pri-6B-U3-0114,Saturday morning,,,primary,6,6B,U3,wordlist,26,high
pri-6B-U3-0115,Zoom I washed my schoolbag,,,primary,6,6B,U3,wordlist,26,high
pri-6B-U3-0116,Then I went to the park,,,primary,6,6B,U3,wordlist,26,high
pri-6B-U3-0117,Story time,,,primary,6,6B,U3,wordlist,26,high
pri-6B-U3-0118,You didn t come to school,,,primary,6,6B,U3,wordlist,27,high
pri-6B-U3-0119,What happened,,,primary,6,6B,U3,wordlist,27,high
pri-6B-U3-0120,Oh dear Are you all right,,,primary,6,6B,U3,wordlist,27,high
pri-6B-U3-0121,Can I come and visit you,,,primary,6,6B,U3,wordlist,27,high
pri-6B-U3-0122,Yes I m OK Thanks,,,primary,6,6B,U3,wordlist,27,high
pri-6B-U3-0123,I fell off my bike,,,primary,6,6B,U3,wordlist,27,high
pri-6B-U3-0124,and hurt my foot,,,primary,6,6B,U3,wordlist,27,high
pri-6B-U3-0125,Sure You can see,,,primary,6,6B,U3,wordlist,27,high
pri-6B-U3-0126,my photos from the,,,primary,6,6B,U3,wordlist,27,high
pri-6B-U3-0127,Labour Day holiday,,,primary,6,6B,U3,wordlist,27,high
pri-6B-U3-0128,Unit Three,,,primary,6,6B,U3,wordlist,27,high
pri-6B-U3-0129,Yes I did I saw lots of,,,primary,6,6B,U3,wordlist,28,high
pri-6B-U3-0130,grapes and ate lots of mutton,,,primary,6,6B,U3,wordlist,28,high
pri-6B-U3-0131,kebabs They were delicious,,,primary,6,6B,U3,wordlist,28,high
pri-6B-U3-0132,Did you go to Turpan,,,primary,6,6B,U3,wordlist,28,high
pri-6B-U3-0133,Who did you go with,,,primary,6,6B,U3,wordlist,28,high
pri-6B-U3-0134,My parents and my uncle,,,primary,6,6B,U3,wordlist,28,high
pri-6B-U3-0135,Where did you go,,,primary,6,6B,U3,wordlist,28,high
pri-6B-U3-0136,A,,,primary,6,6B,U3,wordlist,29,high
pri-6B-U3-0137,Amy What happened,,,primary,6,6B,U3,wordlist,29,high
pri-6B-U3-0138,John I fell off my bike last Saturday and,,,primary,6,6B,U3,wordlist,29,high
pri-6B-U3-0139,hurt my foot,,,primary,6,6B,U3,wordlist,29,high
pri-6B-U3-0140,Amy That s too bad Are you all right,,,primary,6,6B,U3,wordlist,29,high
pri-6B-U3-0141,John I m OK now Come and look at my,,,primary,6,6B,U3,wordlist,29,high
pri-6B-U3-0142,photos from the Labour Day holiday,,,primary,6,6B,U3,wordlist,29,high
pri-6B-U3-0143,Amy Where did you go,,,primary,6,6B,U3,wordlist,29,high
pri-6B-U3-0144,John Mt Tianshan Xinjiang I rode a horse,,,primary,6,6B,U3,wordlist,29,high
pri-6B-U3-0145,Look it s very small,,,primary,6,6B,U3,wordlist,29,high
pri-6B-U3-0146,Amy Oh yes It looks like a mule Did you go to Turpan,,,primary,6,6B,U3,wordlist,29,high
pri-6B-U3-0147,John Yes we did We saw lots of grapes there but we couldn t eat,,,primary,6,6B,U3,wordlist,29,high
pri-6B-U3-0148,them They won t be ready till August,,,primary,6,6B,U3,wordlist,29,high
pri-6B-U3-0149,The second class is beginning,,,primary,6,6B,U3,wordlist,29,high
pri-6B-U3-0150,John is at home,,,primary,6,6B,U3,wordlist,29,high
pri-6B-U3-0151,John hurt his foot,,,primary,6,6B,U3,wordlist,29,high
pri-6B-U3-0152,Where did you go over your holiday,,,primary,6,6B,U3,wordlist,29,high
pri-6B-U3-0153,What did you do,,,primary,6,6B,U3,wordlist,29,high
pri-6B-U3-0154,John answered a phone call from Amy Listen and tick,,,primary,6,6B,U3,wordlist,29,high
pri-6B-U3-0155,or cross,,,primary,6,6B,U3,wordlist,29,high
pri-6B-U3-0156,Let s try,,,primary,6,6B,U3,wordlist,29,high
pri-6B-U3-0157,Where did John go over his holiday What did he do,,,primary,6,6B,U3,wordlist,29,high
pri-6B-U3-0158,Let s talk,,,primary,6,6B,U3,wordlist,29,high
pri-6B-U3-0159,He,,,primary,6,6B,U3,wordlist,30,high
pri-6B-U3-0160,and,,,primary,6,6B,U3,wordlist,30,high
pri-6B-U3-0161,She,,,primary,6,6B,U3,wordlist,30,high
pri-6B-U3-0162,went camping,,,primary,6,6B,U3,wordlist,30,high
pri-6B-U3-0163,went fishing,,,primary,6,6B,U3,wordlist,30,high
pri-6B-U3-0164,rode a horse,,,primary,6,6B,U3,wordlist,30,high
pri-6B-U3-0165,rode a bike,,,primary,6,6B,U3,wordlist,30,high
pri-6B-U3-0166,Where did you go last,,,primary,6,6B,U3,wordlist,30,high
pri-6B-U3-0167,Saturday,,,primary,6,6B,U3,wordlist,30,high
pri-6B-U3-0168,What did you do there,,,primary,6,6B,U3,wordlist,30,high
pri-6B-U3-0169,I went to a forest park,,,primary,6,6B,U3,wordlist,30,high
pri-6B-U3-0170,I rode a bike,,,primary,6,6B,U3,wordlist,30,high
pri-6B-U3-0171,Listen answer and write,,,primary,6,6B,U3,wordlist,30,high
pri-6B-U3-0172,What did they do yesterday,,,primary,6,6B,U3,wordlist,30,high
pri-6B-U3-0173,B,,,primary,6,6B,U3,wordlist,31,high
pri-6B-U3-0174,Sarah Where did you go over the winter holiday,,,primary,6,6B,U3,wordlist,31,high
pri-6B-U3-0175,Amy My family and I went to Sanya,,,primary,6,6B,U3,wordlist,31,high
pri-6B-U3-0176,Wu Binbin Really Did you like it,,,primary,6,6B,U3,wordlist,31,high
pri-6B-U3-0177,Amy Yes it was so warm,,,primary,6,6B,U3,wordlist,31,high
pri-6B-U3-0178,Sarah Hainan is far from here How did you,,,primary,6,6B,U3,wordlist,31,high
pri-6B-U3-0179,go there,,,primary,6,6B,U3,wordlist,31,high
pri-6B-U3-0180,Amy We went there by plane,,,primary,6,6B,U3,wordlist,31,high
pri-6B-U3-0181,Wu Binbin How was the beach What did you do,,,primary,6,6B,U3,wordlist,31,high
pri-6B-U3-0182,there,,,primary,6,6B,U3,wordlist,31,high
pri-6B-U3-0183,Amy It was beautiful I took lots of pictures,,,primary,6,6B,U3,wordlist,31,high
pri-6B-U3-0184,and I also went swimming,,,primary,6,6B,U3,wordlist,31,high
pri-6B-U3-0185,Sarah Sounds great Can I see your pictures,,,primary,6,6B,U3,wordlist,31,high
pri-6B-U3-0186,sometime,,,primary,6,6B,U3,wordlist,31,high
pri-6B-U3-0187,Amy Sure,,,primary,6,6B,U3,wordlist,31,high
pri-6B-U3-0188,What are they talking about,,,primary,6,6B,U3,wordlist,31,high
pri-6B-U3-0189,A School,,,primary,6,6B,U3,wordlist,31,high
pri-6B-U3-0190,B Holidays,,,primary,6,6B,U3,wordlist,31,high
pri-6B-U3-0191,Who did Sarah buy gifts for,,,primary,6,6B,U3,wordlist,31,high
pri-6B-U3-0192,A Amy and John,,,primary,6,6B,U3,wordlist,31,high
pri-6B-U3-0193,B Wu Binbin and Amy,,,primary,6,6B,U3,wordlist,31,high
pri-6B-U3-0194,Day,,,primary,6,6B,U3,wordlist,31,high
pri-6B-U3-0195,Talk about your winter holiday,,,primary,6,6B,U3,wordlist,31,high
pri-6B-U3-0196,Wu Binbin and Amy meet Sarah at school Listen and,,,primary,6,6B,U3,wordlist,31,high
pri-6B-U3-0197,circle,,,primary,6,6B,U3,wordlist,31,high
pri-6B-U3-0198,Where did Amy go last winter holiday,,,primary,6,6B,U3,wordlist,31,high
pri-6B-U3-0199,How did she go there What did she do,,,primary,6,6B,U3,wordlist,31,high
pri-6B-U4-0001,Amy How was your summer holiday Binbin,,,primary,6,6B,U4,wordlist,32,high
pri-6B-U4-0002,Wu Binbin It was good I went swimming every weekend and took,,,primary,6,6B,U4,wordlist,32,high
pri-6B-U4-0003,lots of pictures,,,primary,6,6B,U4,wordlist,32,high
pri-6B-U4-0004,ate fresh food,,,primary,6,6B,U4,wordlist,32,high
pri-6B-U4-0005,went swimming,,,primary,6,6B,U4,wordlist,32,high
pri-6B-U4-0006,bought gifts,,,primary,6,6B,U4,wordlist,32,high
pri-6B-U4-0007,took pictures,,,primary,6,6B,U4,wordlist,32,high
pri-6B-U4-0008,Last summer holiday Andy ate,,,primary,6,6B,U4,wordlist,32,high
pri-6B-U4-0009,He took pictures of,,,primary,6,6B,U4,wordlist,32,high
pri-6B-U4-0010,He went,,,primary,6,6B,U4,wordlist,32,high
pri-6B-U4-0011,He bought,,,primary,6,6B,U4,wordlist,32,high
pri-6B-U4-0012,Robin is not for sale,,,primary,6,6B,U4,wordlist,32,high
pri-6B-U4-0013,How much,,,primary,6,6B,U4,wordlist,32,high
pri-6B-U4-0014,is this,,,primary,6,6B,U4,wordlist,32,high
pri-6B-U4-0015,Sorry You can t buy,,,primary,6,6B,U4,wordlist,32,high
pri-6B-U4-0016,him He s my friend,,,primary,6,6B,U4,wordlist,32,high
pri-6B-U4-0017,Oops,,,primary,6,6B,U4,wordlist,32,high
pri-6B-U4-0018,Let s learn,,,primary,6,6B,U4,wordlist,32,high
pri-6B-U4-0019,Look and say,,,primary,6,6B,U4,wordlist,32,high
pri-6B-U4-0020,Words,,,primary,6,6B,U4,wordlist,32,high
pri-6B-U4-0021,Saturday April rd,,,primary,6,6B,U4,wordlist,33,high
pri-6B-U4-0022,Today was a sunny day In the morning we rode a bike for,,,primary,6,6B,U4,wordlist,33,high
pri-6B-U4-0023,three people Max sat in a basket on the front of the bike,,,primary,6,6B,U4,wordlist,33,high
pri-6B-U4-0024,That was fun We took pictures of the beautiful countryside,,,primary,6,6B,U4,wordlist,33,high
pri-6B-U4-0025,We bought some gifts and ate some delicious food,,,primary,6,6B,U4,wordlist,33,high
pri-6B-U4-0026,In the afternoon Mum ate some bad fruit and didn t feel,,,primary,6,6B,U4,wordlist,33,high
pri-6B-U4-0027,well So we stayed in the hotel Dad and I wanted to make her,,,primary,6,6B,U4,wordlist,33,high
pri-6B-U4-0028,happy We dressed up and made a funny play Robin played,,,primary,6,6B,U4,wordlist,33,high
pri-6B-U4-0029,the part of a dog He was so cute Max liked him so much He,,,primary,6,6B,U4,wordlist,33,high
pri-6B-U4-0030,jumped on him and licked him Of course Robin didn t like it,,,primary,6,6B,U4,wordlist,33,high
pri-6B-U4-0031,We laughed and laughed,,,primary,6,6B,U4,wordlist,33,high
pri-6B-U4-0032,It was a bad day but also a good day,,,primary,6,6B,U4,wordlist,33,high
pri-6B-U4-0033,What s your name,,,primary,6,6B,U4,wordlist,33,high
pri-6B-U4-0034,How about Max,,,primary,6,6B,U4,wordlist,33,high
pri-6B-U4-0035,Hello Max,,,primary,6,6B,U4,wordlist,33,high
pri-6B-U4-0036,Read and write,,,primary,6,6B,U4,wordlist,33,high
pri-6B-U4-0037,Discuss with your partner How did Wu Binbin meet,,,primary,6,6B,U4,wordlist,33,high
pri-6B-U4-0038,Max What will happen next,,,primary,6,6B,U4,wordlist,33,high
pri-6B-U4-0039,Today was a bad but good day for me,,,primary,6,6B,U4,wordlist,34,high
pri-6B-U4-0040,First it was a bad day,,,primary,6,6B,U4,wordlist,34,high
pri-6B-U4-0041,But what did I do then,,,primary,6,6B,U4,wordlist,34,high
pri-6B-U4-0042,So it was also a good day,,,primary,6,6B,U4,wordlist,34,high
pri-6B-U4-0043,As the saying goes Bad luck often brings good luck,,,primary,6,6B,U4,wordlist,34,high
pri-6B-U4-0044,Bad,,,primary,6,6B,U4,wordlist,34,high
pri-6B-U4-0045,Good,,,primary,6,6B,U4,wordlist,34,high
pri-6B-U4-0046,Now write about your bad but good day,,,primary,6,6B,U4,wordlist,34,high
pri-6B-U4-0047,Number the pictures,,,primary,6,6B,U4,wordlist,34,high
pri-6B-U4-0048,What happened to Wu Binbin s family,,,primary,6,6B,U4,wordlist,34,high
pri-6B-U4-0049,What did Mike do last weekend,,,primary,6,6B,U4,wordlist,35,high
pri-6B-U4-0050,Why did Sarah think her weekend was great,,,primary,6,6B,U4,wordlist,35,high
pri-6B-U4-0051,Why did Amy go to school by car today,,,primary,6,6B,U4,wordlist,35,high
pri-6B-U4-0052,What did Zhang Peng do in Harbin,,,primary,6,6B,U4,wordlist,35,high
pri-6B-U4-0053,There lots of dinosaurs many years ago,,,primary,6,6B,U4,wordlist,35,high
pri-6B-U4-0054,Some of them plants,,,primary,6,6B,U4,wordlist,35,high
pri-6B-U4-0055,Some of them,,,primary,6,6B,U4,wordlist,35,high
pri-6B-U4-0056,dinosaurs,,,primary,6,6B,U4,wordlist,35,high
pri-6B-U4-0057,But we can only see dinosaurs in museums now,,,primary,6,6B,U4,wordlist,35,high
pri-6B-U4-0058,am is was are were,,,primary,6,6B,U4,wordlist,35,high
pri-6B-U4-0059,eat ate drink drank run ran,,,primary,6,6B,U4,wordlist,35,high
pri-6B-U4-0060,Let s check,,,primary,6,6B,U4,wordlist,35,high
pri-6B-U4-0061,Listen and write T true or F false,,,primary,6,6B,U4,wordlist,35,high
pri-6B-U4-0062,Let s wrap it up,,,primary,6,6B,U4,wordlist,35,high
pri-6B-U4-0063,Look at the pictures Choose words to,,,primary,6,6B,U4,wordlist,35,high
pri-6B-U4-0064,Listen again and answer the questions,,,primary,6,6B,U4,wordlist,35,high
pri-6B-U4-0065,C,,,primary,6,6B,U4,wordlist,36,high
pri-6B-U4-0066,Zoom Am I now on the moon I can t,,,primary,6,6B,U4,wordlist,36,high
pri-6B-U4-0067,believe it She must be Chang e,,,primary,6,6B,U4,wordlist,36,high
pri-6B-U4-0068,Oh there is the rabbit,,,primary,6,6B,U4,wordlist,36,high
pri-6B-U4-0069,Zip Where did you go,,,primary,6,6B,U4,wordlist,36,high
pri-6B-U4-0070,Zoom I went to the moon,,,primary,6,6B,U4,wordlist,36,high
pri-6B-U4-0071,Zip How did you go there,,,primary,6,6B,U4,wordlist,36,high
pri-6B-U4-0072,Zoom By spaceship,,,primary,6,6B,U4,wordlist,36,high
pri-6B-U4-0073,Zip What did you see,,,primary,6,6B,U4,wordlist,36,high
pri-6B-U4-0074,Zoom I saw Chang e the rabbit and,,,primary,6,6B,U4,wordlist,36,high
pri-6B-U4-0075,the tree,,,primary,6,6B,U4,wordlist,36,high
pri-6B-U4-0076,Zip Did you take any pictures,,,primary,6,6B,U4,wordlist,36,high
pri-6B-U4-0077,Zoom Yes I did Oops where did,,,primary,6,6B,U4,wordlist,36,high
pri-6B-U4-0078,I put the pictures,,,primary,6,6B,U4,wordlist,36,high
pri-6B-U4-0079,Zoom Oh it was a,,,primary,6,6B,U4,wordlist,36,high
pri-6B-U4-0080,dream,,,primary,6,6B,U4,wordlist,36,high
pri-6B-U4-0081,Zip How was your holiday,,,primary,6,6B,U4,wordlist,36,high
pri-6B-U4-0082,Zoom It was fun,,,primary,6,6B,U4,wordlist,36,high
pri-6B-U4-0083,Zoom It s time to go,,,primary,6,6B,U4,wordlist,36,high
pri-6B-U4-0084,Good Here comes,,,primary,6,6B,U4,wordlist,36,high
pri-6B-U4-0085,a spaceship,,,primary,6,6B,U4,wordlist,36,high
pri-6B-U4-0086,Story time,,,primary,6,6B,U4,wordlist,36,high
pri-6B-U4-0087,Binbin that s,,,primary,6,6B,U4,wordlist,37,high
pri-6B-U4-0088,your father,,,primary,6,6B,U4,wordlist,37,high
pri-6B-U4-0089,You weren t very,,,primary,6,6B,U4,wordlist,37,high
pri-6B-U4-0090,big then Mr Wu,,,primary,6,6B,U4,wordlist,37,high
pri-6B-U4-0091,No so I didn t like,,,primary,6,6B,U4,wordlist,37,high
pri-6B-U4-0092,PE class very much,,,primary,6,6B,U4,wordlist,37,high
pri-6B-U4-0093,I couldn t run fast or,,,primary,6,6B,U4,wordlist,37,high
pri-6B-U4-0094,play basketball well,,,primary,6,6B,U4,wordlist,37,high
pri-6B-U4-0095,Wow,,,primary,6,6B,U4,wordlist,37,high
pri-6B-U4-0096,Unit Four,,,primary,6,6B,U4,wordlist,37,high
pri-6B-U4-0097,Our school,,,primary,6,6B,U4,wordlist,38,high
pri-6B-U4-0098,was small,,,primary,6,6B,U4,wordlist,38,high
pri-6B-U4-0099,There was no,,,primary,6,6B,U4,wordlist,38,high
pri-6B-U4-0100,gym either,,,primary,6,6B,U4,wordlist,38,high
pri-6B-U4-0101,We didn t have a library,,,primary,6,6B,U4,wordlist,38,high
pri-6B-U4-0102,and there weren t any,,,primary,6,6B,U4,wordlist,38,high
pri-6B-U4-0103,computer rooms at all,,,primary,6,6B,U4,wordlist,38,high
pri-6B-U4-0104,Then and now,,,primary,6,6B,U4,wordlist,38,high
pri-6B-U4-0105,A,,,primary,6,6B,U4,wordlist,39,high
pri-6B-U4-0106,Grandpa Wow a library There was no,,,primary,6,6B,U4,wordlist,39,high
pri-6B-U4-0107,library in my old school,,,primary,6,6B,U4,wordlist,39,high
pri-6B-U4-0108,Sarah Tell us about your school please,,,primary,6,6B,U4,wordlist,39,high
pri-6B-U4-0109,Grandpa There was only one small building,,,primary,6,6B,U4,wordlist,39,high
pri-6B-U4-0110,on a hill,,,primary,6,6B,U4,wordlist,39,high
pri-6B-U4-0111,Wu Binbin Could you see stars at night,,,primary,6,6B,U4,wordlist,39,high
pri-6B-U4-0112,Grandpa Yes I liked the stars,,,primary,6,6B,U4,wordlist,39,high
pri-6B-U4-0113,Sarah Me too One day I m going to,,,primary,6,6B,U4,wordlist,39,high
pri-6B-U4-0114,visit the moon,,,primary,6,6B,U4,wordlist,39,high
pri-6B-U4-0115,Wu Binbin The Americans took about,,,primary,6,6B,U4,wordlist,39,high
pri-6B-U4-0116,five days to get there in,,,primary,6,6B,U4,wordlist,39,high
pri-6B-U4-0117,Sarah How do you know that,,,primary,6,6B,U4,wordlist,39,high
pri-6B-U4-0118,Wu Binbin Easy I looked it up on the Internet,,,primary,6,6B,U4,wordlist,39,high
pri-6B-U4-0119,Grandpa Ah There were no computers,,,primary,6,6B,U4,wordlist,39,high
pri-6B-U4-0120,or Internet in my time,,,primary,6,6B,U4,wordlist,39,high
pri-6B-U4-0121,The school changed a little,,,primary,6,6B,U4,wordlist,39,high
pri-6B-U4-0122,Grandpa could use computers when he was at school,,,primary,6,6B,U4,wordlist,39,high
pri-6B-U4-0123,What was your school like five years ago What is it,,,primary,6,6B,U4,wordlist,39,high
pri-6B-U4-0124,like now Draw and talk,,,primary,6,6B,U4,wordlist,39,high
pri-6B-U4-0125,Today there is a guest visiting the school,,,primary,6,6B,U4,wordlist,39,high
pri-6B-U4-0126,Listen and tick or cross,,,primary,6,6B,U4,wordlist,39,high
pri-6B-U4-0127,Let s try,,,primary,6,6B,U4,wordlist,39,high
pri-6B-U4-0128,Let s talk,,,primary,6,6B,U4,wordlist,39,high
pri-6B-U4-0129,What was Grandpa s school like,,,primary,6,6B,U4,wordlist,39,high
pri-6B-U4-0130,grass,,,primary,6,6B,U4,wordlist,40,high
pri-6B-U4-0131,gym,,,primary,6,6B,U4,wordlist,40,high
pri-6B-U4-0132,dining hall,,,primary,6,6B,U4,wordlist,40,high
pri-6B-U4-0133,Wu Binbin s father There was no gym in my school twenty years ago,,,primary,6,6B,U4,wordlist,40,high
pri-6B-U4-0134,Wu Binbin Now there s a new one in our school,,,primary,6,6B,U4,wordlist,40,high
pri-6B-U4-0135,years ago,,,primary,6,6B,U4,wordlist,40,high
pri-6B-U4-0136,months ago,,,primary,6,6B,U4,wordlist,40,high
pri-6B-U4-0137,last year,,,primary,6,6B,U4,wordlist,40,high
pri-6B-U4-0138,last month,,,primary,6,6B,U4,wordlist,40,high
pri-6B-U4-0139,At that time there were no gyms People didn t,,,primary,6,6B,U4,wordlist,40,high
pri-6B-U4-0140,go by bus People couldn t use the Internet,,,primary,6,6B,U4,wordlist,40,high
pri-6B-U4-0141,Find the mistakes,,,primary,6,6B,U4,wordlist,40,high
pri-6B-U4-0142,In the Tang dynasty,,,primary,6,6B,U4,wordlist,40,high
pri-6B-U4-0143,B,,,primary,6,6B,U4,wordlist,41,high
pri-6B-U4-0144,Chen Jie John come and look at Mike s old photos,,,primary,6,6B,U4,wordlist,41,high
pri-6B-U4-0145,John That s funny Mike You re wearing,,,primary,6,6B,U4,wordlist,41,high
pri-6B-U4-0146,a pink T-shirt,,,primary,6,6B,U4,wordlist,41,high
pri-6B-U4-0147,Mike Yes but I don t like pink now,,,primary,6,6B,U4,wordlist,41,high
pri-6B-U4-0148,Chen Jie We are all different now,,,primary,6,6B,U4,wordlist,41,high
pri-6B-U4-0149,Mike Right Before I was quiet Now I m,,,primary,6,6B,U4,wordlist,41,high
pri-6B-U4-0150,very active in class How about you,,,primary,6,6B,U4,wordlist,41,high
pri-6B-U4-0151,John Well I was short so I couldn t,,,primary,6,6B,U4,wordlist,41,high
pri-6B-U4-0152,ride my bike well Now I go cycling,,,primary,6,6B,U4,wordlist,41,high
pri-6B-U4-0153,every day I like it very much,,,primary,6,6B,U4,wordlist,41,high
pri-6B-U4-0154,Chen Jie That s good exercise,,,primary,6,6B,U4,wordlist,41,high
pri-6B-U4-0155,What are they talking about,,,primary,6,6B,U4,wordlist,41,high
pri-6B-U4-0156,A Mike s hobby B Mike s old photos,,,primary,6,6B,U4,wordlist,41,high
pri-6B-U4-0157,What grade was Mike in,,,primary,6,6B,U4,wordlist,41,high
pri-6B-U4-0158,A Grade B Grade,,,primary,6,6B,U4,wordlist,41,high
pri-6B-U4-0159,wasn t tall,,,primary,6,6B,U4,wordlist,41,high
pri-6B-U4-0160,had long hair,,,primary,6,6B,U4,wordlist,41,high
pri-6B-U4-0161,didn t wear glasses,,,primary,6,6B,U4,wordlist,41,high
pri-6B-U4-0162,didn t like maths,,,primary,6,6B,U4,wordlist,41,high
pri-6B-U4-0163,didn t like cats,,,primary,6,6B,U4,wordlist,41,high
pri-6B-U4-0164,didn t like eggs,,,primary,6,6B,U4,wordlist,41,high
pri-6B-U4-0165,Talk about your friends or family members,,,primary,6,6B,U4,wordlist,41,high
pri-6B-U4-0166,How did they change,,,primary,6,6B,U4,wordlist,41,high
pri-6B-U4-0167,Mike s friends are visiting his home,,,primary,6,6B,U4,wordlist,41,high
pri-6B-U4-0168,Listen and circle,,,primary,6,6B,U4,wordlist,41,high
pri-6B-U4-0169,How did Mike change,,,primary,6,6B,U4,wordlist,41,high
pri-6B-U4-0170,Wu Binbin I didn t like winter before I thought,,,primary,6,6B,U4,wordlist,42,high
pri-6B-U4-0171,it was too cold and I couldn t,,,primary,6,6B,U4,wordlist,42,high
pri-6B-U4-0172,go cycling,,,primary,6,6B,U4,wordlist,42,high
pri-6B-U4-0173,Mike How about now,,,primary,6,6B,U4,wordlist,42,high
pri-6B-U4-0174,Wu Binbin Now I love to ice-skate,,,primary,6,6B,U4,wordlist,42,high
pri-6B-U4-0175,so I like winter,,,primary,6,6B,U4,wordlist,42,high
pri-6B-U4-0176,Before Allen couldn t Now,,,primary,6,6B,U4,wordlist,42,high
pri-6B-U4-0177,ice-skate,,,primary,6,6B,U4,wordlist,42,high
pri-6B-U4-0178,play badminton,,,primary,6,6B,U4,wordlist,42,high
pri-6B-U4-0179,Listen match and say,,,primary,6,6B,U4,wordlist,42,high
pri-6B-U4-0180,What animal can run very fast,,,primary,6,6B,U4,wordlist,43,high
pri-6B-U4-0181,What makes you feel worried,,,primary,6,6B,U4,wordlist,43,high
pri-6B-U4-0182,What a dream,,,primary,6,6B,U4,wordlist,43,high
pri-6B-U4-0183,Wu Binbin had a race with his father and Max There were many,,,primary,6,6B,U4,wordlist,43,high
pri-6B-U4-0184,people there His father ran very fast but Wu Binbin could not,,,primary,6,6B,U4,wordlist,43,high
pri-6B-U4-0185,There was nothing he could do He was so worried I could run,,,primary,6,6B,U4,wordlist,43,high
pri-6B-U4-0186,fast at school he thought Why am I so slow now,,,primary,6,6B,U4,wordlist,43,high
pri-6B-U4-0187,Then Robin said Drink this and gave Wu Binbin some water Wu,,,primary,6,6B,U4,wordlist,43,high
pri-6B-U4-0188,Binbin drank it and suddenly he felt good He could run fast again,,,primary,6,6B,U4,wordlist,43,high
pri-6B-U4-0189,There was a second race There were many animals in that race,,,primary,6,6B,U4,wordlist,43,high
pri-6B-U4-0190,Wu Binbin ran like a cheetah He could win the,,,primary,6,6B,U4,wordlist,43,high
pri-6B-U4-0191,race But suddenly he tripped and fell Then he,,,primary,6,6B,U4,wordlist,43,high
pri-6B-U4-0192,woke up He was in bed It was all a dream,,,primary,6,6B,U4,wordlist,43,high
pri-6B-U4-0193,Tell your partner,,,primary,6,6B,U4,wordlist,43,high
pri-6B-U4-0194,Wu Binbin Mum I an interesting dream last night,,,primary,6,6B,U4,wordlist,44,high
pri-6B-U4-0195,Mum What did you dream about,,,primary,6,6B,U4,wordlist,44,high
pri-6B-U4-0196,Wu Binbin I had a race with Dad and Max but I,,,primary,6,6B,U4,wordlist,44,high
pri-6B-U4-0197,Mum What happened then,,,primary,6,6B,U4,wordlist,44,high
pri-6B-U4-0198,Wu Binbin Robin me some water I it and then could,,,primary,6,6B,U4,wordlist,44,high
pri-6B-U4-0199,run very fast Suddenly I tripped and fell Then I woke up,,,primary,6,6B,U4,wordlist,44,high
pri-6B-U4-0200,Mum What a dream,,,primary,6,6B,U4,wordlist,44,high
pri-6B-U4-0201,I had a dream last night In my dream I,,,primary,6,6B,U4,wordlist,44,high
pri-6B-U4-0202,Wu Binbin is telling his mother about the,,,primary,6,6B,U4,wordlist,44,high
pri-6B-U4-0203,dream Listen and fill in the blanks,,,primary,6,6B,U4,wordlist,44,high
pri-6B-U4-0204,Did you have an interesting dream Tell your dream,,,primary,6,6B,U4,wordlist,44,high
pri-6B-U4-0205,to your partner Then write several sentences about it,,,primary,6,6B,U4,wordlist,44,high
pri-6B-U4-0206,cycling,,,primary,6,6B,U4,wordlist,45,high
pri-6B-U4-0207,ice-skating,,,primary,6,6B,U4,wordlist,45,high
pri-6B-U4-0208,badminton,,,primary,6,6B,U4,wordlist,45,high
pri-6B-U4-0209,It was raining,,,primary,6,6B,U4,wordlist,45,high
pri-6B-U4-0210,Now,,,primary,6,6B,U4,wordlist,45,high
pri-6B-U4-0211,In summer the tree,,,primary,6,6B,U4,wordlist,45,high
pri-6B-U4-0212,was green Now,,,primary,6,6B,U4,wordlist,45,high
pri-6B-U4-0213,It was an egg,,,primary,6,6B,U4,wordlist,45,high
pri-6B-U4-0214,There was a,,,primary,6,6B,U4,wordlist,45,high
pri-6B-U4-0215,building before,,,primary,6,6B,U4,wordlist,45,high
pri-6B-U4-0216,The cat was on the,,,primary,6,6B,U4,wordlist,45,high
pri-6B-U4-0217,chair Now,,,primary,6,6B,U4,wordlist,45,high
pri-6B-U4-0218,Chen Jie was short,,,primary,6,6B,U4,wordlist,45,high
pri-6B-U4-0219,Now she is,,,primary,6,6B,U4,wordlist,45,high
pri-6B-U4-0220,metres tall,,,primary,6,6B,U4,wordlist,45,high
pri-6B-U4-0221,Cross out the words you didn t hear,,,primary,6,6B,U4,wordlist,45,high
pri-6B-U4-0222,Listen and number,,,primary,6,6B,U4,wordlist,45,high
pri-6B-U4-0223,Changes are all around us Talk about the changes,,,primary,6,6B,U4,wordlist,45,high
pri-6B-U4-0224,below,,,primary,6,6B,U4,wordlist,45,high
pri-6B-U4-0225,Zip Oh cavemen didn t cook their meat,,,primary,6,6B,U4,wordlist,46,high
pri-6B-U4-0226,Zoom It s OK They didn t do the dishes either,,,primary,6,6B,U4,wordlist,46,high
pri-6B-U4-0227,Zip Heal the world,,,primary,6,6B,U4,wordlist,46,high
pri-6B-U4-0228,Zoom Make it a better place,,,primary,6,6B,U4,wordlist,46,high
pri-6B-U4-0229,Zip Look How beautiful the world was Oh,,,primary,6,6B,U4,wordlist,46,high
pri-6B-U4-0230,What will the birds do,,,primary,6,6B,U4,wordlist,46,high
pri-6B-U4-0231,Zoom Don t worry People will help them,,,primary,6,6B,U4,wordlist,46,high
pri-6B-U4-0232,Cavemen often ate,,,primary,6,6B,U4,wordlist,46,high
pri-6B-U4-0233,raw meat They,,,primary,6,6B,U4,wordlist,46,high
pri-6B-U4-0234,didn t cook their,,,primary,6,6B,U4,wordlist,46,high
pri-6B-U4-0235,food,,,primary,6,6B,U4,wordlist,46,high
pri-6B-U4-0236,Before humans lived,,,primary,6,6B,U4,wordlist,46,high
pri-6B-U4-0237,on the earth whales,,,primary,6,6B,U4,wordlist,46,high
pri-6B-U4-0238,already lived in the,,,primary,6,6B,U4,wordlist,46,high
pri-6B-U4-0239,sea,,,primary,6,6B,U4,wordlist,46,high
pri-6B-U4-0240,There were many,,,primary,6,6B,U4,wordlist,46,high
pri-6B-U4-0241,trees and there were,,,primary,6,6B,U4,wordlist,46,high
pri-6B-U4-0242,many clean rivers,,,primary,6,6B,U4,wordlist,46,high
pri-6B-U4-0243,Now there are many,,,primary,6,6B,U4,wordlist,46,high
pri-6B-U4-0244,things to help you,,,primary,6,6B,U4,wordlist,46,high
pri-6B-U4-0245,cook,,,primary,6,6B,U4,wordlist,46,high
pri-6B-U4-0246,Now there are not,,,primary,6,6B,U4,wordlist,46,high
pri-6B-U4-0247,many whales,,,primary,6,6B,U4,wordlist,46,high
pri-6B-U4-0248,Now there are more,,,primary,6,6B,U4,wordlist,46,high
pri-6B-U4-0249,and more buildings,,,primary,6,6B,U4,wordlist,46,high
pri-6B-U4-0250,In there will,,,primary,6,6B,U4,wordlist,46,high
pri-6B-U4-0251,be house robots,,,primary,6,6B,U4,wordlist,46,high
pri-6B-U4-0252,They will cook clean,,,primary,6,6B,U4,wordlist,46,high
pri-6B-U4-0253,and wash the dishes,,,primary,6,6B,U4,wordlist,46,high
pri-6B-U4-0254,If we change now,,,primary,6,6B,U4,wordlist,46,high
pri-6B-U4-0255,whales and humans,,,primary,6,6B,U4,wordlist,46,high
pri-6B-U4-0256,will have a bright,,,primary,6,6B,U4,wordlist,46,high
pri-6B-U4-0257,future,,,primary,6,6B,U4,wordlist,46,high
pri-6B-U4-0258,We should help the,,,primary,6,6B,U4,wordlist,46,high
pri-6B-U4-0259,earth now so birds,,,primary,6,6B,U4,wordlist,46,high
pri-6B-U4-0260,will have homes and,,,primary,6,6B,U4,wordlist,46,high
pri-6B-U4-0261,the forests will be,,,primary,6,6B,U4,wordlist,46,high
pri-6B-U4-0262,healthy and green,,,primary,6,6B,U4,wordlist,46,high
pri-6B-U4-0263,again,,,primary,6,6B,U4,wordlist,46,high
pri-6B-U4-0264,a pear jacket egg orange,,,primary,6,6B,U4,wordlist,47,high
pri-6B-U4-0265,umbrella apples horses tomatoes,,,primary,6,6B,U4,wordlist,47,high
pri-6B-U4-0266,a an some,,,primary,6,6B,U4,wordlist,47,high
pri-6B-U4-0267,Fruit,,,primary,6,6B,U4,wordlist,47,high
pri-6B-U4-0268,apple,,,primary,6,6B,U4,wordlist,47,high
pri-6B-U4-0269,orange,,,primary,6,6B,U4,wordlist,47,high
pri-6B-U4-0270,egg,,,primary,6,6B,U4,wordlist,47,high
pri-6B-U4-0271,cake,,,primary,6,6B,U4,wordlist,47,high
pri-6B-U4-0272,jacket,,,primary,6,6B,U4,wordlist,47,high
pri-6B-U4-0273,shoes,,,primary,6,6B,U4,wordlist,47,high
pri-6B-U4-0274,horse,,,primary,6,6B,U4,wordlist,47,high
pri-6B-U4-0275,tomato,,,primary,6,6B,U4,wordlist,47,high
pri-6B-U4-0276,What else can you see,,,primary,6,6B,U4,wordlist,47,high
pri-6B-U4-0277,Recycle,,,primary,6,6B,U4,wordlist,47,high
pri-6B-U4-0278,Day A beautiful farm,,,primary,6,6B,U4,wordlist,47,high
pri-6B-U4-0279,Mike visited a farm What can you see on the,,,primary,6,6B,U4,wordlist,47,high
pri-6B-U4-0280,farm,,,primary,6,6B,U4,wordlist,47,high
pri-6B-U4-0281,Can you name the groups of words,,,primary,6,6B,U4,wordlist,47,high
pri-6B-U4-0282,Can you think of one more word group Can you add more,,,primary,6,6B,U4,wordlist,47,high
pri-6B-U4-0283,words to the groups,,,primary,6,6B,U4,wordlist,47,high
pri-6B-U4-0284,Bill,,,primary,6,6B,U4,wordlist,48,high
pri-6B-U4-0285,Mrs Booth,,,primary,6,6B,U4,wordlist,48,high
pri-6B-U4-0286,short,,,primary,6,6B,U4,wordlist,48,high
pri-6B-U4-0287,young,,,primary,6,6B,U4,wordlist,48,high
pri-6B-U4-0288,a red bag,,,primary,6,6B,U4,wordlist,48,high
pri-6B-U4-0289,white shoes,,,primary,6,6B,U4,wordlist,48,high
pri-6B-U4-0290,Now make a new word map with your partner,,,primary,6,6B,U4,wordlist,48,high
pri-6B-U4-0291,tall,,,primary,6,6B,U4,wordlist,48,high
pri-6B-U4-0292,thin,,,primary,6,6B,U4,wordlist,48,high
pri-6B-U4-0293,long hair,,,primary,6,6B,U4,wordlist,48,high
pri-6B-U4-0294,Bill is my new friend,,,primary,6,6B,U4,wordlist,48,high
pri-6B-U4-0295,He s short and heavy,,,primary,6,6B,U4,wordlist,48,high
pri-6B-U4-0296,Mike met new friends Help him talk about them,,,primary,6,6B,U4,wordlist,48,high
pri-6B-U4-0297,Mrs Booth and Bill want to go shopping Help them finish,,,primary,6,6B,U4,wordlist,48,high
pri-6B-U4-0298,their mind map,,,primary,6,6B,U4,wordlist,48,high
pri-6B-U4-0299,Mike s happy days,,,primary,6,6B,U4,wordlist,48,high
pri-6B-U4-0300,Day Farmers market,,,primary,6,6B,U4,wordlist,48,high
pri-6B-U4-0301,He goes fishing,,,primary,6,6B,U4,wordlist,49,high
pri-6B-U4-0302,She does the cleaning,,,primary,6,6B,U4,wordlist,49,high
pri-6B-U4-0303,He plays music,,,primary,6,6B,U4,wordlist,49,high
pri-6B-U4-0304,They have some juice,,,primary,6,6B,U4,wordlist,49,high
pri-6B-U4-0305,Bill is playing ping-pong,,,primary,6,6B,U4,wordlist,49,high
pri-6B-U4-0306,Day Life on the farm,,,primary,6,6B,U4,wordlist,49,high
pri-6B-U4-0307,These are things people often do on the farm Circle the,,,primary,6,6B,U4,wordlist,49,high
pri-6B-U4-0308,words in the puzzle Write down what he she or they do,,,primary,6,6B,U4,wordlist,49,high
pri-6B-U4-0309,every day,,,primary,6,6B,U4,wordlist,49,high
pri-6B-U4-0310,These people are having fun on the farm Write down,,,primary,6,6B,U4,wordlist,49,high
pri-6B-U4-0311,three sentences about what they are doing,,,primary,6,6B,U4,wordlist,49,high
pri-6B-U4-0312,There are three pictures,,,primary,6,6B,U4,wordlist,50,high
pri-6B-U4-0313,Saturday was a busy day for me,,,primary,6,6B,U4,wordlist,50,high
pri-6B-U4-0314,In the morning I got up early,,,primary,6,6B,U4,wordlist,50,high
pri-6B-U4-0315,Then I,,,primary,6,6B,U4,wordlist,50,high
pri-6B-U4-0316,After that I,,,primary,6,6B,U4,wordlist,50,high
pri-6B-U4-0317,Next I,,,primary,6,6B,U4,wordlist,50,high
pri-6B-U4-0318,In the afternoon I,,,primary,6,6B,U4,wordlist,50,high
pri-6B-U4-0319,In the evening I,,,primary,6,6B,U4,wordlist,50,high
pri-6B-U4-0320,Finally I,,,primary,6,6B,U4,wordlist,50,high
pri-6B-U4-0321,Can you retell what Mike did on Saturday,,,primary,6,6B,U4,wordlist,50,high
pri-6B-U4-0322,Show one picture,,,primary,6,6B,U4,wordlist,50,high
pri-6B-U4-0323,Bill It s an elephant It s big,,,primary,6,6B,U4,wordlist,50,high
pri-6B-U4-0324,Bill Guess Is this bigger or smaller than the elephant,,,primary,6,6B,U4,wordlist,50,high
pri-6B-U4-0325,Mike I think it s bigger than the elephant,,,primary,6,6B,U4,wordlist,50,high
pri-6B-U4-0326,Bill No it isn t It s smaller Look It s a tiger,,,primary,6,6B,U4,wordlist,50,high
pri-6B-U4-0327,Bill Look The other card is a whale,,,primary,6,6B,U4,wordlist,50,high
pri-6B-U4-0328,Mike So the whale is the biggest and the,,,primary,6,6B,U4,wordlist,50,high
pri-6B-U4-0329,tiger is the smallest,,,primary,6,6B,U4,wordlist,50,high
pri-6B-U4-0330,Get another picture but don t turn it over,,,primary,6,6B,U4,wordlist,50,high
pri-6B-U4-0331,Show the last picture,,,primary,6,6B,U4,wordlist,50,high
pri-6B-U4-0332,What did Mike do on the farm,,,primary,6,6B,U4,wordlist,50,high
pri-6B-U4-0333,Day Mike s day on the farm,,,primary,6,6B,U4,wordlist,50,high
pri-6B-U4-0334,Now read about Mike and Bill s game,,,primary,6,6B,U4,wordlist,50,high
pri-6B-U4-0335,Mike likes Monday best His favourite class is English,,,primary,6,6B,U4,wordlist,51,high
pri-6B-U4-0336,English is his first class on Monday He reads many English stories,,,primary,6,6B,U4,wordlist,51,high
pri-6B-U4-0337,and he likes to speak English with his friends,,,primary,6,6B,U4,wordlist,51,high
pri-6B-U4-0338,In the maths class Mike often answers very difficult maths,,,primary,6,6B,U4,wordlist,51,high
pri-6B-U4-0339,questions,,,primary,6,6B,U4,wordlist,51,high
pri-6B-U4-0340,In the PE class Mike sometimes plays basketball or exercises in,,,primary,6,6B,U4,wordlist,51,high
pri-6B-U4-0341,the gym He likes basketball best,,,primary,6,6B,U4,wordlist,51,high
pri-6B-U4-0342,I go to school from,,,primary,6,6B,U4,wordlist,51,high
pri-6B-U4-0343,Monday to Friday,,,primary,6,6B,U4,wordlist,51,high
pri-6B-U4-0344,My favourite day is,,,primary,6,6B,U4,wordlist,51,high
pri-6B-U4-0345,Monday,,,primary,6,6B,U4,wordlist,51,high
pri-6B-U4-0346,In English class I,,,primary,6,6B,U4,wordlist,51,high
pri-6B-U4-0347,read many English,,,primary,6,6B,U4,wordlist,51,high
pri-6B-U4-0348,stories and I like to,,,primary,6,6B,U4,wordlist,51,high
pri-6B-U4-0349,speak English with,,,primary,6,6B,U4,wordlist,51,high
pri-6B-U4-0350,my friends,,,primary,6,6B,U4,wordlist,51,high
pri-6B-U4-0351,On Monday I have,,,primary,6,6B,U4,wordlist,51,high
pri-6B-U4-0352,maths English music,,,primary,6,6B,U4,wordlist,51,high
pri-6B-U4-0353,and PE I like PE,,,primary,6,6B,U4,wordlist,51,high
pri-6B-U4-0354,best,,,primary,6,6B,U4,wordlist,51,high
pri-6B-U4-0355,I play the piano or,,,primary,6,6B,U4,wordlist,51,high
pri-6B-U4-0356,sing songs in music,,,primary,6,6B,U4,wordlist,51,high
pri-6B-U4-0357,class This is very,,,primary,6,6B,U4,wordlist,51,high
pri-6B-U4-0358,noisy and often,,,primary,6,6B,U4,wordlist,51,high
pri-6B-U4-0359,great fun,,,primary,6,6B,U4,wordlist,51,high
pri-6B-U4-0360,Maths is my first,,,primary,6,6B,U4,wordlist,51,high
pri-6B-U4-0361,class I often answer,,,primary,6,6B,U4,wordlist,51,high
pri-6B-U4-0362,maths questions,,,primary,6,6B,U4,wordlist,51,high
pri-6B-U4-0363,Sometimes they re,,,primary,6,6B,U4,wordlist,51,high
pri-6B-U4-0364,difficult,,,primary,6,6B,U4,wordlist,51,high
pri-6B-U4-0365,have PE class I,,,primary,6,6B,U4,wordlist,51,high
pri-6B-U4-0366,sometimes play,,,primary,6,6B,U4,wordlist,51,high
pri-6B-U4-0367,football or exercise,,,primary,6,6B,U4,wordlist,51,high
pri-6B-U4-0368,in the gym I m not,,,primary,6,6B,U4,wordlist,51,high
pri-6B-U4-0369,good at running but,,,primary,6,6B,U4,wordlist,51,high
pri-6B-U4-0370,I like football best,,,primary,6,6B,U4,wordlist,51,high
pri-6B-U4-0371,Mike is my new friend,,,primary,6,6B,U4,wordlist,51,high
pri-6B-U4-0372,Day Mike and his new friends Part,,,primary,6,6B,U4,wordlist,51,high
pri-6B-U4-0373,Mike s PPT about his school life,,,primary,6,6B,U4,wordlist,51,high
pri-6B-U4-0374,Bill told his friends about Mike Read and,,,primary,6,6B,U4,wordlist,51,high
pri-6B-U4-0375,underline the mistakes,,,primary,6,6B,U4,wordlist,51,high
pri-6B-U4-0376,Bill liked candy,,,primary,6,6B,U4,wordlist,52,high
pri-6B-U4-0377,Bill is taller than before,,,primary,6,6B,U4,wordlist,52,high
pri-6B-U4-0378,Bill will wear a red hat to work,,,primary,6,6B,U4,wordlist,52,high
pri-6B-U4-0379,Bill likes to read storybooks,,,primary,6,6B,U4,wordlist,52,high
pri-6B-U4-0380,Bill was smaller before,,,primary,6,6B,U4,wordlist,52,high
pri-6B-U4-0381,Bill will be thinner than he is now,,,primary,6,6B,U4,wordlist,52,high
pri-6B-U4-0382,candy,,,primary,6,6B,U4,wordlist,52,high
pri-6B-U4-0383,basketball,,,primary,6,6B,U4,wordlist,52,high
pri-6B-U4-0384,skip rope,,,primary,6,6B,U4,wordlist,52,high
pri-6B-U4-0385,music,,,primary,6,6B,U4,wordlist,52,high
pri-6B-U4-0386,storybooks,,,primary,6,6B,U4,wordlist,52,high
pri-6B-U4-0387,swim,,,primary,6,6B,U4,wordlist,52,high
pri-6B-U4-0388,drive a red car,,,primary,6,6B,U4,wordlist,52,high
pri-6B-U4-0389,wear a yellow hat,,,primary,6,6B,U4,wordlist,52,high
pri-6B-U4-0390,Look at Bill s poster,,,primary,6,6B,U4,wordlist,52,high
pri-6B-U4-0391,Read and tick or cross,,,primary,6,6B,U4,wordlist,52,high
pri-6B-U4-0392,Design your own poster,,,primary,6,6B,U4,wordlist,52,high
pri-6B-U4-0393,Dear,,,primary,6,6B,U4,wordlist,53,high
pri-6B-U4-0394,Thank you for your invitation I am going to on,,,primary,6,6B,U4,wordlist,53,high
pri-6B-U4-0395,I will,,,primary,6,6B,U4,wordlist,53,high
pri-6B-U4-0396,Best wishes,,,primary,6,6B,U4,wordlist,53,high
pri-6B-U4-0397,Dear Friends,,,primary,6,6B,U4,wordlist,53,high
pri-6B-U4-0398,It is time to leave our school We are all going to middle,,,primary,6,6B,U4,wordlist,53,high
pri-6B-U4-0399,school soon so we will say goodbye to each other We are,,,primary,6,6B,U4,wordlist,53,high
pri-6B-U4-0400,going to have a farewell party You can bring your friends,,,primary,6,6B,U4,wordlist,53,high
pri-6B-U4-0401,Place Our music room Time Friday p m,,,primary,6,6B,U4,wordlist,53,high
pri-6B-U4-0402,Activities,,,primary,6,6B,U4,wordlist,53,high
pri-6B-U4-0403,We will draw pictures and sing songs We are going to give prizes for,,,primary,6,6B,U4,wordlist,53,high
pri-6B-U4-0404,the best pictures We are going to have cake candy and juice too,,,primary,6,6B,U4,wordlist,53,high
pri-6B-U4-0405,Yum,,,primary,6,6B,U4,wordlist,53,high
pri-6B-U4-0406,We will also give many prizes to our good students For example who,,,primary,6,6B,U4,wordlist,53,high
pri-6B-U4-0407,helped others the most Who studied hard Who wrote the best story,,,primary,6,6B,U4,wordlist,53,high
pri-6B-U4-0408,We will listen to music play games and dance It will be great fun,,,primary,6,6B,U4,wordlist,53,high
pri-6B-U4-0409,See you at the party,,,primary,6,6B,U4,wordlist,53,high
pri-6B-U4-0410,Write a reply Are you going to go to the party What will,,,primary,6,6B,U4,wordlist,53,high
pri-6B-U4-0411,you do at the party,,,primary,6,6B,U4,wordlist,53,high
pri-6B-U4-0412,Who is going to the party Listen and tick,,,primary,6,6B,U4,wordlist,53,high
pri-6B-U4-0413,Mike Robin John Zhang Peng Wu Binbin,,,primary,6,6B,U4,wordlist,53,high
pri-6B-U4-0414,Now design your,,,primary,6,6B,U4,wordlist,53,high
pri-6B-U4-0415,own invitation,,,primary,6,6B,U4,wordlist,53,high
pri-6B-U4-0416,What are they going to do at the party,,,primary,6,6B,U4,wordlist,53,high
pri-6B-U4-0417,Day Mike s surprise,,,primary,6,6B,U4,wordlist,53,high
pri-6B-U4-0418,Mike s school sent him an invitation,,,primary,6,6B,U4,wordlist,53,high
pri-6B-U4-0419,cl,,,primary,6,6B,U4,wordlist,54,high
pri-6B-U4-0420,pl br,,,primary,6,6B,U4,wordlist,54,high
pri-6B-U4-0421,fr ch sh th,,,primary,6,6B,U4,wordlist,54,high
pri-6B-U4-0422,ng,,,primary,6,6B,U4,wordlist,54,high
pri-6B-U4-0423,nk,,,primary,6,6B,U4,wordlist,54,high
pri-6B-U4-0424,clock,,,primary,6,6B,U4,wordlist,54,high
pri-6B-U4-0425,brown bread,,,primary,6,6B,U4,wordlist,54,high
pri-6B-U4-0426,cheese,,,primary,6,6B,U4,wordlist,54,high
pri-6B-U4-0427,fresh fruit,,,primary,6,6B,U4,wordlist,54,high
pri-6B-U4-0428,milk,,,primary,6,6B,U4,wordlist,54,high
pri-6B-U4-0429,orange juice,,,primary,6,6B,U4,wordlist,54,high
pri-6B-U4-0430,tea bags,,,primary,6,6B,U4,wordlist,54,high
pri-6B-U4-0431,chocolates,,,primary,6,6B,U4,wordlist,54,high
pri-6B-U4-0432,plates,,,primary,6,6B,U4,wordlist,54,high
pri-6B-U4-0433,knives,,,primary,6,6B,U4,wordlist,54,high
pri-6B-U4-0434,forks,,,primary,6,6B,U4,wordlist,54,high
pri-6B-U4-0435,English books,,,primary,6,6B,U4,wordlist,54,high
pri-6B-U4-0436,maths books,,,primary,6,6B,U4,wordlist,54,high
pri-6B-U4-0437,pink party hats,,,primary,6,6B,U4,wordlist,54,high
pri-6B-U4-0438,prizes,,,primary,6,6B,U4,wordlist,54,high
pri-6B-U4-0439,paints,,,primary,6,6B,U4,wordlist,54,high
pri-6B-U4-0440,balloons,,,primary,6,6B,U4,wordlist,54,high
pri-6B-U4-0441,ping-pong balls,,,primary,6,6B,U4,wordlist,54,high
pri-6B-U4-0442,Now make your own list of things for the party,,,primary,6,6B,U4,wordlist,54,high
pri-6B-U4-0443,What can you see in the picture,,,primary,6,6B,U4,wordlist,54,high
pri-6B-U4-0444,Look and match,,,primary,6,6B,U4,wordlist,54,high
pri-6B-U4-0445,Day A farewell party,,,primary,6,6B,U4,wordlist,54,high
pri-6B-U4-0446,Group the words Can you write more,,,primary,6,6B,U4,wordlist,54,high
pri-6B-U4-0447,Find words with the following patterns,,,primary,6,6B,U4,wordlist,54,high
pri-6B-U4-0448,The party is on Friday,,,primary,6,6B,U4,wordlist,55,high
pri-6B-U4-0449,It s time to say goodbye,,,primary,6,6B,U4,wordlist,55,high
pri-6B-U4-0450,We won t sing any sad songs,,,primary,6,6B,U4,wordlist,55,high
pri-6B-U4-0451,And we ll have lots of fun,,,primary,6,6B,U4,wordlist,55,high
pri-6B-U4-0452,We ll dance and sing and play,,,primary,6,6B,U4,wordlist,55,high
pri-6B-U4-0453,Don t be late for the party,,,primary,6,6B,U4,wordlist,55,high
pri-6B-U4-0454,We ll have a happy happy day,,,primary,6,6B,U4,wordlist,55,high
pri-6B-U4-0455,Write soon,,,primary,6,6B,U4,wordlist,55,high
pri-6B-U4-0456,Good luck,,,primary,6,6B,U4,wordlist,55,high
pri-6B-U4-0457,Keep in touch,,,primary,6,6B,U4,wordlist,55,high
pri-6B-U4-0458,Take care,,,primary,6,6B,U4,wordlist,55,high
pri-6B-U4-0459,Have a,,,primary,6,6B,U4,wordlist,55,high
pri-6B-U4-0460,good trip,,,primary,6,6B,U4,wordlist,55,high
pri-6B-U4-0461,Read the many ways to say goodbye,,,primary,6,6B,U4,wordlist,55,high
pri-6B-U4-0462,Read the chant,,,primary,6,6B,U4,wordlist,55,high
pri-6B-U4-0463,Zip I have some good news,,,primary,6,6B,U4,wordlist,56,high
pri-6B-U4-0464,and some bad news,,,primary,6,6B,U4,wordlist,56,high
pri-6B-U4-0465,Zoom What is it,,,primary,6,6B,U4,wordlist,56,high
pri-6B-U4-0466,Zip I m going away for a long,,,primary,6,6B,U4,wordlist,56,high
pri-6B-U4-0467,time,,,primary,6,6B,U4,wordlist,56,high
pri-6B-U4-0468,Zoom I m sorry to hear that,,,primary,6,6B,U4,wordlist,56,high
pri-6B-U4-0469,Zoom Where are you going,,,primary,6,6B,U4,wordlist,56,high
pri-6B-U4-0470,Zip America My father has,,,primary,6,6B,U4,wordlist,56,high
pri-6B-U4-0471,a new job there,,,primary,6,6B,U4,wordlist,56,high
pri-6B-U4-0472,Zoom That is good news for,,,primary,6,6B,U4,wordlist,56,high
pri-6B-U4-0473,your father It s sad,,,primary,6,6B,U4,wordlist,56,high
pri-6B-U4-0474,news for me,,,primary,6,6B,U4,wordlist,56,high
pri-6B-U4-0475,Zip Me too,,,primary,6,6B,U4,wordlist,56,high
pri-6B-U4-0476,Zoom Are you going to a new,,,primary,6,6B,U4,wordlist,56,high
pri-6B-U4-0477,school,,,primary,6,6B,U4,wordlist,56,high
pri-6B-U4-0478,Zip I m going to a new middle,,,primary,6,6B,U4,wordlist,56,high
pri-6B-U4-0479,school I ll be in Grade,,,primary,6,6B,U4,wordlist,56,high
pri-6B-U4-0480,Zoom Will you promise to,,,primary,6,6B,U4,wordlist,56,high
pri-6B-U4-0481,write to me,,,primary,6,6B,U4,wordlist,56,high
pri-6B-U4-0482,Zip Of course,,,primary,6,6B,U4,wordlist,56,high
pri-6B-U4-0483,Zoom Take care,,,primary,6,6B,U4,wordlist,56,high
pri-6B-U4-0484,Zip Take care,,,primary,6,6B,U4,wordlist,56,high
pri-6B-U1-0112,My small cat my small cat,,,primary,6,6B,U1,wordlist,57,high
pri-6B-U1-0113,My small cat is smaller than yours,,,primary,6,6B,U1,wordlist,57,high
pri-6B-U1-0114,He s smaller and shorter and younger than yours,,,primary,6,6B,U1,wordlist,57,high
pri-6B-U1-0115,My small cat,,,primary,6,6B,U1,wordlist,57,high
pri-6B-U1-0116,My big dog my big dog,,,primary,6,6B,U1,wordlist,57,high
pri-6B-U1-0117,My big dog is bigger than yours,,,primary,6,6B,U1,wordlist,57,high
pri-6B-U1-0118,He s bigger and longer and stronger than yours,,,primary,6,6B,U1,wordlist,57,high
pri-6B-U1-0119,My big dog,,,primary,6,6B,U1,wordlist,57,high
pri-6B-U1-0120,Last weekend I went to the zoo,,,primary,6,6B,U1,wordlist,57,high
pri-6B-U1-0121,What did you do last weekend,,,primary,6,6B,U1,wordlist,57,high
pri-6B-U1-0122,I saw a film and played ping-pong,,,primary,6,6B,U1,wordlist,57,high
pri-6B-U1-0123,Last night I watched TV,,,primary,6,6B,U1,wordlist,57,high
pri-6B-U1-0124,What did you do last night,,,primary,6,6B,U1,wordlist,57,high
pri-6B-U1-0125,I stayed at home and read a book,,,primary,6,6B,U1,wordlist,57,high
pri-6B-U1-0126,Songs in each unit,,,primary,6,6B,U1,wordlist,57,high
pri-6B-U1-0127,Appendix,,,primary,6,6B,U1,wordlist,57,high
pri-6B-U3-0200,Where did you go on your holiday holiday holiday,,,primary,6,6B,U3,wordlist,58,high
pri-6B-U3-0201,Did you swim Did you shop,,,primary,6,6B,U3,wordlist,58,high
pri-6B-U3-0202,I went swimming in the sea in the sea in the sea,,,primary,6,6B,U3,wordlist,58,high
pri-6B-U3-0203,I went shopping near the sea,,,primary,6,6B,U3,wordlist,58,high
pri-6B-U3-0204,I bought a gift for you,,,primary,6,6B,U3,wordlist,58,high
pri-6B-U3-0205,Did you run Did you jump,,,primary,6,6B,U3,wordlist,58,high
pri-6B-U3-0206,I rode a bike in the park in the park in the park,,,primary,6,6B,U3,wordlist,58,high
pri-6B-U3-0207,I didn t see a big round stone,,,primary,6,6B,U3,wordlist,58,high
pri-6B-U3-0208,And ouch I hurt my foot,,,primary,6,6B,U3,wordlist,58,high
pri-6B-U3-0209,Now I am taller taller than before,,,primary,6,6B,U3,wordlist,58,high
pri-6B-U3-0210,Every day I grow bigger Every day I grow more,,,primary,6,6B,U3,wordlist,58,high
pri-6B-U3-0211,Once I was a young boy younger than I am today,,,primary,6,6B,U3,wordlist,58,high
pri-6B-U3-0212,Now I am a big boy and I m bigger every day,,,primary,6,6B,U3,wordlist,58,high
pri-6B-U3-0213,For school I got up early earlier than before,,,primary,6,6B,U3,wordlist,58,high
pri-6B-U3-0214,Every day I get up early sometimes at four,,,primary,6,6B,U3,wordlist,58,high
pri-6B-U3-0215,Once I didn t talk a lot I wasn t an active boy,,,primary,6,6B,U3,wordlist,58,high
pri-6B-U3-0216,But now I talk more than before I always talk with joy,,,primary,6,6B,U3,wordlist,58,high
pri-6B-U3-0217,Appendix,,,primary,6,6B,U3,wordlist,58,high
pri-6B-U1-0128,younger young,,的比较,primary,6,6B,U1,wordlist,59,high
pri-6B-U1-0129,older old,,的比较级）,primary,6,6B,U1,wordlist,59,high
pri-6B-U1-0130,taller tall,,的比较级）,primary,6,6B,U1,wordlist,59,high
pri-6B-U1-0131,shorter short,,的比较,primary,6,6B,U1,wordlist,59,high
pri-6B-U1-0132,longer long,,的比较级）,primary,6,6B,U1,wordlist,59,high
pri-6B-U1-0133,thinner thin,,的比较级）,primary,6,6B,U1,wordlist,59,high
pri-6B-U1-0134,heavier heavy,,,primary,6,6B,U1,wordlist,59,high
pri-6B-U1-0135,bigger big,,的比较级）,primary,6,6B,U1,wordlist,59,high
pri-6B-U1-0136,smaller small,,的比较,primary,6,6B,U1,wordlist,59,high
pri-6B-U1-0137,stronger strong,,的,primary,6,6B,U1,wordlist,59,high
pri-6B-U1-0138,dinosaur,,恐龙,primary,6,6B,U1,wordlist,59,high
pri-6B-U1-0139,hall,,大厅,primary,6,6B,U1,wordlist,59,high
pri-6B-U1-0140,metre,,米（美式英语,primary,6,6B,U1,wordlist,59,high
pri-6B-U1-0141,meter,,,primary,6,6B,U1,wordlist,59,high
pri-6B-U1-0142,than,,比,primary,6,6B,U1,wordlist,59,high
pri-6B-U1-0143,both,,两个都,primary,6,6B,U1,wordlist,59,high
pri-6B-U1-0144,kilogram,,千克；公斤,primary,6,6B,U1,wordlist,59,high
pri-6B-U1-0145,countryside,,乡村,primary,6,6B,U1,wordlist,59,high
pri-6B-U1-0146,lower low,,的比较级）,primary,6,6B,U1,wordlist,59,high
pri-6B-U1-0147,shadow,,阴影；影子,primary,6,6B,U1,wordlist,59,high
pri-6B-U1-0148,smarter smart,,,primary,6,6B,U1,wordlist,59,high
pri-6B-U1-0149,become,,开始变得；变成,primary,6,6B,U1,wordlist,59,high
pri-6B-U2-0182,cleaned clean,,的过去式）,primary,6,6B,U2,wordlist,59,high
pri-6B-U2-0183,stayed stay,,的过去式）,primary,6,6B,U2,wordlist,59,high
pri-6B-U2-0184,washed wash,,的过去式）,primary,6,6B,U2,wordlist,59,high
pri-6B-U2-0185,watched watch,,的过去式）,primary,6,6B,U2,wordlist,59,high
pri-6B-U2-0186,had have,,的过去式）,primary,6,6B,U2,wordlist,59,high
pri-6B-U2-0187,had a cold,,感冒,primary,6,6B,U2,wordlist,59,high
pri-6B-U2-0188,slept sleep,,的过去式）,primary,6,6B,U2,wordlist,59,high
pri-6B-U2-0189,Appendix,,,primary,6,6B,U2,wordlist,59,high
pri-6B-U2-0190,read read,,的过去式）,primary,6,6B,U2,wordlist,60,high
pri-6B-U2-0191,saw see,,的过去式）看见,primary,6,6B,U2,wordlist,60,high
pri-6B-U2-0192,last,,最近的；上一个的,primary,6,6B,U2,wordlist,60,high
pri-6B-U2-0193,yesterday,,昨天,primary,6,6B,U2,wordlist,60,high
pri-6B-U2-0194,before,,在,primary,6,6B,U2,wordlist,60,high
pri-6B-U2-0195,drank drink,,的过去式）,primary,6,6B,U2,wordlist,60,high
pri-6B-U2-0196,show,,演出,primary,6,6B,U2,wordlist,60,high
pri-6B-U2-0197,magazine,,杂志,primary,6,6B,U2,wordlist,60,high
pri-6B-U2-0198,better well,,的比较级）,primary,6,6B,U2,wordlist,60,high
pri-6B-U2-0199,faster fast,,的比较级）,primary,6,6B,U2,wordlist,60,high
pri-6B-U2-0200,hotel,,旅馆,primary,6,6B,U2,wordlist,60,high
pri-6B-U2-0201,fixed fix,,的过去式）,primary,6,6B,U2,wordlist,60,high
pri-6B-U2-0202,broken,,破损的,primary,6,6B,U2,wordlist,60,high
pri-6B-U2-0203,lamp,,台灯,primary,6,6B,U2,wordlist,60,high
pri-6B-U2-0204,loud,,喧闹的；大声的,primary,6,6B,U2,wordlist,60,high
pri-6B-U2-0205,enjoy,,享受,primary,6,6B,U2,wordlist,60,high
pri-6B-U2-0206,stay,,暂住；逗留,primary,6,6B,U2,wordlist,60,high
pri-6B-U3-0218,went go,,的过去式）去,primary,6,6B,U3,wordlist,60,high
pri-6B-U3-0219,camp,,野营,primary,6,6B,U3,wordlist,60,high
pri-6B-U3-0220,fish,,钓鱼；捕鱼,primary,6,6B,U3,wordlist,60,high
pri-6B-U3-0221,rode ride,,的过去式）,primary,6,6B,U3,wordlist,60,high
pri-6B-U3-0222,hurt hurt,,的过去式）,primary,6,6B,U3,wordlist,60,high
pri-6B-U3-0223,ate eat,,的过去式）吃,primary,6,6B,U3,wordlist,60,high
pri-6B-U3-0224,took take,,的过去式）拍照,primary,6,6B,U3,wordlist,60,high
pri-6B-U3-0225,took pictures,,照相,primary,6,6B,U3,wordlist,60,high
pri-6B-U3-0226,bought buy,,的过去式）买,primary,6,6B,U3,wordlist,60,high
pri-6B-U3-0227,gift,,礼物,primary,6,6B,U3,wordlist,60,high
pri-6B-U3-0228,fell fall,,的过去式）摔倒,primary,6,6B,U3,wordlist,60,high
pri-6B-U3-0229,off,,从（某处）落下,primary,6,6B,U3,wordlist,60,high
pri-6B-U3-0230,Labour Day,,劳动节p,primary,6,6B,U3,wordlist,60,high
pri-6B-U3-0231,mule,,骡子,primary,6,6B,U3,wordlist,60,high
pri-6B-U3-0232,Turpan,,吐鲁番,primary,6,6B,U3,wordlist,60,high
pri-6B-U3-0233,could can,,的过去式）,primary,6,6B,U3,wordlist,60,high
pri-6B-U3-0234,till,,直到,primary,6,6B,U3,wordlist,60,high
pri-6B-U3-0235,beach,,海滩；沙滩,primary,6,6B,U3,wordlist,60,high
pri-6B-U3-0236,basket,,篮；筐,primary,6,6B,U3,wordlist,60,high
pri-6B-U3-0237,part,,角色,primary,6,6B,U3,wordlist,60,high
pri-6B-U3-0238,licked lick,,的过去式）,primary,6,6B,U3,wordlist,60,high
pri-6B-U3-0239,laughed laugh,,的,primary,6,6B,U3,wordlist,60,high
pri-6B-U4-0485,Appendix,,,primary,6,6B,U4,wordlist,60,high
pri-6B-U4-0486,ago,,以前,primary,6,6B,U4,wordlist,61,high
pri-6B-U4-0487,star,,星,primary,6,6B,U4,wordlist,61,high
pri-6B-U4-0488,easy,,容易的,primary,6,6B,U4,wordlist,61,high
pri-6B-U4-0489,look up,,在词典中或通过电脑）,primary,6,6B,U4,wordlist,61,high
pri-6B-U4-0490,Internet,,互联网,primary,6,6B,U4,wordlist,61,high
pri-6B-U4-0491,different,,不同的,primary,6,6B,U4,wordlist,61,high
pri-6B-U4-0492,active,,积极的；活跃的,primary,6,6B,U4,wordlist,61,high
pri-6B-U4-0493,race,,赛跑,primary,6,6B,U4,wordlist,61,high
pri-6B-U4-0494,nothing,,没有什么,primary,6,6B,U4,wordlist,61,high
pri-6B-U4-0495,thought think,,的过去式）,primary,6,6B,U4,wordlist,61,high
pri-6B-U4-0496,felt feel,,的过去式）感觉,primary,6,6B,U4,wordlist,61,high
pri-6B-U4-0497,cheetah,,猎豹,primary,6,6B,U4,wordlist,61,high
pri-6B-U4-0498,trip,,绊倒,primary,6,6B,U4,wordlist,61,high
pri-6B-U4-0499,woke wake,,的过去式）,primary,6,6B,U4,wordlist,61,high
pri-6B-EXTRA-0001,A,,,primary,6,6B,EXTRA,wordlist,62,high
pri-6B-EXTRA-0002,active,,积极的；活跃的,primary,6,6B,EXTRA,wordlist,62,high
pri-6B-EXTRA-0003,ago,,以前,primary,6,6B,EXTRA,wordlist,62,high
pri-6B-EXTRA-0004,ate eat,,的过去式）吃,primary,6,6B,EXTRA,wordlist,62,high
pri-6B-EXTRA-0005,B,,,primary,6,6B,EXTRA,wordlist,62,high
pri-6B-EXTRA-0006,badminton,,,primary,6,6B,EXTRA,wordlist,62,high
pri-6B-EXTRA-0007,basket,,篮；筐,primary,6,6B,EXTRA,wordlist,62,high
pri-6B-EXTRA-0008,beach,,海滩；沙滩,primary,6,6B,EXTRA,wordlist,62,high
pri-6B-EXTRA-0009,become,,开始变得；变成,primary,6,6B,EXTRA,wordlist,62,high
pri-6B-EXTRA-0010,before,,在,primary,6,6B,EXTRA,wordlist,62,high
pri-6B-EXTRA-0011,better well,,的比较级）,primary,6,6B,EXTRA,wordlist,62,high
pri-6B-EXTRA-0012,bigger big,,的比较级）,primary,6,6B,EXTRA,wordlist,62,high
pri-6B-EXTRA-0013,both,,两个都,primary,6,6B,EXTRA,wordlist,62,high
pri-6B-EXTRA-0014,bought buy,,的过去式）买,primary,6,6B,EXTRA,wordlist,62,high
pri-6B-EXTRA-0015,broken,,破损的,primary,6,6B,EXTRA,wordlist,62,high
pri-6B-EXTRA-0016,C,,,primary,6,6B,EXTRA,wordlist,62,high
pri-6B-EXTRA-0017,camp,,野营,primary,6,6B,EXTRA,wordlist,62,high
pri-6B-EXTRA-0018,cheetah,,猎豹,primary,6,6B,EXTRA,wordlist,62,high
pri-6B-EXTRA-0019,cleaned clean,,的过去式）,primary,6,6B,EXTRA,wordlist,62,high
pri-6B-EXTRA-0020,could can,,的过去式）,primary,6,6B,EXTRA,wordlist,62,high
pri-6B-EXTRA-0021,countryside,,乡村,primary,6,6B,EXTRA,wordlist,62,high
pri-6B-EXTRA-0022,cycling,,骑自行车运动,primary,6,6B,EXTRA,wordlist,62,high
pri-6B-EXTRA-0023,D,,,primary,6,6B,EXTRA,wordlist,62,high
pri-6B-EXTRA-0024,different,,不同的,primary,6,6B,EXTRA,wordlist,62,high
pri-6B-EXTRA-0025,dining hall,,饭厅,primary,6,6B,EXTRA,wordlist,62,high
pri-6B-EXTRA-0026,dinosaur,,恐龙,primary,6,6B,EXTRA,wordlist,62,high
pri-6B-EXTRA-0027,drank drink,,的过去式）,primary,6,6B,EXTRA,wordlist,62,high
pri-6B-EXTRA-0028,dream,,梦,primary,6,6B,EXTRA,wordlist,62,high
pri-6B-EXTRA-0029,E,,,primary,6,6B,EXTRA,wordlist,62,high
pri-6B-EXTRA-0030,easy,,容易的,primary,6,6B,EXTRA,wordlist,62,high
pri-6B-EXTRA-0031,enjoy,,享受,primary,6,6B,EXTRA,wordlist,62,high
pri-6B-EXTRA-0032,F,,,primary,6,6B,EXTRA,wordlist,62,high
pri-6B-EXTRA-0033,faster fast,,的比较级）,primary,6,6B,EXTRA,wordlist,62,high
pri-6B-EXTRA-0034,fell fall,,的过去式）摔倒,primary,6,6B,EXTRA,wordlist,62,high
pri-6B-EXTRA-0035,felt feel,,的过去式）感觉,primary,6,6B,EXTRA,wordlist,62,high
pri-6B-EXTRA-0036,Appendix,,,primary,6,6B,EXTRA,wordlist,62,high
pri-6B-EXTRA-0037,fish,,钓鱼；捕鱼,primary,6,6B,EXTRA,wordlist,63,high
pri-6B-EXTRA-0038,fixed fix,,的过去式）,primary,6,6B,EXTRA,wordlist,63,high
pri-6B-EXTRA-0039,G,,,primary,6,6B,EXTRA,wordlist,63,high
pri-6B-EXTRA-0040,gift,,礼物,primary,6,6B,EXTRA,wordlist,63,high
pri-6B-EXTRA-0041,go cycling,,去骑自行车,primary,6,6B,EXTRA,wordlist,63,high
pri-6B-EXTRA-0042,grass,,草坪,primary,6,6B,EXTRA,wordlist,63,high
pri-6B-EXTRA-0043,gym,,体育馆,primary,6,6B,EXTRA,wordlist,63,high
pri-6B-EXTRA-0044,H,,,primary,6,6B,EXTRA,wordlist,63,high
pri-6B-EXTRA-0045,had have,,的过去式）,primary,6,6B,EXTRA,wordlist,63,high
pri-6B-EXTRA-0046,had a cold,,感冒,primary,6,6B,EXTRA,wordlist,63,high
pri-6B-EXTRA-0047,hall,,大厅,primary,6,6B,EXTRA,wordlist,63,high
pri-6B-EXTRA-0048,heavier heavy,,,primary,6,6B,EXTRA,wordlist,63,high
pri-6B-EXTRA-0049,hotel,,旅馆,primary,6,6B,EXTRA,wordlist,63,high
pri-6B-EXTRA-0050,hurt hurt,,的过去式）,primary,6,6B,EXTRA,wordlist,63,high
pri-6B-EXTRA-0051,I,,,primary,6,6B,EXTRA,wordlist,63,high
pri-6B-EXTRA-0052,ice-skate,,滑冰,primary,6,6B,EXTRA,wordlist,63,high
pri-6B-EXTRA-0053,Internet,,互联网,primary,6,6B,EXTRA,wordlist,63,high
pri-6B-EXTRA-0054,K,,,primary,6,6B,EXTRA,wordlist,63,high
pri-6B-EXTRA-0055,kilogram,,千克；公斤,primary,6,6B,EXTRA,wordlist,63,high
pri-6B-EXTRA-0056,L,,,primary,6,6B,EXTRA,wordlist,63,high
pri-6B-EXTRA-0057,Labour Day,,劳动节p,primary,6,6B,EXTRA,wordlist,63,high
pri-6B-EXTRA-0058,lamp,,台灯,primary,6,6B,EXTRA,wordlist,63,high
pri-6B-EXTRA-0059,last,,最近的；上一个的,primary,6,6B,EXTRA,wordlist,63,high
pri-6B-EXTRA-0060,laughed laugh,,的,primary,6,6B,EXTRA,wordlist,63,high
pri-6B-EXTRA-0061,licked lick,,的过去式）,primary,6,6B,EXTRA,wordlist,63,high
pri-6B-EXTRA-0062,longer long,,的比较级）,primary,6,6B,EXTRA,wordlist,63,high
pri-6B-EXTRA-0063,look up,,在词典中或通过电脑）,primary,6,6B,EXTRA,wordlist,63,high
pri-6B-EXTRA-0064,loud,,喧闹的；大声的,primary,6,6B,EXTRA,wordlist,63,high
pri-6B-EXTRA-0065,lower low,,的比较级）,primary,6,6B,EXTRA,wordlist,63,high
pri-6B-EXTRA-0066,M,,,primary,6,6B,EXTRA,wordlist,63,high
pri-6B-EXTRA-0067,magazine,,杂志,primary,6,6B,EXTRA,wordlist,63,high
pri-6B-EXTRA-0068,metre,,米（美式英语,primary,6,6B,EXTRA,wordlist,63,high
pri-6B-EXTRA-0069,meter,,,primary,6,6B,EXTRA,wordlist,63,high
pri-6B-EXTRA-0070,mule,,骡子,primary,6,6B,EXTRA,wordlist,63,high
pri-6B-EXTRA-0071,N,,,primary,6,6B,EXTRA,wordlist,63,high
pri-6B-EXTRA-0072,nothing,,没有什么,primary,6,6B,EXTRA,wordlist,63,high
pri-6B-EXTRA-0073,O,,,primary,6,6B,EXTRA,wordlist,63,high
pri-6B-EXTRA-0074,off,,从（某处）落下,primary,6,6B,EXTRA,wordlist,63,high
pri-6B-EXTRA-0075,older old,,的比较级）,primary,6,6B,EXTRA,wordlist,63,high
pri-6B-EXTRA-0076,P,,,primary,6,6B,EXTRA,wordlist,63,high
pri-6B-EXTRA-0077,part,,角色,primary,6,6B,EXTRA,wordlist,63,high
pri-6B-EXTRA-0078,R,,,primary,6,6B,EXTRA,wordlist,63,high
pri-6B-EXTRA-0079,race,,赛跑,primary,6,6B,EXTRA,wordlist,63,high
pri-6B-EXTRA-0080,read read,,的过去式）读,primary,6,6B,EXTRA,wordlist,63,high
pri-6B-EXTRA-0081,rode ride,,的过去式）,primary,6,6B,EXTRA,wordlist,64,high
pri-6B-EXTRA-0082,S,,,primary,6,6B,EXTRA,wordlist,64,high
pri-6B-EXTRA-0083,saw see,,的过去式）看见,primary,6,6B,EXTRA,wordlist,64,high
pri-6B-EXTRA-0084,shadow,,阴影；影子,primary,6,6B,EXTRA,wordlist,64,high
pri-6B-EXTRA-0085,shorter short,,的比较,primary,6,6B,EXTRA,wordlist,64,high
pri-6B-EXTRA-0086,show,,演出,primary,6,6B,EXTRA,wordlist,64,high
pri-6B-EXTRA-0087,slept sleep,,的过去式）,primary,6,6B,EXTRA,wordlist,64,high
pri-6B-EXTRA-0088,smaller small,,的比较,primary,6,6B,EXTRA,wordlist,64,high
pri-6B-EXTRA-0089,smarter smart,,,primary,6,6B,EXTRA,wordlist,64,high
pri-6B-EXTRA-0090,star,,星,primary,6,6B,EXTRA,wordlist,64,high
pri-6B-EXTRA-0091,stay,,暂住；逗留,primary,6,6B,EXTRA,wordlist,64,high
pri-6B-EXTRA-0092,stayed stay,,的过去式）,primary,6,6B,EXTRA,wordlist,64,high
pri-6B-EXTRA-0093,stronger strong,,的,primary,6,6B,EXTRA,wordlist,64,high
pri-6B-EXTRA-0094,T,,,primary,6,6B,EXTRA,wordlist,64,high
pri-6B-EXTRA-0095,taller tall,,的比较级）,primary,6,6B,EXTRA,wordlist,64,high
pri-6B-EXTRA-0096,than,,比,primary,6,6B,EXTRA,wordlist,64,high
pri-6B-EXTRA-0097,thinner thin,,的比较级）,primary,6,6B,EXTRA,wordlist,64,high
pri-6B-EXTRA-0098,thought think,,的过去式）,primary,6,6B,EXTRA,wordlist,64,high
pri-6B-EXTRA-0099,till,,直到,primary,6,6B,EXTRA,wordlist,64,high
pri-6B-EXTRA-0100,took take,,的过去式）拍照,primary,6,6B,EXTRA,wordlist,64,high
pri-6B-EXTRA-0101,took pictures,,照相,primary,6,6B,EXTRA,wordlist,64,high
pri-6B-EXTRA-0102,trip,,绊倒,primary,6,6B,EXTRA,wordlist,64,high
pri-6B-EXTRA-0103,Turpan,,吐鲁番,primary,6,6B,EXTRA,wordlist,64,high
pri-6B-EXTRA-0104,W,,,primary,6,6B,EXTRA,wordlist,64,high
pri-6B-EXTRA-0105,washed wash,,的过去式）,primary,6,6B,EXTRA,wordlist,64,high
pri-6B-EXTRA-0106,watched watch,,的过去式）,primary,6,6B,EXTRA,wordlist,64,high
pri-6B-EXTRA-0107,went go,,的过去式）去,primary,6,6B,EXTRA,wordlist,64,high
pri-6B-EXTRA-0108,went camping,,尤指在假日）,primary,6,6B,EXTRA,wordlist,64,high
pri-6B-EXTRA-0109,went fishing,,去钓鱼,primary,6,6B,EXTRA,wordlist,64,high
pri-6B-EXTRA-0110,woke wake,,的过去式）,primary,6,6B,EXTRA,wordlist,64,high
pri-6B-EXTRA-0111,Y,,,primary,6,6B,EXTRA,wordlist,64,high
pri-6B-EXTRA-0112,yesterday,,昨天,primary,6,6B,EXTRA,wordlist,64,high
pri-6B-EXTRA-0113,younger young,,的比较,primary,6,6B,EXTRA,wordlist,64,high
pri-6B-U4-0500,That s the tallest dinosaur in,,,primary,6,6B,U4,wordlist,65,high
pri-6B-U4-0501,this hall,,,primary,6,6B,U4,wordlist,65,high
pri-6B-U4-0502,It s taller than both of us,,,primary,6,6B,U4,wordlist,65,high
pri-6B-U4-0503,together,,,primary,6,6B,U4,wordlist,65,high
pri-6B-U4-0504,How tall are you,,,primary,6,6B,U4,wordlist,65,high
pri-6B-U4-0505,I m metres,,,primary,6,6B,U4,wordlist,65,high
pri-6B-U4-0506,What size are your shoes,,,primary,6,6B,U4,wordlist,65,high
pri-6B-U4-0507,Mike,,,primary,6,6B,U4,wordlist,65,high
pri-6B-U4-0508,Your feet are bigger than mine,,,primary,6,6B,U4,wordlist,65,high
pri-6B-U4-0509,My shoes are size,,,primary,6,6B,U4,wordlist,65,high
pri-6B-U4-0510,How heavy are you,,,primary,6,6B,U4,wordlist,65,high
pri-6B-U4-0511,I m kilograms,,,primary,6,6B,U4,wordlist,65,high
pri-6B-U4-0512,How was your weekend,,,primary,6,6B,U4,wordlist,65,high
pri-6B-U4-0513,It was good thank you,,,primary,6,6B,U4,wordlist,65,high
pri-6B-U4-0514,What did you do,,,primary,6,6B,U4,wordlist,65,high
pri-6B-U4-0515,I stayed at home with your,,,primary,6,6B,U4,wordlist,65,high
pri-6B-U4-0516,grandma We drank tea in the,,,primary,6,6B,U4,wordlist,65,high
pri-6B-U4-0517,afternoon and watched TV,,,primary,6,6B,U4,wordlist,65,high
pri-6B-U4-0518,Did you do anything else,,,primary,6,6B,U4,wordlist,65,high
pri-6B-U4-0519,Yes I cleaned my room and,,,primary,6,6B,U4,wordlist,65,high
pri-6B-U4-0520,washed my clothes,,,primary,6,6B,U4,wordlist,65,high
pri-6B-U4-0521,I want to buy the new film,,,primary,6,6B,U4,wordlist,65,high
pri-6B-U4-0522,magazine,,,primary,6,6B,U4,wordlist,65,high
pri-6B-U4-0523,What did you do last weekend,,,primary,6,6B,U4,wordlist,65,high
pri-6B-U4-0524,Did you see a film,,,primary,6,6B,U4,wordlist,65,high
pri-6B-U4-0525,No I had a cold I stayed at,,,primary,6,6B,U4,wordlist,65,high
pri-6B-U4-0526,home all weekend and slept,,,primary,6,6B,U4,wordlist,65,high
pri-6B-U4-0527,Useful expressions,,,primary,6,6B,U4,wordlist,65,high
pri-6B-U3-0240,Are you all right,,,primary,6,6B,U3,wordlist,66,high
pri-6B-U3-0241,I m OK now,,,primary,6,6B,U3,wordlist,66,high
pri-6B-U3-0242,It looks like a mule,,,primary,6,6B,U3,wordlist,66,high
pri-6B-U3-0243,Yes we did,,,primary,6,6B,U3,wordlist,66,high
pri-6B-U3-0244,How did you go there,,,primary,6,6B,U3,wordlist,66,high
pri-6B-U3-0245,We went there by plane,,,primary,6,6B,U3,wordlist,66,high
pri-6B-U3-0246,Sounds great,,,primary,6,6B,U3,wordlist,66,high
pri-6B-U3-0247,There was no library in my,,,primary,6,6B,U3,wordlist,66,high
pri-6B-U3-0248,old school,,,primary,6,6B,U3,wordlist,66,high
pri-6B-U3-0249,Tell us about your school please,,,primary,6,6B,U3,wordlist,66,high
pri-6B-U3-0250,How do you know that,,,primary,6,6B,U3,wordlist,66,high
pri-6B-U3-0251,There were no computers or,,,primary,6,6B,U3,wordlist,66,high
pri-6B-U3-0252,Internet in my time,,,primary,6,6B,U3,wordlist,66,high
pri-6B-U3-0253,Before I was quiet Now I m,,,primary,6,6B,U3,wordlist,66,high
pri-6B-U3-0254,very active in class,,,primary,6,6B,U3,wordlist,66,high
pri-6B-U3-0255,I was short so I couldn t ride my,,,primary,6,6B,U3,wordlist,66,high
pri-6B-U3-0256,bike well Now I go cycling every,,,primary,6,6B,U3,wordlist,66,high
pri-6B-U3-0257,Proverbs,,,primary,6,6B,U3,wordlist,66,high
pri-6B-U3-0258,Less is more,,,primary,6,6B,U3,wordlist,66,high
pri-6B-U3-0259,All work and no play makes Jack a,,,primary,6,6B,U3,wordlist,66,high
pri-6B-U3-0260,dull boy,,,primary,6,6B,U3,wordlist,66,high
pri-6B-U3-0261,All s well that ends well,,,primary,6,6B,U3,wordlist,66,high
pri-6B-U3-0262,Life is what you make it,,,primary,6,6B,U3,wordlist,66,high
pri-6B-U4-0528,The three little pigs,,,primary,6,6B,U4,wordlist,67,high
pri-6B-U4-0529,Narrator Once upon a time there were three little pigs named Pete,,,primary,6,6B,U4,wordlist,67,high
pri-6B-U4-0530,Pat and Paul They were brothers One day they left their,,,primary,6,6B,U4,wordlist,67,high
pri-6B-U4-0531,mother s house The winter was coming They wanted,,,primary,6,6B,U4,wordlist,67,high
pri-6B-U4-0532,to build a new house One day Pete met a man,,,primary,6,6B,U4,wordlist,67,high
pri-6B-U4-0533,He had straw to sell,,,primary,6,6B,U4,wordlist,67,high
pri-6B-U4-0534,Pete Can I please buy your straw,,,primary,6,6B,U4,wordlist,67,high
pri-6B-U4-0535,Straw-seller Sure What for,,,primary,6,6B,U4,wordlist,67,high
pri-6B-U4-0536,Pete I am going to build a house with it,,,primary,6,6B,U4,wordlist,67,high
pri-6B-U4-0537,Straw-seller Straw is not strong,,,primary,6,6B,U4,wordlist,67,high
pri-6B-U4-0538,Pete That s OK I need a house before winter,,,primary,6,6B,U4,wordlist,67,high
pri-6B-U4-0539,Narrator So Pete built his house of straw The next day Pat met a,,,primary,6,6B,U4,wordlist,67,high
pri-6B-U4-0540,man He sold sticks,,,primary,6,6B,U4,wordlist,67,high
pri-6B-U4-0541,Pat Can I please buy your sticks,,,primary,6,6B,U4,wordlist,67,high
pri-6B-U4-0542,Stick-seller Sure What for,,,primary,6,6B,U4,wordlist,67,high
pri-6B-U4-0543,Pat I am going to build a house with them,,,primary,6,6B,U4,wordlist,67,high
pri-6B-U4-0544,Stick-seller Sticks are not strong,,,primary,6,6B,U4,wordlist,67,high
pri-6B-U4-0545,Pat That s OK I need a house before winter,,,primary,6,6B,U4,wordlist,67,high
pri-6B-U4-0546,Short plays,,,primary,6,6B,U4,wordlist,67,high
pri-6B-U4-0547,Narrator So Pat built his house of sticks Then Paul met,,,primary,6,6B,U4,wordlist,68,high
pri-6B-U4-0548,a man He sold bricks,,,primary,6,6B,U4,wordlist,68,high
pri-6B-U4-0549,Paul Can I please buy your bricks,,,primary,6,6B,U4,wordlist,68,high
pri-6B-U4-0550,Brick-seller Sure What for,,,primary,6,6B,U4,wordlist,68,high
pri-6B-U4-0551,Paul I am going to build a house with them,,,primary,6,6B,U4,wordlist,68,high
pri-6B-U4-0552,Brick-seller Great Bricks are very strong,,,primary,6,6B,U4,wordlist,68,high
pri-6B-U4-0553,Pete It is hard work to build a house of,,,primary,6,6B,U4,wordlist,68,high
pri-6B-U4-0554,bricks,,,primary,6,6B,U4,wordlist,68,high
pri-6B-U4-0555,Pat Bricks are very heavy,,,primary,6,6B,U4,wordlist,68,high
pri-6B-U4-0556,Paul Bricks are heavier than straw and sticks,,,primary,6,6B,U4,wordlist,68,high
pri-6B-U4-0557,Brick houses are stronger than straw houses and stick houses,,,primary,6,6B,U4,wordlist,68,high
pri-6B-U4-0558,Narrator The man sold Paul the bricks Paul built his house of bricks,,,primary,6,6B,U4,wordlist,68,high
pri-6B-U4-0559,Pat built his house of sticks Pete built his house of straw,,,primary,6,6B,U4,wordlist,68,high
pri-6B-U4-0560,Then one day a hungry wolf came out of the woods He went,,,primary,6,6B,U4,wordlist,68,high
pri-6B-U4-0561,to the first house It was Pete s house made of straw,,,primary,6,6B,U4,wordlist,68,high
pri-6B-U4-0562,Wolf Little Pig Little Pig let me in,,,primary,6,6B,U4,wordlist,68,high
pri-6B-U4-0563,Pete No way No way Not by the hair on my chin,,,primary,6,6B,U4,wordlist,68,high
pri-6B-U4-0564,Wolf Then I will blow your house down,,,primary,6,6B,U4,wordlist,68,high
pri-6B-U4-0565,Narrator The wolf blew the straw house down Pete ran to,,,primary,6,6B,U4,wordlist,69,high
pri-6B-U4-0566,Pat s house The wolf went to the second house It was the,,,primary,6,6B,U4,wordlist,69,high
pri-6B-U4-0567,house made of sticks,,,primary,6,6B,U4,wordlist,69,high
pri-6B-U4-0568,Pete Pat No way No way Not by the hair on my chin,,,primary,6,6B,U4,wordlist,69,high
pri-6B-U4-0569,Narrator The wolf blew the stick house down Pete and Pat,,,primary,6,6B,U4,wordlist,69,high
pri-6B-U4-0570,ran to Paul s house So the wolf went to the brick house,,,primary,6,6B,U4,wordlist,69,high
pri-6B-U4-0571,Pete Pat Paul No way No way Not by the hair on my chin,,,primary,6,6B,U4,wordlist,69,high
pri-6B-U4-0572,Narrator The wolf blew and blew The house would not come down He,,,primary,6,6B,U4,wordlist,69,high
pri-6B-U4-0573,blew harder The house would not come down Finally the,,,primary,6,6B,U4,wordlist,69,high
pri-6B-U4-0574,wolf climbed on the top of the house He went down,,,primary,6,6B,U4,wordlist,69,high
pri-6B-U4-0575,the chimney He fell into fire,,,primary,6,6B,U4,wordlist,69,high
pri-6B-U4-0576,Pete Pat Paul Hurray,,,primary,6,6B,U4,wordlist,69,high
pri-6B-U4-0577,Little Red-Cap,,,primary,6,6B,U4,wordlist,70,high
pri-6B-U4-0578,Narrator Once upon a time there was a pretty little girl She wore,,,primary,6,6B,U4,wordlist,70,high
pri-6B-U4-0579,a little red cap It was from her grandmother,,,primary,6,6B,U4,wordlist,70,high
pri-6B-U4-0580,The girl loved the cap very much She was,,,primary,6,6B,U4,wordlist,70,high
pri-6B-U4-0581,always wearing it So everyone called her,,,primary,6,6B,U4,wordlist,70,high
pri-6B-U4-0582,Little Red-Cap One day her mother,,,primary,6,6B,U4,wordlist,70,high
pri-6B-U4-0583,called her from the garden,,,primary,6,6B,U4,wordlist,70,high
pri-6B-U4-0584,Mother Little Red-Cap,,,primary,6,6B,U4,wordlist,70,high
pri-6B-U4-0585,Little Red-Cap Yes Mum,,,primary,6,6B,U4,wordlist,70,high
pri-6B-U4-0586,Mother Here is a piece of sweet cake and some medicine Please,,,primary,6,6B,U4,wordlist,70,high
pri-6B-U4-0587,take them to your grandmother,,,primary,6,6B,U4,wordlist,70,high
pri-6B-U4-0588,Little Red-Cap Sure,,,primary,6,6B,U4,wordlist,70,high
pri-6B-U4-0589,Mother Don t run off the path Don t go into the woods It s,,,primary,6,6B,U4,wordlist,70,high
pri-6B-U4-0590,dangerous Walk nicely and don t break the bottle Don t,,,primary,6,6B,U4,wordlist,70,high
pri-6B-U4-0591,forget to say Good morning to your grandmother,,,primary,6,6B,U4,wordlist,70,high
pri-6B-U4-0592,Little Red-Cap Yes Mum I will be careful,,,primary,6,6B,U4,wordlist,70,high
pri-6B-U4-0593,Narrator Little Red-Cap set out She was so excited She saw the,,,primary,6,6B,U4,wordlist,70,high
pri-6B-U4-0594,woods She wanted to go into the woods She forgot her,,,primary,6,6B,U4,wordlist,70,high
pri-6B-U4-0595,mother s words,,,primary,6,6B,U4,wordlist,70,high
pri-6B-U4-0596,Little Red-Cap What s in the woods I d like to see the trees and the,,,primary,6,6B,U4,wordlist,71,high
pri-6B-U4-0597,birds,,,primary,6,6B,U4,wordlist,71,high
pri-6B-U4-0598,Narrator She went into the woods She saw a wolf,,,primary,6,6B,U4,wordlist,71,high
pri-6B-U4-0599,Wolf Good morning Little Red-Cap,,,primary,6,6B,U4,wordlist,71,high
pri-6B-U4-0600,Little Red-Cap Good morning Wolf,,,primary,6,6B,U4,wordlist,71,high
pri-6B-U4-0601,Wolf Where are you going,,,primary,6,6B,U4,wordlist,71,high
pri-6B-U4-0602,Little Red-Cap I m going to my,,,primary,6,6B,U4,wordlist,71,high
pri-6B-U4-0603,grandmother s house,,,primary,6,6B,U4,wordlist,71,high
pri-6B-U4-0604,Wolf What do you have there,,,primary,6,6B,U4,wordlist,71,high
pri-6B-U4-0605,Little Red-Cap I have some cake and medicine for my grandmother,,,primary,6,6B,U4,wordlist,71,high
pri-6B-U4-0606,Wolf Where does your grandmother live,,,primary,6,6B,U4,wordlist,71,high
pri-6B-U4-0607,Little Red-Cap Her house is far She lives near the mountain,,,primary,6,6B,U4,wordlist,71,high
pri-6B-U4-0608,Wolf Listen Little Red-Cap Can you hear the sweet little birds,,,primary,6,6B,U4,wordlist,71,high
pri-6B-U4-0609,They are singing And look How pretty the flowers are,,,primary,6,6B,U4,wordlist,71,high
pri-6B-U4-0610,Why don t you take some flowers to your grandmother,,,primary,6,6B,U4,wordlist,71,high
pri-6B-U4-0611,Little Red-Cap Good idea,,,primary,6,6B,U4,wordlist,71,high
pri-6B-U4-0612,Narrator Little Red-Cap picked some flowers for her grandmother,,,primary,6,6B,U4,wordlist,71,high
pri-6B-U4-0613,The wolf ran to the grandmother s house He knocked at,,,primary,6,6B,U4,wordlist,71,high
pri-6B-U4-0614,the door,,,primary,6,6B,U4,wordlist,71,high
pri-6B-U4-0615,Grandmother Who is there,,,primary,6,6B,U4,wordlist,71,high
pri-6B-U4-0616,Wolf Little Red-Cap It s me,,,primary,6,6B,U4,wordlist,72,high
pri-6B-U4-0617,Grandmother I have some cake,,,primary,6,6B,U4,wordlist,72,high
pri-6B-U4-0618,for you Open the door please,,,primary,6,6B,U4,wordlist,72,high
pri-6B-U4-0619,Grandmother I m in bed Come in,,,primary,6,6B,U4,wordlist,72,high
pri-6B-U4-0620,Narrator The wolf went,,,primary,6,6B,U4,wordlist,72,high
pri-6B-U4-0621,into the house,,,primary,6,6B,U4,wordlist,72,high
pri-6B-U4-0622,Wolf Good morning Grandmother,,,primary,6,6B,U4,wordlist,72,high
pri-6B-U4-0623,Grandmother What a strange voice you have Little Red-Cap,,,primary,6,6B,U4,wordlist,72,high
pri-6B-U4-0624,Wolf I have a cold My throat is sore,,,primary,6,6B,U4,wordlist,72,high
pri-6B-U4-0625,Grandmother I m sorry,,,primary,6,6B,U4,wordlist,72,high
pri-6B-U4-0626,Narrator The wolf jumped onto the bed and ate the grandmother He,,,primary,6,6B,U4,wordlist,72,high
pri-6B-U4-0627,got into the grandmother s bed Little Red-Cap came to,,,primary,6,6B,U4,wordlist,72,high
pri-6B-U4-0628,the house She went into the house,,,primary,6,6B,U4,wordlist,72,high
pri-6B-U4-0629,Little Red-Cap Good morning Grandmother,,,primary,6,6B,U4,wordlist,72,high
pri-6B-U4-0630,Wolf Good morning my dear,,,primary,6,6B,U4,wordlist,72,high
pri-6B-U4-0631,Little Red-Cap What a strange voice you have Grandmother,,,primary,6,6B,U4,wordlist,72,high
pri-6B-U4-0632,Narrator Little Red-Cap went to the bed She saw the wolf She,,,primary,6,6B,U4,wordlist,72,high
pri-6B-U4-0633,was surprised,,,primary,6,6B,U4,wordlist,72,high
pri-6B-U4-0634,Little Red-Cap What big eyes you have Grandmother,,,primary,6,6B,U4,wordlist,72,high
pri-6B-U4-0635,Wolf They help me see you better,,,primary,6,6B,U4,wordlist,72,high
pri-6B-U4-0636,Little Red-Cap What big ears you have Grandmother,,,primary,6,6B,U4,wordlist,73,high
pri-6B-U4-0637,Wolf They help me hear you better,,,primary,6,6B,U4,wordlist,73,high
pri-6B-U4-0638,Little Red-Cap What large hands you have Grandmother,,,primary,6,6B,U4,wordlist,73,high
pri-6B-U4-0639,Wolf They help me hug you better,,,primary,6,6B,U4,wordlist,73,high
pri-6B-U4-0640,Little Red-Cap What big teeth you have Grandmother,,,primary,6,6B,U4,wordlist,73,high
pri-6B-U4-0641,Wolf They help me eat you better,,,primary,6,6B,U4,wordlist,73,high
pri-6B-U4-0642,Narrator The wolf jumped out of the bed He ate Little Red-Cap,,,primary,6,6B,U4,wordlist,73,high
pri-6B-U4-0643,Then he went to sleep A hunter came to the grandmother s,,,primary,6,6B,U4,wordlist,73,high
pri-6B-U4-0644,house,,,primary,6,6B,U4,wordlist,73,high
pri-6B-U4-0645,Hunter How does the old woman feel now Is she better I must,,,primary,6,6B,U4,wordlist,73,high
pri-6B-U4-0646,go and see her,,,primary,6,6B,U4,wordlist,73,high
pri-6B-U4-0647,Narrator He went to the grandmother s bed but he didn t see,,,primary,6,6B,U4,wordlist,73,high
pri-6B-U4-0648,her He saw the wolf He killed the wolf,,,primary,6,6B,U4,wordlist,73,high
pri-6B-U4-0649,Grandmother,,,primary,6,6B,U4,wordlist,73,high
pri-6B-U4-0650,and Little Red-Cap jumped out of the wolf s stomach,,,primary,6,6B,U4,wordlist,73,high
pri-6B-U4-0651,Little Red-Cap Thank you Mr Hunter I will,,,primary,6,6B,U4,wordlist,73,high
pri-6B-U4-0652,never go into the woods,,,primary,6,6B,U4,wordlist,73,high
pri-6B-U4-0653,again by myself,,,primary,6,6B,U4,wordlist,73,high
pri-6B-U4-0654,Grandmother Thank you for helping us,,,primary,6,6B,U4,wordlist,73,high
pri-6B-U4-0655,be am is are,,,primary,6,6B,U4,wordlist,74,high
pri-6B-U4-0656,was were,,,primary,6,6B,U4,wordlist,74,high
pri-6B-U4-0657,become,,,primary,6,6B,U4,wordlist,74,high
pri-6B-U4-0658,became,,,primary,6,6B,U4,wordlist,74,high
pri-6B-U4-0659,begin,,,primary,6,6B,U4,wordlist,74,high
pri-6B-U4-0660,began,,,primary,6,6B,U4,wordlist,74,high
pri-6B-U4-0661,bring,,,primary,6,6B,U4,wordlist,74,high
pri-6B-U4-0662,brought,,,primary,6,6B,U4,wordlist,74,high
pri-6B-U4-0663,buy,,,primary,6,6B,U4,wordlist,74,high
pri-6B-U4-0664,bought,,,primary,6,6B,U4,wordlist,74,high
pri-6B-U4-0665,can,,,primary,6,6B,U4,wordlist,74,high
pri-6B-U4-0666,could,,,primary,6,6B,U4,wordlist,74,high
pri-6B-U4-0667,come,,,primary,6,6B,U4,wordlist,74,high
pri-6B-U4-0668,came,,,primary,6,6B,U4,wordlist,74,high
pri-6B-U4-0669,cut,,,primary,6,6B,U4,wordlist,74,high
pri-6B-U4-0670,do,,,primary,6,6B,U4,wordlist,74,high
pri-6B-U4-0671,did,,,primary,6,6B,U4,wordlist,74,high
pri-6B-U4-0672,draw,,,primary,6,6B,U4,wordlist,74,high
pri-6B-U4-0673,drew,,,primary,6,6B,U4,wordlist,74,high
pri-6B-U4-0674,drink,,,primary,6,6B,U4,wordlist,74,high
pri-6B-U4-0675,drank,,,primary,6,6B,U4,wordlist,74,high
pri-6B-U4-0676,drive,,,primary,6,6B,U4,wordlist,74,high
pri-6B-U4-0677,drove,,,primary,6,6B,U4,wordlist,74,high
pri-6B-U4-0678,eat,,,primary,6,6B,U4,wordlist,74,high
pri-6B-U4-0679,ate,,,primary,6,6B,U4,wordlist,74,high
pri-6B-U4-0680,fall,,,primary,6,6B,U4,wordlist,74,high
pri-6B-U4-0681,fell,,,primary,6,6B,U4,wordlist,74,high
pri-6B-U4-0682,feel,,,primary,6,6B,U4,wordlist,74,high
pri-6B-U4-0683,felt,,,primary,6,6B,U4,wordlist,74,high
pri-6B-U4-0684,find,,,primary,6,6B,U4,wordlist,74,high
pri-6B-U4-0685,found,,,primary,6,6B,U4,wordlist,74,high
pri-6B-U4-0686,fly,,,primary,6,6B,U4,wordlist,74,high
pri-6B-U4-0687,flew,,,primary,6,6B,U4,wordlist,74,high
pri-6B-U4-0688,get,,,primary,6,6B,U4,wordlist,74,high
pri-6B-U4-0689,got,,,primary,6,6B,U4,wordlist,74,high
pri-6B-U4-0690,give,,,primary,6,6B,U4,wordlist,74,high
pri-6B-U4-0691,gave,,,primary,6,6B,U4,wordlist,74,high
pri-6B-U4-0692,go,,,primary,6,6B,U4,wordlist,74,high
pri-6B-U4-0693,went,,,primary,6,6B,U4,wordlist,74,high
pri-6B-U4-0694,have has,,,primary,6,6B,U4,wordlist,74,high
pri-6B-U4-0695,had,,,primary,6,6B,U4,wordlist,74,high
pri-6B-U4-0696,hear,,,primary,6,6B,U4,wordlist,74,high
pri-6B-U4-0697,heard,,,primary,6,6B,U4,wordlist,74,high
pri-6B-U4-0698,hurt,,,primary,6,6B,U4,wordlist,74,high
pri-6B-U4-0699,keep,,,primary,6,6B,U4,wordlist,74,high
pri-6B-U4-0700,kept,,,primary,6,6B,U4,wordlist,74,high
pri-6B-U4-0701,know,,,primary,6,6B,U4,wordlist,74,high
pri-6B-U4-0702,knew,,,primary,6,6B,U4,wordlist,74,high
pri-6B-U4-0703,learn,,,primary,6,6B,U4,wordlist,74,high
pri-6B-U4-0704,learnt learned,,,primary,6,6B,U4,wordlist,74,high
pri-6B-U4-0705,leave,,,primary,6,6B,U4,wordlist,74,high
pri-6B-U4-0706,left,,,primary,6,6B,U4,wordlist,74,high
pri-6B-U4-0707,let,,,primary,6,6B,U4,wordlist,74,high
pri-6B-U4-0708,lose,,,primary,6,6B,U4,wordlist,74,high
pri-6B-U4-0709,lost,,,primary,6,6B,U4,wordlist,74,high
pri-6B-U4-0710,make,,,primary,6,6B,U4,wordlist,74,high
pri-6B-U4-0711,made,,,primary,6,6B,U4,wordlist,74,high
pri-6B-U4-0712,meet,,,primary,6,6B,U4,wordlist,74,high
pri-6B-U4-0713,met,,,primary,6,6B,U4,wordlist,74,high
pri-6B-U4-0714,put,,,primary,6,6B,U4,wordlist,74,high
pri-6B-U4-0715,read,,,primary,6,6B,U4,wordlist,74,high
pri-6B-U4-0716,run,,,primary,6,6B,U4,wordlist,74,high
pri-6B-U4-0717,ran,,,primary,6,6B,U4,wordlist,74,high
pri-6B-U4-0718,say,,,primary,6,6B,U4,wordlist,74,high
pri-6B-U4-0719,said,,,primary,6,6B,U4,wordlist,74,high
pri-6B-U4-0720,see,,,primary,6,6B,U4,wordlist,74,high
pri-6B-U4-0721,saw,,,primary,6,6B,U4,wordlist,74,high
pri-6B-U4-0722,sell,,,primary,6,6B,U4,wordlist,74,high
pri-6B-U4-0723,sold,,,primary,6,6B,U4,wordlist,74,high
pri-6B-U4-0724,send,,,primary,6,6B,U4,wordlist,74,high
pri-6B-U4-0725,sent,,,primary,6,6B,U4,wordlist,74,high
pri-6B-U4-0726,shall,,,primary,6,6B,U4,wordlist,74,high
pri-6B-U4-0727,should,,,primary,6,6B,U4,wordlist,74,high
pri-6B-U4-0728,sing,,,primary,6,6B,U4,wordlist,74,high
pri-6B-U4-0729,sang,,,primary,6,6B,U4,wordlist,74,high
pri-6B-U4-0730,sit,,,primary,6,6B,U4,wordlist,74,high
pri-6B-U4-0731,sat,,,primary,6,6B,U4,wordlist,74,high
pri-6B-U4-0732,sleep,,,primary,6,6B,U4,wordlist,74,high
pri-6B-U4-0733,slept,,,primary,6,6B,U4,wordlist,74,high
pri-6B-U4-0734,speak,,,primary,6,6B,U4,wordlist,74,high
pri-6B-U4-0735,spoke,,,primary,6,6B,U4,wordlist,74,high
pri-6B-U4-0736,stand,,,primary,6,6B,U4,wordlist,74,high
pri-6B-U4-0737,stood,,,primary,6,6B,U4,wordlist,74,high
pri-6B-U4-0738,swam,,,primary,6,6B,U4,wordlist,74,high
pri-6B-U4-0739,take,,,primary,6,6B,U4,wordlist,74,high
pri-6B-U4-0740,took,,,primary,6,6B,U4,wordlist,74,high
pri-6B-U4-0741,teach,,,primary,6,6B,U4,wordlist,74,high
pri-6B-U4-0742,taught,,,primary,6,6B,U4,wordlist,74,high
pri-6B-U4-0743,tell,,,primary,6,6B,U4,wordlist,74,high
pri-6B-U4-0744,told,,,primary,6,6B,U4,wordlist,74,high
pri-6B-U4-0745,think,,,primary,6,6B,U4,wordlist,74,high
pri-6B-U4-0746,thought,,,primary,6,6B,U4,wordlist,74,high
pri-6B-U4-0747,wake,,,primary,6,6B,U4,wordlist,74,high
pri-6B-U4-0748,woke,,,primary,6,6B,U4,wordlist,74,high
pri-6B-U4-0749,wear,,,primary,6,6B,U4,wordlist,74,high
pri-6B-U4-0750,wore,,,primary,6,6B,U4,wordlist,74,high
pri-6B-U4-0751,will,,,primary,6,6B,U4,wordlist,74,high
pri-6B-U4-0752,would,,,primary,6,6B,U4,wordlist,74,high
pri-6B-U4-0753,win,,,primary,6,6B,U4,wordlist,74,high
pri-6B-U4-0754,won,,,primary,6,6B,U4,wordlist,74,high
pri-6B-U4-0755,write,,,primary,6,6B,U4,wordlist,74,high
pri-6B-U4-0756,wrote,,,primary,6,6B,U4,wordlist,74,high
pri-6B-U4-0757,Irregular verbs,,,primary,6,6B,U4,wordlist,74,high
pri-6B-U4-0758,Infinitive,,,primary,6,6B,U4,wordlist,74,high
pri-6B-U4-0759,Past tense,,,primary,6,6B,U4,wordlist,74,high
pri-6B-U4-0760,bag book bird,,,primary,6,6B,U4,wordlist,75,high
pri-6B-U4-0761,n,,,primary,6,6B,U4,wordlist,75,high
pri-6B-U4-0762,near on open,,,primary,6,6B,U4,wordlist,75,high
pri-6B-U4-0763,cake cat crayon,,,primary,6,6B,U4,wordlist,75,high
pri-6B-U4-0764,p,,,primary,6,6B,U4,wordlist,75,high
pri-6B-U4-0765,pear pig cup,,,primary,6,6B,U4,wordlist,75,high
pri-6B-U4-0766,d,,,primary,6,6B,U4,wordlist,75,high
pri-6B-U4-0767,dog duck red,,,primary,6,6B,U4,wordlist,75,high
pri-6B-U4-0768,r,,,primary,6,6B,U4,wordlist,75,high
pri-6B-U4-0769,red ruler rice,,,primary,6,6B,U4,wordlist,75,high
pri-6B-U4-0770,f,,,primary,6,6B,U4,wordlist,75,high
pri-6B-U4-0771,father five left,,,primary,6,6B,U4,wordlist,75,high
pri-6B-U4-0772,s,,,primary,6,6B,U4,wordlist,75,high
pri-6B-U4-0773,six skirt sister,,,primary,6,6B,U4,wordlist,75,high
pri-6B-U4-0774,g,,,primary,6,6B,U4,wordlist,75,high
pri-6B-U4-0775,girl go dog,,,primary,6,6B,U4,wordlist,75,high
pri-6B-U4-0776,t,,,primary,6,6B,U4,wordlist,75,high
pri-6B-U4-0777,tea ten white,,,primary,6,6B,U4,wordlist,75,high
pri-6B-U4-0778,h,,,primary,6,6B,U4,wordlist,75,high
pri-6B-U4-0779,hat hand hair,,,primary,6,6B,U4,wordlist,75,high
pri-6B-U4-0780,v,,,primary,6,6B,U4,wordlist,75,high
pri-6B-U4-0781,vest seven five,,,primary,6,6B,U4,wordlist,75,high
pri-6B-U4-0782,j,,,primary,6,6B,U4,wordlist,75,high
pri-6B-U4-0783,jump jeep jacket,,,primary,6,6B,U4,wordlist,75,high
pri-6B-U4-0784,w,,,primary,6,6B,U4,wordlist,75,high
pri-6B-U4-0785,water woman sweater,,,primary,6,6B,U4,wordlist,75,high
pri-6B-U4-0786,k,,,primary,6,6B,U4,wordlist,75,high
pri-6B-U4-0787,key kite milk,,,primary,6,6B,U4,wordlist,75,high
pri-6B-U4-0788,x,,,primary,6,6B,U4,wordlist,75,high
pri-6B-U4-0789,ks,,,primary,6,6B,U4,text_only,75,low
pri-6B-U4-0790,six box fox,,,primary,6,6B,U4,wordlist,75,high
pri-6B-U4-0791,l,,,primary,6,6B,U4,wordlist,75,high
pri-6B-U4-0792,leg like eleven,,,primary,6,6B,U4,wordlist,75,high
pri-6B-U4-0793,y,,,primary,6,6B,U4,wordlist,75,high
pri-6B-U4-0794,yes you yellow,,,primary,6,6B,U4,wordlist,75,high
pri-6B-U4-0795,m,,,primary,6,6B,U4,wordlist,75,high
pri-6B-U4-0796,man woman room,,,primary,6,6B,U4,wordlist,75,high
pri-6B-U4-0797,z,,,primary,6,6B,U4,wordlist,75,high
pri-6B-U4-0798,zoo zebra size,,,primary,6,6B,U4,wordlist,75,high
pri-6B-U4-0799,br,,,primary,6,6B,U4,wordlist,75,high
pri-6B-U4-0800,bread brown brother library,,,primary,6,6B,U4,wordlist,75,high
pri-6B-U4-0801,ch,,,primary,6,6B,U4,wordlist,75,high
pri-6B-U4-0802,chair China teacher lunch,,,primary,6,6B,U4,wordlist,75,high
pri-6B-U4-0803,clean clock class clever,,,primary,6,6B,U4,wordlist,75,high
pri-6B-U4-0804,gr,,,primary,6,6B,U4,wordlist,75,high
pri-6B-U4-0805,green grape grow grandmother,,,primary,6,6B,U4,wordlist,75,high
pri-6B-U4-0806,sing long young ring,,,primary,6,6B,U4,wordlist,75,high
pri-6B-U4-0807,monkey think thank pink,,,primary,6,6B,U4,wordlist,75,high
pri-6B-U4-0808,pl,,,primary,6,6B,U4,wordlist,75,high
pri-6B-U4-0809,plane play please plant,,,primary,6,6B,U4,wordlist,75,high
pri-6B-U4-0810,qu,,,primary,6,6B,U4,wordlist,75,high
pri-6B-U4-0811,quick quite question,,,primary,6,6B,U4,wordlist,75,high
pri-6B-U4-0812,sh,,,primary,6,6B,U4,wordlist,75,high
pri-6B-U4-0813,she shoe shirt fish,,,primary,6,6B,U4,wordlist,75,high
pri-6B-U4-0814,th,,,primary,6,6B,U4,wordlist,75,high
pri-6B-U4-0815,three thank thin math,,,primary,6,6B,U4,wordlist,75,high
pri-6B-U4-0816,that this mother father,,,primary,6,6B,U4,wordlist,75,high
pri-6B-U4-0817,wh,,,primary,6,6B,U4,wordlist,75,high
pri-6B-U4-0818,what why where when,,,primary,6,6B,U4,wordlist,75,high
pri-6B-U4-0819,who whose whole,,,primary,6,6B,U4,wordlist,75,high
pri-6B-U4-0820,English pronunciation patterns,,,primary,6,6B,U4,wordlist,75,high
pri-6B-U4-0821,dad bag apple ant,,,primary,6,6B,U4,wordlist,76,high
pri-6B-U4-0822,e,,,primary,6,6B,U4,wordlist,76,high
pri-6B-U4-0823,egg bed pen hen,,,primary,6,6B,U4,wordlist,76,high
pri-6B-U4-0824,i,,,primary,6,6B,U4,wordlist,76,high
pri-6B-U4-0825,it his big ship,,,primary,6,6B,U4,wordlist,76,high
pri-6B-U4-0826,o,,,primary,6,6B,U4,wordlist,76,high
pri-6B-U4-0827,on long hot body,,,primary,6,6B,U4,wordlist,76,high
pri-6B-U4-0828,u,,,primary,6,6B,U4,wordlist,76,high
pri-6B-U4-0829,bus cup duck under,,,primary,6,6B,U4,wordlist,76,high
pri-6B-U4-0830,a-e,,,primary,6,6B,U4,wordlist,76,high
pri-6B-U4-0831,cake face name make,,,primary,6,6B,U4,wordlist,76,high
pri-6B-U4-0832,i-e,,,primary,6,6B,U4,wordlist,76,high
pri-6B-U4-0833,ice rice like bike,,,primary,6,6B,U4,wordlist,76,high
pri-6B-U4-0834,o-e,,,primary,6,6B,U4,wordlist,76,high
pri-6B-U4-0835,nose note hope home,,,primary,6,6B,U4,wordlist,76,high
pri-6B-U4-0836,u-e,,,primary,6,6B,U4,wordlist,76,high
pri-6B-U4-0837,use cute excuse,,,primary,6,6B,U4,wordlist,76,high
pri-6B-U4-0838,he she be me,,,primary,6,6B,U4,wordlist,76,high
pri-6B-U4-0839,er,,,primary,6,6B,U4,wordlist,76,high
pri-6B-U4-0840,ruler tiger sister dinner,,,primary,6,6B,U4,wordlist,76,high
pri-6B-U4-0841,ir,,,primary,6,6B,U4,wordlist,76,high
pri-6B-U4-0842,bird girl shirt skirt,,,primary,6,6B,U4,wordlist,76,high
pri-6B-U4-0843,ur,,,primary,6,6B,U4,wordlist,76,high
pri-6B-U4-0844,nurse turn hurt Thursday,,,primary,6,6B,U4,wordlist,76,high
pri-6B-U4-0845,ar,,,primary,6,6B,U4,wordlist,76,high
pri-6B-U4-0846,art car card park,,,primary,6,6B,U4,wordlist,76,high
pri-6B-U4-0847,al,,,primary,6,6B,U4,wordlist,76,high
pri-6B-U4-0848,wall tall ball talk,,,primary,6,6B,U4,wordlist,76,high
pri-6B-U4-0849,or,,,primary,6,6B,U4,wordlist,76,high
pri-6B-U4-0850,for fork horse born,,,primary,6,6B,U4,wordlist,76,high
pri-6B-U4-0851,world work word,,,primary,6,6B,U4,wordlist,76,high
pri-6B-U4-0852,baby windy rainy snowy,,,primary,6,6B,U4,wordlist,76,high
pri-6B-U4-0853,ee,,,primary,6,6B,U4,wordlist,76,high
pri-6B-U4-0854,see feet meet sheep,,,primary,6,6B,U4,wordlist,76,high
pri-6B-U4-0855,ea,,,primary,6,6B,U4,wordlist,76,high
pri-6B-U4-0856,eat tea meat read,,,primary,6,6B,U4,wordlist,76,high
pri-6B-U4-0857,ow,,,primary,6,6B,U4,wordlist,76,high
pri-6B-U4-0858,snow slow grow window,,,primary,6,6B,U4,wordlist,76,high
pri-6B-U4-0859,cow now brown down,,,primary,6,6B,U4,wordlist,76,high
pri-6B-U4-0860,oo,,,primary,6,6B,U4,wordlist,76,high
pri-6B-U4-0861,food room zoo too cool,,,primary,6,6B,U4,wordlist,76,high
pri-6B-U4-0862,cook book look foot,,,primary,6,6B,U4,wordlist,76,high
pri-6B-U4-0863,ou,,,primary,6,6B,U4,wordlist,76,high
pri-6B-U4-0864,cloud house about mouth,,,primary,6,6B,U4,wordlist,76,high
pri-6B-U4-0865,ai,,,primary,6,6B,U4,wordlist,76,high
pri-6B-U4-0866,rain mail wait paint,,,primary,6,6B,U4,wordlist,76,high
pri-6B-U4-0867,ay,,,primary,6,6B,U4,wordlist,76,high
pri-6B-U4-0868,day say play Monday,,,primary,6,6B,U4,wordlist,76,high
pri-6B-U4-0869,Lingo Learning Inc,,,primary,6,6B,U4,text_only,77,high
pri-6B-U4-0870,David Booth,,,primary,6,6B,U4,text_only,77,high
pri-6B-U4-0871,Jack Booth,,,primary,6,6B,U4,text_only,77,high
pri-6B-U4-0872,Sandra Purchase,,,primary,6,6B,U4,text_only,77,high
pri-6B-U4-0873,Suzanne Robare,,等,primary,6,6B,U4,wordlist,77,high
pri-6B-U4-0874,jcfk,,,primary,6,6B,U4,text_only,77,high
pri-6B-U4-0875,pep,,,primary,6,6B,U4,text_only,77,high
pri-6B-U4-0876,com,,,primary,6,6B,U4,text_only,77,high
pri-6B-U4-0877,cn,,,primary,6,6B,U4,text_only,77,low
pri-6B-U4-0878,YINGYU,,,primary,6,6B,U4,wordlist,78,high
pri-6B-U4-0879,YIWU JIAOYU JIAOKESHU,,,primary,6,6B,U4,wordlist,78,high
