cache_key,text,voice_id,speed,cdn_url,storage_url,source_ref,record_id,field
elevenlabs|el:lily|0.85||a long ruler,a long ruler,el:lily,0.85,https://audio.bigmooneducation.com/60/60b07b796a18a45357e31a7498e234be24aa445924686cfebb126d9fa87251ed.mp3,https://degqpiiddkxcuzwombwp.supabase.co/storage/v1/object/public/tts-audio/60/60b07b796a18a45357e31a7498e234be24aa445924686cfebb126d9fa87251ed.mp3,src/data/primaryHub/grade3.json,g3v1_u1#vocab[0].chunks[0],chunks.en
elevenlabs|el:lily|0.85||my ruler,my ruler,el:lily,0.85,https://audio.bigmooneducation.com/5e/5e4cf0ec095266fea41d00cf46b6b08eb649333acf18bffe24d1d20d030b0f14.mp3,https://degqpiiddkxcuzwombwp.supabase.co/storage/v1/object/public/tts-audio/5e/5e4cf0ec095266fea41d00cf46b6b08eb649333acf18bffe24d1d20d030b0f14.mp3,src/data/primaryHub/grade3.json,g3v1_u1#vocab[0].chunks[1],chunks.en
elevenlabs|el:lily|0.85||use a ruler,use a ruler,el:lily,0.85,https://audio.bigmooneducation.com/d5/d58f8eee25236bd575da499854c203afe3751bb34d9c2893ba0b4dfd1aafa3db.mp3,https://degqpiiddkxcuzwombwp.supabase.co/storage/v1/object/public/tts-audio/d5/d58f8eee25236bd575da499854c203afe3751bb34d9c2893ba0b4dfd1aafa3db.mp3,src/data/primaryHub/grade3.json,g3v1_u1#vocab[0].chunks[2],chunks.en
elevenlabs|el:lily|0.85||a new pencil,a new pencil,el:lily,0.85,https://audio.bigmooneducation.com/9c/9cf49ac7eef22ab4fb3794f20fa7a65c870d8d84d0f46849a83ef22ba84f18cc.mp3,https://degqpiiddkxcuzwombwp.supabase.co/storage/v1/object/public/tts-audio/9c/9cf49ac7eef22ab4fb3794f20fa7a65c870d8d84d0f46849a83ef22ba84f18cc.mp3,src/data/primaryHub/grade3.json,g3v1_u1#vocab[1].chunks[0],chunks.en
elevenlabs|el:lily|0.85||my pencil,my pencil,el:lily,0.85,https://audio.bigmooneducation.com/42/42a97d0ad3d4c522b37990aca802655cfa891eb55341804a400d9441cca38ea2.mp3,https://degqpiiddkxcuzwombwp.supabase.co/storage/v1/object/public/tts-audio/42/42a97d0ad3d4c522b37990aca802655cfa891eb55341804a400d9441cca38ea2.mp3,src/data/primaryHub/grade3.json,g3v1_u1#vocab[1].chunks[1],chunks.en
elevenlabs|el:lily|0.85||a red pencil,a red pencil,el:lily,0.85,https://audio.bigmooneducation.com/6c/6c36dc460e1f406f3eabecdfe4a649af41e8ad00cd9495f0b6ddac5170003cd7.mp3,https://degqpiiddkxcuzwombwp.supabase.co/storage/v1/object/public/tts-audio/6c/6c36dc460e1f406f3eabecdfe4a649af41e8ad00cd9495f0b6ddac5170003cd7.mp3,src/data/primaryHub/grade3.json,g3v1_u1#vocab[1].chunks[2],chunks.en
elevenlabs|el:lily|0.85||a small eraser,a small eraser,el:lily,0.85,https://audio.bigmooneducation.com/2c/2c192e951bd9c946fc0af19c407801a2e32076c68003f3df10341b0466dc17a9.mp3,https://degqpiiddkxcuzwombwp.supabase.co/storage/v1/object/public/tts-audio/2c/2c192e951bd9c946fc0af19c407801a2e32076c68003f3df10341b0466dc17a9.mp3,src/data/primaryHub/grade3.json,g3v1_u1#vocab[2].chunks[0],chunks.en
elevenlabs|el:lily|0.85||my eraser,my eraser,el:lily,0.85,https://audio.bigmooneducation.com/f0/f0c5bd2f33f32203aa6440d784af787a1d0e42df95b8f81637ea3f18ecf4629b.mp3,https://degqpiiddkxcuzwombwp.supabase.co/storage/v1/object/public/tts-audio/f0/f0c5bd2f33f32203aa6440d784af787a1d0e42df95b8f81637ea3f18ecf4629b.mp3,src/data/primaryHub/grade3.json,g3v1_u1#vocab[2].chunks[1],chunks.en
elevenlabs|el:lily|0.85||a new eraser,a new eraser,el:lily,0.85,https://audio.bigmooneducation.com/50/502286259e720f55a3f70a146b7d63c37bd4b7bc801848f58a3d3786d93ed441.mp3,https://degqpiiddkxcuzwombwp.supabase.co/storage/v1/object/public/tts-audio/50/502286259e720f55a3f70a146b7d63c37bd4b7bc801848f58a3d3786d93ed441.mp3,src/data/primaryHub/grade3.json,g3v1_u1#vocab[2].chunks[2],chunks.en
elevenlabs|el:lily|0.85||a red crayon,a red crayon,el:lily,0.85,https://audio.bigmooneducation.com/09/09efeeca13bea92eabddf27fa20ebca9d86eb68ebe5c81b02f92c11087ec72e1.mp3,https://degqpiiddkxcuzwombwp.supabase.co/storage/v1/object/public/tts-audio/09/09efeeca13bea92eabddf27fa20ebca9d86eb68ebe5c81b02f92c11087ec72e1.mp3,src/data/primaryHub/grade3.json,g3v1_u1#vocab[3].chunks[0],chunks.en
elevenlabs|el:lily|0.85||my crayon,my crayon,el:lily,0.85,https://audio.bigmooneducation.com/e4/e4ca96a5b237aa71ee828f032b9ff33885c9780aba821ac9378b5746aa163bb5.mp3,https://degqpiiddkxcuzwombwp.supabase.co/storage/v1/object/public/tts-audio/e4/e4ca96a5b237aa71ee828f032b9ff33885c9780aba821ac9378b5746aa163bb5.mp3,src/data/primaryHub/grade3.json,g3v1_u1#vocab[3].chunks[1],chunks.en
elevenlabs|el:lily|0.85||a box of crayons,a box of crayons,el:lily,0.85,https://audio.bigmooneducation.com/fd/fd7bd0db6243f8fd1cfbea715d077675e2bd532be4e1d58ca57fb9c6588cf768.mp3,https://degqpiiddkxcuzwombwp.supabase.co/storage/v1/object/public/tts-audio/fd/fd7bd0db6243f8fd1cfbea715d077675e2bd532be4e1d58ca57fb9c6588cf768.mp3,src/data/primaryHub/grade3.json,g3v1_u1#vocab[3].chunks[2],chunks.en
elevenlabs|el:lily|0.85||my bag,my bag,el:lily,0.85,https://audio.bigmooneducation.com/c5/c5ac80b8ef3817ed4716e7cf88553d7ae06d29c156a6a9c2c50ded4fe1f3ede7.mp3,https://degqpiiddkxcuzwombwp.supabase.co/storage/v1/object/public/tts-audio/c5/c5ac80b8ef3817ed4716e7cf88553d7ae06d29c156a6a9c2c50ded4fe1f3ede7.mp3,src/data/primaryHub/grade3.json,g3v1_u1#vocab[4].chunks[0],chunks.en
elevenlabs|el:lily|0.85||a new bag,a new bag,el:lily,0.85,https://audio.bigmooneducation.com/06/060b33da6b0e24898a706283bebfddab7a8f947d7f49e3cf0d81dddee595350f.mp3,https://degqpiiddkxcuzwombwp.supabase.co/storage/v1/object/public/tts-audio/06/060b33da6b0e24898a706283bebfddab7a8f947d7f49e3cf0d81dddee595350f.mp3,src/data/primaryHub/grade3.json,g3v1_u1#vocab[4].chunks[1],chunks.en
elevenlabs|el:lily|0.85||a school bag,a school bag,el:lily,0.85,https://audio.bigmooneducation.com/e9/e960aa731304ca83164ed69e46c2f7e67c76ab5612e2334fd5a33b57004c272d.mp3,https://degqpiiddkxcuzwombwp.supabase.co/storage/v1/object/public/tts-audio/e9/e960aa731304ca83164ed69e46c2f7e67c76ab5612e2334fd5a33b57004c272d.mp3,src/data/primaryHub/grade3.json,g3v1_u1#vocab[4].chunks[2],chunks.en
elevenlabs|el:lily|0.85||a blue pen,a blue pen,el:lily,0.85,https://audio.bigmooneducation.com/d8/d8c7d5a2adadf0b9e7fd68404f066a4d527669ce07b3a2f9bbc65dc1261e11b9.mp3,https://degqpiiddkxcuzwombwp.supabase.co/storage/v1/object/public/tts-audio/d8/d8c7d5a2adadf0b9e7fd68404f066a4d527669ce07b3a2f9bbc65dc1261e11b9.mp3,src/data/primaryHub/grade3.json,g3v1_u1#vocab[5].chunks[0],chunks.en
elevenlabs|el:lily|0.85||my pen,my pen,el:lily,0.85,https://audio.bigmooneducation.com/b5/b5700c9a3dae327b87f6efadcc81a595a736bd9765af77ecf58f5fce9568ceda.mp3,https://degqpiiddkxcuzwombwp.supabase.co/storage/v1/object/public/tts-audio/b5/b5700c9a3dae327b87f6efadcc81a595a736bd9765af77ecf58f5fce9568ceda.mp3,src/data/primaryHub/grade3.json,g3v1_u1#vocab[5].chunks[1],chunks.en
elevenlabs|el:lily|0.85||a new pen,a new pen,el:lily,0.85,https://audio.bigmooneducation.com/ed/ed785f28824829a962a055c769cf0e570b7bd5b9154423f3c278c162da8d40b6.mp3,https://degqpiiddkxcuzwombwp.supabase.co/storage/v1/object/public/tts-audio/ed/ed785f28824829a962a055c769cf0e570b7bd5b9154423f3c278c162da8d40b6.mp3,src/data/primaryHub/grade3.json,g3v1_u1#vocab[5].chunks[2],chunks.en
elevenlabs|el:lily|0.85||a new pencil box,a new pencil box,el:lily,0.85,https://audio.bigmooneducation.com/b1/b1c0f5026eda7dbc60c38169b3ea4bf2d287bc17c349c9b3b83a7f1158546b6a.mp3,https://degqpiiddkxcuzwombwp.supabase.co/storage/v1/object/public/tts-audio/b1/b1c0f5026eda7dbc60c38169b3ea4bf2d287bc17c349c9b3b83a7f1158546b6a.mp3,src/data/primaryHub/grade3.json,g3v1_u1#vocab[6].chunks[0],chunks.en
elevenlabs|el:lily|0.85||my pencil box,my pencil box,el:lily,0.85,https://audio.bigmooneducation.com/2b/2b8083d78b3c68db821c4c85007fa6f86c8ae22b3afe4ad947e5ff672dd05702.mp3,https://degqpiiddkxcuzwombwp.supabase.co/storage/v1/object/public/tts-audio/2b/2b8083d78b3c68db821c4c85007fa6f86c8ae22b3afe4ad947e5ff672dd05702.mp3,src/data/primaryHub/grade3.json,g3v1_u1#vocab[6].chunks[1],chunks.en
elevenlabs|el:lily|0.85||open the pencil box,open the pencil box,el:lily,0.85,https://audio.bigmooneducation.com/01/01d49cdde2c7d587147e6b3d25385da25468d1223cce24227e0e8bed09e09544.mp3,https://degqpiiddkxcuzwombwp.supabase.co/storage/v1/object/public/tts-audio/01/01d49cdde2c7d587147e6b3d25385da25468d1223cce24227e0e8bed09e09544.mp3,src/data/primaryHub/grade3.json,g3v1_u1#vocab[6].chunks[2],chunks.en
elevenlabs|el:lily|0.85||a new book,a new book,el:lily,0.85,https://audio.bigmooneducation.com/45/45232ef03b9950665bd92c8bea0520843f3dcdea78f3029918d96b8a2714a18d.mp3,https://degqpiiddkxcuzwombwp.supabase.co/storage/v1/object/public/tts-audio/45/45232ef03b9950665bd92c8bea0520843f3dcdea78f3029918d96b8a2714a18d.mp3,src/data/primaryHub/grade3.json,g3v1_u1#vocab[7].chunks[0],chunks.en
elevenlabs|el:lily|0.85||my book,my book,el:lily,0.85,https://audio.bigmooneducation.com/aa/aa36ec887708b689ba90cb53878a374750ace3e9b3024f93990e0d2ae50b794e.mp3,https://degqpiiddkxcuzwombwp.supabase.co/storage/v1/object/public/tts-audio/aa/aa36ec887708b689ba90cb53878a374750ace3e9b3024f93990e0d2ae50b794e.mp3,src/data/primaryHub/grade3.json,g3v1_u1#vocab[7].chunks[1],chunks.en
elevenlabs|el:lily|0.85||read a book,read a book,el:lily,0.85,https://audio.bigmooneducation.com/71/71dc83a67d30284297f5484acbaf703481e522986c2c74a8bd69cf2daffc10b0.mp3,https://degqpiiddkxcuzwombwp.supabase.co/storage/v1/object/public/tts-audio/71/71dc83a67d30284297f5484acbaf703481e522986c2c74a8bd69cf2daffc10b0.mp3,src/data/primaryHub/grade3.json,g3v1_u1#vocab[7].chunks[2],chunks.en
elevenlabs|el:lily|0.85||a red apple,a red apple,el:lily,0.85,https://audio.bigmooneducation.com/ce/ce0519bce371786a90d99bfec3de96bb0cf533d5566103472f878cbb16624748.mp3,https://degqpiiddkxcuzwombwp.supabase.co/storage/v1/object/public/tts-audio/ce/ce0519bce371786a90d99bfec3de96bb0cf533d5566103472f878cbb16624748.mp3,src/data/primaryHub/grade3.json,g3v1_u2#vocab[0].chunks[0],chunks.en
elevenlabs|el:lily|0.85||red and yellow,red and yellow,el:lily,0.85,https://audio.bigmooneducation.com/eb/eb67ae55092da50a1d32d53cf9c440eace597d027aff1e6d639ae02b7ddb065e.mp3,https://degqpiiddkxcuzwombwp.supabase.co/storage/v1/object/public/tts-audio/eb/eb67ae55092da50a1d32d53cf9c440eace597d027aff1e6d639ae02b7ddb065e.mp3,src/data/primaryHub/grade3.json,g3v1_u2#vocab[0].chunks[1],chunks.en
elevenlabs|el:lily|0.85||show me red,show me red,el:lily,0.85,https://audio.bigmooneducation.com/69/69d93203035718152cb5b209fee8384466df8337f0956ad2411358a073019da5.mp3,https://degqpiiddkxcuzwombwp.supabase.co/storage/v1/object/public/tts-audio/69/69d93203035718152cb5b209fee8384466df8337f0956ad2411358a073019da5.mp3,src/data/primaryHub/grade3.json,g3v1_u2#vocab[0].chunks[2],chunks.en
elevenlabs|el:lily|0.85||green grass,green grass,el:lily,0.85,https://audio.bigmooneducation.com/11/11b963cd9e3ac23d15e3ef22918f0fc6b75142916bd0e09f43cb4cb2dc1d7817.mp3,https://degqpiiddkxcuzwombwp.supabase.co/storage/v1/object/public/tts-audio/11/11b963cd9e3ac23d15e3ef22918f0fc6b75142916bd0e09f43cb4cb2dc1d7817.mp3,src/data/primaryHub/grade3.json,g3v1_u2#vocab[1].chunks[0],chunks.en
elevenlabs|el:lily|0.85||a green leaf,a green leaf,el:lily,0.85,https://audio.bigmooneducation.com/27/2717c486355baca125c0c2b74cbceb4320a4b3ec21d1ae32f3526ebf48a5a894.mp3,https://degqpiiddkxcuzwombwp.supabase.co/storage/v1/object/public/tts-audio/27/2717c486355baca125c0c2b74cbceb4320a4b3ec21d1ae32f3526ebf48a5a894.mp3,src/data/primaryHub/grade3.json,g3v1_u2#vocab[1].chunks[1],chunks.en
elevenlabs|el:lily|0.85||red and green,red and green,el:lily,0.85,https://audio.bigmooneducation.com/9c/9c99d5b6e067f1a88b9a01e72805f3a2603912a5411ed829dfbc294f48241ff5.mp3,https://degqpiiddkxcuzwombwp.supabase.co/storage/v1/object/public/tts-audio/9c/9c99d5b6e067f1a88b9a01e72805f3a2603912a5411ed829dfbc294f48241ff5.mp3,src/data/primaryHub/grade3.json,g3v1_u2#vocab[1].chunks[2],chunks.en
elevenlabs|el:lily|0.85||a yellow banana,a yellow banana,el:lily,0.85,https://audio.bigmooneducation.com/c8/c81523d774e94904a48e26f40f7df69a026c68f9e947e04af1dd4b2a67e06750.mp3,https://degqpiiddkxcuzwombwp.supabase.co/storage/v1/object/public/tts-audio/c8/c81523d774e94904a48e26f40f7df69a026c68f9e947e04af1dd4b2a67e06750.mp3,src/data/primaryHub/grade3.json,g3v1_u2#vocab[2].chunks[0],chunks.en
elevenlabs|el:lily|0.85||yellow and blue,yellow and blue,el:lily,0.85,https://audio.bigmooneducation.com/be/bed9101f0129ce18254508a0e93cb4a9571c7bd24772391591d9d7e5ddfa8610.mp3,https://degqpiiddkxcuzwombwp.supabase.co/storage/v1/object/public/tts-audio/be/bed9101f0129ce18254508a0e93cb4a9571c7bd24772391591d9d7e5ddfa8610.mp3,src/data/primaryHub/grade3.json,g3v1_u2#vocab[2].chunks[1],chunks.en
elevenlabs|el:lily|0.85||the yellow sun,the yellow sun,el:lily,0.85,https://audio.bigmooneducation.com/9e/9e7689bfb9c88aa953ced31c5bedb09eb9786b809eea3dcfe1966e1e252dc29b.mp3,https://degqpiiddkxcuzwombwp.supabase.co/storage/v1/object/public/tts-audio/9e/9e7689bfb9c88aa953ced31c5bedb09eb9786b809eea3dcfe1966e1e252dc29b.mp3,src/data/primaryHub/grade3.json,g3v1_u2#vocab[2].chunks[2],chunks.en
elevenlabs|el:lily|0.85||the blue sky,the blue sky,el:lily,0.85,https://audio.bigmooneducation.com/91/910b0281023299448b22297f30f9b9aa7880e908c64394c17a0f91d4078ebc6f.mp3,https://degqpiiddkxcuzwombwp.supabase.co/storage/v1/object/public/tts-audio/91/910b0281023299448b22297f30f9b9aa7880e908c64394c17a0f91d4078ebc6f.mp3,src/data/primaryHub/grade3.json,g3v1_u2#vocab[3].chunks[0],chunks.en
elevenlabs|el:lily|0.85||blue and white,blue and white,el:lily,0.85,https://audio.bigmooneducation.com/ce/cea8322cde655b5dfe32d681be81b79bfc4cd46852f7415f7ae23a56b2e0e109.mp3,https://degqpiiddkxcuzwombwp.supabase.co/storage/v1/object/public/tts-audio/ce/cea8322cde655b5dfe32d681be81b79bfc4cd46852f7415f7ae23a56b2e0e109.mp3,src/data/primaryHub/grade3.json,g3v1_u2#vocab[3].chunks[2],chunks.en
elevenlabs|el:lily|0.85||a black cat,a black cat,el:lily,0.85,https://audio.bigmooneducation.com/74/7429e1a73e4559a219acb9fdac43349860400dba6cf76d9c8d32b367a6add3e9.mp3,https://degqpiiddkxcuzwombwp.supabase.co/storage/v1/object/public/tts-audio/74/7429e1a73e4559a219acb9fdac43349860400dba6cf76d9c8d32b367a6add3e9.mp3,src/data/primaryHub/grade3.json,g3v1_u2#vocab[4].chunks[0],chunks.en
elevenlabs|el:lily|0.85||black and white,black and white,el:lily,0.85,https://audio.bigmooneducation.com/c3/c326286cf0999d6b0c7689714626af6cc70d1958e242103d8af748820be7d151.mp3,https://degqpiiddkxcuzwombwp.supabase.co/storage/v1/object/public/tts-audio/c3/c326286cf0999d6b0c7689714626af6cc70d1958e242103d8af748820be7d151.mp3,src/data/primaryHub/grade3.json,g3v1_u2#vocab[4].chunks[1],chunks.en
elevenlabs|el:lily|0.85||black shoes,black shoes,el:lily,0.85,https://audio.bigmooneducation.com/d3/d305fb65a134e276be5aee6e52ddcc97fca24abe4ec84162e4ee99a416e348fa.mp3,https://degqpiiddkxcuzwombwp.supabase.co/storage/v1/object/public/tts-audio/d3/d305fb65a134e276be5aee6e52ddcc97fca24abe4ec84162e4ee99a416e348fa.mp3,src/data/primaryHub/grade3.json,g3v1_u2#vocab[4].chunks[2],chunks.en
elevenlabs|el:lily|0.85||a brown bear,a brown bear,el:lily,0.85,https://audio.bigmooneducation.com/33/333eba6574a900bdbe1d5415415cc31173b926b161bc9de47d74fb43f6df96d7.mp3,https://degqpiiddkxcuzwombwp.supabase.co/storage/v1/object/public/tts-audio/33/333eba6574a900bdbe1d5415415cc31173b926b161bc9de47d74fb43f6df96d7.mp3,src/data/primaryHub/grade3.json,g3v1_u2#vocab[5].chunks[0],chunks.en
elevenlabs|el:lily|0.85||brown hair,brown hair,el:lily,0.85,https://audio.bigmooneducation.com/8e/8e446ea60c3272e69ba58727e12c580b3b1484cf438bcc3430a52f5b79e05a73.mp3,https://degqpiiddkxcuzwombwp.supabase.co/storage/v1/object/public/tts-audio/8e/8e446ea60c3272e69ba58727e12c580b3b1484cf438bcc3430a52f5b79e05a73.mp3,src/data/primaryHub/grade3.json,g3v1_u2#vocab[5].chunks[1],chunks.en
elevenlabs|el:lily|0.85||a brown dog,a brown dog,el:lily,0.85,https://audio.bigmooneducation.com/d3/d30182ece85de4a8f25740d46ddb3df8a6fba4973ffdf8ed1ee2dc5b4c48c2e4.mp3,https://degqpiiddkxcuzwombwp.supabase.co/storage/v1/object/public/tts-audio/d3/d30182ece85de4a8f25740d46ddb3df8a6fba4973ffdf8ed1ee2dc5b4c48c2e4.mp3,src/data/primaryHub/grade3.json,g3v1_u2#vocab[5].chunks[2],chunks.en
elevenlabs|el:lily|0.85||white milk,white milk,el:lily,0.85,https://audio.bigmooneducation.com/02/02e148c64db6e0c06143f5b0c9e14bd6686c1d0c67b53df3073114744d0aeaa7.mp3,https://degqpiiddkxcuzwombwp.supabase.co/storage/v1/object/public/tts-audio/02/02e148c64db6e0c06143f5b0c9e14bd6686c1d0c67b53df3073114744d0aeaa7.mp3,src/data/primaryHub/grade3.json,g3v1_u2#vocab[6].chunks[0],chunks.en
elevenlabs|el:lily|0.85||a white cloud,a white cloud,el:lily,0.85,https://audio.bigmooneducation.com/79/79c31e2bdc3f65578ecdfe6bec8e4de2464750b455053de95577bb4c86c7f924.mp3,https://degqpiiddkxcuzwombwp.supabase.co/storage/v1/object/public/tts-audio/79/79c31e2bdc3f65578ecdfe6bec8e4de2464750b455053de95577bb4c86c7f924.mp3,src/data/primaryHub/grade3.json,g3v1_u2#vocab[6].chunks[2],chunks.en
elevenlabs|el:lily|0.85||a sweet orange,a sweet orange,el:lily,0.85,https://audio.bigmooneducation.com/7b/7b6383e408be7ddad00b64922ce80119f5272d8aa43ff3bf768214a586ff8deb.mp3,https://degqpiiddkxcuzwombwp.supabase.co/storage/v1/object/public/tts-audio/7b/7b6383e408be7ddad00b64922ce80119f5272d8aa43ff3bf768214a586ff8deb.mp3,src/data/primaryHub/grade3.json,g3v1_u2#vocab[7].chunks[0],chunks.en
elevenlabs|el:lily|0.85||eat an orange,eat an orange,el:lily,0.85,https://audio.bigmooneducation.com/35/3568a8ce670fd5d8cae258605c882e5717d19bbd0c7d052ec40f52ca8b808b23.mp3,https://degqpiiddkxcuzwombwp.supabase.co/storage/v1/object/public/tts-audio/35/3568a8ce670fd5d8cae258605c882e5717d19bbd0c7d052ec40f52ca8b808b23.mp3,src/data/primaryHub/grade3.json,g3v1_u2#vocab[7].chunks[1],chunks.en
elevenlabs|el:lily|0.85||my face,my face,el:lily,0.85,https://audio.bigmooneducation.com/b4/b4f8fb589f173c413c074461982af35ff3a9c657cd42a3336834ac68c6678b83.mp3,https://degqpiiddkxcuzwombwp.supabase.co/storage/v1/object/public/tts-audio/b4/b4f8fb589f173c413c074461982af35ff3a9c657cd42a3336834ac68c6678b83.mp3,src/data/primaryHub/grade3.json,g3v1_u3#vocab[0].chunks[0],chunks.en
elevenlabs|el:lily|0.85||wash my face,wash my face,el:lily,0.85,https://audio.bigmooneducation.com/90/90e99013610d11d63bbb3f535c558c5a6cc4d8f1e5b8087c75f205c310a2498e.mp3,https://degqpiiddkxcuzwombwp.supabase.co/storage/v1/object/public/tts-audio/90/90e99013610d11d63bbb3f535c558c5a6cc4d8f1e5b8087c75f205c310a2498e.mp3,src/data/primaryHub/grade3.json,g3v1_u3#vocab[0].chunks[1],chunks.en
elevenlabs|el:lily|0.85||a happy face,a happy face,el:lily,0.85,https://audio.bigmooneducation.com/41/41c3bc6d6fd0ae5a9b2d366b2381d91de09d80c7bd3650426de2fe9fa5e6a296.mp3,https://degqpiiddkxcuzwombwp.supabase.co/storage/v1/object/public/tts-audio/41/41c3bc6d6fd0ae5a9b2d366b2381d91de09d80c7bd3650426de2fe9fa5e6a296.mp3,src/data/primaryHub/grade3.json,g3v1_u3#vocab[0].chunks[2],chunks.en
elevenlabs|el:lily|0.85||my ears,my ears,el:lily,0.85,https://audio.bigmooneducation.com/12/1286952cf538603bd44fc5afb7356d4a57def05694ee25dd6247ca9bac54bd94.mp3,https://degqpiiddkxcuzwombwp.supabase.co/storage/v1/object/public/tts-audio/12/1286952cf538603bd44fc5afb7356d4a57def05694ee25dd6247ca9bac54bd94.mp3,src/data/primaryHub/grade3.json,g3v1_u3#vocab[1].chunks[0],chunks.en
elevenlabs|el:lily|0.85||two ears,two ears,el:lily,0.85,https://audio.bigmooneducation.com/b3/b356b5c961a24214fbd287bdfb5dcb69b45c6333faf658e7d8c6f5485568a62e.mp3,https://degqpiiddkxcuzwombwp.supabase.co/storage/v1/object/public/tts-audio/b3/b356b5c961a24214fbd287bdfb5dcb69b45c6333faf658e7d8c6f5485568a62e.mp3,src/data/primaryHub/grade3.json,g3v1_u3#vocab[1].chunks[1],chunks.en
elevenlabs|el:lily|0.85||big ears,big ears,el:lily,0.85,https://audio.bigmooneducation.com/47/476f98a3e4e74322675350978d31cd7950579fc8b7b739ef60d5fdf5d14ed4fe.mp3,https://degqpiiddkxcuzwombwp.supabase.co/storage/v1/object/public/tts-audio/47/476f98a3e4e74322675350978d31cd7950579fc8b7b739ef60d5fdf5d14ed4fe.mp3,src/data/primaryHub/grade3.json,g3v1_u3#vocab[1].chunks[2],chunks.en
elevenlabs|el:lily|0.85||my eyes,my eyes,el:lily,0.85,https://audio.bigmooneducation.com/e7/e71c678d241708590486822c4c5960b2f877dc97f75fe1eb56d2d438ab94d43e.mp3,https://degqpiiddkxcuzwombwp.supabase.co/storage/v1/object/public/tts-audio/e7/e71c678d241708590486822c4c5960b2f877dc97f75fe1eb56d2d438ab94d43e.mp3,src/data/primaryHub/grade3.json,g3v1_u3#vocab[2].chunks[0],chunks.en
elevenlabs|el:lily|0.85||two eyes,two eyes,el:lily,0.85,https://audio.bigmooneducation.com/5d/5da3ff28a0b639e1d3b51a5ca61e5b3a22dba13ce897832b6a4b5e14e4a34dbc.mp3,https://degqpiiddkxcuzwombwp.supabase.co/storage/v1/object/public/tts-audio/5d/5da3ff28a0b639e1d3b51a5ca61e5b3a22dba13ce897832b6a4b5e14e4a34dbc.mp3,src/data/primaryHub/grade3.json,g3v1_u3#vocab[2].chunks[1],chunks.en
elevenlabs|el:lily|0.85||big eyes,big eyes,el:lily,0.85,https://audio.bigmooneducation.com/35/35d013b329ab4b1f3136447b2d2f3a22f122be6ca778327f09181552fe2082c2.mp3,https://degqpiiddkxcuzwombwp.supabase.co/storage/v1/object/public/tts-audio/35/35d013b329ab4b1f3136447b2d2f3a22f122be6ca778327f09181552fe2082c2.mp3,src/data/primaryHub/grade3.json,g3v1_u3#vocab[2].chunks[2],chunks.en
elevenlabs|el:lily|0.85||my nose,my nose,el:lily,0.85,https://audio.bigmooneducation.com/bf/bf9766ea957c2421f9a369ae1961c6d4acea00166966adf163e3b6037aef7f8e.mp3,https://degqpiiddkxcuzwombwp.supabase.co/storage/v1/object/public/tts-audio/bf/bf9766ea957c2421f9a369ae1961c6d4acea00166966adf163e3b6037aef7f8e.mp3,src/data/primaryHub/grade3.json,g3v1_u3#vocab[3].chunks[0],chunks.en
elevenlabs|el:lily|0.85||a big nose,a big nose,el:lily,0.85,https://audio.bigmooneducation.com/45/45cc1c23c3570a6f57a9f6ef73946cb2933040287e517806cb804c2a7a7ef5fd.mp3,https://degqpiiddkxcuzwombwp.supabase.co/storage/v1/object/public/tts-audio/45/45cc1c23c3570a6f57a9f6ef73946cb2933040287e517806cb804c2a7a7ef5fd.mp3,src/data/primaryHub/grade3.json,g3v1_u3#vocab[3].chunks[1],chunks.en
elevenlabs|el:lily|0.85||touch my nose,touch my nose,el:lily,0.85,https://audio.bigmooneducation.com/51/51815528f127db9daa708d744d5afd829a918cd0de628439e9ef9de9e8dee59b.mp3,https://degqpiiddkxcuzwombwp.supabase.co/storage/v1/object/public/tts-audio/51/51815528f127db9daa708d744d5afd829a918cd0de628439e9ef9de9e8dee59b.mp3,src/data/primaryHub/grade3.json,g3v1_u3#vocab[3].chunks[2],chunks.en
elevenlabs|el:lily|0.85||my mouth,my mouth,el:lily,0.85,https://audio.bigmooneducation.com/85/850901231abbba5edc652368e6176c302ddbbedbf1bebb0c18e78595b2ea268b.mp3,https://degqpiiddkxcuzwombwp.supabase.co/storage/v1/object/public/tts-audio/85/850901231abbba5edc652368e6176c302ddbbedbf1bebb0c18e78595b2ea268b.mp3,src/data/primaryHub/grade3.json,g3v1_u3#vocab[4].chunks[0],chunks.en
elevenlabs|el:lily|0.85||a big mouth,a big mouth,el:lily,0.85,https://audio.bigmooneducation.com/a8/a8359f4fc6c9ff067a934bfd5f4bfe8891a80168f90ba186c0d89afdf204710b.mp3,https://degqpiiddkxcuzwombwp.supabase.co/storage/v1/object/public/tts-audio/a8/a8359f4fc6c9ff067a934bfd5f4bfe8891a80168f90ba186c0d89afdf204710b.mp3,src/data/primaryHub/grade3.json,g3v1_u3#vocab[4].chunks[1],chunks.en
elevenlabs|el:lily|0.85||open your mouth,open your mouth,el:lily,0.85,https://audio.bigmooneducation.com/fc/fc7aa8aa195bd1422c30ff8c1b6b3a1552a2a00aaad43b7b574da8c0d4b899c6.mp3,https://degqpiiddkxcuzwombwp.supabase.co/storage/v1/object/public/tts-audio/fc/fc7aa8aa195bd1422c30ff8c1b6b3a1552a2a00aaad43b7b574da8c0d4b899c6.mp3,src/data/primaryHub/grade3.json,g3v1_u3#vocab[4].chunks[2],chunks.en
elevenlabs|el:lily|0.85||my arms,my arms,el:lily,0.85,https://audio.bigmooneducation.com/7e/7e4cabb53faa1cdb16222161878cc36f771e8c29661cb469566bae1fb89a64ea.mp3,https://degqpiiddkxcuzwombwp.supabase.co/storage/v1/object/public/tts-audio/7e/7e4cabb53faa1cdb16222161878cc36f771e8c29661cb469566bae1fb89a64ea.mp3,src/data/primaryHub/grade3.json,g3v1_u3#vocab[5].chunks[0],chunks.en
elevenlabs|el:lily|0.85||two arms,two arms,el:lily,0.85,https://audio.bigmooneducation.com/c0/c09f751cded045de3ae4570d3b2601a7472315b8f581330e4a486bceead0c6f3.mp3,https://degqpiiddkxcuzwombwp.supabase.co/storage/v1/object/public/tts-audio/c0/c09f751cded045de3ae4570d3b2601a7472315b8f581330e4a486bceead0c6f3.mp3,src/data/primaryHub/grade3.json,g3v1_u3#vocab[5].chunks[1],chunks.en
elevenlabs|el:lily|0.85||a long arm,a long arm,el:lily,0.85,https://audio.bigmooneducation.com/dc/dcc25c6094b4fe1927d7d84a9cd807979b8aac8d95c96d5e3dec8f70fb1a690a.mp3,https://degqpiiddkxcuzwombwp.supabase.co/storage/v1/object/public/tts-audio/dc/dcc25c6094b4fe1927d7d84a9cd807979b8aac8d95c96d5e3dec8f70fb1a690a.mp3,src/data/primaryHub/grade3.json,g3v1_u3#vocab[5].chunks[2],chunks.en
elevenlabs|el:lily|0.85||my hands,my hands,el:lily,0.85,https://audio.bigmooneducation.com/27/27aedadfdbab3b1eee8e894e26d7461a1b2714c4b245d10f09863b40cd37347a.mp3,https://degqpiiddkxcuzwombwp.supabase.co/storage/v1/object/public/tts-audio/27/27aedadfdbab3b1eee8e894e26d7461a1b2714c4b245d10f09863b40cd37347a.mp3,src/data/primaryHub/grade3.json,g3v1_u3#vocab[6].chunks[0],chunks.en
elevenlabs|el:lily|0.85||wash your hands,wash your hands,el:lily,0.85,https://audio.bigmooneducation.com/77/7732c3eb87cde45eadff2ca4c191a89df304f686702fc66f06f7fa055f051b4f.mp3,https://degqpiiddkxcuzwombwp.supabase.co/storage/v1/object/public/tts-audio/77/7732c3eb87cde45eadff2ca4c191a89df304f686702fc66f06f7fa055f051b4f.mp3,src/data/primaryHub/grade3.json,g3v1_u3#vocab[6].chunks[1],chunks.en
elevenlabs|el:lily|0.85||two hands,two hands,el:lily,0.85,https://audio.bigmooneducation.com/0a/0adb938f07647d7fab2b3bc1f1572c57d7e53528510caa984d416747eed0d47a.mp3,https://degqpiiddkxcuzwombwp.supabase.co/storage/v1/object/public/tts-audio/0a/0adb938f07647d7fab2b3bc1f1572c57d7e53528510caa984d416747eed0d47a.mp3,src/data/primaryHub/grade3.json,g3v1_u3#vocab[6].chunks[2],chunks.en
elevenlabs|el:lily|0.85||my head,my head,el:lily,0.85,https://audio.bigmooneducation.com/6e/6e037f6f6dfc992a2756bd424d7f4c0bcd45ed3d6f26aef802638938c886bc18.mp3,https://degqpiiddkxcuzwombwp.supabase.co/storage/v1/object/public/tts-audio/6e/6e037f6f6dfc992a2756bd424d7f4c0bcd45ed3d6f26aef802638938c886bc18.mp3,src/data/primaryHub/grade3.json,g3v1_u3#vocab[7].chunks[0],chunks.en
elevenlabs|el:lily|0.85||a big head,a big head,el:lily,0.85,https://audio.bigmooneducation.com/01/019f6392109bdb43e53adeab27616fe1e8931beb6d1d0f16b0677b06be2c9453.mp3,https://degqpiiddkxcuzwombwp.supabase.co/storage/v1/object/public/tts-audio/01/019f6392109bdb43e53adeab27616fe1e8931beb6d1d0f16b0677b06be2c9453.mp3,src/data/primaryHub/grade3.json,g3v1_u3#vocab[7].chunks[1],chunks.en
elevenlabs|el:lily|0.85||touch your head,touch your head,el:lily,0.85,https://audio.bigmooneducation.com/82/82657f8fe5c9c1ddb22897a1296024faae210c8a67e0adbdd64b2c9a71a2346a.mp3,https://degqpiiddkxcuzwombwp.supabase.co/storage/v1/object/public/tts-audio/82/82657f8fe5c9c1ddb22897a1296024faae210c8a67e0adbdd64b2c9a71a2346a.mp3,src/data/primaryHub/grade3.json,g3v1_u3#vocab[7].chunks[2],chunks.en
elevenlabs|el:lily|0.7||Hello! I'm Chen Jie.,Hello! I'm Chen Jie.,el:lily,0.7,https://audio.bigmooneducation.com/3c/3c87995b017a63d29c449999e399fd44d6ba1bed85eb96b17eb608e4db9aa499.mp3,https://degqpiiddkxcuzwombwp.supabase.co/storage/v1/object/public/tts-audio/3c/3c87995b017a63d29c449999e399fd44d6ba1bed85eb96b17eb608e4db9aa499.mp3,src/data/primaryHub/grade3.json,g3v1_u3#listening[0],listeningQuestions.audio@0.7
elevenlabs|el:lily|0.7||Let's make a puppet!,Let's make a puppet!,el:lily,0.7,https://audio.bigmooneducation.com/79/7938ab3eefe6aa41e21b110ca96481fa18004f919821afb60c004613e768c9b8.mp3,https://degqpiiddkxcuzwombwp.supabase.co/storage/v1/object/public/tts-audio/79/7938ab3eefe6aa41e21b110ca96481fa18004f919821afb60c004613e768c9b8.mp3,src/data/primaryHub/grade3.json,g3v1_u3#listening[2],listeningQuestions.audio@0.7
elevenlabs|el:lily|0.7||Great!,Great!,el:lily,0.7,https://audio.bigmooneducation.com/59/59587d7d3f63eaa4086c0f098f442dda00adbd58dfe1f13c0b33774522927e1e.mp3,https://degqpiiddkxcuzwombwp.supabase.co/storage/v1/object/public/tts-audio/59/59587d7d3f63eaa4086c0f098f442dda00adbd58dfe1f13c0b33774522927e1e.mp3,src/data/primaryHub/grade3.json,g3v1_u3#listening[3],listeningQuestions.audio@0.7
elevenlabs|el:lily|0.85||a little duck,a little duck,el:lily,0.85,https://audio.bigmooneducation.com/1c/1c0adf5c34894fa8fc7b1f03995250ab11c8d341ab4818194c8ec59363a3d8de.mp3,https://degqpiiddkxcuzwombwp.supabase.co/storage/v1/object/public/tts-audio/1c/1c0adf5c34894fa8fc7b1f03995250ab11c8d341ab4818194c8ec59363a3d8de.mp3,src/data/primaryHub/grade3.json,g3v1_u4#vocab[0].chunks[0],chunks.en
elevenlabs|el:lily|0.85||a yellow duck,a yellow duck,el:lily,0.85,https://audio.bigmooneducation.com/44/44cacc7cbd2f8d874503179e2df142bce3b94a8f4622ae2f530d6714b18fa094.mp3,https://degqpiiddkxcuzwombwp.supabase.co/storage/v1/object/public/tts-audio/44/44cacc7cbd2f8d874503179e2df142bce3b94a8f4622ae2f530d6714b18fa094.mp3,src/data/primaryHub/grade3.json,g3v1_u4#vocab[0].chunks[1],chunks.en
elevenlabs|el:lily|0.85||two ducks,two ducks,el:lily,0.85,https://audio.bigmooneducation.com/75/756c03b8f73fbec7b20cc79f5d78281312cac8f85aeb97e9ea9d867540babad9.mp3,https://degqpiiddkxcuzwombwp.supabase.co/storage/v1/object/public/tts-audio/75/756c03b8f73fbec7b20cc79f5d78281312cac8f85aeb97e9ea9d867540babad9.mp3,src/data/primaryHub/grade3.json,g3v1_u4#vocab[0].chunks[2],chunks.en
elevenlabs|el:lily|0.85||a fat pig,a fat pig,el:lily,0.85,https://audio.bigmooneducation.com/5a/5a6593c8447605c0a469dc8a91f46a7ad51a246b2116f99cd3c989bd992411b0.mp3,https://degqpiiddkxcuzwombwp.supabase.co/storage/v1/object/public/tts-audio/5a/5a6593c8447605c0a469dc8a91f46a7ad51a246b2116f99cd3c989bd992411b0.mp3,src/data/primaryHub/grade3.json,g3v1_u4#vocab[1].chunks[0],chunks.en
elevenlabs|el:lily|0.85||a pink pig,a pink pig,el:lily,0.85,https://audio.bigmooneducation.com/31/316a85dc006b32e603deed1f588a56169efad6f78f1eaa9d53fc6aa03b91286d.mp3,https://degqpiiddkxcuzwombwp.supabase.co/storage/v1/object/public/tts-audio/31/316a85dc006b32e603deed1f588a56169efad6f78f1eaa9d53fc6aa03b91286d.mp3,src/data/primaryHub/grade3.json,g3v1_u4#vocab[1].chunks[1],chunks.en
elevenlabs|el:lily|0.85||a little pig,a little pig,el:lily,0.85,https://audio.bigmooneducation.com/4b/4b2497794ade373f77b5f61602058bc8e1a22342bb1f2727507fd8d998e95176.mp3,https://degqpiiddkxcuzwombwp.supabase.co/storage/v1/object/public/tts-audio/4b/4b2497794ade373f77b5f61602058bc8e1a22342bb1f2727507fd8d998e95176.mp3,src/data/primaryHub/grade3.json,g3v1_u4#vocab[1].chunks[2],chunks.en
elevenlabs|el:lily|0.85||my cat,my cat,el:lily,0.85,https://audio.bigmooneducation.com/22/2200b5f086aae1130a8c0dfee179b002006ce528d62bafadc245dea4f4a680a8.mp3,https://degqpiiddkxcuzwombwp.supabase.co/storage/v1/object/public/tts-audio/22/2200b5f086aae1130a8c0dfee179b002006ce528d62bafadc245dea4f4a680a8.mp3,src/data/primaryHub/grade3.json,g3v1_u4#vocab[2].chunks[1],chunks.en
elevenlabs|el:lily|0.85||a little cat,a little cat,el:lily,0.85,https://audio.bigmooneducation.com/82/82fb5d5839e103e5fa79bc7dd84dc38f01e7c74021deaf95e2f567ef388c3bed.mp3,https://degqpiiddkxcuzwombwp.supabase.co/storage/v1/object/public/tts-audio/82/82fb5d5839e103e5fa79bc7dd84dc38f01e7c74021deaf95e2f567ef388c3bed.mp3,src/data/primaryHub/grade3.json,g3v1_u4#vocab[2].chunks[2],chunks.en
elevenlabs|el:lily|0.85||a big bear,a big bear,el:lily,0.85,https://audio.bigmooneducation.com/99/99d168e72fb19dba17c41b81f4b555fb014318136c88784da15d5204ef61922f.mp3,https://degqpiiddkxcuzwombwp.supabase.co/storage/v1/object/public/tts-audio/99/99d168e72fb19dba17c41b81f4b555fb014318136c88784da15d5204ef61922f.mp3,src/data/primaryHub/grade3.json,g3v1_u4#vocab[3].chunks[1],chunks.en
elevenlabs|el:lily|0.85||a teddy bear,a teddy bear,el:lily,0.85,https://audio.bigmooneducation.com/8f/8f3c7b7a378e6fb9946caf508162bc258c4fe9218d4ccc05b2c07cfc5d30847f.mp3,https://degqpiiddkxcuzwombwp.supabase.co/storage/v1/object/public/tts-audio/8f/8f3c7b7a378e6fb9946caf508162bc258c4fe9218d4ccc05b2c07cfc5d30847f.mp3,src/data/primaryHub/grade3.json,g3v1_u4#vocab[3].chunks[2],chunks.en
elevenlabs|el:lily|0.85||a big dog,a big dog,el:lily,0.85,https://audio.bigmooneducation.com/a9/a9fd6c5082c9cb5ab5975c3e5915d7e588b12cb2e2fe4393015f9770d6363701.mp3,https://degqpiiddkxcuzwombwp.supabase.co/storage/v1/object/public/tts-audio/a9/a9fd6c5082c9cb5ab5975c3e5915d7e588b12cb2e2fe4393015f9770d6363701.mp3,src/data/primaryHub/grade3.json,g3v1_u4#vocab[4].chunks[0],chunks.en
elevenlabs|el:lily|0.85||my dog,my dog,el:lily,0.85,https://audio.bigmooneducation.com/cf/cf5bfae7f7689d8f28403ce8205e9e8e672645b08ce67d397aee7b30e6081781.mp3,https://degqpiiddkxcuzwombwp.supabase.co/storage/v1/object/public/tts-audio/cf/cf5bfae7f7689d8f28403ce8205e9e8e672645b08ce67d397aee7b30e6081781.mp3,src/data/primaryHub/grade3.json,g3v1_u4#vocab[4].chunks[1],chunks.en
elevenlabs|el:lily|0.85||a little dog,a little dog,el:lily,0.85,https://audio.bigmooneducation.com/e0/e07ca8cc5ae777ec29b645db488d8d0cb63f69565e6ef25c17440573a6e6991c.mp3,https://degqpiiddkxcuzwombwp.supabase.co/storage/v1/object/public/tts-audio/e0/e07ca8cc5ae777ec29b645db488d8d0cb63f69565e6ef25c17440573a6e6991c.mp3,src/data/primaryHub/grade3.json,g3v1_u4#vocab[4].chunks[2],chunks.en
elevenlabs|el:lily|0.85||a big elephant,a big elephant,el:lily,0.85,https://audio.bigmooneducation.com/d2/d28fa2174b0dae5fdad1b873e91bf49ffe2630ffe761c1ff584469e2db336c23.mp3,https://degqpiiddkxcuzwombwp.supabase.co/storage/v1/object/public/tts-audio/d2/d28fa2174b0dae5fdad1b873e91bf49ffe2630ffe761c1ff584469e2db336c23.mp3,src/data/primaryHub/grade3.json,g3v1_u4#vocab[5].chunks[0],chunks.en
elevenlabs|el:lily|0.85||a grey elephant,a grey elephant,el:lily,0.85,https://audio.bigmooneducation.com/4c/4c2c7084809431c376de8f71c12a3fc6be43a7a9cb48b8561069528e8da67df2.mp3,https://degqpiiddkxcuzwombwp.supabase.co/storage/v1/object/public/tts-audio/4c/4c2c7084809431c376de8f71c12a3fc6be43a7a9cb48b8561069528e8da67df2.mp3,src/data/primaryHub/grade3.json,g3v1_u4#vocab[5].chunks[1],chunks.en
elevenlabs|el:lily|0.85||two elephants,two elephants,el:lily,0.85,https://audio.bigmooneducation.com/55/551c9493f22d3c2fe25816473c505066d9db3495f015028afbb5ecb04a8d91c9.mp3,https://degqpiiddkxcuzwombwp.supabase.co/storage/v1/object/public/tts-audio/55/551c9493f22d3c2fe25816473c505066d9db3495f015028afbb5ecb04a8d91c9.mp3,src/data/primaryHub/grade3.json,g3v1_u4#vocab[5].chunks[2],chunks.en
elevenlabs|el:lily|0.85||a little monkey,a little monkey,el:lily,0.85,https://audio.bigmooneducation.com/1a/1ae836c3e2fc5894e37154cc288af044f48f0f0aa94093c7a22f02102c643086.mp3,https://degqpiiddkxcuzwombwp.supabase.co/storage/v1/object/public/tts-audio/1a/1ae836c3e2fc5894e37154cc288af044f48f0f0aa94093c7a22f02102c643086.mp3,src/data/primaryHub/grade3.json,g3v1_u4#vocab[6].chunks[0],chunks.en
elevenlabs|el:lily|0.85||a funny monkey,a funny monkey,el:lily,0.85,https://audio.bigmooneducation.com/c7/c79240bce407c7ef82c09fffb583757b0c24ff4e4026ffc7c4901b00ca92e8db.mp3,https://degqpiiddkxcuzwombwp.supabase.co/storage/v1/object/public/tts-audio/c7/c79240bce407c7ef82c09fffb583757b0c24ff4e4026ffc7c4901b00ca92e8db.mp3,src/data/primaryHub/grade3.json,g3v1_u4#vocab[6].chunks[1],chunks.en
elevenlabs|el:lily|0.85||two monkeys,two monkeys,el:lily,0.85,https://audio.bigmooneducation.com/c2/c23d88ecfb44255c24fc161e263de80c23ccb26e13d11b746674003050134f3b.mp3,https://degqpiiddkxcuzwombwp.supabase.co/storage/v1/object/public/tts-audio/c2/c23d88ecfb44255c24fc161e263de80c23ccb26e13d11b746674003050134f3b.mp3,src/data/primaryHub/grade3.json,g3v1_u4#vocab[6].chunks[2],chunks.en
elevenlabs|el:lily|0.85||a little bird,a little bird,el:lily,0.85,https://audio.bigmooneducation.com/a1/a14bdf55608524d68f17110c108d3b404a4845f1f6b3afb48be9eb972a581cca.mp3,https://degqpiiddkxcuzwombwp.supabase.co/storage/v1/object/public/tts-audio/a1/a14bdf55608524d68f17110c108d3b404a4845f1f6b3afb48be9eb972a581cca.mp3,src/data/primaryHub/grade3.json,g3v1_u4#vocab[7].chunks[0],chunks.en
elevenlabs|el:lily|0.85||a bird sings,a bird sings,el:lily,0.85,https://audio.bigmooneducation.com/5c/5cf6e24138e3c58edcafa080f6cffc77cc966e3e27a456528fa792cc2a72b5c0.mp3,https://degqpiiddkxcuzwombwp.supabase.co/storage/v1/object/public/tts-audio/5c/5cf6e24138e3c58edcafa080f6cffc77cc966e3e27a456528fa792cc2a72b5c0.mp3,src/data/primaryHub/grade3.json,g3v1_u4#vocab[7].chunks[1],chunks.en
elevenlabs|el:lily|0.85||two birds,two birds,el:lily,0.85,https://audio.bigmooneducation.com/82/82a0ab463a09967f67c360427cd11f61a229aa33d51b25f099a2a968646bb834.mp3,https://degqpiiddkxcuzwombwp.supabase.co/storage/v1/object/public/tts-audio/82/82a0ab463a09967f67c360427cd11f61a229aa33d51b25f099a2a968646bb834.mp3,src/data/primaryHub/grade3.json,g3v1_u4#vocab[7].chunks[2],chunks.en
elevenlabs|el:lily|0.7||What's this?,What's this?,el:lily,0.7,https://audio.bigmooneducation.com/d0/d018431994334d9e05ead14a4e083580c733ea64227ea59ed116c8768ac51d07.mp3,https://degqpiiddkxcuzwombwp.supabase.co/storage/v1/object/public/tts-audio/d0/d018431994334d9e05ead14a4e083580c733ea64227ea59ed116c8768ac51d07.mp3,src/data/primaryHub/grade3.json,g3v1_u4#listening[0],listeningQuestions.audio@0.7
elevenlabs|el:lily|0.7||It's a duck.,It's a duck.,el:lily,0.7,https://audio.bigmooneducation.com/d5/d5d5b675e60f5bfa0e2f14fad00dc04450cefd27456a625f42307436aa98ac9c.mp3,https://degqpiiddkxcuzwombwp.supabase.co/storage/v1/object/public/tts-audio/d5/d5d5b675e60f5bfa0e2f14fad00dc04450cefd27456a625f42307436aa98ac9c.mp3,src/data/primaryHub/grade3.json,g3v1_u4#listening[1],listeningQuestions.audio@0.7
elevenlabs|el:lily|0.7||What's that?,What's that?,el:lily,0.7,https://audio.bigmooneducation.com/72/72150ef7e157ebfd24f97a30c4d6b091a2e94ae7f3a486af561a177cc5a44816.mp3,https://degqpiiddkxcuzwombwp.supabase.co/storage/v1/object/public/tts-audio/72/72150ef7e157ebfd24f97a30c4d6b091a2e94ae7f3a486af561a177cc5a44816.mp3,src/data/primaryHub/grade3.json,g3v1_u4#listening[2],listeningQuestions.audio@0.7
elevenlabs|el:lily|0.7||It's a panda. I like it!,It's a panda. I like it!,el:lily,0.7,https://audio.bigmooneducation.com/89/8919549d8c3d4bd24649f0609dd8f7952d6521067ad3452193f69a230fee2155.mp3,https://degqpiiddkxcuzwombwp.supabase.co/storage/v1/object/public/tts-audio/89/8919549d8c3d4bd24649f0609dd8f7952d6521067ad3452193f69a230fee2155.mp3,src/data/primaryHub/grade3.json,g3v1_u4#listening[3],listeningQuestions.audio@0.7
elevenlabs|el:lily|0.85||some bread,some bread,el:lily,0.85,https://audio.bigmooneducation.com/51/51d308a54ca34e24aa0a74629d6543c93f733acff902897e74a2c65862c404bc.mp3,https://degqpiiddkxcuzwombwp.supabase.co/storage/v1/object/public/tts-audio/51/51d308a54ca34e24aa0a74629d6543c93f733acff902897e74a2c65862c404bc.mp3,src/data/primaryHub/grade3.json,g3v1_u5#vocab[0].chunks[0],chunks.en
elevenlabs|el:lily|0.85||eat bread,eat bread,el:lily,0.85,https://audio.bigmooneducation.com/1c/1c6f3d857ef35126bcf470edf42958ddb30758f810bb7069ecb5015d10ab4ace.mp3,https://degqpiiddkxcuzwombwp.supabase.co/storage/v1/object/public/tts-audio/1c/1c6f3d857ef35126bcf470edf42958ddb30758f810bb7069ecb5015d10ab4ace.mp3,src/data/primaryHub/grade3.json,g3v1_u5#vocab[0].chunks[1],chunks.en
elevenlabs|el:lily|0.85||a piece of bread,a piece of bread,el:lily,0.85,https://audio.bigmooneducation.com/67/6771d3c657f9dbfd3a0b9028dbf969c8c61d65a12e9322b9d864bae76ef99e00.mp3,https://degqpiiddkxcuzwombwp.supabase.co/storage/v1/object/public/tts-audio/67/6771d3c657f9dbfd3a0b9028dbf969c8c61d65a12e9322b9d864bae76ef99e00.mp3,src/data/primaryHub/grade3.json,g3v1_u5#vocab[0].chunks[2],chunks.en
elevenlabs|el:lily|0.85||some juice,some juice,el:lily,0.85,https://audio.bigmooneducation.com/0d/0d12e053cdb00ac0d606cbd00e5fcfb1ec9da7a8ec0e56c5692b764deca8ade3.mp3,https://degqpiiddkxcuzwombwp.supabase.co/storage/v1/object/public/tts-audio/0d/0d12e053cdb00ac0d606cbd00e5fcfb1ec9da7a8ec0e56c5692b764deca8ade3.mp3,src/data/primaryHub/grade3.json,g3v1_u5#vocab[1].chunks[0],chunks.en
elevenlabs|el:lily|0.85||orange juice,orange juice,el:lily,0.85,https://audio.bigmooneducation.com/81/810a83452099dfd03df3a49e683c64cf1f51618379eaa1ad7f8aacdbdbae39fd.mp3,https://degqpiiddkxcuzwombwp.supabase.co/storage/v1/object/public/tts-audio/81/810a83452099dfd03df3a49e683c64cf1f51618379eaa1ad7f8aacdbdbae39fd.mp3,src/data/primaryHub/grade3.json,g3v1_u5#vocab[1].chunks[1],chunks.en
elevenlabs|el:lily|0.85||a glass of juice,a glass of juice,el:lily,0.85,https://audio.bigmooneducation.com/6a/6ac915275c1c72b79f360b842a6d3024f0a9a3006be702a4c30913ee74868bc5.mp3,https://degqpiiddkxcuzwombwp.supabase.co/storage/v1/object/public/tts-audio/6a/6ac915275c1c72b79f360b842a6d3024f0a9a3006be702a4c30913ee74868bc5.mp3,src/data/primaryHub/grade3.json,g3v1_u5#vocab[1].chunks[2],chunks.en
elevenlabs|el:lily|0.85||an egg,an egg,el:lily,0.85,https://audio.bigmooneducation.com/38/38eef9156af5a8a6a3e567f3e794f7952f23de5062392bd9ef2e88c32696b20b.mp3,https://degqpiiddkxcuzwombwp.supabase.co/storage/v1/object/public/tts-audio/38/38eef9156af5a8a6a3e567f3e794f7952f23de5062392bd9ef2e88c32696b20b.mp3,src/data/primaryHub/grade3.json,g3v1_u5#vocab[2].chunks[0],chunks.en
elevenlabs|el:lily|0.85||eat an egg,eat an egg,el:lily,0.85,https://audio.bigmooneducation.com/e3/e37796695ab2c64b270bf0a0e71be3c2840a9984cb426efa2c653375fcac962e.mp3,https://degqpiiddkxcuzwombwp.supabase.co/storage/v1/object/public/tts-audio/e3/e37796695ab2c64b270bf0a0e71be3c2840a9984cb426efa2c653375fcac962e.mp3,src/data/primaryHub/grade3.json,g3v1_u5#vocab[2].chunks[1],chunks.en
elevenlabs|el:lily|0.85||two eggs,two eggs,el:lily,0.85,https://audio.bigmooneducation.com/b1/b103e3a925732772e95c46811341a0295bf35fdfb83ff8f1719d05744999853f.mp3,https://degqpiiddkxcuzwombwp.supabase.co/storage/v1/object/public/tts-audio/b1/b103e3a925732772e95c46811341a0295bf35fdfb83ff8f1719d05744999853f.mp3,src/data/primaryHub/grade3.json,g3v1_u5#vocab[2].chunks[2],chunks.en
elevenlabs|el:lily|0.85||some milk,some milk,el:lily,0.85,https://audio.bigmooneducation.com/91/9171b0afe26d594266659c7e1b0d7cc827b7048fd468c92fe934a417da3ce58e.mp3,https://degqpiiddkxcuzwombwp.supabase.co/storage/v1/object/public/tts-audio/91/9171b0afe26d594266659c7e1b0d7cc827b7048fd468c92fe934a417da3ce58e.mp3,src/data/primaryHub/grade3.json,g3v1_u5#vocab[3].chunks[0],chunks.en
elevenlabs|el:lily|0.85||drink milk,drink milk,el:lily,0.85,https://audio.bigmooneducation.com/3e/3e56aec3e3fb66c77ee55817478f8731db272dcd295e3a769f79cccf8a89f4de.mp3,https://degqpiiddkxcuzwombwp.supabase.co/storage/v1/object/public/tts-audio/3e/3e56aec3e3fb66c77ee55817478f8731db272dcd295e3a769f79cccf8a89f4de.mp3,src/data/primaryHub/grade3.json,g3v1_u5#vocab[3].chunks[1],chunks.en
elevenlabs|el:lily|0.85||a glass of milk,a glass of milk,el:lily,0.85,https://audio.bigmooneducation.com/b6/b6e68129b3714bd9f456a5fcd19a0287e20b4f1a90abbcabf3e09e0418749828.mp3,https://degqpiiddkxcuzwombwp.supabase.co/storage/v1/object/public/tts-audio/b6/b6e68129b3714bd9f456a5fcd19a0287e20b4f1a90abbcabf3e09e0418749828.mp3,src/data/primaryHub/grade3.json,g3v1_u5#vocab[3].chunks[2],chunks.en
elevenlabs|el:lily|0.85||some water,some water,el:lily,0.85,https://audio.bigmooneducation.com/42/42aa3ce92f1000dc14dea4539efaa46c28bfeb9c058bf8f81bfe3ef01b5c152a.mp3,https://degqpiiddkxcuzwombwp.supabase.co/storage/v1/object/public/tts-audio/42/42aa3ce92f1000dc14dea4539efaa46c28bfeb9c058bf8f81bfe3ef01b5c152a.mp3,src/data/primaryHub/grade3.json,g3v1_u5#vocab[4].chunks[0],chunks.en
elevenlabs|el:lily|0.85||drink water,drink water,el:lily,0.85,https://audio.bigmooneducation.com/d7/d78b2626532fee48b1332bbdea38b951cda16ed1275ad093afbb17e98389bfd1.mp3,https://degqpiiddkxcuzwombwp.supabase.co/storage/v1/object/public/tts-audio/d7/d78b2626532fee48b1332bbdea38b951cda16ed1275ad093afbb17e98389bfd1.mp3,src/data/primaryHub/grade3.json,g3v1_u5#vocab[4].chunks[1],chunks.en
elevenlabs|el:lily|0.85||a glass of water,a glass of water,el:lily,0.85,https://audio.bigmooneducation.com/6b/6b480a93b4aab70712cc4c32ef5cd043e73696e342464319ef07a66eacabc51f.mp3,https://degqpiiddkxcuzwombwp.supabase.co/storage/v1/object/public/tts-audio/6b/6b480a93b4aab70712cc4c32ef5cd043e73696e342464319ef07a66eacabc51f.mp3,src/data/primaryHub/grade3.json,g3v1_u5#vocab[4].chunks[2],chunks.en
elevenlabs|el:lily|0.85||a big cake,a big cake,el:lily,0.85,https://audio.bigmooneducation.com/22/22216504c5ec94c0c4763cf4eea2074aa35fa3acc536dbf21901d74833879152.mp3,https://degqpiiddkxcuzwombwp.supabase.co/storage/v1/object/public/tts-audio/22/22216504c5ec94c0c4763cf4eea2074aa35fa3acc536dbf21901d74833879152.mp3,src/data/primaryHub/grade3.json,g3v1_u5#vocab[5].chunks[0],chunks.en
elevenlabs|el:lily|0.85||a birthday cake,a birthday cake,el:lily,0.85,https://audio.bigmooneducation.com/58/5838732820a65df399ba5c98bb5a27617047c897ce6711a043ac6eeeabf0d36f.mp3,https://degqpiiddkxcuzwombwp.supabase.co/storage/v1/object/public/tts-audio/58/5838732820a65df399ba5c98bb5a27617047c897ce6711a043ac6eeeabf0d36f.mp3,src/data/primaryHub/grade3.json,g3v1_u5#vocab[5].chunks[1],chunks.en
elevenlabs|el:lily|0.85||eat cake,eat cake,el:lily,0.85,https://audio.bigmooneducation.com/52/521aba4ce44b7c763e13bff94ddce1ebeb09983cf69a5ed703b02bce07c4df50.mp3,https://degqpiiddkxcuzwombwp.supabase.co/storage/v1/object/public/tts-audio/52/521aba4ce44b7c763e13bff94ddce1ebeb09983cf69a5ed703b02bce07c4df50.mp3,src/data/primaryHub/grade3.json,g3v1_u5#vocab[5].chunks[2],chunks.en
elevenlabs|el:lily|0.85||eat fish,eat fish,el:lily,0.85,https://audio.bigmooneducation.com/6c/6c0db59e2c88210adff543beb9fa615d6bf6af6e1a2332e06576de1b23a44268.mp3,https://degqpiiddkxcuzwombwp.supabase.co/storage/v1/object/public/tts-audio/6c/6c0db59e2c88210adff543beb9fa615d6bf6af6e1a2332e06576de1b23a44268.mp3,src/data/primaryHub/grade3.json,g3v1_u5#vocab[6].chunks[0],chunks.en
elevenlabs|el:lily|0.85||some fish,some fish,el:lily,0.85,https://audio.bigmooneducation.com/67/67b54558dbcd06053d451f458aa03cea98056e5162b8e18849a072362a37d85e.mp3,https://degqpiiddkxcuzwombwp.supabase.co/storage/v1/object/public/tts-audio/67/67b54558dbcd06053d451f458aa03cea98056e5162b8e18849a072362a37d85e.mp3,src/data/primaryHub/grade3.json,g3v1_u5#vocab[6].chunks[1],chunks.en
elevenlabs|el:lily|0.85||a little fish,a little fish,el:lily,0.85,https://audio.bigmooneducation.com/8b/8b1ff4c192c46b75e4a0d4a87ebfc6072de1d68bfd1c2c6a136752b35ef3aefd.mp3,https://degqpiiddkxcuzwombwp.supabase.co/storage/v1/object/public/tts-audio/8b/8b1ff4c192c46b75e4a0d4a87ebfc6072de1d68bfd1c2c6a136752b35ef3aefd.mp3,src/data/primaryHub/grade3.json,g3v1_u5#vocab[6].chunks[2],chunks.en
elevenlabs|el:lily|0.85||some rice,some rice,el:lily,0.85,https://audio.bigmooneducation.com/fa/fa4e3f768b5ada800327c353bf585cce2d5f178383839305e40a745329d92139.mp3,https://degqpiiddkxcuzwombwp.supabase.co/storage/v1/object/public/tts-audio/fa/fa4e3f768b5ada800327c353bf585cce2d5f178383839305e40a745329d92139.mp3,src/data/primaryHub/grade3.json,g3v1_u5#vocab[7].chunks[0],chunks.en
elevenlabs|el:lily|0.85||eat rice,eat rice,el:lily,0.85,https://audio.bigmooneducation.com/a7/a72eead70d01d80914352dc7701d1c7630f3619ac6293f4713497b68cf995a4e.mp3,https://degqpiiddkxcuzwombwp.supabase.co/storage/v1/object/public/tts-audio/a7/a72eead70d01d80914352dc7701d1c7630f3619ac6293f4713497b68cf995a4e.mp3,src/data/primaryHub/grade3.json,g3v1_u5#vocab[7].chunks[1],chunks.en
elevenlabs|el:lily|0.85||a bowl of rice,a bowl of rice,el:lily,0.85,https://audio.bigmooneducation.com/b9/b9df10a0957ee79165e84253ceb12917b43588b9577dc7c80fc679bf4dfd83fe.mp3,https://degqpiiddkxcuzwombwp.supabase.co/storage/v1/object/public/tts-audio/b9/b9df10a0957ee79165e84253ceb12917b43588b9577dc7c80fc679bf4dfd83fe.mp3,src/data/primaryHub/grade3.json,g3v1_u5#vocab[7].chunks[2],chunks.en
"elevenlabs|el:lily|0.7||I'd like some juice, please.","I'd like some juice, please.",el:lily,0.7,https://audio.bigmooneducation.com/22/2267bce3ef6a95946312d31250ddeff5927c89aaa5bbe997f0b11a6b28791814.mp3,https://degqpiiddkxcuzwombwp.supabase.co/storage/v1/object/public/tts-audio/22/2267bce3ef6a95946312d31250ddeff5927c89aaa5bbe997f0b11a6b28791814.mp3,src/data/primaryHub/grade3.json,g3v1_u5#listening[0],listeningQuestions.audio@0.7
elevenlabs|el:lily|0.7||Here you are.,Here you are.,el:lily,0.7,https://audio.bigmooneducation.com/67/67c2c52f4494b82de44a55511ae2787b5b9048c6843b3f433879380dd52c7243.mp3,https://degqpiiddkxcuzwombwp.supabase.co/storage/v1/object/public/tts-audio/67/67c2c52f4494b82de44a55511ae2787b5b9048c6843b3f433879380dd52c7243.mp3,src/data/primaryHub/grade3.json,g3v1_u5#listening[1],listeningQuestions.audio@0.7
"elevenlabs|el:lily|0.7||Can I have some bread, please?","Can I have some bread, please?",el:lily,0.7,https://audio.bigmooneducation.com/00/001dfb79a13ed55676110d3536ba8b287fa4a8c36dd8d9cea6794f839a953bd2.mp3,https://degqpiiddkxcuzwombwp.supabase.co/storage/v1/object/public/tts-audio/00/001dfb79a13ed55676110d3536ba8b287fa4a8c36dd8d9cea6794f839a953bd2.mp3,src/data/primaryHub/grade3.json,g3v1_u5#listening[2],listeningQuestions.audio@0.7
elevenlabs|el:lily|0.85||one apple,one apple,el:lily,0.85,https://audio.bigmooneducation.com/8d/8d4341558e13c6e7765497b2007a3f4ff2750754e1708a6a909b19fc44b2c291.mp3,https://degqpiiddkxcuzwombwp.supabase.co/storage/v1/object/public/tts-audio/8d/8d4341558e13c6e7765497b2007a3f4ff2750754e1708a6a909b19fc44b2c291.mp3,src/data/primaryHub/grade3.json,g3v1_u6#vocab[0].chunks[0],chunks.en
elevenlabs|el:lily|0.85||one book,one book,el:lily,0.85,https://audio.bigmooneducation.com/f2/f2bd81fc33369ef37f199e35f047e0f9daf33d13efb5ed21a5c182fdd81f26b5.mp3,https://degqpiiddkxcuzwombwp.supabase.co/storage/v1/object/public/tts-audio/f2/f2bd81fc33369ef37f199e35f047e0f9daf33d13efb5ed21a5c182fdd81f26b5.mp3,src/data/primaryHub/grade3.json,g3v1_u6#vocab[0].chunks[1],chunks.en
elevenlabs|el:lily|0.85||this one,this one,el:lily,0.85,https://audio.bigmooneducation.com/5d/5df622261b18770802f0149d59d3255217d2beeb81db86ab1e79193f88594e07.mp3,https://degqpiiddkxcuzwombwp.supabase.co/storage/v1/object/public/tts-audio/5d/5df622261b18770802f0149d59d3255217d2beeb81db86ab1e79193f88594e07.mp3,src/data/primaryHub/grade3.json,g3v1_u6#vocab[0].chunks[2],chunks.en
elevenlabs|el:lily|0.85||two cats,two cats,el:lily,0.85,https://audio.bigmooneducation.com/f2/f269cd5f3741d8b630c423b9d7de061a5b89d1c2f4e9ce9cf8a6c4b970b4bf4b.mp3,https://degqpiiddkxcuzwombwp.supabase.co/storage/v1/object/public/tts-audio/f2/f269cd5f3741d8b630c423b9d7de061a5b89d1c2f4e9ce9cf8a6c4b970b4bf4b.mp3,src/data/primaryHub/grade3.json,g3v1_u6#vocab[1].chunks[0],chunks.en
elevenlabs|el:lily|0.85||two and three,two and three,el:lily,0.85,https://audio.bigmooneducation.com/04/041a6347939c0aabecf4e8604b35bdffa4c42e08007956d0a8a9b07a20f163ad.mp3,https://degqpiiddkxcuzwombwp.supabase.co/storage/v1/object/public/tts-audio/04/041a6347939c0aabecf4e8604b35bdffa4c42e08007956d0a8a9b07a20f163ad.mp3,src/data/primaryHub/grade3.json,g3v1_u6#vocab[1].chunks[2],chunks.en
elevenlabs|el:lily|0.85||three pens,three pens,el:lily,0.85,https://audio.bigmooneducation.com/2c/2c8f5719272e592c784a880620f72befa9c8162c6414d41f2d109394c627078a.mp3,https://degqpiiddkxcuzwombwp.supabase.co/storage/v1/object/public/tts-audio/2c/2c8f5719272e592c784a880620f72befa9c8162c6414d41f2d109394c627078a.mp3,src/data/primaryHub/grade3.json,g3v1_u6#vocab[2].chunks[0],chunks.en
elevenlabs|el:lily|0.85||three dogs,three dogs,el:lily,0.85,https://audio.bigmooneducation.com/3a/3a7d926f6e4368b4b47554efd3b0de8e8814f16d6e600317bf2b3b8102f8509f.mp3,https://degqpiiddkxcuzwombwp.supabase.co/storage/v1/object/public/tts-audio/3a/3a7d926f6e4368b4b47554efd3b0de8e8814f16d6e600317bf2b3b8102f8509f.mp3,src/data/primaryHub/grade3.json,g3v1_u6#vocab[2].chunks[1],chunks.en
elevenlabs|el:lily|0.85||four ducks,four ducks,el:lily,0.85,https://audio.bigmooneducation.com/24/242c379cb4393bba1a5359e20d7029ecffa31b5f0805b5c376170d55729c4ace.mp3,https://degqpiiddkxcuzwombwp.supabase.co/storage/v1/object/public/tts-audio/24/242c379cb4393bba1a5359e20d7029ecffa31b5f0805b5c376170d55729c4ace.mp3,src/data/primaryHub/grade3.json,g3v1_u6#vocab[3].chunks[0],chunks.en
elevenlabs|el:lily|0.85||four books,four books,el:lily,0.85,https://audio.bigmooneducation.com/a8/a88f9ab393cdf9d00d3019bc32db9f67ac67766d6af36a52cb34bb8194b4839e.mp3,https://degqpiiddkxcuzwombwp.supabase.co/storage/v1/object/public/tts-audio/a8/a88f9ab393cdf9d00d3019bc32db9f67ac67766d6af36a52cb34bb8194b4839e.mp3,src/data/primaryHub/grade3.json,g3v1_u6#vocab[3].chunks[1],chunks.en
elevenlabs|el:lily|0.85||four and five,four and five,el:lily,0.85,https://audio.bigmooneducation.com/66/66aa5e59db9be8bd1a6ad3f65dfb2603b7c1a8cb75f65049ee6db2933f23bfd4.mp3,https://degqpiiddkxcuzwombwp.supabase.co/storage/v1/object/public/tts-audio/66/66aa5e59db9be8bd1a6ad3f65dfb2603b7c1a8cb75f65049ee6db2933f23bfd4.mp3,src/data/primaryHub/grade3.json,g3v1_u6#vocab[3].chunks[2],chunks.en
elevenlabs|el:lily|0.85||five plates,five plates,el:lily,0.85,https://audio.bigmooneducation.com/63/63818a76f728524162b57f8b6438044f473c309b495204dafa224998d8e3f8ab.mp3,https://degqpiiddkxcuzwombwp.supabase.co/storage/v1/object/public/tts-audio/63/63818a76f728524162b57f8b6438044f473c309b495204dafa224998d8e3f8ab.mp3,src/data/primaryHub/grade3.json,g3v1_u6#vocab[4].chunks[0],chunks.en
elevenlabs|el:lily|0.85||five fingers,five fingers,el:lily,0.85,https://audio.bigmooneducation.com/af/af0f162623d2fdf23ed090cfb5bb8f1d226775ca217bfdbb7d99b7e6a807ada6.mp3,https://degqpiiddkxcuzwombwp.supabase.co/storage/v1/object/public/tts-audio/af/af0f162623d2fdf23ed090cfb5bb8f1d226775ca217bfdbb7d99b7e6a807ada6.mp3,src/data/primaryHub/grade3.json,g3v1_u6#vocab[4].chunks[1],chunks.en
elevenlabs|el:lily|0.85||six eggs,six eggs,el:lily,0.85,https://audio.bigmooneducation.com/1b/1b62fc3fc6bca9d0a8cf2b695d7a7fa3eae2a7224d146bd6c6be90d0de1e9a21.mp3,https://degqpiiddkxcuzwombwp.supabase.co/storage/v1/object/public/tts-audio/1b/1b62fc3fc6bca9d0a8cf2b695d7a7fa3eae2a7224d146bd6c6be90d0de1e9a21.mp3,src/data/primaryHub/grade3.json,g3v1_u6#vocab[5].chunks[0],chunks.en
elevenlabs|el:lily|0.85||six cakes,six cakes,el:lily,0.85,https://audio.bigmooneducation.com/46/46b78cad0cfabd468c42fb371654d7def9678cb8368d7b6742e2a88ef389ccf5.mp3,https://degqpiiddkxcuzwombwp.supabase.co/storage/v1/object/public/tts-audio/46/46b78cad0cfabd468c42fb371654d7def9678cb8368d7b6742e2a88ef389ccf5.mp3,src/data/primaryHub/grade3.json,g3v1_u6#vocab[5].chunks[1],chunks.en
elevenlabs|el:lily|0.85||six and seven,six and seven,el:lily,0.85,https://audio.bigmooneducation.com/6a/6abe4519410a51c54b069b02ff8e38185e2074220b5d032200e090f73c04bf65.mp3,https://degqpiiddkxcuzwombwp.supabase.co/storage/v1/object/public/tts-audio/6a/6abe4519410a51c54b069b02ff8e38185e2074220b5d032200e090f73c04bf65.mp3,src/data/primaryHub/grade3.json,g3v1_u6#vocab[5].chunks[2],chunks.en
elevenlabs|el:lily|0.85||seven days,seven days,el:lily,0.85,https://audio.bigmooneducation.com/84/845c88e3af6db13a1c411f10d642ae91f8ae57cf9130e6fda986c5b74dba191e.mp3,https://degqpiiddkxcuzwombwp.supabase.co/storage/v1/object/public/tts-audio/84/845c88e3af6db13a1c411f10d642ae91f8ae57cf9130e6fda986c5b74dba191e.mp3,src/data/primaryHub/grade3.json,g3v1_u6#vocab[6].chunks[0],chunks.en
elevenlabs|el:lily|0.85||seven birds,seven birds,el:lily,0.85,https://audio.bigmooneducation.com/67/6746e173b3f6da123473da052e61ecbd51e4f9c738d6bda80a1f07e6869402b3.mp3,https://degqpiiddkxcuzwombwp.supabase.co/storage/v1/object/public/tts-audio/67/6746e173b3f6da123473da052e61ecbd51e4f9c738d6bda80a1f07e6869402b3.mp3,src/data/primaryHub/grade3.json,g3v1_u6#vocab[6].chunks[1],chunks.en
elevenlabs|el:lily|0.85||eight pencils,eight pencils,el:lily,0.85,https://audio.bigmooneducation.com/14/144257c6c1f14bf5e84cda8d6489e8a48214f64db6fcaaac16c8c5b993b5ec69.mp3,https://degqpiiddkxcuzwombwp.supabase.co/storage/v1/object/public/tts-audio/14/144257c6c1f14bf5e84cda8d6489e8a48214f64db6fcaaac16c8c5b993b5ec69.mp3,src/data/primaryHub/grade3.json,g3v1_u6#vocab[7].chunks[0],chunks.en
elevenlabs|el:lily|0.85||eight fish,eight fish,el:lily,0.85,https://audio.bigmooneducation.com/da/dae866397d66fe54a51e0497c659169f03a54876781e21de15f707a6b287b689.mp3,https://degqpiiddkxcuzwombwp.supabase.co/storage/v1/object/public/tts-audio/da/dae866397d66fe54a51e0497c659169f03a54876781e21de15f707a6b287b689.mp3,src/data/primaryHub/grade3.json,g3v1_u6#vocab[7].chunks[1],chunks.en
elevenlabs|el:lily|0.85||seven and eight,seven and eight,el:lily,0.85,https://audio.bigmooneducation.com/33/3339d9c1d4a21ff5d2dfabd9301bfcc326a632114cff8b0353b5b1de49efb093.mp3,https://degqpiiddkxcuzwombwp.supabase.co/storage/v1/object/public/tts-audio/33/3339d9c1d4a21ff5d2dfabd9301bfcc326a632114cff8b0353b5b1de49efb093.mp3,src/data/primaryHub/grade3.json,g3v1_u6#vocab[7].chunks[2],chunks.en
"elevenlabs|el:lily|0.7||This one, please.","This one, please.",el:lily,0.7,https://audio.bigmooneducation.com/fc/fc58ae2b7eca58e2b42a7919b65f0917685e5c68d3626a05835a043897fc1e31.mp3,https://degqpiiddkxcuzwombwp.supabase.co/storage/v1/object/public/tts-audio/fc/fc58ae2b7eca58e2b42a7919b65f0917685e5c68d3626a05835a043897fc1e31.mp3,src/data/primaryHub/grade3.json,g3v1_u6#listening[0],listeningQuestions.audio@0.7
elevenlabs|el:lily|0.7||How many plates?,How many plates?,el:lily,0.7,https://audio.bigmooneducation.com/e1/e1590159a8862dec88b9c1ebd19f8c7335fd268a69e37828a932f46f178a250b.mp3,https://degqpiiddkxcuzwombwp.supabase.co/storage/v1/object/public/tts-audio/e1/e1590159a8862dec88b9c1ebd19f8c7335fd268a69e37828a932f46f178a250b.mp3,src/data/primaryHub/grade3.json,g3v1_u6#listening[2],listeningQuestions.audio@0.7
elevenlabs|el:lily|0.7||Five.,Five.,el:lily,0.7,https://audio.bigmooneducation.com/25/251027db0792af69ef1e7588dfc761652684c464fc60e4863aa093a286f108ba.mp3,https://degqpiiddkxcuzwombwp.supabase.co/storage/v1/object/public/tts-audio/25/251027db0792af69ef1e7588dfc761652684c464fc60e4863aa093a286f108ba.mp3,src/data/primaryHub/grade3.json,g3v1_u6#listening[3],listeningQuestions.audio@0.7
elevenlabs|el:lily|0.85||from the UK,from the UK,el:lily,0.85,https://audio.bigmooneducation.com/77/776b8233e7ad2662f7b84384ac891c027ba8d64cc9c5fd7389ba9334a8c5cab6.mp3,https://degqpiiddkxcuzwombwp.supabase.co/storage/v1/object/public/tts-audio/77/776b8233e7ad2662f7b84384ac891c027ba8d64cc9c5fd7389ba9334a8c5cab6.mp3,src/data/primaryHub/grade3.json,g3v2_u1#vocab[0].chunks[0],chunks.en
elevenlabs|el:lily|0.85||in the UK,in the UK,el:lily,0.85,https://audio.bigmooneducation.com/e9/e9ea04f397c761f9eddd93cc3ec5ae0285befa83f7cc60b7d1d0da65a9b5b3cd.mp3,https://degqpiiddkxcuzwombwp.supabase.co/storage/v1/object/public/tts-audio/e9/e9ea04f397c761f9eddd93cc3ec5ae0285befa83f7cc60b7d1d0da65a9b5b3cd.mp3,src/data/primaryHub/grade3.json,g3v2_u1#vocab[0].chunks[1],chunks.en
elevenlabs|el:lily|0.85||from Canada,from Canada,el:lily,0.85,https://audio.bigmooneducation.com/48/48caf8c2766d5ed4633981e73457b77ac9f01a0b9756b230cf5b5e4f4664a6ef.mp3,https://degqpiiddkxcuzwombwp.supabase.co/storage/v1/object/public/tts-audio/48/48caf8c2766d5ed4633981e73457b77ac9f01a0b9756b230cf5b5e4f4664a6ef.mp3,src/data/primaryHub/grade3.json,g3v2_u1#vocab[1].chunks[0],chunks.en
elevenlabs|el:lily|0.85||go to Canada,go to Canada,el:lily,0.85,https://audio.bigmooneducation.com/66/6628e683b3ecef588fa3501676d57340e2cd4b11bbc83d2b1b5e4ef36635830d.mp3,https://degqpiiddkxcuzwombwp.supabase.co/storage/v1/object/public/tts-audio/66/6628e683b3ecef588fa3501676d57340e2cd4b11bbc83d2b1b5e4ef36635830d.mp3,src/data/primaryHub/grade3.json,g3v2_u1#vocab[1].chunks[1],chunks.en
elevenlabs|el:lily|0.85||from the USA,from the USA,el:lily,0.85,https://audio.bigmooneducation.com/70/7033c21cb001ffae95768f6018fe7d2e5b5059f7266b21de0ea28741faf54b0f.mp3,https://degqpiiddkxcuzwombwp.supabase.co/storage/v1/object/public/tts-audio/70/7033c21cb001ffae95768f6018fe7d2e5b5059f7266b21de0ea28741faf54b0f.mp3,src/data/primaryHub/grade3.json,g3v2_u1#vocab[2].chunks[0],chunks.en
elevenlabs|el:lily|0.85||in the USA,in the USA,el:lily,0.85,https://audio.bigmooneducation.com/39/39a4487fea751635cb9daac67ad63a139063d180280e671ff5c686afacc0a1a2.mp3,https://degqpiiddkxcuzwombwp.supabase.co/storage/v1/object/public/tts-audio/39/39a4487fea751635cb9daac67ad63a139063d180280e671ff5c686afacc0a1a2.mp3,src/data/primaryHub/grade3.json,g3v2_u1#vocab[2].chunks[1],chunks.en
elevenlabs|el:lily|0.85||from China,from China,el:lily,0.85,https://audio.bigmooneducation.com/01/017c58f879ca09b8e2c76259f430094ab9987edef0bbe0e199078b225657912f.mp3,https://degqpiiddkxcuzwombwp.supabase.co/storage/v1/object/public/tts-audio/01/017c58f879ca09b8e2c76259f430094ab9987edef0bbe0e199078b225657912f.mp3,src/data/primaryHub/grade3.json,g3v2_u1#vocab[3].chunks[0],chunks.en
elevenlabs|el:lily|0.85||love China,love China,el:lily,0.85,https://audio.bigmooneducation.com/68/6843fde77a765b04d75d18f1e81b310e2fc129b6754de7ddf6a04e6a2a08c06b.mp3,https://degqpiiddkxcuzwombwp.supabase.co/storage/v1/object/public/tts-audio/68/6843fde77a765b04d75d18f1e81b310e2fc129b6754de7ddf6a04e6a2a08c06b.mp3,src/data/primaryHub/grade3.json,g3v2_u1#vocab[3].chunks[1],chunks.en
elevenlabs|el:lily|0.85||in China,in China,el:lily,0.85,https://audio.bigmooneducation.com/e5/e527780ba8c6c275c47dfc265d14c5550ef205436b121b749a1a872c3e2074d5.mp3,https://degqpiiddkxcuzwombwp.supabase.co/storage/v1/object/public/tts-audio/e5/e527780ba8c6c275c47dfc265d14c5550ef205436b121b749a1a872c3e2074d5.mp3,src/data/primaryHub/grade3.json,g3v2_u1#vocab[3].chunks[2],chunks.en
elevenlabs|el:lily|0.85||she is happy,she is happy,el:lily,0.85,https://audio.bigmooneducation.com/ee/ee62b2b34d01f1dbb130a84177db4952a840d81f35d2b7d9226f3c82d24a2d1c.mp3,https://degqpiiddkxcuzwombwp.supabase.co/storage/v1/object/public/tts-audio/ee/ee62b2b34d01f1dbb130a84177db4952a840d81f35d2b7d9226f3c82d24a2d1c.mp3,src/data/primaryHub/grade3.json,g3v2_u1#vocab[4].chunks[0],chunks.en
elevenlabs|el:lily|0.85||she can sing,she can sing,el:lily,0.85,https://audio.bigmooneducation.com/80/803819c33fdf7f271ff3e566a2e8778f6cd4fa6f4fbd4a7011db144cc20c01b6.mp3,https://degqpiiddkxcuzwombwp.supabase.co/storage/v1/object/public/tts-audio/80/803819c33fdf7f271ff3e566a2e8778f6cd4fa6f4fbd4a7011db144cc20c01b6.mp3,src/data/primaryHub/grade3.json,g3v2_u1#vocab[4].chunks[1],chunks.en
elevenlabs|el:lily|0.85||a good student,a good student,el:lily,0.85,https://audio.bigmooneducation.com/bb/bb4774dfb62444c1d7fa8c0542662e16f3e8b5df5dfb888b10df285a502c4aff.mp3,https://degqpiiddkxcuzwombwp.supabase.co/storage/v1/object/public/tts-audio/bb/bb4774dfb62444c1d7fa8c0542662e16f3e8b5df5dfb888b10df285a502c4aff.mp3,src/data/primaryHub/grade3.json,g3v2_u1#vocab[5].chunks[0],chunks.en
elevenlabs|el:lily|0.85||a new student,a new student,el:lily,0.85,https://audio.bigmooneducation.com/aa/aa335b54b2053ed2b41667bc9ab790360b9375494319eca5fdd580a9e3593532.mp3,https://degqpiiddkxcuzwombwp.supabase.co/storage/v1/object/public/tts-audio/aa/aa335b54b2053ed2b41667bc9ab790360b9375494319eca5fdd580a9e3593532.mp3,src/data/primaryHub/grade3.json,g3v2_u1#vocab[5].chunks[1],chunks.en
elevenlabs|el:lily|0.85||I am a student,I am a student,el:lily,0.85,https://audio.bigmooneducation.com/43/439163d7ac887b8aab7050b6deba05eeb3f3532603c5794edfd782aeacf98af2.mp3,https://degqpiiddkxcuzwombwp.supabase.co/storage/v1/object/public/tts-audio/43/439163d7ac887b8aab7050b6deba05eeb3f3532603c5794edfd782aeacf98af2.mp3,src/data/primaryHub/grade3.json,g3v2_u1#vocab[5].chunks[2],chunks.en
elevenlabs|el:lily|0.85||a good pupil,a good pupil,el:lily,0.85,https://audio.bigmooneducation.com/a0/a0ff344c52ddc3fda1529aef6a107042bb090bfe91813aade3c177b514462147.mp3,https://degqpiiddkxcuzwombwp.supabase.co/storage/v1/object/public/tts-audio/a0/a0ff344c52ddc3fda1529aef6a107042bb090bfe91813aade3c177b514462147.mp3,src/data/primaryHub/grade3.json,g3v2_u1#vocab[6].chunks[0],chunks.en
elevenlabs|el:lily|0.85||a new pupil,a new pupil,el:lily,0.85,https://audio.bigmooneducation.com/06/0664a1196b9cbd8faca1542c60f5c9edbd973d7903afae5d2b55c180b075a09b.mp3,https://degqpiiddkxcuzwombwp.supabase.co/storage/v1/object/public/tts-audio/06/0664a1196b9cbd8faca1542c60f5c9edbd973d7903afae5d2b55c180b075a09b.mp3,src/data/primaryHub/grade3.json,g3v2_u1#vocab[6].chunks[1],chunks.en
elevenlabs|el:lily|0.85||he is tall,he is tall,el:lily,0.85,https://audio.bigmooneducation.com/d9/d93e18b097f963a5419e930109a11cc635493672f3abf8904eebc0e89cd8eaeb.mp3,https://degqpiiddkxcuzwombwp.supabase.co/storage/v1/object/public/tts-audio/d9/d93e18b097f963a5419e930109a11cc635493672f3abf8904eebc0e89cd8eaeb.mp3,src/data/primaryHub/grade3.json,g3v2_u1#vocab[7].chunks[0],chunks.en
elevenlabs|el:lily|0.85||he can run,he can run,el:lily,0.85,https://audio.bigmooneducation.com/e0/e0f53488f69d8465f3471b5e55b377828bdc2267d6dddd15cf235c981ca8da8d.mp3,https://degqpiiddkxcuzwombwp.supabase.co/storage/v1/object/public/tts-audio/e0/e0f53488f69d8465f3471b5e55b377828bdc2267d6dddd15cf235c981ca8da8d.mp3,src/data/primaryHub/grade3.json,g3v2_u1#vocab[7].chunks[1],chunks.en
elevenlabs|el:lily|0.7||Welcome!,Welcome!,el:lily,0.7,https://audio.bigmooneducation.com/0a/0a1f85d6f0160d3b55f33669f303ea77ce4e520561e4aa2dceb45a4f1d23fc0c.mp3,https://degqpiiddkxcuzwombwp.supabase.co/storage/v1/object/public/tts-audio/0a/0a1f85d6f0160d3b55f33669f303ea77ce4e520561e4aa2dceb45a4f1d23fc0c.mp3,src/data/primaryHub/grade3.json,g3v2_u1#listening[0],listeningQuestions.audio@0.7
elevenlabs|el:lily|0.7||Welcome back to school!,Welcome back to school!,el:lily,0.7,https://audio.bigmooneducation.com/e0/e023ad98c91b09f76509e6172e648c83e926c5919e7a4468e0a3df754de8ad43.mp3,https://degqpiiddkxcuzwombwp.supabase.co/storage/v1/object/public/tts-audio/e0/e023ad98c91b09f76509e6172e648c83e926c5919e7a4468e0a3df754de8ad43.mp3,src/data/primaryHub/grade3.json,g3v2_u1#listening[1],listeningQuestions.audio@0.7
elevenlabs|el:lily|0.7||Where are you from?,Where are you from?,el:lily,0.7,https://audio.bigmooneducation.com/a9/a9b24f657800df256e8992ec7a4d24d874bebc5588713f4e4cb67fbf8ff6d5df.mp3,https://degqpiiddkxcuzwombwp.supabase.co/storage/v1/object/public/tts-audio/a9/a9b24f657800df256e8992ec7a4d24d874bebc5588713f4e4cb67fbf8ff6d5df.mp3,src/data/primaryHub/grade3.json,g3v2_u1#listening[2],listeningQuestions.audio@0.7
elevenlabs|el:lily|0.7||I'm from China.,I'm from China.,el:lily,0.7,https://audio.bigmooneducation.com/5d/5de382156be6591bad74f87207ed7a06b02267c2c039b4852a21000e9d362be8.mp3,https://degqpiiddkxcuzwombwp.supabase.co/storage/v1/object/public/tts-audio/5d/5de382156be6591bad74f87207ed7a06b02267c2c039b4852a21000e9d362be8.mp3,src/data/primaryHub/grade3.json,g3v2_u1#listening[3],listeningQuestions.audio@0.7
elevenlabs|el:lily|0.85||my father,my father,el:lily,0.85,https://audio.bigmooneducation.com/20/202d361a73b6d114efd0f6d5d321c6b12ef68ac64290caddec04d4627c4b111d.mp3,https://degqpiiddkxcuzwombwp.supabase.co/storage/v1/object/public/tts-audio/20/202d361a73b6d114efd0f6d5d321c6b12ef68ac64290caddec04d4627c4b111d.mp3,src/data/primaryHub/grade3.json,g3v2_u2#vocab[0].chunks[0],chunks.en
elevenlabs|el:lily|0.85||a tall father,a tall father,el:lily,0.85,https://audio.bigmooneducation.com/f2/f200bb9cfa2b229ff750d15bf7c4c2b5bc6224492f4e0ee176058aac451d473b.mp3,https://degqpiiddkxcuzwombwp.supabase.co/storage/v1/object/public/tts-audio/f2/f200bb9cfa2b229ff750d15bf7c4c2b5bc6224492f4e0ee176058aac451d473b.mp3,src/data/primaryHub/grade3.json,g3v2_u2#vocab[0].chunks[1],chunks.en
elevenlabs|el:lily|0.85||my father's car,my father's car,el:lily,0.85,https://audio.bigmooneducation.com/d2/d22b67752494739721435240290382a1203a6cfb7851af9245b60b816c4f9804.mp3,https://degqpiiddkxcuzwombwp.supabase.co/storage/v1/object/public/tts-audio/d2/d22b67752494739721435240290382a1203a6cfb7851af9245b60b816c4f9804.mp3,src/data/primaryHub/grade3.json,g3v2_u2#vocab[0].chunks[2],chunks.en
elevenlabs|el:lily|0.85||my dad,my dad,el:lily,0.85,https://audio.bigmooneducation.com/57/57798fac640c2cfd29995cc0bb51a24f69c472b20e1fef22ce99481f02290110.mp3,https://degqpiiddkxcuzwombwp.supabase.co/storage/v1/object/public/tts-audio/57/57798fac640c2cfd29995cc0bb51a24f69c472b20e1fef22ce99481f02290110.mp3,src/data/primaryHub/grade3.json,g3v2_u2#vocab[1].chunks[0],chunks.en
"elevenlabs|el:lily|0.85||hi, dad","hi, dad",el:lily,0.85,https://audio.bigmooneducation.com/4d/4dddec46b7dbc2606f4e9aa65e50e92280e8d8e664355bc2f868ebb18711cd8b.mp3,https://degqpiiddkxcuzwombwp.supabase.co/storage/v1/object/public/tts-audio/4d/4dddec46b7dbc2606f4e9aa65e50e92280e8d8e664355bc2f868ebb18711cd8b.mp3,src/data/primaryHub/grade3.json,g3v2_u2#vocab[1].chunks[1],chunks.en
elevenlabs|el:lily|0.85||a tall man,a tall man,el:lily,0.85,https://audio.bigmooneducation.com/4c/4c8837e2b51d5643edcacb8466cffc1a1785051fc944d8594c55c7d4bf565de4.mp3,https://degqpiiddkxcuzwombwp.supabase.co/storage/v1/object/public/tts-audio/4c/4c8837e2b51d5643edcacb8466cffc1a1785051fc944d8594c55c7d4bf565de4.mp3,src/data/primaryHub/grade3.json,g3v2_u2#vocab[2].chunks[0],chunks.en
elevenlabs|el:lily|0.85||a kind man,a kind man,el:lily,0.85,https://audio.bigmooneducation.com/8e/8e70b88e80ae31241cc7602da83df27bcfe465a44ad1036cb829e201ed0ef35d.mp3,https://degqpiiddkxcuzwombwp.supabase.co/storage/v1/object/public/tts-audio/8e/8e70b88e80ae31241cc7602da83df27bcfe465a44ad1036cb829e201ed0ef35d.mp3,src/data/primaryHub/grade3.json,g3v2_u2#vocab[2].chunks[1],chunks.en
elevenlabs|el:lily|0.85||that man,that man,el:lily,0.85,https://audio.bigmooneducation.com/a2/a27f8febc5eb308165481561368ff3560c489de521d6aedc5918ee2b95f4e345.mp3,https://degqpiiddkxcuzwombwp.supabase.co/storage/v1/object/public/tts-audio/a2/a27f8febc5eb308165481561368ff3560c489de521d6aedc5918ee2b95f4e345.mp3,src/data/primaryHub/grade3.json,g3v2_u2#vocab[2].chunks[2],chunks.en
elevenlabs|el:lily|0.85||a young woman,a young woman,el:lily,0.85,https://audio.bigmooneducation.com/75/7533a6b1bb16b92d890c60fb41a3113e75bc14bd39414af450e2b4c67537198f.mp3,https://degqpiiddkxcuzwombwp.supabase.co/storage/v1/object/public/tts-audio/75/7533a6b1bb16b92d890c60fb41a3113e75bc14bd39414af450e2b4c67537198f.mp3,src/data/primaryHub/grade3.json,g3v2_u2#vocab[3].chunks[0],chunks.en
elevenlabs|el:lily|0.85||a kind woman,a kind woman,el:lily,0.85,https://audio.bigmooneducation.com/3e/3eaaf020b8a627e7194c5b411255437a87d6f4b09f716ca2ffc60d453d3cd28f.mp3,https://degqpiiddkxcuzwombwp.supabase.co/storage/v1/object/public/tts-audio/3e/3eaaf020b8a627e7194c5b411255437a87d6f4b09f716ca2ffc60d453d3cd28f.mp3,src/data/primaryHub/grade3.json,g3v2_u2#vocab[3].chunks[1],chunks.en
elevenlabs|el:lily|0.85||that woman,that woman,el:lily,0.85,https://audio.bigmooneducation.com/0e/0e81aeff2ef18ebc50db406d0f59839ae6ec77541c2f0b157cc78d06d2b28609.mp3,https://degqpiiddkxcuzwombwp.supabase.co/storage/v1/object/public/tts-audio/0e/0e81aeff2ef18ebc50db406d0f59839ae6ec77541c2f0b157cc78d06d2b28609.mp3,src/data/primaryHub/grade3.json,g3v2_u2#vocab[3].chunks[2],chunks.en
elevenlabs|el:lily|0.85||my mother,my mother,el:lily,0.85,https://audio.bigmooneducation.com/19/19000b6cf091b4a4166400832211eb94ee89bd7ab0dd68fcf0dc5d04192b063e.mp3,https://degqpiiddkxcuzwombwp.supabase.co/storage/v1/object/public/tts-audio/19/19000b6cf091b4a4166400832211eb94ee89bd7ab0dd68fcf0dc5d04192b063e.mp3,src/data/primaryHub/grade3.json,g3v2_u2#vocab[4].chunks[0],chunks.en
elevenlabs|el:lily|0.85||a kind mother,a kind mother,el:lily,0.85,https://audio.bigmooneducation.com/60/6073d8cd99b417a3ed6a3a25546a24abfe0da5e888105108be536c0beb2da21a.mp3,https://degqpiiddkxcuzwombwp.supabase.co/storage/v1/object/public/tts-audio/60/6073d8cd99b417a3ed6a3a25546a24abfe0da5e888105108be536c0beb2da21a.mp3,src/data/primaryHub/grade3.json,g3v2_u2#vocab[4].chunks[1],chunks.en
elevenlabs|el:lily|0.85||my mother's bag,my mother's bag,el:lily,0.85,https://audio.bigmooneducation.com/0d/0d75bf18dc1643e04e0dec3206ca2d813f543e3cbcdd0d848ef0d8e9813385b4.mp3,https://degqpiiddkxcuzwombwp.supabase.co/storage/v1/object/public/tts-audio/0d/0d75bf18dc1643e04e0dec3206ca2d813f543e3cbcdd0d848ef0d8e9813385b4.mp3,src/data/primaryHub/grade3.json,g3v2_u2#vocab[4].chunks[2],chunks.en
elevenlabs|el:lily|0.85||my sister,my sister,el:lily,0.85,https://audio.bigmooneducation.com/90/904f739e4fdb43bd1ce6220f231994b01b1b97d2a30afbce8b9895bd673d8d69.mp3,https://degqpiiddkxcuzwombwp.supabase.co/storage/v1/object/public/tts-audio/90/904f739e4fdb43bd1ce6220f231994b01b1b97d2a30afbce8b9895bd673d8d69.mp3,src/data/primaryHub/grade3.json,g3v2_u2#vocab[5].chunks[0],chunks.en
elevenlabs|el:lily|0.85||a little sister,a little sister,el:lily,0.85,https://audio.bigmooneducation.com/fa/fa3508fbe2b0ab21bd20d6c3c06eba90c04467e3437ec3c7cd7b3e595758bd3b.mp3,https://degqpiiddkxcuzwombwp.supabase.co/storage/v1/object/public/tts-audio/fa/fa3508fbe2b0ab21bd20d6c3c06eba90c04467e3437ec3c7cd7b3e595758bd3b.mp3,src/data/primaryHub/grade3.json,g3v2_u2#vocab[5].chunks[1],chunks.en
elevenlabs|el:lily|0.85||my brother,my brother,el:lily,0.85,https://audio.bigmooneducation.com/c6/c6cbdd762687ee0e2eb003b43d7b4abd79983facff96f4dec00bd17d327af252.mp3,https://degqpiiddkxcuzwombwp.supabase.co/storage/v1/object/public/tts-audio/c6/c6cbdd762687ee0e2eb003b43d7b4abd79983facff96f4dec00bd17d327af252.mp3,src/data/primaryHub/grade3.json,g3v2_u2#vocab[6].chunks[0],chunks.en
elevenlabs|el:lily|0.85||a big brother,a big brother,el:lily,0.85,https://audio.bigmooneducation.com/41/415d1fe604fe428075b6a5b1c3e0f706146768869ddef19895a076596ccd70c3.mp3,https://degqpiiddkxcuzwombwp.supabase.co/storage/v1/object/public/tts-audio/41/415d1fe604fe428075b6a5b1c3e0f706146768869ddef19895a076596ccd70c3.mp3,src/data/primaryHub/grade3.json,g3v2_u2#vocab[6].chunks[1],chunks.en
elevenlabs|el:lily|0.85||my grandmother,my grandmother,el:lily,0.85,https://audio.bigmooneducation.com/cf/cf8fd458419cf52ff7e6dd9badcb21d951ddf88f28b92194f5387bdcafaf40db.mp3,https://degqpiiddkxcuzwombwp.supabase.co/storage/v1/object/public/tts-audio/cf/cf8fd458419cf52ff7e6dd9badcb21d951ddf88f28b92194f5387bdcafaf40db.mp3,src/data/primaryHub/grade3.json,g3v2_u2#vocab[7].chunks[0],chunks.en
elevenlabs|el:lily|0.85||a kind grandmother,a kind grandmother,el:lily,0.85,https://audio.bigmooneducation.com/c0/c07fd95847d88d7754b43cacf9fa019609ae66fcee7967efa1980f6e0e88a843.mp3,https://degqpiiddkxcuzwombwp.supabase.co/storage/v1/object/public/tts-audio/c0/c07fd95847d88d7754b43cacf9fa019609ae66fcee7967efa1980f6e0e88a843.mp3,src/data/primaryHub/grade3.json,g3v2_u2#vocab[7].chunks[1],chunks.en
elevenlabs|el:lily|0.7||Who's that man?,Who's that man?,el:lily,0.7,https://audio.bigmooneducation.com/80/801b87d5515f10144f214092c3d387858c1241a050f790d4156178cc203d91d3.mp3,https://degqpiiddkxcuzwombwp.supabase.co/storage/v1/object/public/tts-audio/80/801b87d5515f10144f214092c3d387858c1241a050f790d4156178cc203d91d3.mp3,src/data/primaryHub/grade3.json,g3v2_u2#listening[0],listeningQuestions.audio@0.7
elevenlabs|el:lily|0.7||He's my father.,He's my father.,el:lily,0.7,https://audio.bigmooneducation.com/94/94f9f29477855d4dec9cefe4afd95916b0d39d72600386c36bcda1a200bd50d6.mp3,https://degqpiiddkxcuzwombwp.supabase.co/storage/v1/object/public/tts-audio/94/94f9f29477855d4dec9cefe4afd95916b0d39d72600386c36bcda1a200bd50d6.mp3,src/data/primaryHub/grade3.json,g3v2_u2#listening[1],listeningQuestions.audio@0.7
elevenlabs|el:lily|0.7||Who's that woman?,Who's that woman?,el:lily,0.7,https://audio.bigmooneducation.com/35/35e2494d87ca7fa662bf12812f44e3259aaf2687683ef79a971f9de2eef809d2.mp3,https://degqpiiddkxcuzwombwp.supabase.co/storage/v1/object/public/tts-audio/35/35e2494d87ca7fa662bf12812f44e3259aaf2687683ef79a971f9de2eef809d2.mp3,src/data/primaryHub/grade3.json,g3v2_u2#listening[2],listeningQuestions.audio@0.7
elevenlabs|el:lily|0.7||She's my mother.,She's my mother.,el:lily,0.7,https://audio.bigmooneducation.com/2f/2f93a41ad7a98eb297184105626b87c329a5a5c746243aac453c82f53bd224f8.mp3,https://degqpiiddkxcuzwombwp.supabase.co/storage/v1/object/public/tts-audio/2f/2f93a41ad7a98eb297184105626b87c329a5a5c746243aac453c82f53bd224f8.mp3,src/data/primaryHub/grade3.json,g3v2_u2#listening[3],listeningQuestions.audio@0.7
elevenlabs|el:lily|0.85||a thin cat,a thin cat,el:lily,0.85,https://audio.bigmooneducation.com/0f/0fcddd6520357145312094170faaab29d5f47afc851e6decba3feafdbdab65d2.mp3,https://degqpiiddkxcuzwombwp.supabase.co/storage/v1/object/public/tts-audio/0f/0fcddd6520357145312094170faaab29d5f47afc851e6decba3feafdbdab65d2.mp3,src/data/primaryHub/grade3.json,g3v2_u3#vocab[0].chunks[0],chunks.en
elevenlabs|el:lily|0.85||thin and tall,thin and tall,el:lily,0.85,https://audio.bigmooneducation.com/d6/d68d42705f9e46770988ea5c3007416eb51583e9f9db2b30c05397eaf17e801a.mp3,https://degqpiiddkxcuzwombwp.supabase.co/storage/v1/object/public/tts-audio/d6/d68d42705f9e46770988ea5c3007416eb51583e9f9db2b30c05397eaf17e801a.mp3,src/data/primaryHub/grade3.json,g3v2_u3#vocab[0].chunks[1],chunks.en
elevenlabs|el:lily|0.85||a fat cat,a fat cat,el:lily,0.85,https://audio.bigmooneducation.com/1c/1c66d68e605bfd5ba8077dccfd11bab6ad6dbab063689fac75adfad111bb7e23.mp3,https://degqpiiddkxcuzwombwp.supabase.co/storage/v1/object/public/tts-audio/1c/1c66d68e605bfd5ba8077dccfd11bab6ad6dbab063689fac75adfad111bb7e23.mp3,src/data/primaryHub/grade3.json,g3v2_u3#vocab[1].chunks[1],chunks.en
elevenlabs|el:lily|0.85||so tall,so tall,el:lily,0.85,https://audio.bigmooneducation.com/a9/a9bcb713f3ebdc8ec522925e0944814669b906e925bcdd4a53a561318ec129bd.mp3,https://degqpiiddkxcuzwombwp.supabase.co/storage/v1/object/public/tts-audio/a9/a9bcb713f3ebdc8ec522925e0944814669b906e925bcdd4a53a561318ec129bd.mp3,src/data/primaryHub/grade3.json,g3v2_u3#vocab[2].chunks[1],chunks.en
elevenlabs|el:lily|0.85||a tall boy,a tall boy,el:lily,0.85,https://audio.bigmooneducation.com/23/237302de470d4c367b5c3ed03bb7d904a2db0d50094552deb203f7ca1f8db19e.mp3,https://degqpiiddkxcuzwombwp.supabase.co/storage/v1/object/public/tts-audio/23/237302de470d4c367b5c3ed03bb7d904a2db0d50094552deb203f7ca1f8db19e.mp3,src/data/primaryHub/grade3.json,g3v2_u3#vocab[2].chunks[2],chunks.en
elevenlabs|el:lily|0.85||a short pencil,a short pencil,el:lily,0.85,https://audio.bigmooneducation.com/6c/6ca4c231612ef6b2d15b9c2f0ecdd2f36168c86af805a9de027ca1a51096d110.mp3,https://degqpiiddkxcuzwombwp.supabase.co/storage/v1/object/public/tts-audio/6c/6ca4c231612ef6b2d15b9c2f0ecdd2f36168c86af805a9de027ca1a51096d110.mp3,src/data/primaryHub/grade3.json,g3v2_u3#vocab[3].chunks[0],chunks.en
elevenlabs|el:lily|0.85||short hair,short hair,el:lily,0.85,https://audio.bigmooneducation.com/3b/3bee9b9750d0c687ac791f83163664689120753ed5dc99234694741ce80b574d.mp3,https://degqpiiddkxcuzwombwp.supabase.co/storage/v1/object/public/tts-audio/3b/3bee9b9750d0c687ac791f83163664689120753ed5dc99234694741ce80b574d.mp3,src/data/primaryHub/grade3.json,g3v2_u3#vocab[3].chunks[1],chunks.en
elevenlabs|el:lily|0.85||long hair,long hair,el:lily,0.85,https://audio.bigmooneducation.com/c5/c5b36cfca2ad8f5f774e2e51d4ab5a71068c12e5eca9e9befab4a9a19c007872.mp3,https://degqpiiddkxcuzwombwp.supabase.co/storage/v1/object/public/tts-audio/c5/c5b36cfca2ad8f5f774e2e51d4ab5a71068c12e5eca9e9befab4a9a19c007872.mp3,src/data/primaryHub/grade3.json,g3v2_u3#vocab[4].chunks[1],chunks.en
elevenlabs|el:lily|0.85||a small dog,a small dog,el:lily,0.85,https://audio.bigmooneducation.com/08/087ac813ba45a170133d477428e37cbc2109a8dd1280e647cf4d6e327798929d.mp3,https://degqpiiddkxcuzwombwp.supabase.co/storage/v1/object/public/tts-audio/08/087ac813ba45a170133d477428e37cbc2109a8dd1280e647cf4d6e327798929d.mp3,src/data/primaryHub/grade3.json,g3v2_u3#vocab[5].chunks[0],chunks.en
elevenlabs|el:lily|0.85||a small box,a small box,el:lily,0.85,https://audio.bigmooneducation.com/99/991c260ce2ba527a9bc739a0ffb248024d2c3066ead90f874cb1c60f25ef4fb7.mp3,https://degqpiiddkxcuzwombwp.supabase.co/storage/v1/object/public/tts-audio/99/991c260ce2ba527a9bc739a0ffb248024d2c3066ead90f874cb1c60f25ef4fb7.mp3,src/data/primaryHub/grade3.json,g3v2_u3#vocab[5].chunks[1],chunks.en
elevenlabs|el:lily|0.85||a big box,a big box,el:lily,0.85,https://audio.bigmooneducation.com/0f/0f584c079f20d744a7a0d6a6987dfcde0e3b3334128d3a39ced51aa5d93e200a.mp3,https://degqpiiddkxcuzwombwp.supabase.co/storage/v1/object/public/tts-audio/0f/0f584c079f20d744a7a0d6a6987dfcde0e3b3334128d3a39ced51aa5d93e200a.mp3,src/data/primaryHub/grade3.json,g3v2_u3#vocab[6].chunks[1],chunks.en
elevenlabs|el:lily|0.85||so big,so big,el:lily,0.85,https://audio.bigmooneducation.com/66/66c42d3b91840f7ba50ef47d08b12a10d6a1713fffd67c4618fb8bc72b77a51d.mp3,https://degqpiiddkxcuzwombwp.supabase.co/storage/v1/object/public/tts-audio/66/66c42d3b91840f7ba50ef47d08b12a10d6a1713fffd67c4618fb8bc72b77a51d.mp3,src/data/primaryHub/grade3.json,g3v2_u3#vocab[6].chunks[2],chunks.en
elevenlabs|el:lily|0.85||a tall giraffe,a tall giraffe,el:lily,0.85,https://audio.bigmooneducation.com/44/44884fad151c07eaff0dfa4bc3b0d7bbe38d8f9f8b2b1e4dd9c98d35dd6a5d6b.mp3,https://degqpiiddkxcuzwombwp.supabase.co/storage/v1/object/public/tts-audio/44/44884fad151c07eaff0dfa4bc3b0d7bbe38d8f9f8b2b1e4dd9c98d35dd6a5d6b.mp3,src/data/primaryHub/grade3.json,g3v2_u3#vocab[7].chunks[0],chunks.en
elevenlabs|el:lily|0.85||look at the giraffe,look at the giraffe,el:lily,0.85,https://audio.bigmooneducation.com/fe/fe59fd16809ed30ddcb870f5d00285a9ce4aa1cb90e45bd8544f1e2792cdc50b.mp3,https://degqpiiddkxcuzwombwp.supabase.co/storage/v1/object/public/tts-audio/fe/fe59fd16809ed30ddcb870f5d00285a9ce4aa1cb90e45bd8544f1e2792cdc50b.mp3,src/data/primaryHub/grade3.json,g3v2_u3#vocab[7].chunks[1],chunks.en
elevenlabs|el:lily|0.7||Look at the giraffe.,Look at the giraffe.,el:lily,0.7,https://audio.bigmooneducation.com/57/57dc033f8667623db8f506e9dd59ed3033e8bb42dfee62e99ef7cba8dc69539a.mp3,https://degqpiiddkxcuzwombwp.supabase.co/storage/v1/object/public/tts-audio/57/57dc033f8667623db8f506e9dd59ed3033e8bb42dfee62e99ef7cba8dc69539a.mp3,src/data/primaryHub/grade3.json,g3v2_u3#listening[0],listeningQuestions.audio@0.7
elevenlabs|el:lily|0.7||It's so tall!,It's so tall!,el:lily,0.7,https://audio.bigmooneducation.com/79/79e775d6dfdc82dd364d941872b3f97a0b76be8a77c5b05a6dc953242ced40f9.mp3,https://degqpiiddkxcuzwombwp.supabase.co/storage/v1/object/public/tts-audio/79/79e775d6dfdc82dd364d941872b3f97a0b76be8a77c5b05a6dc953242ced40f9.mp3,src/data/primaryHub/grade3.json,g3v2_u3#listening[1],listeningQuestions.audio@0.7
elevenlabs|el:lily|0.7||Look at the monkey.,Look at the monkey.,el:lily,0.7,https://audio.bigmooneducation.com/e8/e817e9e1917d450c797a46ccd32fca100388528310d524342bf3551184ea1720.mp3,https://degqpiiddkxcuzwombwp.supabase.co/storage/v1/object/public/tts-audio/e8/e817e9e1917d450c797a46ccd32fca100388528310d524342bf3551184ea1720.mp3,src/data/primaryHub/grade3.json,g3v2_u3#listening[2],listeningQuestions.audio@0.7
elevenlabs|el:lily|0.7||It's so funny!,It's so funny!,el:lily,0.7,https://audio.bigmooneducation.com/e7/e7cfeee447c246efb4abbec79de3c8e4965e47d2de266c0064af4e34e256a960.mp3,https://degqpiiddkxcuzwombwp.supabase.co/storage/v1/object/public/tts-audio/e7/e7cfeee447c246efb4abbec79de3c8e4965e47d2de266c0064af4e34e256a960.mp3,src/data/primaryHub/grade3.json,g3v2_u3#listening[3],listeningQuestions.audio@0.7
elevenlabs|el:lily|0.85||on the desk,on the desk,el:lily,0.85,https://audio.bigmooneducation.com/e5/e5eb50db4543685a7a1e6e818b6d4928604779fec5144962a468271a449e645f.mp3,https://degqpiiddkxcuzwombwp.supabase.co/storage/v1/object/public/tts-audio/e5/e5eb50db4543685a7a1e6e818b6d4928604779fec5144962a468271a449e645f.mp3,src/data/primaryHub/grade3.json,g3v2_u4#vocab[0].chunks[0],chunks.en
elevenlabs|el:lily|0.85||on the chair,on the chair,el:lily,0.85,https://audio.bigmooneducation.com/59/59a4a58cf6cdbe64c5077989c0b51bb2c5d8599819ef7d885590fa3a6ea7b0d6.mp3,https://degqpiiddkxcuzwombwp.supabase.co/storage/v1/object/public/tts-audio/59/59a4a58cf6cdbe64c5077989c0b51bb2c5d8599819ef7d885590fa3a6ea7b0d6.mp3,src/data/primaryHub/grade3.json,g3v2_u4#vocab[0].chunks[1],chunks.en
elevenlabs|el:lily|0.85||in the desk,in the desk,el:lily,0.85,https://audio.bigmooneducation.com/9d/9da8d44f8ecc7f2d7281d251fff637e62555b8b380e357e6d52535386e7a5080.mp3,https://degqpiiddkxcuzwombwp.supabase.co/storage/v1/object/public/tts-audio/9d/9da8d44f8ecc7f2d7281d251fff637e62555b8b380e357e6d52535386e7a5080.mp3,src/data/primaryHub/grade3.json,g3v2_u4#vocab[1].chunks[0],chunks.en
elevenlabs|el:lily|0.85||in the box,in the box,el:lily,0.85,https://audio.bigmooneducation.com/b2/b25f3196b82bd02df1733a51c73c29c0f5de0c0b8c3aee27550f3a8ae67e1222.mp3,https://degqpiiddkxcuzwombwp.supabase.co/storage/v1/object/public/tts-audio/b2/b25f3196b82bd02df1733a51c73c29c0f5de0c0b8c3aee27550f3a8ae67e1222.mp3,src/data/primaryHub/grade3.json,g3v2_u4#vocab[1].chunks[1],chunks.en
elevenlabs|el:lily|0.85||under the chair,under the chair,el:lily,0.85,https://audio.bigmooneducation.com/a0/a0290a5d49533fbcc6b67f89436cd838dbc4291e1dc640843ca2a568c3996cc6.mp3,https://degqpiiddkxcuzwombwp.supabase.co/storage/v1/object/public/tts-audio/a0/a0290a5d49533fbcc6b67f89436cd838dbc4291e1dc640843ca2a568c3996cc6.mp3,src/data/primaryHub/grade3.json,g3v2_u4#vocab[2].chunks[0],chunks.en
elevenlabs|el:lily|0.85||under the desk,under the desk,el:lily,0.85,https://audio.bigmooneducation.com/04/047752e47dc264ad2e49e667967fb805f97aeb5cb77140af7f677f573b70f91b.mp3,https://degqpiiddkxcuzwombwp.supabase.co/storage/v1/object/public/tts-audio/04/047752e47dc264ad2e49e667967fb805f97aeb5cb77140af7f677f573b70f91b.mp3,src/data/primaryHub/grade3.json,g3v2_u4#vocab[2].chunks[1],chunks.en
elevenlabs|el:lily|0.85||a small chair,a small chair,el:lily,0.85,https://audio.bigmooneducation.com/9b/9bf04ebd7b96897b2b16afcbe3e9ef223f2203e434236406078c243d002e2cdf.mp3,https://degqpiiddkxcuzwombwp.supabase.co/storage/v1/object/public/tts-audio/9b/9bf04ebd7b96897b2b16afcbe3e9ef223f2203e434236406078c243d002e2cdf.mp3,src/data/primaryHub/grade3.json,g3v2_u4#vocab[3].chunks[0],chunks.en
elevenlabs|el:lily|0.85||sit on the chair,sit on the chair,el:lily,0.85,https://audio.bigmooneducation.com/d6/d6efbbf518d3861c000715a3bdacd28275c172b3122c878ea16d8d97d127853a.mp3,https://degqpiiddkxcuzwombwp.supabase.co/storage/v1/object/public/tts-audio/d6/d6efbbf518d3861c000715a3bdacd28275c172b3122c878ea16d8d97d127853a.mp3,src/data/primaryHub/grade3.json,g3v2_u4#vocab[3].chunks[1],chunks.en
elevenlabs|el:lily|0.85||a new desk,a new desk,el:lily,0.85,https://audio.bigmooneducation.com/45/45f3d1ce3fa83c99aaca387997eef32cb983839428203f594a3d19d3438f69b1.mp3,https://degqpiiddkxcuzwombwp.supabase.co/storage/v1/object/public/tts-audio/45/45f3d1ce3fa83c99aaca387997eef32cb983839428203f594a3d19d3438f69b1.mp3,src/data/primaryHub/grade3.json,g3v2_u4#vocab[4].chunks[1],chunks.en
elevenlabs|el:lily|0.85||a red cap,a red cap,el:lily,0.85,https://audio.bigmooneducation.com/35/357111180b0ec228b198720569d4b8180a87f8329c5de1735da68037bb766ba9.mp3,https://degqpiiddkxcuzwombwp.supabase.co/storage/v1/object/public/tts-audio/35/357111180b0ec228b198720569d4b8180a87f8329c5de1735da68037bb766ba9.mp3,src/data/primaryHub/grade3.json,g3v2_u4#vocab[5].chunks[0],chunks.en
elevenlabs|el:lily|0.85||a new cap,a new cap,el:lily,0.85,https://audio.bigmooneducation.com/7e/7eab55df41d93326599d1b0aed92ec84d71fe4d0ca3c1e01148a1952ccfd42a7.mp3,https://degqpiiddkxcuzwombwp.supabase.co/storage/v1/object/public/tts-audio/7e/7eab55df41d93326599d1b0aed92ec84d71fe4d0ca3c1e01148a1952ccfd42a7.mp3,src/data/primaryHub/grade3.json,g3v2_u4#vocab[5].chunks[1],chunks.en
elevenlabs|el:lily|0.85||a big ball,a big ball,el:lily,0.85,https://audio.bigmooneducation.com/74/742b1f0fedadfa1378bcdae3afc116a8661c6cb8661c61dfb84e6a7c4609a36f.mp3,https://degqpiiddkxcuzwombwp.supabase.co/storage/v1/object/public/tts-audio/74/742b1f0fedadfa1378bcdae3afc116a8661c6cb8661c61dfb84e6a7c4609a36f.mp3,src/data/primaryHub/grade3.json,g3v2_u4#vocab[6].chunks[0],chunks.en
elevenlabs|el:lily|0.85||play with a ball,play with a ball,el:lily,0.85,https://audio.bigmooneducation.com/24/249e1bd7c0f60b93facb877ecef42b00f74864d779745e5f0d70792c014e32dd.mp3,https://degqpiiddkxcuzwombwp.supabase.co/storage/v1/object/public/tts-audio/24/249e1bd7c0f60b93facb877ecef42b00f74864d779745e5f0d70792c014e32dd.mp3,src/data/primaryHub/grade3.json,g3v2_u4#vocab[6].chunks[1],chunks.en
elevenlabs|el:lily|0.85||my car,my car,el:lily,0.85,https://audio.bigmooneducation.com/03/03ae188098d43014da0c499b6e485f3d51ada5b9d40b12b55a5ae36166febe91.mp3,https://degqpiiddkxcuzwombwp.supabase.co/storage/v1/object/public/tts-audio/03/03ae188098d43014da0c499b6e485f3d51ada5b9d40b12b55a5ae36166febe91.mp3,src/data/primaryHub/grade3.json,g3v2_u4#vocab[7].chunks[0],chunks.en
elevenlabs|el:lily|0.85||a red car,a red car,el:lily,0.85,https://audio.bigmooneducation.com/bb/bb622b9d88b8f5f748225dd29be3812f5e6621854eae305d10e01ca4034c67ae.mp3,https://degqpiiddkxcuzwombwp.supabase.co/storage/v1/object/public/tts-audio/bb/bb622b9d88b8f5f748225dd29be3812f5e6621854eae305d10e01ca4034c67ae.mp3,src/data/primaryHub/grade3.json,g3v2_u4#vocab[7].chunks[1],chunks.en
elevenlabs|el:lily|0.85||a toy car,a toy car,el:lily,0.85,https://audio.bigmooneducation.com/b5/b5d941329d7c3ca7a5c22c0ac068b9da043273442f10e5a7f6bb259b82756dd4.mp3,https://degqpiiddkxcuzwombwp.supabase.co/storage/v1/object/public/tts-audio/b5/b5d941329d7c3ca7a5c22c0ac068b9da043273442f10e5a7f6bb259b82756dd4.mp3,src/data/primaryHub/grade3.json,g3v2_u4#vocab[7].chunks[2],chunks.en
elevenlabs|el:lily|0.7||Where is my pencil box?,Where is my pencil box?,el:lily,0.7,https://audio.bigmooneducation.com/d6/d660245443bc54061a1e8c55d59ca4457597c7efcfe9d58bd99c8901a9814aef.mp3,https://degqpiiddkxcuzwombwp.supabase.co/storage/v1/object/public/tts-audio/d6/d660245443bc54061a1e8c55d59ca4457597c7efcfe9d58bd99c8901a9814aef.mp3,src/data/primaryHub/grade3.json,g3v2_u4#listening[0],listeningQuestions.audio@0.7
elevenlabs|el:lily|0.7||It's on the desk.,It's on the desk.,el:lily,0.7,https://audio.bigmooneducation.com/ae/ae9b75dcda29a766b0ecf39a96acf55ff62f40123f7543bebb24fb6dd58ed587.mp3,https://degqpiiddkxcuzwombwp.supabase.co/storage/v1/object/public/tts-audio/ae/ae9b75dcda29a766b0ecf39a96acf55ff62f40123f7543bebb24fb6dd58ed587.mp3,src/data/primaryHub/grade3.json,g3v2_u4#listening[1],listeningQuestions.audio@0.7
elevenlabs|el:lily|0.7||Where is my map?,Where is my map?,el:lily,0.7,https://audio.bigmooneducation.com/c1/c1b04cf46b62a2543e1dc4dd0f23eb19aac9deaa99b6844d1d0cc95b04fd5df1.mp3,https://degqpiiddkxcuzwombwp.supabase.co/storage/v1/object/public/tts-audio/c1/c1b04cf46b62a2543e1dc4dd0f23eb19aac9deaa99b6844d1d0cc95b04fd5df1.mp3,src/data/primaryHub/grade3.json,g3v2_u4#listening[2],listeningQuestions.audio@0.7
elevenlabs|el:lily|0.7||It's in the desk.,It's in the desk.,el:lily,0.7,https://audio.bigmooneducation.com/30/30e31833dbdaa15dfaaea4313cbea57f2bb36a7b092ad602ac5ea766752ef486.mp3,https://degqpiiddkxcuzwombwp.supabase.co/storage/v1/object/public/tts-audio/30/30e31833dbdaa15dfaaea4313cbea57f2bb36a7b092ad602ac5ea766752ef486.mp3,src/data/primaryHub/grade3.json,g3v2_u4#listening[3],listeningQuestions.audio@0.7
elevenlabs|el:lily|0.85||a sweet pear,a sweet pear,el:lily,0.85,https://audio.bigmooneducation.com/a3/a3013dcd58bffebfe03ea5bd01b82320603a6aaf0f681ffbd65aba951de80563.mp3,https://degqpiiddkxcuzwombwp.supabase.co/storage/v1/object/public/tts-audio/a3/a3013dcd58bffebfe03ea5bd01b82320603a6aaf0f681ffbd65aba951de80563.mp3,src/data/primaryHub/grade3.json,g3v2_u5#vocab[0].chunks[0],chunks.en
elevenlabs|el:lily|0.85||eat a pear,eat a pear,el:lily,0.85,https://audio.bigmooneducation.com/32/327fcfa1a5c11380e3032413435ee54943aae1a631ba0f0d556d0b43c9c72597.mp3,https://degqpiiddkxcuzwombwp.supabase.co/storage/v1/object/public/tts-audio/32/327fcfa1a5c11380e3032413435ee54943aae1a631ba0f0d556d0b43c9c72597.mp3,src/data/primaryHub/grade3.json,g3v2_u5#vocab[0].chunks[1],chunks.en
elevenlabs|el:lily|0.85||eat an apple,eat an apple,el:lily,0.85,https://audio.bigmooneducation.com/9d/9dcb95ba9422f41e5ae185519da149e06b8e6c4344b80e5430ac6ae8df69bd9d.mp3,https://degqpiiddkxcuzwombwp.supabase.co/storage/v1/object/public/tts-audio/9d/9dcb95ba9422f41e5ae185519da149e06b8e6c4344b80e5430ac6ae8df69bd9d.mp3,src/data/primaryHub/grade3.json,g3v2_u5#vocab[1].chunks[1],chunks.en
elevenlabs|el:lily|0.85||eat a banana,eat a banana,el:lily,0.85,https://audio.bigmooneducation.com/d1/d193c3902bcfa2d8b7639bd129d64d69ffa1eff60fb9e3e283e33edc1be6da2e.mp3,https://degqpiiddkxcuzwombwp.supabase.co/storage/v1/object/public/tts-audio/d1/d193c3902bcfa2d8b7639bd129d64d69ffa1eff60fb9e3e283e33edc1be6da2e.mp3,src/data/primaryHub/grade3.json,g3v2_u5#vocab[3].chunks[1],chunks.en
elevenlabs|el:lily|0.85||a big watermelon,a big watermelon,el:lily,0.85,https://audio.bigmooneducation.com/a9/a9c80f6a03594f40b72b3939d8769483c2adaf90e72d4064755b9634bcf7499c.mp3,https://degqpiiddkxcuzwombwp.supabase.co/storage/v1/object/public/tts-audio/a9/a9c80f6a03594f40b72b3939d8769483c2adaf90e72d4064755b9634bcf7499c.mp3,src/data/primaryHub/grade3.json,g3v2_u5#vocab[4].chunks[0],chunks.en
elevenlabs|el:lily|0.85||eat watermelon,eat watermelon,el:lily,0.85,https://audio.bigmooneducation.com/e2/e28b77ffbc25939b818802e00e802702e56524232adc52185a505faf77f82872.mp3,https://degqpiiddkxcuzwombwp.supabase.co/storage/v1/object/public/tts-audio/e2/e28b77ffbc25939b818802e00e802702e56524232adc52185a505faf77f82872.mp3,src/data/primaryHub/grade3.json,g3v2_u5#vocab[4].chunks[1],chunks.en
elevenlabs|el:lily|0.85||a red strawberry,a red strawberry,el:lily,0.85,https://audio.bigmooneducation.com/ac/ac3cce8ca30c77c0ce33ec4bc9779b8bc3cf89e677f97062993facb89cb27b66.mp3,https://degqpiiddkxcuzwombwp.supabase.co/storage/v1/object/public/tts-audio/ac/ac3cce8ca30c77c0ce33ec4bc9779b8bc3cf89e677f97062993facb89cb27b66.mp3,src/data/primaryHub/grade3.json,g3v2_u5#vocab[5].chunks[0],chunks.en
elevenlabs|el:lily|0.85||a sweet strawberry,a sweet strawberry,el:lily,0.85,https://audio.bigmooneducation.com/fc/fc2187fa6a389c4eed1951f41dee22bb1136a73609a70ce21cc25ec3ab07c702.mp3,https://degqpiiddkxcuzwombwp.supabase.co/storage/v1/object/public/tts-audio/fc/fc2187fa6a389c4eed1951f41dee22bb1136a73609a70ce21cc25ec3ab07c702.mp3,src/data/primaryHub/grade3.json,g3v2_u5#vocab[5].chunks[1],chunks.en
elevenlabs|el:lily|0.85||a green grape,a green grape,el:lily,0.85,https://audio.bigmooneducation.com/d6/d6d781196432ad828bf09a7a73974fd53aff98fc39a48a5b71004debf25d588a.mp3,https://degqpiiddkxcuzwombwp.supabase.co/storage/v1/object/public/tts-audio/d6/d6d781196432ad828bf09a7a73974fd53aff98fc39a48a5b71004debf25d588a.mp3,src/data/primaryHub/grade3.json,g3v2_u5#vocab[6].chunks[0],chunks.en
elevenlabs|el:lily|0.85||eat grapes,eat grapes,el:lily,0.85,https://audio.bigmooneducation.com/06/06a3a3a864d5bfc1d31de62818d7bfb3b1e313b3beb49ba1dcf00b3005549820.mp3,https://degqpiiddkxcuzwombwp.supabase.co/storage/v1/object/public/tts-audio/06/06a3a3a864d5bfc1d31de62818d7bfb3b1e313b3beb49ba1dcf00b3005549820.mp3,src/data/primaryHub/grade3.json,g3v2_u5#vocab[6].chunks[1],chunks.en
elevenlabs|el:lily|0.85||buy some fruit,buy some fruit,el:lily,0.85,https://audio.bigmooneducation.com/8b/8b0f252e3eee5f21fc5d3c62eb521bb6d5a0349a9a14eca60038ab133a38eb14.mp3,https://degqpiiddkxcuzwombwp.supabase.co/storage/v1/object/public/tts-audio/8b/8b0f252e3eee5f21fc5d3c62eb521bb6d5a0349a9a14eca60038ab133a38eb14.mp3,src/data/primaryHub/grade3.json,g3v2_u5#vocab[7].chunks[0],chunks.en
elevenlabs|el:lily|0.85||buy an apple,buy an apple,el:lily,0.85,https://audio.bigmooneducation.com/80/80ef4e4eeb3f7547a4bee2111ca02c19b553a66c9668a23184617ecb742bc8db.mp3,https://degqpiiddkxcuzwombwp.supabase.co/storage/v1/object/public/tts-audio/80/80ef4e4eeb3f7547a4bee2111ca02c19b553a66c9668a23184617ecb742bc8db.mp3,src/data/primaryHub/grade3.json,g3v2_u5#vocab[7].chunks[1],chunks.en
elevenlabs|el:lily|0.85||eleven kites,eleven kites,el:lily,0.85,https://audio.bigmooneducation.com/47/4753df025f2be4715773316de09620796cf4d3b789cc9325192c40160028409c.mp3,https://degqpiiddkxcuzwombwp.supabase.co/storage/v1/object/public/tts-audio/47/4753df025f2be4715773316de09620796cf4d3b789cc9325192c40160028409c.mp3,src/data/primaryHub/grade3.json,g3v2_u6#vocab[0].chunks[0],chunks.en
elevenlabs|el:lily|0.85||number eleven,number eleven,el:lily,0.85,https://audio.bigmooneducation.com/0b/0bdc062f14d6da2306ba3be0f2ac1f86e0bcb6f1bdbc1486117fb00bbb5cc823.mp3,https://degqpiiddkxcuzwombwp.supabase.co/storage/v1/object/public/tts-audio/0b/0bdc062f14d6da2306ba3be0f2ac1f86e0bcb6f1bdbc1486117fb00bbb5cc823.mp3,src/data/primaryHub/grade3.json,g3v2_u6#vocab[0].chunks[1],chunks.en
elevenlabs|el:lily|0.85||twelve books,twelve books,el:lily,0.85,https://audio.bigmooneducation.com/fa/fa7025058e3f1c4783bbca8788e59b1f6bff373c4ce679d343f713f01e33d7cc.mp3,https://degqpiiddkxcuzwombwp.supabase.co/storage/v1/object/public/tts-audio/fa/fa7025058e3f1c4783bbca8788e59b1f6bff373c4ce679d343f713f01e33d7cc.mp3,src/data/primaryHub/grade3.json,g3v2_u6#vocab[1].chunks[0],chunks.en
elevenlabs|el:lily|0.85||number twelve,number twelve,el:lily,0.85,https://audio.bigmooneducation.com/13/13801e9881fab26f52a0427a432570f7f519f43b76cbd6b1f30dfd2292aa7619.mp3,https://degqpiiddkxcuzwombwp.supabase.co/storage/v1/object/public/tts-audio/13/13801e9881fab26f52a0427a432570f7f519f43b76cbd6b1f30dfd2292aa7619.mp3,src/data/primaryHub/grade3.json,g3v2_u6#vocab[1].chunks[1],chunks.en
elevenlabs|el:lily|0.85||thirteen pens,thirteen pens,el:lily,0.85,https://audio.bigmooneducation.com/10/10d303a09237a3fad93eaa33e07c9caba02aaaffe1ae6ab5398abc74ccd3a614.mp3,https://degqpiiddkxcuzwombwp.supabase.co/storage/v1/object/public/tts-audio/10/10d303a09237a3fad93eaa33e07c9caba02aaaffe1ae6ab5398abc74ccd3a614.mp3,src/data/primaryHub/grade3.json,g3v2_u6#vocab[2].chunks[0],chunks.en
elevenlabs|el:lily|0.85||number thirteen,number thirteen,el:lily,0.85,https://audio.bigmooneducation.com/4c/4c7ed9190e95b4fa3e2559485696e9e6cd86dc4520d4f9610f09e826aed6fab3.mp3,https://degqpiiddkxcuzwombwp.supabase.co/storage/v1/object/public/tts-audio/4c/4c7ed9190e95b4fa3e2559485696e9e6cd86dc4520d4f9610f09e826aed6fab3.mp3,src/data/primaryHub/grade3.json,g3v2_u6#vocab[2].chunks[1],chunks.en
elevenlabs|el:lily|0.85||fourteen dogs,fourteen dogs,el:lily,0.85,https://audio.bigmooneducation.com/94/94333ad3b436433f1642eb437354c97e37bbcefb575051c36d9eb81b9b8837a0.mp3,https://degqpiiddkxcuzwombwp.supabase.co/storage/v1/object/public/tts-audio/94/94333ad3b436433f1642eb437354c97e37bbcefb575051c36d9eb81b9b8837a0.mp3,src/data/primaryHub/grade3.json,g3v2_u6#vocab[3].chunks[0],chunks.en
elevenlabs|el:lily|0.85||number fourteen,number fourteen,el:lily,0.85,https://audio.bigmooneducation.com/d5/d50079878286ae6824685789f64c204f6bb42a9904baea1d0ec93e56269d1d1b.mp3,https://degqpiiddkxcuzwombwp.supabase.co/storage/v1/object/public/tts-audio/d5/d50079878286ae6824685789f64c204f6bb42a9904baea1d0ec93e56269d1d1b.mp3,src/data/primaryHub/grade3.json,g3v2_u6#vocab[3].chunks[1],chunks.en
elevenlabs|el:lily|0.85||fifteen apples,fifteen apples,el:lily,0.85,https://audio.bigmooneducation.com/4f/4f22924413cd18552d4c357a52214b3a0952ff11ec3238b7d1df17e1456cb3f1.mp3,https://degqpiiddkxcuzwombwp.supabase.co/storage/v1/object/public/tts-audio/4f/4f22924413cd18552d4c357a52214b3a0952ff11ec3238b7d1df17e1456cb3f1.mp3,src/data/primaryHub/grade3.json,g3v2_u6#vocab[4].chunks[0],chunks.en
elevenlabs|el:lily|0.85||number fifteen,number fifteen,el:lily,0.85,https://audio.bigmooneducation.com/dd/dd03a6f6063a845b0b3ee2b230aae317d9b803db0ce00d34a65f858b1054db28.mp3,https://degqpiiddkxcuzwombwp.supabase.co/storage/v1/object/public/tts-audio/dd/dd03a6f6063a845b0b3ee2b230aae317d9b803db0ce00d34a65f858b1054db28.mp3,src/data/primaryHub/grade3.json,g3v2_u6#vocab[4].chunks[1],chunks.en
elevenlabs|el:lily|0.85||sixteen crayons,sixteen crayons,el:lily,0.85,https://audio.bigmooneducation.com/fe/fed7c4cce7e6e99d368211135c38cca56ab53c8750348aa93781b306aa300962.mp3,https://degqpiiddkxcuzwombwp.supabase.co/storage/v1/object/public/tts-audio/fe/fed7c4cce7e6e99d368211135c38cca56ab53c8750348aa93781b306aa300962.mp3,src/data/primaryHub/grade3.json,g3v2_u6#vocab[5].chunks[0],chunks.en
elevenlabs|el:lily|0.85||number sixteen,number sixteen,el:lily,0.85,https://audio.bigmooneducation.com/74/740963854a1f64807ebcc0c8859a28fac5b891bd796798ba7a044f64e87b8a8f.mp3,https://degqpiiddkxcuzwombwp.supabase.co/storage/v1/object/public/tts-audio/74/740963854a1f64807ebcc0c8859a28fac5b891bd796798ba7a044f64e87b8a8f.mp3,src/data/primaryHub/grade3.json,g3v2_u6#vocab[5].chunks[1],chunks.en
elevenlabs|el:lily|0.85||seventeen cars,seventeen cars,el:lily,0.85,https://audio.bigmooneducation.com/f3/f38a0fb282481da5c7a76b78d06cd5cf232cd597beb4e1643fca8345e705d90f.mp3,https://degqpiiddkxcuzwombwp.supabase.co/storage/v1/object/public/tts-audio/f3/f38a0fb282481da5c7a76b78d06cd5cf232cd597beb4e1643fca8345e705d90f.mp3,src/data/primaryHub/grade3.json,g3v2_u6#vocab[6].chunks[0],chunks.en
elevenlabs|el:lily|0.85||number seventeen,number seventeen,el:lily,0.85,https://audio.bigmooneducation.com/de/de23abccc66b185b8e20ecf1f59640caf81dc475b4eb021f57543c4d7e84b0b5.mp3,https://degqpiiddkxcuzwombwp.supabase.co/storage/v1/object/public/tts-audio/de/de23abccc66b185b8e20ecf1f59640caf81dc475b4eb021f57543c4d7e84b0b5.mp3,src/data/primaryHub/grade3.json,g3v2_u6#vocab[6].chunks[1],chunks.en
elevenlabs|el:lily|0.85||eighteen balls,eighteen balls,el:lily,0.85,https://audio.bigmooneducation.com/1d/1de329c65421bc348583950d7c7e05645b719260e5ac014f32cedfb72398afa7.mp3,https://degqpiiddkxcuzwombwp.supabase.co/storage/v1/object/public/tts-audio/1d/1de329c65421bc348583950d7c7e05645b719260e5ac014f32cedfb72398afa7.mp3,src/data/primaryHub/grade3.json,g3v2_u6#vocab[7].chunks[0],chunks.en
elevenlabs|el:lily|0.85||number eighteen,number eighteen,el:lily,0.85,https://audio.bigmooneducation.com/e1/e1644835fe043b7fda3f3212805381495edc0ec8e32fe7ddf3aa2dd9051a91cb.mp3,https://degqpiiddkxcuzwombwp.supabase.co/storage/v1/object/public/tts-audio/e1/e1644835fe043b7fda3f3212805381495edc0ec8e32fe7ddf3aa2dd9051a91cb.mp3,src/data/primaryHub/grade3.json,g3v2_u6#vocab[7].chunks[1],chunks.en
elevenlabs|el:lily|0.7||How many kites do you see?,How many kites do you see?,el:lily,0.7,https://audio.bigmooneducation.com/02/02d2ed136d0239bd200b6e42f51cc60129ab8c4a1c38c9730ee16534ad184df8.mp3,https://degqpiiddkxcuzwombwp.supabase.co/storage/v1/object/public/tts-audio/02/02d2ed136d0239bd200b6e42f51cc60129ab8c4a1c38c9730ee16534ad184df8.mp3,src/data/primaryHub/grade3.json,g3v2_u6#listening[0],listeningQuestions.audio@0.7
elevenlabs|el:lily|0.7||I see 12.,I see 12.,el:lily,0.7,https://audio.bigmooneducation.com/31/31d401e45a5a8905d88858419e56d8aba0f8ff2467a4a27076c1fd4c0b68c358.mp3,https://degqpiiddkxcuzwombwp.supabase.co/storage/v1/object/public/tts-audio/31/31d401e45a5a8905d88858419e56d8aba0f8ff2467a4a27076c1fd4c0b68c358.mp3,src/data/primaryHub/grade3.json,g3v2_u6#listening[1],listeningQuestions.audio@0.7
elevenlabs|el:lily|0.7||How many crayons do you have?,How many crayons do you have?,el:lily,0.7,https://audio.bigmooneducation.com/ba/ba76cb95c06fdabde3a75dc2083e13d88e43863d258b7009828b3f0efff1f590.mp3,https://degqpiiddkxcuzwombwp.supabase.co/storage/v1/object/public/tts-audio/ba/ba76cb95c06fdabde3a75dc2083e13d88e43863d258b7009828b3f0efff1f590.mp3,src/data/primaryHub/grade3.json,g3v2_u6#listening[2],listeningQuestions.audio@0.7
elevenlabs|el:lily|0.7||I have 16.,I have 16.,el:lily,0.7,https://audio.bigmooneducation.com/a0/a0d0f828657b4d90d9c67defa55f6374feb0eaf3e2691712c2d33b11aed3c556.mp3,https://degqpiiddkxcuzwombwp.supabase.co/storage/v1/object/public/tts-audio/a0/a0d0f828657b4d90d9c67defa55f6374feb0eaf3e2691712c2d33b11aed3c556.mp3,src/data/primaryHub/grade3.json,g3v2_u6#listening[3],listeningQuestions.audio@0.7
elevenlabs|el:lily|0.85||a big classroom,a big classroom,el:lily,0.85,https://audio.bigmooneducation.com/db/db410f775d661f4c5448c4fed0b7d7a926204202ebf61742a87297e1baf02301.mp3,https://degqpiiddkxcuzwombwp.supabase.co/storage/v1/object/public/tts-audio/db/db410f775d661f4c5448c4fed0b7d7a926204202ebf61742a87297e1baf02301.mp3,src/data/primaryHub/grade4.json,g4v1_u1#vocab[0].chunks[0],chunks.en
elevenlabs|el:lily|0.85||in the classroom,in the classroom,el:lily,0.85,https://audio.bigmooneducation.com/09/09cc2ca1caaebe8e95634cd3e0b8d0934ddaec60ef2b6c1f442364f2288fbd1f.mp3,https://degqpiiddkxcuzwombwp.supabase.co/storage/v1/object/public/tts-audio/09/09cc2ca1caaebe8e95634cd3e0b8d0934ddaec60ef2b6c1f442364f2288fbd1f.mp3,src/data/primaryHub/grade4.json,g4v1_u1#vocab[0].chunks[1],chunks.en
elevenlabs|el:lily|0.85||a new classroom,a new classroom,el:lily,0.85,https://audio.bigmooneducation.com/76/76ec7d76ea05fad322fce679d46d1549bcf46d935335ec2c0cd07c25dcad1d66.mp3,https://degqpiiddkxcuzwombwp.supabase.co/storage/v1/object/public/tts-audio/76/76ec7d76ea05fad322fce679d46d1549bcf46d935335ec2c0cd07c25dcad1d66.mp3,src/data/primaryHub/grade4.json,g4v1_u1#vocab[0].chunks[2],chunks.en
elevenlabs|el:lily|0.85||clean the window,clean the window,el:lily,0.85,https://audio.bigmooneducation.com/2a/2a78fe8c2164b1443db5e0a9024d9c78776579eba625bda0e7677af995501a4e.mp3,https://degqpiiddkxcuzwombwp.supabase.co/storage/v1/object/public/tts-audio/2a/2a78fe8c2164b1443db5e0a9024d9c78776579eba625bda0e7677af995501a4e.mp3,src/data/primaryHub/grade4.json,g4v1_u1#vocab[1].chunks[1],chunks.en
elevenlabs|el:lily|0.85||near the window,near the window,el:lily,0.85,https://audio.bigmooneducation.com/7b/7b3931f41c162d5f5bdeca21042ab95dd0695928a36181392dd33d3bcecdee33.mp3,https://degqpiiddkxcuzwombwp.supabase.co/storage/v1/object/public/tts-audio/7b/7b3931f41c162d5f5bdeca21042ab95dd0695928a36181392dd33d3bcecdee33.mp3,src/data/primaryHub/grade4.json,g4v1_u1#vocab[1].chunks[2],chunks.en
elevenlabs|el:lily|0.85||a big blackboard,a big blackboard,el:lily,0.85,https://audio.bigmooneducation.com/10/10c82056b4669c784b95415841d4967cacf9f07802f188260ee69cb1952fc981.mp3,https://degqpiiddkxcuzwombwp.supabase.co/storage/v1/object/public/tts-audio/10/10c82056b4669c784b95415841d4967cacf9f07802f188260ee69cb1952fc981.mp3,src/data/primaryHub/grade4.json,g4v1_u1#vocab[2].chunks[0],chunks.en
elevenlabs|el:lily|0.85||clean the blackboard,clean the blackboard,el:lily,0.85,https://audio.bigmooneducation.com/62/62b0d846065cf89f961fc7af64bc98f66eab61ebcee0e2027c8ae82869c3c1a6.mp3,https://degqpiiddkxcuzwombwp.supabase.co/storage/v1/object/public/tts-audio/62/62b0d846065cf89f961fc7af64bc98f66eab61ebcee0e2027c8ae82869c3c1a6.mp3,src/data/primaryHub/grade4.json,g4v1_u1#vocab[2].chunks[1],chunks.en
elevenlabs|el:lily|0.85||on the blackboard,on the blackboard,el:lily,0.85,https://audio.bigmooneducation.com/e0/e0fc27721e470a10f3e0c6bdf2bee3dec27d78be0e25cba5cc1a3f981b8ec2f8.mp3,https://degqpiiddkxcuzwombwp.supabase.co/storage/v1/object/public/tts-audio/e0/e0fc27721e470a10f3e0c6bdf2bee3dec27d78be0e25cba5cc1a3f981b8ec2f8.mp3,src/data/primaryHub/grade4.json,g4v1_u1#vocab[2].chunks[2],chunks.en
elevenlabs|el:lily|0.85||turn on the light,turn on the light,el:lily,0.85,https://audio.bigmooneducation.com/dd/ddb58bc44ef62d92fad03ec8e6c0f0d30f83312c34c349a93be177cbb38da0d2.mp3,https://degqpiiddkxcuzwombwp.supabase.co/storage/v1/object/public/tts-audio/dd/ddb58bc44ef62d92fad03ec8e6c0f0d30f83312c34c349a93be177cbb38da0d2.mp3,src/data/primaryHub/grade4.json,g4v1_u1#vocab[3].chunks[0],chunks.en
elevenlabs|el:lily|0.85||turn off the light,turn off the light,el:lily,0.85,https://audio.bigmooneducation.com/b9/b9a51636e20ab504c971e56d1115b72541c06d924241897a228e308fb817eb98.mp3,https://degqpiiddkxcuzwombwp.supabase.co/storage/v1/object/public/tts-audio/b9/b9a51636e20ab504c971e56d1115b72541c06d924241897a228e308fb817eb98.mp3,src/data/primaryHub/grade4.json,g4v1_u1#vocab[3].chunks[1],chunks.en
elevenlabs|el:lily|0.85||a bright light,a bright light,el:lily,0.85,https://audio.bigmooneducation.com/7c/7c120f6170507711922300702622dcbd0e7d6583f0df72737f184a259b050a90.mp3,https://degqpiiddkxcuzwombwp.supabase.co/storage/v1/object/public/tts-audio/7c/7c120f6170507711922300702622dcbd0e7d6583f0df72737f184a259b050a90.mp3,src/data/primaryHub/grade4.json,g4v1_u1#vocab[3].chunks[2],chunks.en
elevenlabs|el:lily|0.85||a nice picture,a nice picture,el:lily,0.85,https://audio.bigmooneducation.com/16/166f462d2fcf7ebb71b14779e1f45b93777ed685b5d872cd96c6b3f7aae2f4b6.mp3,https://degqpiiddkxcuzwombwp.supabase.co/storage/v1/object/public/tts-audio/16/166f462d2fcf7ebb71b14779e1f45b93777ed685b5d872cd96c6b3f7aae2f4b6.mp3,src/data/primaryHub/grade4.json,g4v1_u1#vocab[4].chunks[0],chunks.en
elevenlabs|el:lily|0.85||open the door,open the door,el:lily,0.85,https://audio.bigmooneducation.com/3b/3b59b130a367f70b96342b52389b655b67866534ee60ad20f3b79a5bba7a7a3f.mp3,https://degqpiiddkxcuzwombwp.supabase.co/storage/v1/object/public/tts-audio/3b/3b59b130a367f70b96342b52389b655b67866534ee60ad20f3b79a5bba7a7a3f.mp3,src/data/primaryHub/grade4.json,g4v1_u1#vocab[5].chunks[0],chunks.en
elevenlabs|el:lily|0.85||close the door,close the door,el:lily,0.85,https://audio.bigmooneducation.com/1e/1ef1daf9210e9fbfa9827d9ee756a99c5b35e1749e9c76e10168197801b39dd6.mp3,https://degqpiiddkxcuzwombwp.supabase.co/storage/v1/object/public/tts-audio/1e/1ef1daf9210e9fbfa9827d9ee756a99c5b35e1749e9c76e10168197801b39dd6.mp3,src/data/primaryHub/grade4.json,g4v1_u1#vocab[5].chunks[1],chunks.en
elevenlabs|el:lily|0.85||a red door,a red door,el:lily,0.85,https://audio.bigmooneducation.com/49/4970b5285e60472f7a49b29ca916429b8e5cdb899ba7e8793feee72d77b2c590.mp3,https://degqpiiddkxcuzwombwp.supabase.co/storage/v1/object/public/tts-audio/49/4970b5285e60472f7a49b29ca916429b8e5cdb899ba7e8793feee72d77b2c590.mp3,src/data/primaryHub/grade4.json,g4v1_u1#vocab[5].chunks[2],chunks.en
elevenlabs|el:lily|0.85||a new computer,a new computer,el:lily,0.85,https://audio.bigmooneducation.com/ee/ee4f3a0cd0bceb5f8eda32040f3697849cc8ff1430310e2c0da5551953093a57.mp3,https://degqpiiddkxcuzwombwp.supabase.co/storage/v1/object/public/tts-audio/ee/ee4f3a0cd0bceb5f8eda32040f3697849cc8ff1430310e2c0da5551953093a57.mp3,src/data/primaryHub/grade4.json,g4v1_u1#vocab[7].chunks[0],chunks.en
elevenlabs|el:lily|0.85||use the computer,use the computer,el:lily,0.85,https://audio.bigmooneducation.com/25/2507a04e59fda291888b0b68f54d79af56fb73ef437187cf166a1e69bc8d142f.mp3,https://degqpiiddkxcuzwombwp.supabase.co/storage/v1/object/public/tts-audio/25/2507a04e59fda291888b0b68f54d79af56fb73ef437187cf166a1e69bc8d142f.mp3,src/data/primaryHub/grade4.json,g4v1_u1#vocab[7].chunks[1],chunks.en
elevenlabs|el:lily|0.85||on the computer,on the computer,el:lily,0.85,https://audio.bigmooneducation.com/bd/bd5a27fa41e02ad545156d0a67a24e92e737fa50c309b94ca2b5adb99b8b50f6.mp3,https://degqpiiddkxcuzwombwp.supabase.co/storage/v1/object/public/tts-audio/bd/bd5a27fa41e02ad545156d0a67a24e92e737fa50c309b94ca2b5adb99b8b50f6.mp3,src/data/primaryHub/grade4.json,g4v1_u1#vocab[7].chunks[2],chunks.en
elevenlabs|el:lily|0.85||turn on the fan,turn on the fan,el:lily,0.85,https://audio.bigmooneducation.com/a8/a88fea0e46d07d298b600e6dcb467ce5cc16646d8e61248623e8f3cb15d55652.mp3,https://degqpiiddkxcuzwombwp.supabase.co/storage/v1/object/public/tts-audio/a8/a88fea0e46d07d298b600e6dcb467ce5cc16646d8e61248623e8f3cb15d55652.mp3,src/data/primaryHub/grade4.json,g4v1_u1#vocab[8].chunks[0],chunks.en
elevenlabs|el:lily|0.85||a big fan,a big fan,el:lily,0.85,https://audio.bigmooneducation.com/de/de4d33ebac6fad8713af6c689fe7741e6b870965274a604ddcb587ef067ab7cc.mp3,https://degqpiiddkxcuzwombwp.supabase.co/storage/v1/object/public/tts-audio/de/de4d33ebac6fad8713af6c689fe7741e6b870965274a604ddcb587ef067ab7cc.mp3,src/data/primaryHub/grade4.json,g4v1_u1#vocab[8].chunks[1],chunks.en
elevenlabs|el:lily|0.85||on the fan,on the fan,el:lily,0.85,https://audio.bigmooneducation.com/d3/d3e75570a33c1c9c76a80c65c9185c7e70cce6cb7ff8438fddbe7b6eb1032095.mp3,https://degqpiiddkxcuzwombwp.supabase.co/storage/v1/object/public/tts-audio/d3/d3e75570a33c1c9c76a80c65c9185c7e70cce6cb7ff8438fddbe7b6eb1032095.mp3,src/data/primaryHub/grade4.json,g4v1_u1#vocab[8].chunks[2],chunks.en
elevenlabs|el:lily|0.85||on the wall,on the wall,el:lily,0.85,https://audio.bigmooneducation.com/9a/9a0a2c7e8ff8cabc44872d01cb006dc05cf4d7b22741dd77c180bb15179e64ff.mp3,https://degqpiiddkxcuzwombwp.supabase.co/storage/v1/object/public/tts-audio/9a/9a0a2c7e8ff8cabc44872d01cb006dc05cf4d7b22741dd77c180bb15179e64ff.mp3,src/data/primaryHub/grade4.json,g4v1_u1#vocab[9].chunks[0],chunks.en
elevenlabs|el:lily|0.85||a white wall,a white wall,el:lily,0.85,https://audio.bigmooneducation.com/b4/b4ad8e6c40719cdb448baca01bab5cd2df2ebb7c687268fd5203adb470c40ec2.mp3,https://degqpiiddkxcuzwombwp.supabase.co/storage/v1/object/public/tts-audio/b4/b4ad8e6c40719cdb448baca01bab5cd2df2ebb7c687268fd5203adb470c40ec2.mp3,src/data/primaryHub/grade4.json,g4v1_u1#vocab[9].chunks[1],chunks.en
elevenlabs|el:lily|0.85||a tall wall,a tall wall,el:lily,0.85,https://audio.bigmooneducation.com/5b/5bd28d9553bf673cc56d7d6c9e5ac6eff84d2f50ca1558c9fb35174b96c77dc8.mp3,https://degqpiiddkxcuzwombwp.supabase.co/storage/v1/object/public/tts-audio/5b/5bd28d9553bf673cc56d7d6c9e5ac6eff84d2f50ca1558c9fb35174b96c77dc8.mp3,src/data/primaryHub/grade4.json,g4v1_u1#vocab[9].chunks[2],chunks.en
elevenlabs|el:lily|0.85||clean the floor,clean the floor,el:lily,0.85,https://audio.bigmooneducation.com/c2/c26e40119254549890ad183ce3e58d2b057d22631e014ea2be2ba0051a4c3134.mp3,https://degqpiiddkxcuzwombwp.supabase.co/storage/v1/object/public/tts-audio/c2/c26e40119254549890ad183ce3e58d2b057d22631e014ea2be2ba0051a4c3134.mp3,src/data/primaryHub/grade4.json,g4v1_u1#vocab[10].chunks[0],chunks.en
elevenlabs|el:lily|0.85||on the floor,on the floor,el:lily,0.85,https://audio.bigmooneducation.com/02/02eff750280bd4ece24a897d6eddb1769ebd9a6e1f0ea4bf55768da62626b971.mp3,https://degqpiiddkxcuzwombwp.supabase.co/storage/v1/object/public/tts-audio/02/02eff750280bd4ece24a897d6eddb1769ebd9a6e1f0ea4bf55768da62626b971.mp3,src/data/primaryHub/grade4.json,g4v1_u1#vocab[10].chunks[1],chunks.en
elevenlabs|el:lily|0.85||a clean floor,a clean floor,el:lily,0.85,https://audio.bigmooneducation.com/9b/9b62f92c97a00cadfb0cee67c129481840e14c62fe3fa8fb8bcb345075bf53b6.mp3,https://degqpiiddkxcuzwombwp.supabase.co/storage/v1/object/public/tts-audio/9b/9b62f92c97a00cadfb0cee67c129481840e14c62fe3fa8fb8bcb345075bf53b6.mp3,src/data/primaryHub/grade4.json,g4v1_u1#vocab[10].chunks[2],chunks.en
elevenlabs|el:lily|0.85||really big,really big,el:lily,0.85,https://audio.bigmooneducation.com/93/935ca064ecc202359e713ab2a2d7152373847cf4c936baa18536108737578c0a.mp3,https://degqpiiddkxcuzwombwp.supabase.co/storage/v1/object/public/tts-audio/93/935ca064ecc202359e713ab2a2d7152373847cf4c936baa18536108737578c0a.mp3,src/data/primaryHub/grade4.json,g4v1_u1#vocab[11].chunks[0],chunks.en
elevenlabs|el:lily|0.85||really nice,really nice,el:lily,0.85,https://audio.bigmooneducation.com/48/482c3a55cc2cf8554e24562739cee3b01c0db9e709651ef6fb55e2c894baae76.mp3,https://degqpiiddkxcuzwombwp.supabase.co/storage/v1/object/public/tts-audio/48/482c3a55cc2cf8554e24562739cee3b01c0db9e709651ef6fb55e2c894baae76.mp3,src/data/primaryHub/grade4.json,g4v1_u1#vocab[11].chunks[1],chunks.en
elevenlabs|el:lily|0.85||near the door,near the door,el:lily,0.85,https://audio.bigmooneducation.com/a8/a8e54fe94ca26f017da38e50205c3320786483d6d2cf106cad25b37212e54b8d.mp3,https://degqpiiddkxcuzwombwp.supabase.co/storage/v1/object/public/tts-audio/a8/a8e54fe94ca26f017da38e50205c3320786483d6d2cf106cad25b37212e54b8d.mp3,src/data/primaryHub/grade4.json,g4v1_u1#vocab[12].chunks[0],chunks.en
elevenlabs|el:lily|0.85||near my home,near my home,el:lily,0.85,https://audio.bigmooneducation.com/bf/bf794dcefe8605bd2c1d069fcd378d983e4d955b0a57319878ba936648dcbe24.mp3,https://degqpiiddkxcuzwombwp.supabase.co/storage/v1/object/public/tts-audio/bf/bf794dcefe8605bd2c1d069fcd378d983e4d955b0a57319878ba936648dcbe24.mp3,src/data/primaryHub/grade4.json,g4v1_u1#vocab[12].chunks[1],chunks.en
elevenlabs|el:lily|0.85||watch TV,watch TV,el:lily,0.85,https://audio.bigmooneducation.com/36/366580019bce1a191343fabdec08cc60e43e20d1687593096094293b2cc602ba.mp3,https://degqpiiddkxcuzwombwp.supabase.co/storage/v1/object/public/tts-audio/36/366580019bce1a191343fabdec08cc60e43e20d1687593096094293b2cc602ba.mp3,src/data/primaryHub/grade4.json,g4v1_u1#vocab[13].chunks[0],chunks.en
elevenlabs|el:lily|0.85||a new TV,a new TV,el:lily,0.85,https://audio.bigmooneducation.com/51/5101e29abbd32d14e4e8b6de2544dbb0f61faccd0c2813d1022ee198032e9db2.mp3,https://degqpiiddkxcuzwombwp.supabase.co/storage/v1/object/public/tts-audio/51/5101e29abbd32d14e4e8b6de2544dbb0f61faccd0c2813d1022ee198032e9db2.mp3,src/data/primaryHub/grade4.json,g4v1_u1#vocab[13].chunks[1],chunks.en
elevenlabs|el:lily|0.85||on TV,on TV,el:lily,0.85,https://audio.bigmooneducation.com/8b/8b634013bf4404863fdf133115098c7ec97af250d839929c8f69d44bb2b6ac34.mp3,https://degqpiiddkxcuzwombwp.supabase.co/storage/v1/object/public/tts-audio/8b/8b634013bf4404863fdf133115098c7ec97af250d839929c8f69d44bb2b6ac34.mp3,src/data/primaryHub/grade4.json,g4v1_u1#vocab[13].chunks[2],chunks.en
elevenlabs|el:lily|0.85||clean the room,clean the room,el:lily,0.85,https://audio.bigmooneducation.com/72/722cc2a25ee43472ba4ac16fb4d0dfddb38ec2fa33bad812ec1f0e2ff810932f.mp3,https://degqpiiddkxcuzwombwp.supabase.co/storage/v1/object/public/tts-audio/72/722cc2a25ee43472ba4ac16fb4d0dfddb38ec2fa33bad812ec1f0e2ff810932f.mp3,src/data/primaryHub/grade4.json,g4v1_u1#vocab[14].chunks[0],chunks.en
elevenlabs|el:lily|0.85||clean the desk,clean the desk,el:lily,0.85,https://audio.bigmooneducation.com/7f/7fb0a1a332bb5c772f3f8171939e8b1a586f41cd92296abc5b4fc27f6ad9ead1.mp3,https://degqpiiddkxcuzwombwp.supabase.co/storage/v1/object/public/tts-audio/7f/7fb0a1a332bb5c772f3f8171939e8b1a586f41cd92296abc5b4fc27f6ad9ead1.mp3,src/data/primaryHub/grade4.json,g4v1_u1#vocab[14].chunks[1],chunks.en
elevenlabs|el:lily|0.85||help me,help me,el:lily,0.85,https://audio.bigmooneducation.com/51/5113ca93d30b2175caa051d840e175d7007ee552c611aec39cad83018221f9c9.mp3,https://degqpiiddkxcuzwombwp.supabase.co/storage/v1/object/public/tts-audio/51/5113ca93d30b2175caa051d840e175d7007ee552c611aec39cad83018221f9c9.mp3,src/data/primaryHub/grade4.json,g4v1_u1#vocab[15].chunks[0],chunks.en
elevenlabs|el:lily|0.85||help you,help you,el:lily,0.85,https://audio.bigmooneducation.com/49/49e9adf72960a598d0e43248b867078b387cb23be23854b92c1015761c54dd4e.mp3,https://degqpiiddkxcuzwombwp.supabase.co/storage/v1/object/public/tts-audio/49/49e9adf72960a598d0e43248b867078b387cb23be23854b92c1015761c54dd4e.mp3,src/data/primaryHub/grade4.json,g4v1_u1#vocab[15].chunks[1],chunks.en
elevenlabs|el:lily|0.85||ask for help,ask for help,el:lily,0.85,https://audio.bigmooneducation.com/10/10aaa51225eee53a4dee9aa4bfa685ec060a722a3caeb0aa8f487d4a04f301b6.mp3,https://degqpiiddkxcuzwombwp.supabase.co/storage/v1/object/public/tts-audio/10/10aaa51225eee53a4dee9aa4bfa685ec060a722a3caeb0aa8f487d4a04f301b6.mp3,src/data/primaryHub/grade4.json,g4v1_u1#vocab[15].chunks[2],chunks.en
elevenlabs|el:lily|0.85||The door is orange. The desks are green.,The door is orange. The desks are green.,el:lily,0.85,https://audio.bigmooneducation.com/aa/aa27ce3403c4deaba6fae0768f996f00980f21898f62433b316ebe0a70d9ab1d.mp3,https://degqpiiddkxcuzwombwp.supabase.co/storage/v1/object/public/tts-audio/aa/aa27ce3403c4deaba6fae0768f996f00980f21898f62433b316ebe0a70d9ab1d.mp3,src/data/primaryHub/grade4.json,g4v1_u1#dialogue.A Let's talk.q4,dialogues.lines.text
elevenlabs|el:lily|0.85||a new schoolbag,a new schoolbag,el:lily,0.85,https://audio.bigmooneducation.com/81/811dde6b1fbec1331fd810efbf54a715a4b48e69ec39be37c622d0b9abfbd005.mp3,https://degqpiiddkxcuzwombwp.supabase.co/storage/v1/object/public/tts-audio/81/811dde6b1fbec1331fd810efbf54a715a4b48e69ec39be37c622d0b9abfbd005.mp3,src/data/primaryHub/grade4.json,g4v1_u2#vocab[0].chunks[0],chunks.en
elevenlabs|el:lily|0.85||in my schoolbag,in my schoolbag,el:lily,0.85,https://audio.bigmooneducation.com/3f/3fc98d305ba4fedb6e3f18055555c5221d2c64beab0944516fd66a58e1651431.mp3,https://degqpiiddkxcuzwombwp.supabase.co/storage/v1/object/public/tts-audio/3f/3fc98d305ba4fedb6e3f18055555c5221d2c64beab0944516fd66a58e1651431.mp3,src/data/primaryHub/grade4.json,g4v1_u2#vocab[0].chunks[1],chunks.en
elevenlabs|el:lily|0.85||a heavy schoolbag,a heavy schoolbag,el:lily,0.85,https://audio.bigmooneducation.com/43/432757960cea03672c760cb90b0dc359c73157576771e1e27f8bf60733f48b3b.mp3,https://degqpiiddkxcuzwombwp.supabase.co/storage/v1/object/public/tts-audio/43/432757960cea03672c760cb90b0dc359c73157576771e1e27f8bf60733f48b3b.mp3,src/data/primaryHub/grade4.json,g4v1_u2#vocab[0].chunks[2],chunks.en
elevenlabs|el:lily|0.85||a maths book,a maths book,el:lily,0.85,https://audio.bigmooneducation.com/c4/c4cf52e657d669a6d33854ab47afc3e910064af6924d3e7b8558c7452f90391c.mp3,https://degqpiiddkxcuzwombwp.supabase.co/storage/v1/object/public/tts-audio/c4/c4cf52e657d669a6d33854ab47afc3e910064af6924d3e7b8558c7452f90391c.mp3,src/data/primaryHub/grade4.json,g4v1_u2#vocab[1].chunks[0],chunks.en
elevenlabs|el:lily|0.85||open the maths book,open the maths book,el:lily,0.85,https://audio.bigmooneducation.com/ba/bad9ac2ee387e90ad47baac6f3fd5872a5b9f58c0a4a234d02a8d1159cd4e3a9.mp3,https://degqpiiddkxcuzwombwp.supabase.co/storage/v1/object/public/tts-audio/ba/bad9ac2ee387e90ad47baac6f3fd5872a5b9f58c0a4a234d02a8d1159cd4e3a9.mp3,src/data/primaryHub/grade4.json,g4v1_u2#vocab[1].chunks[1],chunks.en
elevenlabs|el:lily|0.85||a Chinese book,a Chinese book,el:lily,0.85,https://audio.bigmooneducation.com/61/61d0d51a65c5e6640266c114a04ddc8ceffd1115a00eb60c75a485748075c689.mp3,https://degqpiiddkxcuzwombwp.supabase.co/storage/v1/object/public/tts-audio/61/61d0d51a65c5e6640266c114a04ddc8ceffd1115a00eb60c75a485748075c689.mp3,src/data/primaryHub/grade4.json,g4v1_u2#vocab[3].chunks[0],chunks.en
elevenlabs|el:lily|0.85||my Chinese book,my Chinese book,el:lily,0.85,https://audio.bigmooneducation.com/ed/ed6643c992d8e9105bfb3463800be54614e4d36cc5a466d99330a33e3493aeb2.mp3,https://degqpiiddkxcuzwombwp.supabase.co/storage/v1/object/public/tts-audio/ed/ed6643c992d8e9105bfb3463800be54614e4d36cc5a466d99330a33e3493aeb2.mp3,src/data/primaryHub/grade4.json,g4v1_u2#vocab[3].chunks[1],chunks.en
elevenlabs|el:lily|0.85||read a storybook,read a storybook,el:lily,0.85,https://audio.bigmooneducation.com/2f/2ff1485eff2a0d3d67e6f20d18d3cf19927cac272d4c05f0aee35a4707a3fcdb.mp3,https://degqpiiddkxcuzwombwp.supabase.co/storage/v1/object/public/tts-audio/2f/2ff1485eff2a0d3d67e6f20d18d3cf19927cac272d4c05f0aee35a4707a3fcdb.mp3,src/data/primaryHub/grade4.json,g4v1_u2#vocab[4].chunks[1],chunks.en
elevenlabs|el:lily|0.85||three storybooks,three storybooks,el:lily,0.85,https://audio.bigmooneducation.com/8e/8e896e9700b6f40388d4091b1bbffbe8e8f57fcc99726e4042028c86c3ea6655.mp3,https://degqpiiddkxcuzwombwp.supabase.co/storage/v1/object/public/tts-audio/8e/8e896e9700b6f40388d4091b1bbffbe8e8f57fcc99726e4042028c86c3ea6655.mp3,src/data/primaryHub/grade4.json,g4v1_u2#vocab[4].chunks[2],chunks.en
elevenlabs|el:lily|0.85||a new notebook,a new notebook,el:lily,0.85,https://audio.bigmooneducation.com/f4/f44b9667485693701054e8a11965855bd47a624efe6baeb1e9b217e59368f758.mp3,https://degqpiiddkxcuzwombwp.supabase.co/storage/v1/object/public/tts-audio/f4/f44b9667485693701054e8a11965855bd47a624efe6baeb1e9b217e59368f758.mp3,src/data/primaryHub/grade4.json,g4v1_u2#vocab[5].chunks[0],chunks.en
elevenlabs|el:lily|0.85||write in the notebook,write in the notebook,el:lily,0.85,https://audio.bigmooneducation.com/d7/d7267c6d91be782833aed112603ea9c993ac787a1710936b42f59f11cceb8a71.mp3,https://degqpiiddkxcuzwombwp.supabase.co/storage/v1/object/public/tts-audio/d7/d7267c6d91be782833aed112603ea9c993ac787a1710936b42f59f11cceb8a71.mp3,src/data/primaryHub/grade4.json,g4v1_u2#vocab[5].chunks[1],chunks.en
elevenlabs|el:lily|0.85||sweet candy,sweet candy,el:lily,0.85,https://audio.bigmooneducation.com/1f/1f07c6de7538d9ed37cfec444256e9e2a7bb855b77c3c40eb6102795cb6dbd47.mp3,https://degqpiiddkxcuzwombwp.supabase.co/storage/v1/object/public/tts-audio/1f/1f07c6de7538d9ed37cfec444256e9e2a7bb855b77c3c40eb6102795cb6dbd47.mp3,src/data/primaryHub/grade4.json,g4v1_u2#vocab[6].chunks[1],chunks.en
elevenlabs|el:lily|0.85||eat candy,eat candy,el:lily,0.85,https://audio.bigmooneducation.com/bf/bf8a221015bfd796036582ea62eb2a8d20fc3707ec62f7de4d8c8cc85512031e.mp3,https://degqpiiddkxcuzwombwp.supabase.co/storage/v1/object/public/tts-audio/bf/bf8a221015bfd796036582ea62eb2a8d20fc3707ec62f7de4d8c8cc85512031e.mp3,src/data/primaryHub/grade4.json,g4v1_u2#vocab[6].chunks[2],chunks.en
elevenlabs|el:lily|0.85||a new toy,a new toy,el:lily,0.85,https://audio.bigmooneducation.com/4f/4f906015ca0c73dcbefb0a7c4e50d7b3fa2731be5c10f9aa9b6ba93eaa3f8472.mp3,https://degqpiiddkxcuzwombwp.supabase.co/storage/v1/object/public/tts-audio/4f/4f906015ca0c73dcbefb0a7c4e50d7b3fa2731be5c10f9aa9b6ba93eaa3f8472.mp3,src/data/primaryHub/grade4.json,g4v1_u2#vocab[7].chunks[0],chunks.en
elevenlabs|el:lily|0.85||play with a toy,play with a toy,el:lily,0.85,https://audio.bigmooneducation.com/80/8048f5e3ca142f1afe02087d3239d69a8fd473c627d1b34e78443e2c18631986.mp3,https://degqpiiddkxcuzwombwp.supabase.co/storage/v1/object/public/tts-audio/80/8048f5e3ca142f1afe02087d3239d69a8fd473c627d1b34e78443e2c18631986.mp3,src/data/primaryHub/grade4.json,g4v1_u2#vocab[7].chunks[1],chunks.en
elevenlabs|el:lily|0.85||two toys,two toys,el:lily,0.85,https://audio.bigmooneducation.com/61/61d9afab45d2cda2c0e0eaa5af2fd07d73f24e9bbfa3a5f5076fd0d3e6f797b5.mp3,https://degqpiiddkxcuzwombwp.supabase.co/storage/v1/object/public/tts-audio/61/61d9afab45d2cda2c0e0eaa5af2fd07d73f24e9bbfa3a5f5076fd0d3e6f797b5.mp3,src/data/primaryHub/grade4.json,g4v1_u2#vocab[7].chunks[2],chunks.en
elevenlabs|el:lily|0.85||my key,my key,el:lily,0.85,https://audio.bigmooneducation.com/7c/7ceb3d725fb1a4dce7ee37c8fd00a78a5a5a76b2b3a7a0ac1f106f3b4b17345c.mp3,https://degqpiiddkxcuzwombwp.supabase.co/storage/v1/object/public/tts-audio/7c/7ceb3d725fb1a4dce7ee37c8fd00a78a5a5a76b2b3a7a0ac1f106f3b4b17345c.mp3,src/data/primaryHub/grade4.json,g4v1_u2#vocab[8].chunks[1],chunks.en
elevenlabs|el:lily|0.85||find the key,find the key,el:lily,0.85,https://audio.bigmooneducation.com/69/69862a27b8c2571549bd031067968e233c244291f38aa140cb8ee6343f32ac46.mp3,https://degqpiiddkxcuzwombwp.supabase.co/storage/v1/object/public/tts-audio/69/69862a27b8c2571549bd031067968e233c244291f38aa140cb8ee6343f32ac46.mp3,src/data/primaryHub/grade4.json,g4v1_u2#vocab[8].chunks[2],chunks.en
"elevenlabs|el:lily|0.85||Wow, it's big!","Wow, it's big!",el:lily,0.85,https://audio.bigmooneducation.com/28/28973271ad3de53e98a5fdafdcfdac19fa52e1175ac552191ef94b99f6ed10f5.mp3,https://degqpiiddkxcuzwombwp.supabase.co/storage/v1/object/public/tts-audio/28/28973271ad3de53e98a5fdafdcfdac19fa52e1175ac552191ef94b99f6ed10f5.mp3,src/data/primaryHub/grade4.json,g4v1_u2#vocab[9].chunks[0],chunks.en
"elevenlabs|el:lily|0.85||Wow, so nice!","Wow, so nice!",el:lily,0.85,https://audio.bigmooneducation.com/65/658208dc7ef1f284f8c3ba04e20620535e77f3e2f376f0e24d79349016818bc2.mp3,https://degqpiiddkxcuzwombwp.supabase.co/storage/v1/object/public/tts-audio/65/658208dc7ef1f284f8c3ba04e20620535e77f3e2f376f0e24d79349016818bc2.mp3,src/data/primaryHub/grade4.json,g4v1_u2#vocab[9].chunks[1],chunks.en
elevenlabs|el:lily|0.85||lost my key,lost my key,el:lily,0.85,https://audio.bigmooneducation.com/26/26bef90b6c8609612fe58321faa1421934c6dcab311301be009a178ba6d429ed.mp3,https://degqpiiddkxcuzwombwp.supabase.co/storage/v1/object/public/tts-audio/26/26bef90b6c8609612fe58321faa1421934c6dcab311301be009a178ba6d429ed.mp3,src/data/primaryHub/grade4.json,g4v1_u2#vocab[10].chunks[0],chunks.en
elevenlabs|el:lily|0.85||lost my schoolbag,lost my schoolbag,el:lily,0.85,https://audio.bigmooneducation.com/51/510538034c033a27f2a813715abaaf4bd7b9c595a7a058d8bc7cedac5de6972f.mp3,https://degqpiiddkxcuzwombwp.supabase.co/storage/v1/object/public/tts-audio/51/510538034c033a27f2a813715abaaf4bd7b9c595a7a058d8bc7cedac5de6972f.mp3,src/data/primaryHub/grade4.json,g4v1_u2#vocab[10].chunks[1],chunks.en
elevenlabs|el:lily|0.85||a cute toy,a cute toy,el:lily,0.85,https://audio.bigmooneducation.com/6f/6f3e47721be866879e30e3a878456ce26e8971ae4307979075f12cb8c828186c.mp3,https://degqpiiddkxcuzwombwp.supabase.co/storage/v1/object/public/tts-audio/6f/6f3e47721be866879e30e3a878456ce26e8971ae4307979075f12cb8c828186c.mp3,src/data/primaryHub/grade4.json,g4v1_u2#vocab[12].chunks[0],chunks.en
elevenlabs|el:lily|0.85||so cute,so cute,el:lily,0.85,https://audio.bigmooneducation.com/23/2354b69169de48fffd40a3affb1c2c68e1da5d72a903f6d7be1590199c563e9e.mp3,https://degqpiiddkxcuzwombwp.supabase.co/storage/v1/object/public/tts-audio/23/2354b69169de48fffd40a3affb1c2c68e1da5d72a903f6d7be1590199c563e9e.mp3,src/data/primaryHub/grade4.json,g4v1_u2#vocab[12].chunks[1],chunks.en
elevenlabs|el:lily|0.85||a cute panda,a cute panda,el:lily,0.85,https://audio.bigmooneducation.com/4c/4c8d06bb78d8c4f64f302b464831ce12727b79e688cf6b945981a794b70192a1.mp3,https://degqpiiddkxcuzwombwp.supabase.co/storage/v1/object/public/tts-audio/4c/4c8d06bb78d8c4f64f302b464831ce12727b79e688cf6b945981a794b70192a1.mp3,src/data/primaryHub/grade4.json,g4v1_u2#vocab[12].chunks[2],chunks.en
elevenlabs|el:lily|0.7||I have a new schoolbag.,I have a new schoolbag.,el:lily,0.7,https://audio.bigmooneducation.com/19/19b777c50062c79e27203727aa8eb555de09ff7fb68a915d19db29dfc8e8ff0b.mp3,https://degqpiiddkxcuzwombwp.supabase.co/storage/v1/object/public/tts-audio/19/19b777c50062c79e27203727aa8eb555de09ff7fb68a915d19db29dfc8e8ff0b.mp3,src/data/primaryHub/grade4.json,g4v1_u2#listening[0],listeningQuestions.audio@0.7
elevenlabs|el:lily|0.7||What's in your schoolbag?,What's in your schoolbag?,el:lily,0.7,https://audio.bigmooneducation.com/c4/c4019e5915fcc289831b466c7727a346c215f7716465a1bc3d3736bed651833a.mp3,https://degqpiiddkxcuzwombwp.supabase.co/storage/v1/object/public/tts-audio/c4/c4019e5915fcc289831b466c7727a346c215f7716465a1bc3d3736bed651833a.mp3,src/data/primaryHub/grade4.json,g4v1_u2#listening[1],listeningQuestions.audio@0.7
elevenlabs|el:lily|0.85||What's in your schoolbag?,What's in your schoolbag?,el:lily,0.85,https://audio.bigmooneducation.com/93/93f91213a2647b95e0717f0623fdfab5568b02a891519b94046eedca73618c83.mp3,https://degqpiiddkxcuzwombwp.supabase.co/storage/v1/object/public/tts-audio/93/93f91213a2647b95e0717f0623fdfab5568b02a891519b94046eedca73618c83.mp3,src/data/primaryHub/grade4.json,g4v1_u2#listening[1],listeningQuestions.audio@0.85
elevenlabs|el:lily|0.7||Wow! It's a panda!,Wow! It's a panda!,el:lily,0.7,https://audio.bigmooneducation.com/15/152ed98cf640cff4e40e265c315bd9e78aa147440a2608e52bb960c463d2e3b1.mp3,https://degqpiiddkxcuzwombwp.supabase.co/storage/v1/object/public/tts-audio/15/152ed98cf640cff4e40e265c315bd9e78aa147440a2608e52bb960c463d2e3b1.mp3,src/data/primaryHub/grade4.json,g4v1_u2#listening[2],listeningQuestions.audio@0.7
elevenlabs|el:lily|0.7||Excuse me. I lost my schoolbag.,Excuse me. I lost my schoolbag.,el:lily,0.7,https://audio.bigmooneducation.com/3c/3c162e5f562ac186dc0c9d6f08f858dc2f77d0a5bc4f91a3dadda4503a195e00.mp3,https://degqpiiddkxcuzwombwp.supabase.co/storage/v1/object/public/tts-audio/3c/3c162e5f562ac186dc0c9d6f08f858dc2f77d0a5bc4f91a3dadda4503a195e00.mp3,src/data/primaryHub/grade4.json,g4v1_u2#listening[3],listeningQuestions.audio@0.7
elevenlabs|el:lily|0.7||What colour is it?,What colour is it?,el:lily,0.7,https://audio.bigmooneducation.com/f4/f45b76f977f3f24baf454fa4436cb98d8c2753bf4105e0f684fa7b37e8f01423.mp3,https://degqpiiddkxcuzwombwp.supabase.co/storage/v1/object/public/tts-audio/f4/f45b76f977f3f24baf454fa4436cb98d8c2753bf4105e0f684fa7b37e8f01423.mp3,src/data/primaryHub/grade4.json,g4v1_u2#listening[4],listeningQuestions.audio@0.7
elevenlabs|el:lily|0.7||It's blue and white.,It's blue and white.,el:lily,0.7,https://audio.bigmooneducation.com/97/9790d9cfd1e22919b259530ef7be5decc981e4284d587d5e118be5a4f7a81522.mp3,https://degqpiiddkxcuzwombwp.supabase.co/storage/v1/object/public/tts-audio/97/9790d9cfd1e22919b259530ef7be5decc981e4284d587d5e118be5a4f7a81522.mp3,src/data/primaryHub/grade4.json,g4v1_u2#listening[5],listeningQuestions.audio@0.7
elevenlabs|el:lily|0.7||What's in it?,What's in it?,el:lily,0.7,https://audio.bigmooneducation.com/a2/a2eda45e907e463b42d51a8b7cf1301fa545f8a4518fe0a30a4c98b68cdc5d17.mp3,https://degqpiiddkxcuzwombwp.supabase.co/storage/v1/object/public/tts-audio/a2/a2eda45e907e463b42d51a8b7cf1301fa545f8a4518fe0a30a4c98b68cdc5d17.mp3,src/data/primaryHub/grade4.json,g4v1_u2#listening[6],listeningQuestions.audio@0.7
elevenlabs|el:lily|0.7||Oh no! My bag is heavy!,Oh no! My bag is heavy!,el:lily,0.7,https://audio.bigmooneducation.com/57/572add37f3217d3647e6048f99473f0839c1a9b483e4cc6a16a1c8b2c3098e69.mp3,https://degqpiiddkxcuzwombwp.supabase.co/storage/v1/object/public/tts-audio/57/572add37f3217d3647e6048f99473f0839c1a9b483e4cc6a16a1c8b2c3098e69.mp3,src/data/primaryHub/grade4.json,g4v1_u2#listening[7],listeningQuestions.audio@0.7
elevenlabs|el:lily|0.85||tall and strong,tall and strong,el:lily,0.85,https://audio.bigmooneducation.com/fb/fbcaaa26fa3c3843dbf48410c9f6215d7c365eb9ba0e9267d58d93a6da591dcc.mp3,https://degqpiiddkxcuzwombwp.supabase.co/storage/v1/object/public/tts-audio/fb/fbcaaa26fa3c3843dbf48410c9f6215d7c365eb9ba0e9267d58d93a6da591dcc.mp3,src/data/primaryHub/grade4.json,g4v1_u3#vocab[0].chunks[0],chunks.en
elevenlabs|el:lily|0.85||a strong boy,a strong boy,el:lily,0.85,https://audio.bigmooneducation.com/97/97079ef8d07389153222d7af6750cc04d083f02c2cc53aa0aabd668d0e9af5e8.mp3,https://degqpiiddkxcuzwombwp.supabase.co/storage/v1/object/public/tts-audio/97/97079ef8d07389153222d7af6750cc04d083f02c2cc53aa0aabd668d0e9af5e8.mp3,src/data/primaryHub/grade4.json,g4v1_u3#vocab[0].chunks[1],chunks.en
elevenlabs|el:lily|0.85||very strong,very strong,el:lily,0.85,https://audio.bigmooneducation.com/be/be9b73b11c58d390e948d7864bf093a9d99a1e5edc306de08b4b6e86a56b82e4.mp3,https://degqpiiddkxcuzwombwp.supabase.co/storage/v1/object/public/tts-audio/be/be9b73b11c58d390e948d7864bf093a9d99a1e5edc306de08b4b6e86a56b82e4.mp3,src/data/primaryHub/grade4.json,g4v1_u3#vocab[0].chunks[2],chunks.en
elevenlabs|el:lily|0.85||a friendly girl,a friendly girl,el:lily,0.85,https://audio.bigmooneducation.com/2e/2efa370e41428c1099fcb9e4d1cd1d6c8ffd7fa09f789ea41ce4d4e16a38541f.mp3,https://degqpiiddkxcuzwombwp.supabase.co/storage/v1/object/public/tts-audio/2e/2efa370e41428c1099fcb9e4d1cd1d6c8ffd7fa09f789ea41ce4d4e16a38541f.mp3,src/data/primaryHub/grade4.json,g4v1_u3#vocab[1].chunks[0],chunks.en
elevenlabs|el:lily|0.85||quiet and friendly,quiet and friendly,el:lily,0.85,https://audio.bigmooneducation.com/91/91a595fa8f7aaa6825b85d308cb48c1473cc667ed74bdf9220c644518bad867d.mp3,https://degqpiiddkxcuzwombwp.supabase.co/storage/v1/object/public/tts-audio/91/91a595fa8f7aaa6825b85d308cb48c1473cc667ed74bdf9220c644518bad867d.mp3,src/data/primaryHub/grade4.json,g4v1_u3#vocab[1].chunks[1],chunks.en
elevenlabs|el:lily|0.85||very friendly,very friendly,el:lily,0.85,https://audio.bigmooneducation.com/b4/b4fe4a2312bc3cf9dd55cf795b976f79da08b5901dc917b68a6870b4fbe3582c.mp3,https://degqpiiddkxcuzwombwp.supabase.co/storage/v1/object/public/tts-audio/b4/b4fe4a2312bc3cf9dd55cf795b976f79da08b5901dc917b68a6870b4fbe3582c.mp3,src/data/primaryHub/grade4.json,g4v1_u3#vocab[1].chunks[2],chunks.en
elevenlabs|el:lily|0.85||a quiet boy,a quiet boy,el:lily,0.85,https://audio.bigmooneducation.com/63/631f80e6f861985db8c0cb676973e63a6de007d98330d4dd1cd21d76a4521f58.mp3,https://degqpiiddkxcuzwombwp.supabase.co/storage/v1/object/public/tts-audio/63/631f80e6f861985db8c0cb676973e63a6de007d98330d4dd1cd21d76a4521f58.mp3,src/data/primaryHub/grade4.json,g4v1_u3#vocab[2].chunks[0],chunks.en
elevenlabs|el:lily|0.85||be quiet,be quiet,el:lily,0.85,https://audio.bigmooneducation.com/93/93f13c9372d23748d4723549f0f341053caf8a65a096fa584e4d58f6901d6569.mp3,https://degqpiiddkxcuzwombwp.supabase.co/storage/v1/object/public/tts-audio/93/93f13c9372d23748d4723549f0f341053caf8a65a096fa584e4d58f6901d6569.mp3,src/data/primaryHub/grade4.json,g4v1_u3#vocab[2].chunks[2],chunks.en
elevenlabs|el:lily|0.85||black hair,black hair,el:lily,0.85,https://audio.bigmooneducation.com/92/92335a6b27deb2b07aa8e77e3cb148f709b204b17cb8ca80283f7d8044d98d40.mp3,https://degqpiiddkxcuzwombwp.supabase.co/storage/v1/object/public/tts-audio/92/92335a6b27deb2b07aa8e77e3cb148f709b204b17cb8ca80283f7d8044d98d40.mp3,src/data/primaryHub/grade4.json,g4v1_u3#vocab[3].chunks[2],chunks.en
elevenlabs|el:lily|0.85||a blue shoe,a blue shoe,el:lily,0.85,https://audio.bigmooneducation.com/6b/6b51552e35a0d5817030aeedb679f6a5f7214f8f0fed61e50d1e0f06e67fd03a.mp3,https://degqpiiddkxcuzwombwp.supabase.co/storage/v1/object/public/tts-audio/6b/6b51552e35a0d5817030aeedb679f6a5f7214f8f0fed61e50d1e0f06e67fd03a.mp3,src/data/primaryHub/grade4.json,g4v1_u3#vocab[4].chunks[0],chunks.en
elevenlabs|el:lily|0.85||new shoes,new shoes,el:lily,0.85,https://audio.bigmooneducation.com/89/89eb22f0f882313bd347e5905ed8466d2aebf3f3a48a973ad9dba45ee0876bec.mp3,https://degqpiiddkxcuzwombwp.supabase.co/storage/v1/object/public/tts-audio/89/89eb22f0f882313bd347e5905ed8466d2aebf3f3a48a973ad9dba45ee0876bec.mp3,src/data/primaryHub/grade4.json,g4v1_u3#vocab[4].chunks[1],chunks.en
elevenlabs|el:lily|0.85||my shoes,my shoes,el:lily,0.85,https://audio.bigmooneducation.com/5d/5dea30a7f824d46d5c18d67242c3231cac264a96e42f71d945bf86fdf7b7d79e.mp3,https://degqpiiddkxcuzwombwp.supabase.co/storage/v1/object/public/tts-audio/5d/5dea30a7f824d46d5c18d67242c3231cac264a96e42f71d945bf86fdf7b7d79e.mp3,src/data/primaryHub/grade4.json,g4v1_u3#vocab[4].chunks[2],chunks.en
elevenlabs|el:lily|0.85||wear glasses,wear glasses,el:lily,0.85,https://audio.bigmooneducation.com/5b/5b6363e3fcb8af73ff7376888355f91798d860bd4561e3d625e1dfaad0dbd66c.mp3,https://degqpiiddkxcuzwombwp.supabase.co/storage/v1/object/public/tts-audio/5b/5b6363e3fcb8af73ff7376888355f91798d860bd4561e3d625e1dfaad0dbd66c.mp3,src/data/primaryHub/grade4.json,g4v1_u3#vocab[5].chunks[0],chunks.en
elevenlabs|el:lily|0.85||blue glasses,blue glasses,el:lily,0.85,https://audio.bigmooneducation.com/5c/5c52000f88a35e0029130535f107baf5edc4a324a348969674612fd4e4e0fa0c.mp3,https://degqpiiddkxcuzwombwp.supabase.co/storage/v1/object/public/tts-audio/5c/5c52000f88a35e0029130535f107baf5edc4a324a348969674612fd4e4e0fa0c.mp3,src/data/primaryHub/grade4.json,g4v1_u3#vocab[5].chunks[1],chunks.en
elevenlabs|el:lily|0.85||his glasses,his glasses,el:lily,0.85,https://audio.bigmooneducation.com/7f/7fdf8cfd23011f7ff72b4414adfa43a2d45a5c1c806315fb6e01ad33b816b8f9.mp3,https://degqpiiddkxcuzwombwp.supabase.co/storage/v1/object/public/tts-audio/7f/7fdf8cfd23011f7ff72b4414adfa43a2d45a5c1c806315fb6e01ad33b816b8f9.mp3,src/data/primaryHub/grade4.json,g4v1_u3#vocab[5].chunks[2],chunks.en
elevenlabs|el:lily|0.85||his name,his name,el:lily,0.85,https://audio.bigmooneducation.com/81/810c8db6baeb518f64700f52d9d014a42c6c381a9f42bc6b775021e676f44012.mp3,https://degqpiiddkxcuzwombwp.supabase.co/storage/v1/object/public/tts-audio/81/810c8db6baeb518f64700f52d9d014a42c6c381a9f42bc6b775021e676f44012.mp3,src/data/primaryHub/grade4.json,g4v1_u3#vocab[6].chunks[0],chunks.en
elevenlabs|el:lily|0.85||his shoes,his shoes,el:lily,0.85,https://audio.bigmooneducation.com/81/81fa0877ed4985b44d1cc668fb8c0349a500d8c487099402695b8d140795ba38.mp3,https://degqpiiddkxcuzwombwp.supabase.co/storage/v1/object/public/tts-audio/81/81fa0877ed4985b44d1cc668fb8c0349a500d8c487099402695b8d140795ba38.mp3,src/data/primaryHub/grade4.json,g4v1_u3#vocab[6].chunks[1],chunks.en
elevenlabs|el:lily|0.7||His name is Zhang Peng.,His name is Zhang Peng.,el:lily,0.7,https://audio.bigmooneducation.com/df/df88b4f7a51019235f95f45907409714a9fee72760adc466b4eb21841b6a07a5.mp3,https://degqpiiddkxcuzwombwp.supabase.co/storage/v1/object/public/tts-audio/df/df88b4f7a51019235f95f45907409714a9fee72760adc466b4eb21841b6a07a5.mp3,src/data/primaryHub/grade4.json,g4v1_u3#listening[0],listeningQuestions.audio@0.7
elevenlabs|el:lily|0.7||She has long hair.,She has long hair.,el:lily,0.7,https://audio.bigmooneducation.com/eb/eb3e4dcb7c4a1dcecceda59cdd38242d3f38790a5e5bcaa21332aaa275bbe72d.mp3,https://degqpiiddkxcuzwombwp.supabase.co/storage/v1/object/public/tts-audio/eb/eb3e4dcb7c4a1dcecceda59cdd38242d3f38790a5e5bcaa21332aaa275bbe72d.mp3,src/data/primaryHub/grade4.json,g4v1_u3#listening[1],listeningQuestions.audio@0.7
elevenlabs|el:lily|0.7||His glasses are blue.,His glasses are blue.,el:lily,0.7,https://audio.bigmooneducation.com/a0/a00c1d408c116450d8dc7fdb533038291b630795554379bbd13d9ccaebe11611.mp3,https://degqpiiddkxcuzwombwp.supabase.co/storage/v1/object/public/tts-audio/a0/a00c1d408c116450d8dc7fdb533038291b630795554379bbd13d9ccaebe11611.mp3,src/data/primaryHub/grade4.json,g4v1_u3#listening[2],listeningQuestions.audio@0.7
elevenlabs|el:lily|0.85||in the bedroom,in the bedroom,el:lily,0.85,https://audio.bigmooneducation.com/c1/c19f6a4f2a0b7c670f7420bb820681fdc95742f0334e37273346a075ea7aa7f0.mp3,https://degqpiiddkxcuzwombwp.supabase.co/storage/v1/object/public/tts-audio/c1/c19f6a4f2a0b7c670f7420bb820681fdc95742f0334e37273346a075ea7aa7f0.mp3,src/data/primaryHub/grade4.json,g4v1_u4#vocab[0].chunks[0],chunks.en
elevenlabs|el:lily|0.85||my bedroom,my bedroom,el:lily,0.85,https://audio.bigmooneducation.com/86/86b568213aef16f6c4aaf0c9ba4e881adbf1762042618c02fc1fcca2d7a1bf60.mp3,https://degqpiiddkxcuzwombwp.supabase.co/storage/v1/object/public/tts-audio/86/86b568213aef16f6c4aaf0c9ba4e881adbf1762042618c02fc1fcca2d7a1bf60.mp3,src/data/primaryHub/grade4.json,g4v1_u4#vocab[0].chunks[1],chunks.en
elevenlabs|el:lily|0.85||a small bedroom,a small bedroom,el:lily,0.85,https://audio.bigmooneducation.com/88/88eed8ac873e9ebfd2757be5ebe7b83ac54e02cadf5672aa2f383628e22b740d.mp3,https://degqpiiddkxcuzwombwp.supabase.co/storage/v1/object/public/tts-audio/88/88eed8ac873e9ebfd2757be5ebe7b83ac54e02cadf5672aa2f383628e22b740d.mp3,src/data/primaryHub/grade4.json,g4v1_u4#vocab[0].chunks[2],chunks.en
elevenlabs|el:lily|0.85||in the study,in the study,el:lily,0.85,https://audio.bigmooneducation.com/c7/c7f852897484b8a5c23ae64bc44927c43244b345a00e16ea0b0f3cde4957be58.mp3,https://degqpiiddkxcuzwombwp.supabase.co/storage/v1/object/public/tts-audio/c7/c7f852897484b8a5c23ae64bc44927c43244b345a00e16ea0b0f3cde4957be58.mp3,src/data/primaryHub/grade4.json,g4v1_u4#vocab[2].chunks[0],chunks.en
elevenlabs|el:lily|0.85||go to the study,go to the study,el:lily,0.85,https://audio.bigmooneducation.com/07/079fbafbfee2fcf97c12ab6da6dfba8ad289a73bff7cd80034a85015d89ce84d.mp3,https://degqpiiddkxcuzwombwp.supabase.co/storage/v1/object/public/tts-audio/07/079fbafbfee2fcf97c12ab6da6dfba8ad289a73bff7cd80034a85015d89ce84d.mp3,src/data/primaryHub/grade4.json,g4v1_u4#vocab[2].chunks[1],chunks.en
elevenlabs|el:lily|0.85||in the kitchen,in the kitchen,el:lily,0.85,https://audio.bigmooneducation.com/83/83de250ef78d4540c937d8e5d970650fc2b6b71458b7e9e4da608832bb030b6a.mp3,https://degqpiiddkxcuzwombwp.supabase.co/storage/v1/object/public/tts-audio/83/83de250ef78d4540c937d8e5d970650fc2b6b71458b7e9e4da608832bb030b6a.mp3,src/data/primaryHub/grade4.json,g4v1_u4#vocab[3].chunks[0],chunks.en
elevenlabs|el:lily|0.85||a clean kitchen,a clean kitchen,el:lily,0.85,https://audio.bigmooneducation.com/ba/ba8daff1db019c741b7d2edff5da53f02772814b534167971fff8f90a06460ea.mp3,https://degqpiiddkxcuzwombwp.supabase.co/storage/v1/object/public/tts-audio/ba/ba8daff1db019c741b7d2edff5da53f02772814b534167971fff8f90a06460ea.mp3,src/data/primaryHub/grade4.json,g4v1_u4#vocab[3].chunks[1],chunks.en
elevenlabs|el:lily|0.85||go to the kitchen,go to the kitchen,el:lily,0.85,https://audio.bigmooneducation.com/89/89996ddb77a62a26e44d9e3a211baa860de6dffbcbb6afa195a88ac519607067.mp3,https://degqpiiddkxcuzwombwp.supabase.co/storage/v1/object/public/tts-audio/89/89996ddb77a62a26e44d9e3a211baa860de6dffbcbb6afa195a88ac519607067.mp3,src/data/primaryHub/grade4.json,g4v1_u4#vocab[3].chunks[2],chunks.en
elevenlabs|el:lily|0.85||in the bathroom,in the bathroom,el:lily,0.85,https://audio.bigmooneducation.com/51/515818130ce8ec43e750cb51ab0afad2175d4e4945d768ed4dfeffa8c735e15a.mp3,https://degqpiiddkxcuzwombwp.supabase.co/storage/v1/object/public/tts-audio/51/515818130ce8ec43e750cb51ab0afad2175d4e4945d768ed4dfeffa8c735e15a.mp3,src/data/primaryHub/grade4.json,g4v1_u4#vocab[4].chunks[0],chunks.en
elevenlabs|el:lily|0.85||go to the bathroom,go to the bathroom,el:lily,0.85,https://audio.bigmooneducation.com/ff/ffa9f0b1f5a522e778faf1ef2dacf6712ad5ec552d3a07690ac135a3b697f43e.mp3,https://degqpiiddkxcuzwombwp.supabase.co/storage/v1/object/public/tts-audio/ff/ffa9f0b1f5a522e778faf1ef2dacf6712ad5ec552d3a07690ac135a3b697f43e.mp3,src/data/primaryHub/grade4.json,g4v1_u4#vocab[4].chunks[1],chunks.en
elevenlabs|el:lily|0.85||on the bed,on the bed,el:lily,0.85,https://audio.bigmooneducation.com/cb/cb54a3307a81f15502f598bd0674b564b89948cc762b057c1aaff036d2d5a960.mp3,https://degqpiiddkxcuzwombwp.supabase.co/storage/v1/object/public/tts-audio/cb/cb54a3307a81f15502f598bd0674b564b89948cc762b057c1aaff036d2d5a960.mp3,src/data/primaryHub/grade4.json,g4v1_u4#vocab[5].chunks[0],chunks.en
elevenlabs|el:lily|0.85||under the bed,under the bed,el:lily,0.85,https://audio.bigmooneducation.com/a6/a6e9d8c3ef19d568beaa7d1223973053ae511657aaa0a30f04f228397a44a968.mp3,https://degqpiiddkxcuzwombwp.supabase.co/storage/v1/object/public/tts-audio/a6/a6e9d8c3ef19d568beaa7d1223973053ae511657aaa0a30f04f228397a44a968.mp3,src/data/primaryHub/grade4.json,g4v1_u4#vocab[5].chunks[1],chunks.en
elevenlabs|el:lily|0.85||a big bed,a big bed,el:lily,0.85,https://audio.bigmooneducation.com/27/273c727b329503e8d9f77f3ead5bc929b085b0f43f67729034ba4e66ea8aa8c2.mp3,https://degqpiiddkxcuzwombwp.supabase.co/storage/v1/object/public/tts-audio/27/273c727b329503e8d9f77f3ead5bc929b085b0f43f67729034ba4e66ea8aa8c2.mp3,src/data/primaryHub/grade4.json,g4v1_u4#vocab[5].chunks[2],chunks.en
elevenlabs|el:lily|0.85||a new phone,a new phone,el:lily,0.85,https://audio.bigmooneducation.com/b1/b109f8e57a116d96c1a1db31f48a5d9f861e6357570f658a242a2a84ce8a95ff.mp3,https://degqpiiddkxcuzwombwp.supabase.co/storage/v1/object/public/tts-audio/b1/b109f8e57a116d96c1a1db31f48a5d9f861e6357570f658a242a2a84ce8a95ff.mp3,src/data/primaryHub/grade4.json,g4v1_u4#vocab[6].chunks[0],chunks.en
elevenlabs|el:lily|0.85||on the phone,on the phone,el:lily,0.85,https://audio.bigmooneducation.com/79/79a730235b8a1b2ac39e3af310aafd7bafc33b16192b09f6cddb59e29a7f2de9.mp3,https://degqpiiddkxcuzwombwp.supabase.co/storage/v1/object/public/tts-audio/79/79a730235b8a1b2ac39e3af310aafd7bafc33b16192b09f6cddb59e29a7f2de9.mp3,src/data/primaryHub/grade4.json,g4v1_u4#vocab[6].chunks[1],chunks.en
elevenlabs|el:lily|0.85||answer the phone,answer the phone,el:lily,0.85,https://audio.bigmooneducation.com/c1/c1c524dd896a2d140491a9a59ba09ac9852baf730515b0e8ebb9b0c3a25063bc.mp3,https://degqpiiddkxcuzwombwp.supabase.co/storage/v1/object/public/tts-audio/c1/c1c524dd896a2d140491a9a59ba09ac9852baf730515b0e8ebb9b0c3a25063bc.mp3,src/data/primaryHub/grade4.json,g4v1_u4#vocab[6].chunks[2],chunks.en
elevenlabs|el:lily|0.85||on the table,on the table,el:lily,0.85,https://audio.bigmooneducation.com/a2/a27a7914cbd994c9d34b04c9d939c42292f822136b4585ad6a587b078ff25205.mp3,https://degqpiiddkxcuzwombwp.supabase.co/storage/v1/object/public/tts-audio/a2/a27a7914cbd994c9d34b04c9d939c42292f822136b4585ad6a587b078ff25205.mp3,src/data/primaryHub/grade4.json,g4v1_u4#vocab[7].chunks[0],chunks.en
elevenlabs|el:lily|0.85||a big table,a big table,el:lily,0.85,https://audio.bigmooneducation.com/46/46956718f07b9ddd55d774f362309b5caf7e8d5af5bff2611e308feec1aefb26.mp3,https://degqpiiddkxcuzwombwp.supabase.co/storage/v1/object/public/tts-audio/46/46956718f07b9ddd55d774f362309b5caf7e8d5af5bff2611e308feec1aefb26.mp3,src/data/primaryHub/grade4.json,g4v1_u4#vocab[7].chunks[1],chunks.en
elevenlabs|el:lily|0.85||near the table,near the table,el:lily,0.85,https://audio.bigmooneducation.com/94/94956de2db64e696f482ab3906925f65b33eba61d7d278e8cf1fe71892352775.mp3,https://degqpiiddkxcuzwombwp.supabase.co/storage/v1/object/public/tts-audio/94/94956de2db64e696f482ab3906925f65b33eba61d7d278e8cf1fe71892352775.mp3,src/data/primaryHub/grade4.json,g4v1_u4#vocab[7].chunks[2],chunks.en
elevenlabs|el:lily|0.85||on the sofa,on the sofa,el:lily,0.85,https://audio.bigmooneducation.com/7b/7bbe76cda59d2dba109114060aa4bb6926e6962cea0cd467c3eb916bb45b4f9d.mp3,https://degqpiiddkxcuzwombwp.supabase.co/storage/v1/object/public/tts-audio/7b/7bbe76cda59d2dba109114060aa4bb6926e6962cea0cd467c3eb916bb45b4f9d.mp3,src/data/primaryHub/grade4.json,g4v1_u4#vocab[8].chunks[0],chunks.en
elevenlabs|el:lily|0.85||a soft sofa,a soft sofa,el:lily,0.85,https://audio.bigmooneducation.com/15/155d89de88138f9a595ae9768e2719a6fe013f8eaa60a2cf4c4b93a7153fe190.mp3,https://degqpiiddkxcuzwombwp.supabase.co/storage/v1/object/public/tts-audio/15/155d89de88138f9a595ae9768e2719a6fe013f8eaa60a2cf4c4b93a7153fe190.mp3,src/data/primaryHub/grade4.json,g4v1_u4#vocab[8].chunks[1],chunks.en
elevenlabs|el:lily|0.85||sit on the sofa,sit on the sofa,el:lily,0.85,https://audio.bigmooneducation.com/4a/4a5db940a897f09fc147886884f117b912ad62a1b730700e9cfb4747589f6085.mp3,https://degqpiiddkxcuzwombwp.supabase.co/storage/v1/object/public/tts-audio/4a/4a5db940a897f09fc147886884f117b912ad62a1b730700e9cfb4747589f6085.mp3,src/data/primaryHub/grade4.json,g4v1_u4#vocab[8].chunks[2],chunks.en
elevenlabs|el:lily|0.85||in the fridge,in the fridge,el:lily,0.85,https://audio.bigmooneducation.com/c9/c92433702106f74dd5735e8ccc2524831d464b52742bd765535c3381d931229a.mp3,https://degqpiiddkxcuzwombwp.supabase.co/storage/v1/object/public/tts-audio/c9/c92433702106f74dd5735e8ccc2524831d464b52742bd765535c3381d931229a.mp3,src/data/primaryHub/grade4.json,g4v1_u4#vocab[9].chunks[0],chunks.en
elevenlabs|el:lily|0.85||on the fridge,on the fridge,el:lily,0.85,https://audio.bigmooneducation.com/6a/6a7c9f3d726bceeddc00255ddb01e6ba769c9613bd0b86bdde7d596c72578828.mp3,https://degqpiiddkxcuzwombwp.supabase.co/storage/v1/object/public/tts-audio/6a/6a7c9f3d726bceeddc00255ddb01e6ba769c9613bd0b86bdde7d596c72578828.mp3,src/data/primaryHub/grade4.json,g4v1_u4#vocab[9].chunks[1],chunks.en
elevenlabs|el:lily|0.85||open the fridge,open the fridge,el:lily,0.85,https://audio.bigmooneducation.com/b8/b8cf1bed1e52287ffd390c7969d844fb45848dea9980b50054fc6e5e3dc53cb3.mp3,https://degqpiiddkxcuzwombwp.supabase.co/storage/v1/object/public/tts-audio/b8/b8cf1bed1e52287ffd390c7969d844fb45848dea9980b50054fc6e5e3dc53cb3.mp3,src/data/primaryHub/grade4.json,g4v1_u4#vocab[9].chunks[2],chunks.en
elevenlabs|el:lily|0.7||It's in the kitchen.,It's in the kitchen.,el:lily,0.7,https://audio.bigmooneducation.com/63/639c63a83734f07eaacd55155be65edf35fd93222fa25870da516ead68054c61.mp3,https://degqpiiddkxcuzwombwp.supabase.co/storage/v1/object/public/tts-audio/63/639c63a83734f07eaacd55155be65edf35fd93222fa25870da516ead68054c61.mp3,src/data/primaryHub/grade4.json,g4v1_u4#listening[0],listeningQuestions.audio@0.7
elevenlabs|el:lily|0.7||The keys are on the fridge.,The keys are on the fridge.,el:lily,0.7,https://audio.bigmooneducation.com/8b/8bdefd8e65b3138e3af14c6704b0a971327560d9da5d9ada16dd11d13bdf11ef.mp3,https://degqpiiddkxcuzwombwp.supabase.co/storage/v1/object/public/tts-audio/8b/8bdefd8e65b3138e3af14c6704b0a971327560d9da5d9ada16dd11d13bdf11ef.mp3,src/data/primaryHub/grade4.json,g4v1_u4#listening[1],listeningQuestions.audio@0.7
elevenlabs|el:lily|0.7||Is she in the living room?,Is she in the living room?,el:lily,0.7,https://audio.bigmooneducation.com/d0/d06d9c026aa11f17ed1f2d9f33614fd238727073946d6c840dec86cc1e3be93a.mp3,https://degqpiiddkxcuzwombwp.supabase.co/storage/v1/object/public/tts-audio/d0/d06d9c026aa11f17ed1f2d9f33614fd238727073946d6c840dec86cc1e3be93a.mp3,src/data/primaryHub/grade4.json,g4v1_u4#listening[2],listeningQuestions.audio@0.7
elevenlabs|el:lily|0.85||some beef,some beef,el:lily,0.85,https://audio.bigmooneducation.com/c5/c5ee56023fc8ba385fbad8089ad637c7827733a6be323dff862a085f1eb096f2.mp3,https://degqpiiddkxcuzwombwp.supabase.co/storage/v1/object/public/tts-audio/c5/c5ee56023fc8ba385fbad8089ad637c7827733a6be323dff862a085f1eb096f2.mp3,src/data/primaryHub/grade4.json,g4v1_u5#vocab[0].chunks[0],chunks.en
elevenlabs|el:lily|0.85||beef and noodles,beef and noodles,el:lily,0.85,https://audio.bigmooneducation.com/ec/ec5b1087beb8368373c24b0d95639ca189f74ae02f448e5a398f7ac6552f0a2f.mp3,https://degqpiiddkxcuzwombwp.supabase.co/storage/v1/object/public/tts-audio/ec/ec5b1087beb8368373c24b0d95639ca189f74ae02f448e5a398f7ac6552f0a2f.mp3,src/data/primaryHub/grade4.json,g4v1_u5#vocab[0].chunks[1],chunks.en
elevenlabs|el:lily|0.85||eat beef,eat beef,el:lily,0.85,https://audio.bigmooneducation.com/6e/6ee4341c41261b753217350f915a4599dcf09a9fa8b7fa8e1f3bfdd9427dbdce.mp3,https://degqpiiddkxcuzwombwp.supabase.co/storage/v1/object/public/tts-audio/6e/6ee4341c41261b753217350f915a4599dcf09a9fa8b7fa8e1f3bfdd9427dbdce.mp3,src/data/primaryHub/grade4.json,g4v1_u5#vocab[0].chunks[2],chunks.en
elevenlabs|el:lily|0.85||some chicken,some chicken,el:lily,0.85,https://audio.bigmooneducation.com/d4/d4fc5404201d96b6646f0c9cb9d2f4fa19d05f662d8f1567170c27867bf1d678.mp3,https://degqpiiddkxcuzwombwp.supabase.co/storage/v1/object/public/tts-audio/d4/d4fc5404201d96b6646f0c9cb9d2f4fa19d05f662d8f1567170c27867bf1d678.mp3,src/data/primaryHub/grade4.json,g4v1_u5#vocab[1].chunks[0],chunks.en
elevenlabs|el:lily|0.85||chicken and vegetables,chicken and vegetables,el:lily,0.85,https://audio.bigmooneducation.com/89/89737c52a285ca0df373db6ae867a6ede98db71cfd285aef5aa431ac01374332.mp3,https://degqpiiddkxcuzwombwp.supabase.co/storage/v1/object/public/tts-audio/89/89737c52a285ca0df373db6ae867a6ede98db71cfd285aef5aa431ac01374332.mp3,src/data/primaryHub/grade4.json,g4v1_u5#vocab[1].chunks[2],chunks.en
elevenlabs|el:lily|0.85||a bowl of noodles,a bowl of noodles,el:lily,0.85,https://audio.bigmooneducation.com/f0/f08b574d2917faf49367548b953ad1c27702bd3655241aa48f1106841b12ccd8.mp3,https://degqpiiddkxcuzwombwp.supabase.co/storage/v1/object/public/tts-audio/f0/f08b574d2917faf49367548b953ad1c27702bd3655241aa48f1106841b12ccd8.mp3,src/data/primaryHub/grade4.json,g4v1_u5#vocab[2].chunks[0],chunks.en
elevenlabs|el:lily|0.85||eat noodles,eat noodles,el:lily,0.85,https://audio.bigmooneducation.com/f1/f1a0fe498ee113acf98162dcb09ae7cd0852986583ff7ecee8fbbd9ded590bac.mp3,https://degqpiiddkxcuzwombwp.supabase.co/storage/v1/object/public/tts-audio/f1/f1a0fe498ee113acf98162dcb09ae7cd0852986583ff7ecee8fbbd9ded590bac.mp3,src/data/primaryHub/grade4.json,g4v1_u5#vocab[2].chunks[1],chunks.en
elevenlabs|el:lily|0.85||beef noodles,beef noodles,el:lily,0.85,https://audio.bigmooneducation.com/41/41ff44b6d93fc2431e54acc2b9f146da2617d3db558120ca5adad015c70fc636.mp3,https://degqpiiddkxcuzwombwp.supabase.co/storage/v1/object/public/tts-audio/41/41ff44b6d93fc2431e54acc2b9f146da2617d3db558120ca5adad015c70fc636.mp3,src/data/primaryHub/grade4.json,g4v1_u5#vocab[2].chunks[2],chunks.en
elevenlabs|el:lily|0.85||some soup,some soup,el:lily,0.85,https://audio.bigmooneducation.com/b8/b8a75a4718e0ea1730de1f9784ec2aa07f20af18365558c9c463e68b27f0fe4d.mp3,https://degqpiiddkxcuzwombwp.supabase.co/storage/v1/object/public/tts-audio/b8/b8a75a4718e0ea1730de1f9784ec2aa07f20af18365558c9c463e68b27f0fe4d.mp3,src/data/primaryHub/grade4.json,g4v1_u5#vocab[3].chunks[0],chunks.en
elevenlabs|el:lily|0.85||a bowl of soup,a bowl of soup,el:lily,0.85,https://audio.bigmooneducation.com/9d/9d448f7f3a2b6754d6d380f1736dad0ee2ab2e016c6c9662c9725dc1d9aa53ef.mp3,https://degqpiiddkxcuzwombwp.supabase.co/storage/v1/object/public/tts-audio/9d/9d448f7f3a2b6754d6d380f1736dad0ee2ab2e016c6c9662c9725dc1d9aa53ef.mp3,src/data/primaryHub/grade4.json,g4v1_u5#vocab[3].chunks[1],chunks.en
elevenlabs|el:lily|0.85||chicken soup,chicken soup,el:lily,0.85,https://audio.bigmooneducation.com/68/68670cf469aceb4d66489de23c6a34addb2ee07433262d4d98fc1f9c4aed3647.mp3,https://degqpiiddkxcuzwombwp.supabase.co/storage/v1/object/public/tts-audio/68/68670cf469aceb4d66489de23c6a34addb2ee07433262d4d98fc1f9c4aed3647.mp3,src/data/primaryHub/grade4.json,g4v1_u5#vocab[3].chunks[2],chunks.en
elevenlabs|el:lily|0.85||fresh vegetables,fresh vegetables,el:lily,0.85,https://audio.bigmooneducation.com/e4/e40804eb41416a07ccead685b12887f62e13266959572ce360dc54633e966214.mp3,https://degqpiiddkxcuzwombwp.supabase.co/storage/v1/object/public/tts-audio/e4/e40804eb41416a07ccead685b12887f62e13266959572ce360dc54633e966214.mp3,src/data/primaryHub/grade4.json,g4v1_u5#vocab[4].chunks[0],chunks.en
elevenlabs|el:lily|0.85||eat vegetables,eat vegetables,el:lily,0.85,https://audio.bigmooneducation.com/4e/4ea7462c7f7731baa8d147dc4060161b04bd9d0ff1e0dc9bc3d9320d29ff28db.mp3,https://degqpiiddkxcuzwombwp.supabase.co/storage/v1/object/public/tts-audio/4e/4ea7462c7f7731baa8d147dc4060161b04bd9d0ff1e0dc9bc3d9320d29ff28db.mp3,src/data/primaryHub/grade4.json,g4v1_u5#vocab[4].chunks[1],chunks.en
elevenlabs|el:lily|0.85||green vegetables,green vegetables,el:lily,0.85,https://audio.bigmooneducation.com/87/87d9a057fc178774c032e5d34cb392c871183bc21d82865af03d81a9ec0aa0ef.mp3,https://degqpiiddkxcuzwombwp.supabase.co/storage/v1/object/public/tts-audio/87/87d9a057fc178774c032e5d34cb392c871183bc21d82865af03d81a9ec0aa0ef.mp3,src/data/primaryHub/grade4.json,g4v1_u5#vocab[4].chunks[2],chunks.en
elevenlabs|el:lily|0.85||a big bowl,a big bowl,el:lily,0.85,https://audio.bigmooneducation.com/8f/8ff42b5a23cca58c7750184821fcb2de893802e221974f6bf16244f579dae165.mp3,https://degqpiiddkxcuzwombwp.supabase.co/storage/v1/object/public/tts-audio/8f/8ff42b5a23cca58c7750184821fcb2de893802e221974f6bf16244f579dae165.mp3,src/data/primaryHub/grade4.json,g4v1_u5#vocab[6].chunks[1],chunks.en
elevenlabs|el:lily|0.85||a knife and fork,a knife and fork,el:lily,0.85,https://audio.bigmooneducation.com/6a/6a6064437474969c6dd09ad95a9b74653fa6e4d513a8b3efecf58d0ba84e1b9a.mp3,https://degqpiiddkxcuzwombwp.supabase.co/storage/v1/object/public/tts-audio/6a/6a6064437474969c6dd09ad95a9b74653fa6e4d513a8b3efecf58d0ba84e1b9a.mp3,src/data/primaryHub/grade4.json,g4v1_u5#vocab[7].chunks[0],chunks.en
elevenlabs|el:lily|0.85||use a fork,use a fork,el:lily,0.85,https://audio.bigmooneducation.com/11/11c8e812ec534bb812bc7eaff250aba75d7118ccb2fc26a102b0e8f7b1afcfb8.mp3,https://degqpiiddkxcuzwombwp.supabase.co/storage/v1/object/public/tts-audio/11/11c8e812ec534bb812bc7eaff250aba75d7118ccb2fc26a102b0e8f7b1afcfb8.mp3,src/data/primaryHub/grade4.json,g4v1_u5#vocab[7].chunks[1],chunks.en
elevenlabs|el:lily|0.85||pass me the fork,pass me the fork,el:lily,0.85,https://audio.bigmooneducation.com/9f/9f89aab66ed5d4d0e99324d90ae6d58fc51c4be2ce78f4f9c1d15bf05f6985c9.mp3,https://degqpiiddkxcuzwombwp.supabase.co/storage/v1/object/public/tts-audio/9f/9f89aab66ed5d4d0e99324d90ae6d58fc51c4be2ce78f4f9c1d15bf05f6985c9.mp3,src/data/primaryHub/grade4.json,g4v1_u5#vocab[7].chunks[2],chunks.en
elevenlabs|el:lily|0.85||cut with a knife,cut with a knife,el:lily,0.85,https://audio.bigmooneducation.com/0b/0b7f9f0833778f1ccbea513e5e22cb0c6e7f3589b8bf93f818785a6d5f11d667.mp3,https://degqpiiddkxcuzwombwp.supabase.co/storage/v1/object/public/tts-audio/0b/0b7f9f0833778f1ccbea513e5e22cb0c6e7f3589b8bf93f818785a6d5f11d667.mp3,src/data/primaryHub/grade4.json,g4v1_u5#vocab[8].chunks[2],chunks.en
elevenlabs|el:lily|0.85||a small spoon,a small spoon,el:lily,0.85,https://audio.bigmooneducation.com/bd/bd42c7cca4d9d1afec50910940e6747f1171b0898af9b3a7554de07f7a895d40.mp3,https://degqpiiddkxcuzwombwp.supabase.co/storage/v1/object/public/tts-audio/bd/bd42c7cca4d9d1afec50910940e6747f1171b0898af9b3a7554de07f7a895d40.mp3,src/data/primaryHub/grade4.json,g4v1_u5#vocab[9].chunks[0],chunks.en
elevenlabs|el:lily|0.85||eat with a spoon,eat with a spoon,el:lily,0.85,https://audio.bigmooneducation.com/4f/4fa1ca69591119b85283ba01dd04dc96ee64a2bfcc63e6733ddeaccd7637b62e.mp3,https://degqpiiddkxcuzwombwp.supabase.co/storage/v1/object/public/tts-audio/4f/4fa1ca69591119b85283ba01dd04dc96ee64a2bfcc63e6733ddeaccd7637b62e.mp3,src/data/primaryHub/grade4.json,g4v1_u5#vocab[9].chunks[1],chunks.en
elevenlabs|el:lily|0.85||pass me the spoon,pass me the spoon,el:lily,0.85,https://audio.bigmooneducation.com/7b/7b314be339b787eb61a48a0dcf9e9da3fe782866ef506482ac9554f434b5bdd8.mp3,https://degqpiiddkxcuzwombwp.supabase.co/storage/v1/object/public/tts-audio/7b/7b314be339b787eb61a48a0dcf9e9da3fe782866ef506482ac9554f434b5bdd8.mp3,src/data/primaryHub/grade4.json,g4v1_u5#vocab[9].chunks[2],chunks.en
elevenlabs|el:lily|0.7||I'd like some beef and noodles.,I'd like some beef and noodles.,el:lily,0.7,https://audio.bigmooneducation.com/b0/b00e3cc45b0b4542e07e90e2e10d9d17fb37b094ab8bda0094c374a57c9ce2b7.mp3,https://degqpiiddkxcuzwombwp.supabase.co/storage/v1/object/public/tts-audio/b0/b00e3cc45b0b4542e07e90e2e10d9d17fb37b094ab8bda0094c374a57c9ce2b7.mp3,src/data/primaryHub/grade4.json,g4v1_u5#listening[0],listeningQuestions.audio@0.7
elevenlabs|el:lily|0.7||Would you like some soup?,Would you like some soup?,el:lily,0.7,https://audio.bigmooneducation.com/d7/d7caf3e30595b1395ea040daca4bed0bdf86fc97bf36dec118667bda6c2b4002.mp3,https://degqpiiddkxcuzwombwp.supabase.co/storage/v1/object/public/tts-audio/d7/d7caf3e30595b1395ea040daca4bed0bdf86fc97bf36dec118667bda6c2b4002.mp3,src/data/primaryHub/grade4.json,g4v1_u5#listening[1],listeningQuestions.audio@0.7
"elevenlabs|el:lily|0.7||Pass me the knife and fork, please.","Pass me the knife and fork, please.",el:lily,0.7,https://audio.bigmooneducation.com/32/328168b9079afeb22010ce63be6ea493352dea871558fabf1d9ee5cc40670410.mp3,https://degqpiiddkxcuzwombwp.supabase.co/storage/v1/object/public/tts-audio/32/328168b9079afeb22010ce63be6ea493352dea871558fabf1d9ee5cc40670410.mp3,src/data/primaryHub/grade4.json,g4v1_u5#listening[2],listeningQuestions.audio@0.7
elevenlabs|el:lily|0.85||my uncle,my uncle,el:lily,0.85,https://audio.bigmooneducation.com/f7/f7a97be87c662bd3800f0503914a5a3d792d59abfe6e792cde3d0585ee2a5e3d.mp3,https://degqpiiddkxcuzwombwp.supabase.co/storage/v1/object/public/tts-audio/f7/f7a97be87c662bd3800f0503914a5a3d792d59abfe6e792cde3d0585ee2a5e3d.mp3,src/data/primaryHub/grade4.json,g4v1_u6#vocab[2].chunks[0],chunks.en
elevenlabs|el:lily|0.85||a kind uncle,a kind uncle,el:lily,0.85,https://audio.bigmooneducation.com/3d/3dd29dfbce1156fb9f447881f5c769db4034de4e7b2e5eb20a209ce549f662bd.mp3,https://degqpiiddkxcuzwombwp.supabase.co/storage/v1/object/public/tts-audio/3d/3dd29dfbce1156fb9f447881f5c769db4034de4e7b2e5eb20a209ce549f662bd.mp3,src/data/primaryHub/grade4.json,g4v1_u6#vocab[2].chunks[1],chunks.en
elevenlabs|el:lily|0.85||my baby brother,my baby brother,el:lily,0.85,https://audio.bigmooneducation.com/3c/3cc30d4f6a131f8a6d61dc9afa57ff203884073bc419e06d50b651aea00ecef2.mp3,https://degqpiiddkxcuzwombwp.supabase.co/storage/v1/object/public/tts-audio/3c/3cc30d4f6a131f8a6d61dc9afa57ff203884073bc419e06d50b651aea00ecef2.mp3,src/data/primaryHub/grade4.json,g4v1_u6#vocab[4].chunks[0],chunks.en
elevenlabs|el:lily|0.85||a cute baby brother,a cute baby brother,el:lily,0.85,https://audio.bigmooneducation.com/ac/ac797b671c42861ef2d233cf8c059ea8172edd5d356aa31e5bbef2e02231ffa0.mp3,https://degqpiiddkxcuzwombwp.supabase.co/storage/v1/object/public/tts-audio/ac/ac797b671c42861ef2d233cf8c059ea8172edd5d356aa31e5bbef2e02231ffa0.mp3,src/data/primaryHub/grade4.json,g4v1_u6#vocab[4].chunks[1],chunks.en
elevenlabs|el:lily|0.85||a good doctor,a good doctor,el:lily,0.85,https://audio.bigmooneducation.com/c4/c4e89d21ec8613abd8c58cf2726609e35939d615540509516b6a40361204ab23.mp3,https://degqpiiddkxcuzwombwp.supabase.co/storage/v1/object/public/tts-audio/c4/c4e89d21ec8613abd8c58cf2726609e35939d615540509516b6a40361204ab23.mp3,src/data/primaryHub/grade4.json,g4v1_u6#vocab[5].chunks[0],chunks.en
elevenlabs|el:lily|0.85||be a doctor,be a doctor,el:lily,0.85,https://audio.bigmooneducation.com/34/34cb999432d263a7a92206c38f4283963da0b1af0eb83411744e4a30b074ce03.mp3,https://degqpiiddkxcuzwombwp.supabase.co/storage/v1/object/public/tts-audio/34/34cb999432d263a7a92206c38f4283963da0b1af0eb83411744e4a30b074ce03.mp3,src/data/primaryHub/grade4.json,g4v1_u6#vocab[5].chunks[2],chunks.en
elevenlabs|el:lily|0.85||a good cook,a good cook,el:lily,0.85,https://audio.bigmooneducation.com/f9/f99e2fb53a5b4dca7bc97831a98d95376b6474b1c0dd457de5c18f3c6be4c5d2.mp3,https://degqpiiddkxcuzwombwp.supabase.co/storage/v1/object/public/tts-audio/f9/f99e2fb53a5b4dca7bc97831a98d95376b6474b1c0dd457de5c18f3c6be4c5d2.mp3,src/data/primaryHub/grade4.json,g4v1_u6#vocab[6].chunks[0],chunks.en
elevenlabs|el:lily|0.85||be a cook,be a cook,el:lily,0.85,https://audio.bigmooneducation.com/83/83b66a0d354498594431642bf671cfa3bf23ba34021ccc35f5c52470027616d7.mp3,https://degqpiiddkxcuzwombwp.supabase.co/storage/v1/object/public/tts-audio/83/83b66a0d354498594431642bf671cfa3bf23ba34021ccc35f5c52470027616d7.mp3,src/data/primaryHub/grade4.json,g4v1_u6#vocab[6].chunks[1],chunks.en
elevenlabs|el:lily|0.85||a bus driver,a bus driver,el:lily,0.85,https://audio.bigmooneducation.com/df/df8055cebea53f668f0576f0e33125378e7a4834ceac56edf35cb08b5f1dd878.mp3,https://degqpiiddkxcuzwombwp.supabase.co/storage/v1/object/public/tts-audio/df/df8055cebea53f668f0576f0e33125378e7a4834ceac56edf35cb08b5f1dd878.mp3,src/data/primaryHub/grade4.json,g4v1_u6#vocab[7].chunks[0],chunks.en
elevenlabs|el:lily|0.85||a taxi driver,a taxi driver,el:lily,0.85,https://audio.bigmooneducation.com/88/88f485a2781b9f2dad6099f90fa9c71e417dfd3b889da6cffb896d5b0f4cb7db.mp3,https://degqpiiddkxcuzwombwp.supabase.co/storage/v1/object/public/tts-audio/88/88f485a2781b9f2dad6099f90fa9c71e417dfd3b889da6cffb896d5b0f4cb7db.mp3,src/data/primaryHub/grade4.json,g4v1_u6#vocab[7].chunks[1],chunks.en
elevenlabs|el:lily|0.85||be a driver,be a driver,el:lily,0.85,https://audio.bigmooneducation.com/e9/e9f4701b3a455eb7e8f08347a7d61cadaca6dee295d2fbd9dc6cdd9ef1e187c6.mp3,https://degqpiiddkxcuzwombwp.supabase.co/storage/v1/object/public/tts-audio/e9/e9f4701b3a455eb7e8f08347a7d61cadaca6dee295d2fbd9dc6cdd9ef1e187c6.mp3,src/data/primaryHub/grade4.json,g4v1_u6#vocab[7].chunks[2],chunks.en
elevenlabs|el:lily|0.85||be a farmer,be a farmer,el:lily,0.85,https://audio.bigmooneducation.com/96/96ac307f981ab27a38b338ed029e2346a9a9a6ef429d3687c2d5498dbca22d1f.mp3,https://degqpiiddkxcuzwombwp.supabase.co/storage/v1/object/public/tts-audio/96/96ac307f981ab27a38b338ed029e2346a9a9a6ef429d3687c2d5498dbca22d1f.mp3,src/data/primaryHub/grade4.json,g4v1_u6#vocab[8].chunks[1],chunks.en
elevenlabs|el:lily|0.85||a kind nurse,a kind nurse,el:lily,0.85,https://audio.bigmooneducation.com/9a/9af085c3c9b8fef39c836f45b911c99a2bd7142d6ad1404dba0b9bd826a30b9d.mp3,https://degqpiiddkxcuzwombwp.supabase.co/storage/v1/object/public/tts-audio/9a/9af085c3c9b8fef39c836f45b911c99a2bd7142d6ad1404dba0b9bd826a30b9d.mp3,src/data/primaryHub/grade4.json,g4v1_u6#vocab[9].chunks[0],chunks.en
elevenlabs|el:lily|0.85||be a nurse,be a nurse,el:lily,0.85,https://audio.bigmooneducation.com/99/99e43f352746517cb044aeadb252065c985ea7861f5ee62d21fd67c92672d2a8.mp3,https://degqpiiddkxcuzwombwp.supabase.co/storage/v1/object/public/tts-audio/99/99e43f352746517cb044aeadb252065c985ea7861f5ee62d21fd67c92672d2a8.mp3,src/data/primaryHub/grade4.json,g4v1_u6#vocab[9].chunks[1],chunks.en
elevenlabs|el:lily|0.7||My family has six people.,My family has six people.,el:lily,0.7,https://audio.bigmooneducation.com/95/957a07e437a0ef198672030ea620600d018fb3d714aeb70699fe54b87e88f3bc.mp3,https://degqpiiddkxcuzwombwp.supabase.co/storage/v1/object/public/tts-audio/95/957a07e437a0ef198672030ea620600d018fb3d714aeb70699fe54b87e88f3bc.mp3,src/data/primaryHub/grade4.json,g4v1_u6#listening[0],listeningQuestions.audio@0.7
elevenlabs|el:lily|0.7||Is this your uncle?,Is this your uncle?,el:lily,0.7,https://audio.bigmooneducation.com/ca/ca6d0993321354329e9d4599f82c48939048ff54acf728335df44f143f645350.mp3,https://degqpiiddkxcuzwombwp.supabase.co/storage/v1/object/public/tts-audio/ca/ca6d0993321354329e9d4599f82c48939048ff54acf728335df44f143f645350.mp3,src/data/primaryHub/grade4.json,g4v1_u6#listening[1],listeningQuestions.audio@0.7
elevenlabs|el:lily|0.7||She's a nurse.,She's a nurse.,el:lily,0.7,https://audio.bigmooneducation.com/04/044426f0ae583db701c0a328db38b9065db6c264a1c0c9b374efa8b64c0f5fd9.mp3,https://degqpiiddkxcuzwombwp.supabase.co/storage/v1/object/public/tts-audio/04/044426f0ae583db701c0a328db38b9065db6c264a1c0c9b374efa8b64c0f5fd9.mp3,src/data/primaryHub/grade4.json,g4v1_u6#listening[2],listeningQuestions.audio@0.7
elevenlabs|el:lily|0.85||the first floor of the building,the first floor of the building,el:lily,0.85,https://audio.bigmooneducation.com/6c/6c5276bf3ff685cb2fcd84c65c973da66fbaf872c49674d88bf638bda924dadc.mp3,https://degqpiiddkxcuzwombwp.supabase.co/storage/v1/object/public/tts-audio/6c/6c5276bf3ff685cb2fcd84c65c973da66fbaf872c49674d88bf638bda924dadc.mp3,src/data/primaryHub/grade4.json,g4v2_u1#vocab[0].chunks[1],chunks.en
elevenlabs|el:lily|0.85||on the second floor,on the second floor,el:lily,0.85,https://audio.bigmooneducation.com/e8/e8cae69a14af860e27f9ef425eb9a8b92f50d808ccce53beefc754995956f835.mp3,https://degqpiiddkxcuzwombwp.supabase.co/storage/v1/object/public/tts-audio/e8/e8cae69a14af860e27f9ef425eb9a8b92f50d808ccce53beefc754995956f835.mp3,src/data/primaryHub/grade4.json,g4v2_u1#vocab[1].chunks[0],chunks.en
elevenlabs|el:lily|0.85||go up to the second floor,go up to the second floor,el:lily,0.85,https://audio.bigmooneducation.com/64/64894c052b3d91445204f0aa5048d5ef42edb8b199a6d5d591c075b05ebd400f.mp3,https://degqpiiddkxcuzwombwp.supabase.co/storage/v1/object/public/tts-audio/64/64894c052b3d91445204f0aa5048d5ef42edb8b199a6d5d591c075b05ebd400f.mp3,src/data/primaryHub/grade4.json,g4v2_u1#vocab[1].chunks[1],chunks.en
elevenlabs|el:lily|0.85||go to the teachers' office,go to the teachers' office,el:lily,0.85,https://audio.bigmooneducation.com/df/df169abc6676672f821fad4e39ab4c3d878a8c6e9dbc8a1c7d2ac4bc255ef783.mp3,https://degqpiiddkxcuzwombwp.supabase.co/storage/v1/object/public/tts-audio/df/df169abc6676672f821fad4e39ab4c3d878a8c6e9dbc8a1c7d2ac4bc255ef783.mp3,src/data/primaryHub/grade4.json,g4v2_u1#vocab[2].chunks[1],chunks.en
elevenlabs|el:lily|0.85||the school library,the school library,el:lily,0.85,https://audio.bigmooneducation.com/c5/c5b3b880add1eaa39b16317062e4a03f0fb5b4391a4b20cc8282875ece7ff6ff.mp3,https://degqpiiddkxcuzwombwp.supabase.co/storage/v1/object/public/tts-audio/c5/c5b3b880add1eaa39b16317062e4a03f0fb5b4391a4b20cc8282875ece7ff6ff.mp3,src/data/primaryHub/grade4.json,g4v2_u1#vocab[3].chunks[0],chunks.en
elevenlabs|el:lily|0.85||books in the library,books in the library,el:lily,0.85,https://audio.bigmooneducation.com/a5/a5a3b4c2207a00d93e0f0d33e0575bf6ddd942099f90db36656c15f7a1ebf060.mp3,https://degqpiiddkxcuzwombwp.supabase.co/storage/v1/object/public/tts-audio/a5/a5a3b4c2207a00d93e0f0d33e0575bf6ddd942099f90db36656c15f7a1ebf060.mp3,src/data/primaryHub/grade4.json,g4v2_u1#vocab[3].chunks[1],chunks.en
elevenlabs|el:lily|0.85||on the playground,on the playground,el:lily,0.85,https://audio.bigmooneducation.com/5c/5cee8b5e177aaf95bbc942269bdac844798b4788f0fb16fa3d4354c936230c63.mp3,https://degqpiiddkxcuzwombwp.supabase.co/storage/v1/object/public/tts-audio/5c/5cee8b5e177aaf95bbc942269bdac844798b4788f0fb16fa3d4354c936230c63.mp3,src/data/primaryHub/grade4.json,g4v2_u1#vocab[4].chunks[0],chunks.en
elevenlabs|el:lily|0.85||play on the playground,play on the playground,el:lily,0.85,https://audio.bigmooneducation.com/80/80d671cf8bc2c4ddf6b22a7fcf20193bec31d9a9f378140841e82f488a81e605.mp3,https://degqpiiddkxcuzwombwp.supabase.co/storage/v1/object/public/tts-audio/80/80d671cf8bc2c4ddf6b22a7fcf20193bec31d9a9f378140841e82f488a81e605.mp3,src/data/primaryHub/grade4.json,g4v2_u1#vocab[4].chunks[1],chunks.en
elevenlabs|el:lily|0.85||the computer room,the computer room,el:lily,0.85,https://audio.bigmooneducation.com/0c/0c7bf1800729a052423d1049f1a02d1c36425f18ec54fc7c2ba7add4838c7b25.mp3,https://degqpiiddkxcuzwombwp.supabase.co/storage/v1/object/public/tts-audio/0c/0c7bf1800729a052423d1049f1a02d1c36425f18ec54fc7c2ba7add4838c7b25.mp3,src/data/primaryHub/grade4.json,g4v2_u1#vocab[5].chunks[0],chunks.en
elevenlabs|el:lily|0.85||go to the computer room,go to the computer room,el:lily,0.85,https://audio.bigmooneducation.com/51/51e56e783377e076825e23cd5440fe962101ebbb7d42370381f38944a9de6e12.mp3,https://degqpiiddkxcuzwombwp.supabase.co/storage/v1/object/public/tts-audio/51/51e56e783377e076825e23cd5440fe962101ebbb7d42370381f38944a9de6e12.mp3,src/data/primaryHub/grade4.json,g4v2_u1#vocab[5].chunks[1],chunks.en
elevenlabs|el:lily|0.85||the music room,the music room,el:lily,0.85,https://audio.bigmooneducation.com/c5/c5f57abca3ffae0584ff5a75849d9ae2fecfb39b88dce145ebb6bd774b45acb6.mp3,https://degqpiiddkxcuzwombwp.supabase.co/storage/v1/object/public/tts-audio/c5/c5f57abca3ffae0584ff5a75849d9ae2fecfb39b88dce145ebb6bd774b45acb6.mp3,src/data/primaryHub/grade4.json,g4v2_u1#vocab[7].chunks[0],chunks.en
elevenlabs|el:lily|0.85||sing in the music room,sing in the music room,el:lily,0.85,https://audio.bigmooneducation.com/c2/c2f6cef0020663306469c8f2c0a21107381df76ab812e152a6dd12775fbcef61.mp3,https://degqpiiddkxcuzwombwp.supabase.co/storage/v1/object/public/tts-audio/c2/c2f6cef0020663306469c8f2c0a21107381df76ab812e152a6dd12775fbcef61.mp3,src/data/primaryHub/grade4.json,g4v2_u1#vocab[7].chunks[1],chunks.en
elevenlabs|el:lily|0.85||do my homework,do my homework,el:lily,0.85,https://audio.bigmooneducation.com/0d/0da318c0c8b1af8661135228c77a0d81720fe4a3da73bc5667818ce72d5b25bd.mp3,https://degqpiiddkxcuzwombwp.supabase.co/storage/v1/object/public/tts-audio/0d/0da318c0c8b1af8661135228c77a0d81720fe4a3da73bc5667818ce72d5b25bd.mp3,src/data/primaryHub/grade4.json,g4v2_u1#vocab[9].chunks[0],chunks.en
elevenlabs|el:lily|0.85||in our class,in our class,el:lily,0.85,https://audio.bigmooneducation.com/2d/2de1ba9b256c9af0f05310845c8b69a5fc581b06b4c30302992d05f209341a35.mp3,https://degqpiiddkxcuzwombwp.supabase.co/storage/v1/object/public/tts-audio/2d/2de1ba9b256c9af0f05310845c8b69a5fc581b06b4c30302992d05f209341a35.mp3,src/data/primaryHub/grade4.json,g4v2_u1#vocab[10].chunks[0],chunks.en
elevenlabs|el:lily|0.85||a big class,a big class,el:lily,0.85,https://audio.bigmooneducation.com/d1/d1b04265573bead7c72952eb5158ca3a455064791de8a572f38dbc928ae196b4.mp3,https://degqpiiddkxcuzwombwp.supabase.co/storage/v1/object/public/tts-audio/d1/d1b04265573bead7c72952eb5158ca3a455064791de8a572f38dbc928ae196b4.mp3,src/data/primaryHub/grade4.json,g4v2_u1#vocab[10].chunks[1],chunks.en
elevenlabs|el:lily|0.85||forty students,forty students,el:lily,0.85,https://audio.bigmooneducation.com/ae/aede6daa3acb908cdd1442825d295a8c7f8822e35acdee49c64d1bb3880b543b.mp3,https://degqpiiddkxcuzwombwp.supabase.co/storage/v1/object/public/tts-audio/ae/aede6daa3acb908cdd1442825d295a8c7f8822e35acdee49c64d1bb3880b543b.mp3,src/data/primaryHub/grade4.json,g4v2_u1#vocab[11].chunks[0],chunks.en
elevenlabs|el:lily|0.85||forty-five students,forty-five students,el:lily,0.85,https://audio.bigmooneducation.com/e2/e2ecf86514fdfe9acbec1acad1d4e4a6e2455d14761d669719976e3799248af9.mp3,https://degqpiiddkxcuzwombwp.supabase.co/storage/v1/object/public/tts-audio/e2/e2ecf86514fdfe9acbec1acad1d4e4a6e2455d14761d669719976e3799248af9.mp3,src/data/primaryHub/grade4.json,g4v2_u1#vocab[11].chunks[1],chunks.en
elevenlabs|el:lily|0.85||on the way,on the way,el:lily,0.85,https://audio.bigmooneducation.com/12/129f29458afc6ee2616c8b569d3d648f7f332893bd03e2018afecb2b92a88190.mp3,https://degqpiiddkxcuzwombwp.supabase.co/storage/v1/object/public/tts-audio/12/129f29458afc6ee2616c8b569d3d648f7f332893bd03e2018afecb2b92a88190.mp3,src/data/primaryHub/grade4.json,g4v2_u1#vocab[12].chunks[0],chunks.en
"elevenlabs|el:lily|0.85||this way, please","this way, please",el:lily,0.85,https://audio.bigmooneducation.com/a5/a5afaa6262e5b16b83ce806b0090149c9f1bf3cc9c383acc46c74393163b3f3a.mp3,https://degqpiiddkxcuzwombwp.supabase.co/storage/v1/object/public/tts-audio/a5/a5afaa6262e5b16b83ce806b0090149c9f1bf3cc9c383acc46c74393163b3f3a.mp3,src/data/primaryHub/grade4.json,g4v2_u1#vocab[12].chunks[1],chunks.en
elevenlabs|el:lily|0.85||Hi. Is this the teachers' office?,Hi. Is this the teachers' office?,el:lily,0.85,https://audio.bigmooneducation.com/c8/c8b7261b98de08702bdfa861478b6f2db67e666d5f8608338199e80e67181722.mp3,https://degqpiiddkxcuzwombwp.supabase.co/storage/v1/object/public/tts-audio/c8/c8b7261b98de08702bdfa861478b6f2db67e666d5f8608338199e80e67181722.mp3,src/data/primaryHub/grade4.json,g4v2_u1#dialogue.A Let's talk.a3,dialogues.lines.text
elevenlabs|el:lily|0.85||It's so big! How many students are there in your class?,It's so big! How many students are there in your class?,el:lily,0.85,https://audio.bigmooneducation.com/16/16e087c6b335b5724397146adec7f9d255160827ec1a1ecd18bdcc3f6f163740.mp3,https://degqpiiddkxcuzwombwp.supabase.co/storage/v1/object/public/tts-audio/16/16e087c6b335b5724397146adec7f9d255160827ec1a1ecd18bdcc3f6f163740.mp3,src/data/primaryHub/grade4.json,g4v2_u1#dialogue.B Let's talk.a1,dialogues.lines.text
elevenlabs|el:lily|0.85||have breakfast,have breakfast,el:lily,0.85,https://audio.bigmooneducation.com/41/41f6ceeab56b2e85aba82e3d739fd5068d08c7967610b7f950b8cb99cb0286ec.mp3,https://degqpiiddkxcuzwombwp.supabase.co/storage/v1/object/public/tts-audio/41/41f6ceeab56b2e85aba82e3d739fd5068d08c7967610b7f950b8cb99cb0286ec.mp3,src/data/primaryHub/grade4.json,g4v2_u2#vocab[0].chunks[0],chunks.en
elevenlabs|el:lily|0.85||time for breakfast,time for breakfast,el:lily,0.85,https://audio.bigmooneducation.com/5b/5bbd6ffcf5b43292f34deccae650d040aa63b51c5010bd6f4e1cc58d3066888d.mp3,https://degqpiiddkxcuzwombwp.supabase.co/storage/v1/object/public/tts-audio/5b/5bbd6ffcf5b43292f34deccae650d040aa63b51c5010bd6f4e1cc58d3066888d.mp3,src/data/primaryHub/grade4.json,g4v2_u2#vocab[0].chunks[1],chunks.en
elevenlabs|el:lily|0.85||have lunch,have lunch,el:lily,0.85,https://audio.bigmooneducation.com/cf/cf782cc072fe8a08dc08c6ba1c7e5967ade5427907edb349c88eea9381f3a70a.mp3,https://degqpiiddkxcuzwombwp.supabase.co/storage/v1/object/public/tts-audio/cf/cf782cc072fe8a08dc08c6ba1c7e5967ade5427907edb349c88eea9381f3a70a.mp3,src/data/primaryHub/grade4.json,g4v2_u2#vocab[1].chunks[0],chunks.en
elevenlabs|el:lily|0.85||time for lunch,time for lunch,el:lily,0.85,https://audio.bigmooneducation.com/4f/4ffe91eaa772bf48dfe2174c366238efc0abbb667901518633d22430b12c2f99.mp3,https://degqpiiddkxcuzwombwp.supabase.co/storage/v1/object/public/tts-audio/4f/4ffe91eaa772bf48dfe2174c366238efc0abbb667901518633d22430b12c2f99.mp3,src/data/primaryHub/grade4.json,g4v2_u2#vocab[1].chunks[1],chunks.en
elevenlabs|el:lily|0.85||have dinner,have dinner,el:lily,0.85,https://audio.bigmooneducation.com/ac/ac288e61d79a7de853b589826d06372a8bb018a1352451f062c7ecb2c7e9a852.mp3,https://degqpiiddkxcuzwombwp.supabase.co/storage/v1/object/public/tts-audio/ac/ac288e61d79a7de853b589826d06372a8bb018a1352451f062c7ecb2c7e9a852.mp3,src/data/primaryHub/grade4.json,g4v2_u2#vocab[2].chunks[0],chunks.en
elevenlabs|el:lily|0.85||a big dinner,a big dinner,el:lily,0.85,https://audio.bigmooneducation.com/67/674837ae5d6a6f58d2e7d5c2e03885e67a69170d5e8362bd48184ba416895335.mp3,https://degqpiiddkxcuzwombwp.supabase.co/storage/v1/object/public/tts-audio/67/674837ae5d6a6f58d2e7d5c2e03885e67a69170d5e8362bd48184ba416895335.mp3,src/data/primaryHub/grade4.json,g4v2_u2#vocab[2].chunks[1],chunks.en
elevenlabs|el:lily|0.85||have a music class,have a music class,el:lily,0.85,https://audio.bigmooneducation.com/0e/0e2fc56da4dbad11f9acee45375466917d24175db1c3746baae3e45ab50c5d3b.mp3,https://degqpiiddkxcuzwombwp.supabase.co/storage/v1/object/public/tts-audio/0e/0e2fc56da4dbad11f9acee45375466917d24175db1c3746baae3e45ab50c5d3b.mp3,src/data/primaryHub/grade4.json,g4v2_u2#vocab[4].chunks[0],chunks.en
elevenlabs|el:lily|0.85||time for music class,time for music class,el:lily,0.85,https://audio.bigmooneducation.com/a1/a10ee5ef2ca6115ec02042e3f5d2afe9c13aec8a6054c80360c52db6c19fe6bc.mp3,https://degqpiiddkxcuzwombwp.supabase.co/storage/v1/object/public/tts-audio/a1/a10ee5ef2ca6115ec02042e3f5d2afe9c13aec8a6054c80360c52db6c19fe6bc.mp3,src/data/primaryHub/grade4.json,g4v2_u2#vocab[4].chunks[1],chunks.en
elevenlabs|el:lily|0.85||have a PE class,have a PE class,el:lily,0.85,https://audio.bigmooneducation.com/9a/9ab2b7fd9293452caf120bbd029421a4d15bb29a854da7245332a5cbbfe3eecd.mp3,https://degqpiiddkxcuzwombwp.supabase.co/storage/v1/object/public/tts-audio/9a/9ab2b7fd9293452caf120bbd029421a4d15bb29a854da7245332a5cbbfe3eecd.mp3,src/data/primaryHub/grade4.json,g4v2_u2#vocab[5].chunks[0],chunks.en
elevenlabs|el:lily|0.85||time for PE class,time for PE class,el:lily,0.85,https://audio.bigmooneducation.com/f0/f00a1aaed6a47d731183f1d14edf3f7de2a2cbdd7f6cdb8b033cd23e15da1386.mp3,https://degqpiiddkxcuzwombwp.supabase.co/storage/v1/object/public/tts-audio/f0/f00a1aaed6a47d731183f1d14edf3f7de2a2cbdd7f6cdb8b033cd23e15da1386.mp3,src/data/primaryHub/grade4.json,g4v2_u2#vocab[5].chunks[1],chunks.en
elevenlabs|el:lily|0.85||go home now,go home now,el:lily,0.85,https://audio.bigmooneducation.com/cb/cba7081f1ae1721604ca337d9fe98ed7a1c8cfde7e5336db7edc1ac370e38727.mp3,https://degqpiiddkxcuzwombwp.supabase.co/storage/v1/object/public/tts-audio/cb/cba7081f1ae1721604ca337d9fe98ed7a1c8cfde7e5336db7edc1ac370e38727.mp3,src/data/primaryHub/grade4.json,g4v2_u2#vocab[8].chunks[0],chunks.en
elevenlabs|el:lily|0.85||time to go home,time to go home,el:lily,0.85,https://audio.bigmooneducation.com/e4/e43e9d1381d3047b4cfc9b1b618dd2e8081d4c3fb843d08bddedb35b0f93e154.mp3,https://degqpiiddkxcuzwombwp.supabase.co/storage/v1/object/public/tts-audio/e4/e43e9d1381d3047b4cfc9b1b618dd2e8081d4c3fb843d08bddedb35b0f93e154.mp3,src/data/primaryHub/grade4.json,g4v2_u2#vocab[8].chunks[1],chunks.en
elevenlabs|el:lily|0.85||time to go to bed,time to go to bed,el:lily,0.85,https://audio.bigmooneducation.com/65/65b4fca856c58e78d471ee4c3fbc5c65ffb7c63c216125c17ae4fefe9d6190fb.mp3,https://degqpiiddkxcuzwombwp.supabase.co/storage/v1/object/public/tts-audio/65/65b4fca856c58e78d471ee4c3fbc5c65ffb7c63c216125c17ae4fefe9d6190fb.mp3,src/data/primaryHub/grade4.json,g4v2_u2#vocab[9].chunks[1],chunks.en
elevenlabs|el:lily|0.85||right now,right now,el:lily,0.85,https://audio.bigmooneducation.com/d3/d312fc78e51e215711d2e4d950f6d0005442a1e6d557f658203bfbb1a6533194.mp3,https://degqpiiddkxcuzwombwp.supabase.co/storage/v1/object/public/tts-audio/d3/d312fc78e51e215711d2e4d950f6d0005442a1e6d557f658203bfbb1a6533194.mp3,src/data/primaryHub/grade4.json,g4v2_u2#vocab[11].chunks[0],chunks.en
elevenlabs|el:lily|0.85||School is over.,School is over.,el:lily,0.85,https://audio.bigmooneducation.com/23/23b0b894fa81553d3525d249eeda4ba37eedb70474ac5831d894d29acdbcefd9.mp3,https://degqpiiddkxcuzwombwp.supabase.co/storage/v1/object/public/tts-audio/23/23b0b894fa81553d3525d249eeda4ba37eedb70474ac5831d894d29acdbcefd9.mp3,src/data/primaryHub/grade4.json,g4v2_u2#vocab[12].chunks[0],chunks.en
elevenlabs|el:lily|0.85||The class is over.,The class is over.,el:lily,0.85,https://audio.bigmooneducation.com/8d/8dbc31fd3db699a83702e7d6fcf004da458296a85fc4eb0b93117707dab911c5.mp3,https://degqpiiddkxcuzwombwp.supabase.co/storage/v1/object/public/tts-audio/8d/8dbc31fd3db699a83702e7d6fcf004da458296a85fc4eb0b93117707dab911c5.mp3,src/data/primaryHub/grade4.json,g4v2_u2#vocab[12].chunks[1],chunks.en
elevenlabs|el:lily|0.85||a little kid,a little kid,el:lily,0.85,https://audio.bigmooneducation.com/6f/6f7075bfe5d36332a80b33bdac9e9520de1f4b982691d6299a61ccc29aae6192.mp3,https://degqpiiddkxcuzwombwp.supabase.co/storage/v1/object/public/tts-audio/6f/6f7075bfe5d36332a80b33bdac9e9520de1f4b982691d6299a61ccc29aae6192.mp3,src/data/primaryHub/grade4.json,g4v2_u2#vocab[13].chunks[0],chunks.en
"elevenlabs|el:lily|0.85||come on, kids","come on, kids",el:lily,0.85,https://audio.bigmooneducation.com/95/9572999dcd56a28535445f00533a48aa0cbfeabb7085090f217ac7590f794eef.mp3,https://degqpiiddkxcuzwombwp.supabase.co/storage/v1/object/public/tts-audio/95/9572999dcd56a28535445f00533a48aa0cbfeabb7085090f217ac7590f794eef.mp3,src/data/primaryHub/grade4.json,g4v2_u2#vocab[13].chunks[1],chunks.en
elevenlabs|el:lily|0.85||thirty minutes,thirty minutes,el:lily,0.85,https://audio.bigmooneducation.com/01/01daf7abe5bebe8e6550245768856099e1793c44feb191a0af13de3774badc79.mp3,https://degqpiiddkxcuzwombwp.supabase.co/storage/v1/object/public/tts-audio/01/01daf7abe5bebe8e6550245768856099e1793c44feb191a0af13de3774badc79.mp3,src/data/primaryHub/grade4.json,g4v2_u2#vocab[14].chunks[0],chunks.en
elevenlabs|el:lily|0.85||six thirty,six thirty,el:lily,0.85,https://audio.bigmooneducation.com/6f/6f2ef158f8e0b82b0abf813dbfa514e042ff26481d6d3184419ac3dc3f26099f.mp3,https://degqpiiddkxcuzwombwp.supabase.co/storage/v1/object/public/tts-audio/6f/6f2ef158f8e0b82b0abf813dbfa514e042ff26481d6d3184419ac3dc3f26099f.mp3,src/data/primaryHub/grade4.json,g4v2_u2#vocab[14].chunks[1],chunks.en
"elevenlabs|el:lily|0.85||hurry up, please","hurry up, please",el:lily,0.85,https://audio.bigmooneducation.com/ba/ba2d88562979722b5715cde277d90e05b957eea332124f7edd04c14f3bfb3c6d.mp3,https://degqpiiddkxcuzwombwp.supabase.co/storage/v1/object/public/tts-audio/ba/ba2d88562979722b5715cde277d90e05b957eea332124f7edd04c14f3bfb3c6d.mp3,src/data/primaryHub/grade4.json,g4v2_u2#vocab[15].chunks[1],chunks.en
elevenlabs|el:lily|0.85||Just a minute!,Just a minute!,el:lily,0.85,https://audio.bigmooneducation.com/28/282a655814ceb59cfa4effe8f21666d272104f010f005f6d799e4c1528cd5eed.mp3,https://degqpiiddkxcuzwombwp.supabase.co/storage/v1/object/public/tts-audio/28/282a655814ceb59cfa4effe8f21666d272104f010f005f6d799e4c1528cd5eed.mp3,src/data/primaryHub/grade4.json,g4v2_u2#vocab[17].chunks[0],chunks.en
elevenlabs|el:lily|0.85||wait just a minute,wait just a minute,el:lily,0.85,https://audio.bigmooneducation.com/f9/f9ff90e9687cd5897f86fcb18f328b8f946531f4f9f4399a6652b928665242e1.mp3,https://degqpiiddkxcuzwombwp.supabase.co/storage/v1/object/public/tts-audio/f9/f9ff90e9687cd5897f86fcb18f328b8f946531f4f9f4399a6652b928665242e1.mp3,src/data/primaryHub/grade4.json,g4v2_u2#vocab[17].chunks[1],chunks.en
elevenlabs|el:lily|0.7||It's 7 o'clock. It's time to get up.,It's 7 o'clock. It's time to get up.,el:lily,0.7,https://audio.bigmooneducation.com/72/72be66ae3bd78d988cea07e2ea22948cd23ff3c6457dc5c9209ea5e4f80f8901.mp3,https://degqpiiddkxcuzwombwp.supabase.co/storage/v1/object/public/tts-audio/72/72be66ae3bd78d988cea07e2ea22948cd23ff3c6457dc5c9209ea5e4f80f8901.mp3,src/data/primaryHub/grade4.json,g4v2_u2#listening[1],listeningQuestions.audio@0.7
elevenlabs|el:lily|0.7||Hurry up! It's time for breakfast.,Hurry up! It's time for breakfast.,el:lily,0.7,https://audio.bigmooneducation.com/dd/dde8130ded71b0c23abc485faff5c2b356ba43f4c4dfd1637f5fdf46cfa1c096.mp3,https://degqpiiddkxcuzwombwp.supabase.co/storage/v1/object/public/tts-audio/dd/dde8130ded71b0c23abc485faff5c2b356ba43f4c4dfd1637f5fdf46cfa1c096.mp3,src/data/primaryHub/grade4.json,g4v2_u2#listening[7],listeningQuestions.audio@0.7
elevenlabs|el:lily|0.85||It's cold today.,It's cold today.,el:lily,0.85,https://audio.bigmooneducation.com/9c/9cad137666146ea2ee69fc20e5298293f403d597c82c08491eda30ea98334d7d.mp3,https://degqpiiddkxcuzwombwp.supabase.co/storage/v1/object/public/tts-audio/9c/9cad137666146ea2ee69fc20e5298293f403d597c82c08491eda30ea98334d7d.mp3,src/data/primaryHub/grade4.json,g4v2_u3#vocab[0].chunks[0],chunks.en
elevenlabs|el:lily|0.85||cold water,cold water,el:lily,0.85,https://audio.bigmooneducation.com/96/9623facf6d148e3f56be1e17cf9a84aa61f3e7f6d2fe3f5a5d332712a74acb15.mp3,https://degqpiiddkxcuzwombwp.supabase.co/storage/v1/object/public/tts-audio/96/9623facf6d148e3f56be1e17cf9a84aa61f3e7f6d2fe3f5a5d332712a74acb15.mp3,src/data/primaryHub/grade4.json,g4v2_u3#vocab[0].chunks[1],chunks.en
elevenlabs|el:lily|0.85||a cool day,a cool day,el:lily,0.85,https://audio.bigmooneducation.com/0f/0fd736601ad98dd6c8ec9bc3b3dcdeb242619bdcb6f18f74e313997b0bad42ea.mp3,https://degqpiiddkxcuzwombwp.supabase.co/storage/v1/object/public/tts-audio/0f/0fd736601ad98dd6c8ec9bc3b3dcdeb242619bdcb6f18f74e313997b0bad42ea.mp3,src/data/primaryHub/grade4.json,g4v2_u3#vocab[1].chunks[0],chunks.en
elevenlabs|el:lily|0.85||cool and windy,cool and windy,el:lily,0.85,https://audio.bigmooneducation.com/e7/e7e753a9be4bf13d51de224fb62884c2f38b4ab78170d41916d004ce293ccd62.mp3,https://degqpiiddkxcuzwombwp.supabase.co/storage/v1/object/public/tts-audio/e7/e7e753a9be4bf13d51de224fb62884c2f38b4ab78170d41916d004ce293ccd62.mp3,src/data/primaryHub/grade4.json,g4v2_u3#vocab[1].chunks[1],chunks.en
elevenlabs|el:lily|0.85||warm weather,warm weather,el:lily,0.85,https://audio.bigmooneducation.com/ee/eeee630f20dd642c31edbe83cae2e89b96ad4a3f1d4926d7725f6480284e94d4.mp3,https://degqpiiddkxcuzwombwp.supabase.co/storage/v1/object/public/tts-audio/ee/eeee630f20dd642c31edbe83cae2e89b96ad4a3f1d4926d7725f6480284e94d4.mp3,src/data/primaryHub/grade4.json,g4v2_u3#vocab[2].chunks[0],chunks.en
elevenlabs|el:lily|0.85||sunny and warm,sunny and warm,el:lily,0.85,https://audio.bigmooneducation.com/cc/cc9aa7cc923ec9ba59ea268ab86718a678d2cd9d82e236b7907da58578040f7e.mp3,https://degqpiiddkxcuzwombwp.supabase.co/storage/v1/object/public/tts-audio/cc/cc9aa7cc923ec9ba59ea268ab86718a678d2cd9d82e236b7907da58578040f7e.mp3,src/data/primaryHub/grade4.json,g4v2_u3#vocab[2].chunks[1],chunks.en
elevenlabs|el:lily|0.85||a hot day,a hot day,el:lily,0.85,https://audio.bigmooneducation.com/aa/aa79e534075dd38b09c279ab693c693a43d10c8d337b453a33b7e8fff3fc041a.mp3,https://degqpiiddkxcuzwombwp.supabase.co/storage/v1/object/public/tts-audio/aa/aa79e534075dd38b09c279ab693c693a43d10c8d337b453a33b7e8fff3fc041a.mp3,src/data/primaryHub/grade4.json,g4v2_u3#vocab[3].chunks[0],chunks.en
elevenlabs|el:lily|0.85||hot soup,hot soup,el:lily,0.85,https://audio.bigmooneducation.com/94/942636c18c9148b397d0cfbcc45b878a7f2c56f8844d2f56e94a0cd91ed0c358.mp3,https://degqpiiddkxcuzwombwp.supabase.co/storage/v1/object/public/tts-audio/94/942636c18c9148b397d0cfbcc45b878a7f2c56f8844d2f56e94a0cd91ed0c358.mp3,src/data/primaryHub/grade4.json,g4v2_u3#vocab[3].chunks[1],chunks.en
elevenlabs|el:lily|0.85||a sunny day,a sunny day,el:lily,0.85,https://audio.bigmooneducation.com/f8/f8598181115465a617540dc3bdabc08dee89ecf59aeb014730be7bf44e805b14.mp3,https://degqpiiddkxcuzwombwp.supabase.co/storage/v1/object/public/tts-audio/f8/f8598181115465a617540dc3bdabc08dee89ecf59aeb014730be7bf44e805b14.mp3,src/data/primaryHub/grade4.json,g4v2_u3#vocab[4].chunks[0],chunks.en
elevenlabs|el:lily|0.85||It's sunny.,It's sunny.,el:lily,0.85,https://audio.bigmooneducation.com/b8/b824cf11a83075e0e92c7e4fa10c2e5325094738ed2e0e015dbfcb61833da2cf.mp3,https://degqpiiddkxcuzwombwp.supabase.co/storage/v1/object/public/tts-audio/b8/b824cf11a83075e0e92c7e4fa10c2e5325094738ed2e0e015dbfcb61833da2cf.mp3,src/data/primaryHub/grade4.json,g4v2_u3#vocab[4].chunks[1],chunks.en
elevenlabs|el:lily|0.85||a windy day,a windy day,el:lily,0.85,https://audio.bigmooneducation.com/06/06a2d104482e25b26a90233c2e2caed74eea9f6d4681c7c6aeb86ef0718aee41.mp3,https://degqpiiddkxcuzwombwp.supabase.co/storage/v1/object/public/tts-audio/06/06a2d104482e25b26a90233c2e2caed74eea9f6d4681c7c6aeb86ef0718aee41.mp3,src/data/primaryHub/grade4.json,g4v2_u3#vocab[5].chunks[0],chunks.en
elevenlabs|el:lily|0.85||It's windy.,It's windy.,el:lily,0.85,https://audio.bigmooneducation.com/28/28e6e035ff267ef04b8a43a2ce09a30468460a183cde81b353770fbc030011e1.mp3,https://degqpiiddkxcuzwombwp.supabase.co/storage/v1/object/public/tts-audio/28/28e6e035ff267ef04b8a43a2ce09a30468460a183cde81b353770fbc030011e1.mp3,src/data/primaryHub/grade4.json,g4v2_u3#vocab[5].chunks[1],chunks.en
elevenlabs|el:lily|0.85||a cloudy day,a cloudy day,el:lily,0.85,https://audio.bigmooneducation.com/4f/4f6b15679f2c4d605720ba21449c67565594c2b89ae2f227ab07fc2197a2c00b.mp3,https://degqpiiddkxcuzwombwp.supabase.co/storage/v1/object/public/tts-audio/4f/4f6b15679f2c4d605720ba21449c67565594c2b89ae2f227ab07fc2197a2c00b.mp3,src/data/primaryHub/grade4.json,g4v2_u3#vocab[6].chunks[0],chunks.en
elevenlabs|el:lily|0.85||It's cloudy.,It's cloudy.,el:lily,0.85,https://audio.bigmooneducation.com/5e/5ec2f40bc1c2b73293393e321920bca34f15d81c927bf2fb2e25b5f8852f50be.mp3,https://degqpiiddkxcuzwombwp.supabase.co/storage/v1/object/public/tts-audio/5e/5ec2f40bc1c2b73293393e321920bca34f15d81c927bf2fb2e25b5f8852f50be.mp3,src/data/primaryHub/grade4.json,g4v2_u3#vocab[6].chunks[1],chunks.en
elevenlabs|el:lily|0.85||a snowy day,a snowy day,el:lily,0.85,https://audio.bigmooneducation.com/37/3720285a986c55e274286f5c0a412d7451673a6bf47fde4696949479c07a9b11.mp3,https://degqpiiddkxcuzwombwp.supabase.co/storage/v1/object/public/tts-audio/37/3720285a986c55e274286f5c0a412d7451673a6bf47fde4696949479c07a9b11.mp3,src/data/primaryHub/grade4.json,g4v2_u3#vocab[7].chunks[0],chunks.en
elevenlabs|el:lily|0.85||cold and snowy,cold and snowy,el:lily,0.85,https://audio.bigmooneducation.com/d7/d70e39ea8852d426ac5ea39b757a49f368610df40eee2b1c637691434466ccb8.mp3,https://degqpiiddkxcuzwombwp.supabase.co/storage/v1/object/public/tts-audio/d7/d70e39ea8852d426ac5ea39b757a49f368610df40eee2b1c637691434466ccb8.mp3,src/data/primaryHub/grade4.json,g4v2_u3#vocab[7].chunks[1],chunks.en
elevenlabs|el:lily|0.85||a rainy day,a rainy day,el:lily,0.85,https://audio.bigmooneducation.com/08/089bb23d675e3cc1a1baa19cc6f7c89891878726a530bae899e6498a8a23da15.mp3,https://degqpiiddkxcuzwombwp.supabase.co/storage/v1/object/public/tts-audio/08/089bb23d675e3cc1a1baa19cc6f7c89891878726a530bae899e6498a8a23da15.mp3,src/data/primaryHub/grade4.json,g4v2_u3#vocab[8].chunks[0],chunks.en
elevenlabs|el:lily|0.85||rainy and cool,rainy and cool,el:lily,0.85,https://audio.bigmooneducation.com/5e/5e5337966f0eee06f0aa74f1663cb8ba94c99e8472a285c0fbdd9148fb178a8e.mp3,https://degqpiiddkxcuzwombwp.supabase.co/storage/v1/object/public/tts-audio/5e/5e5337966f0eee06f0aa74f1663cb8ba94c99e8472a285c0fbdd9148fb178a8e.mp3,src/data/primaryHub/grade4.json,g4v2_u3#vocab[8].chunks[1],chunks.en
elevenlabs|el:lily|0.85||go outside,go outside,el:lily,0.85,https://audio.bigmooneducation.com/7c/7c9a89762ff9756f984c094c16fc0340f47352bcc2f751f08847aa668a5dffdc.mp3,https://degqpiiddkxcuzwombwp.supabase.co/storage/v1/object/public/tts-audio/7c/7c9a89762ff9756f984c094c16fc0340f47352bcc2f751f08847aa668a5dffdc.mp3,src/data/primaryHub/grade4.json,g4v2_u3#vocab[9].chunks[0],chunks.en
elevenlabs|el:lily|0.85||play outside,play outside,el:lily,0.85,https://audio.bigmooneducation.com/7b/7bf3b2883f5a39c411ef75837c7d9b5b69ea426e06f952437cd2d8c58399fee9.mp3,https://degqpiiddkxcuzwombwp.supabase.co/storage/v1/object/public/tts-audio/7b/7bf3b2883f5a39c411ef75837c7d9b5b69ea426e06f952437cd2d8c58399fee9.mp3,src/data/primaryHub/grade4.json,g4v2_u3#vocab[9].chunks[1],chunks.en
elevenlabs|el:lily|0.85||good weather,good weather,el:lily,0.85,https://audio.bigmooneducation.com/89/899b30162d9a219b511eb8a28b831ec088e1ddc92ec694033d5187cc2f50af59.mp3,https://degqpiiddkxcuzwombwp.supabase.co/storage/v1/object/public/tts-audio/89/899b30162d9a219b511eb8a28b831ec088e1ddc92ec694033d5187cc2f50af59.mp3,src/data/primaryHub/grade4.json,g4v2_u3#vocab[11].chunks[0],chunks.en
elevenlabs|el:lily|0.85||the weather report,the weather report,el:lily,0.85,https://audio.bigmooneducation.com/ca/ca22ac7e008526194aa57595cb2cbfad2f01a6f9d2e2936881d91487e1baae9e.mp3,https://degqpiiddkxcuzwombwp.supabase.co/storage/v1/object/public/tts-audio/ca/ca22ac7e008526194aa57595cb2cbfad2f01a6f9d2e2936881d91487e1baae9e.mp3,src/data/primaryHub/grade4.json,g4v2_u3#vocab[11].chunks[1],chunks.en
elevenlabs|el:lily|0.85||in New York,in New York,el:lily,0.85,https://audio.bigmooneducation.com/f7/f7fa526061966b389c497b783b29c229c4129896dbb108a681f6a71f9674de9c.mp3,https://degqpiiddkxcuzwombwp.supabase.co/storage/v1/object/public/tts-audio/f7/f7fa526061966b389c497b783b29c229c4129896dbb108a681f6a71f9674de9c.mp3,src/data/primaryHub/grade4.json,g4v2_u3#vocab[12].chunks[0],chunks.en
elevenlabs|el:lily|0.85||twenty degrees,twenty degrees,el:lily,0.85,https://audio.bigmooneducation.com/4f/4fc005e42e2d59b1f7818f6f4ef9339bca46048aa675dbdc2b796dd74b723316.mp3,https://degqpiiddkxcuzwombwp.supabase.co/storage/v1/object/public/tts-audio/4f/4fc005e42e2d59b1f7818f6f4ef9339bca46048aa675dbdc2b796dd74b723316.mp3,src/data/primaryHub/grade4.json,g4v2_u3#vocab[14].chunks[0],chunks.en
"elevenlabs|el:lily|0.85||No, you can't. It's cold outside. Be careful!","No, you can't. It's cold outside. Be careful!",el:lily,0.85,https://audio.bigmooneducation.com/20/2098ddb0db2c003f1537404542ab45dd58ea2ec13be2c512805d34cd8d02c749.mp3,https://degqpiiddkxcuzwombwp.supabase.co/storage/v1/object/public/tts-audio/20/2098ddb0db2c003f1537404542ab45dd58ea2ec13be2c512805d34cd8d02c749.mp3,src/data/primaryHub/grade4.json,g4v2_u3#dialogue.A Let's talk.a1,dialogues.lines.text
"elevenlabs|el:lily|0.85||Hi, Chen Jie! What's the weather like in Beijing?","Hi, Chen Jie! What's the weather like in Beijing?",el:lily,0.85,https://audio.bigmooneducation.com/13/13307867544c422578fcb7d4107b33c14313af911336c63eedc2f223c54848f4.mp3,https://degqpiiddkxcuzwombwp.supabase.co/storage/v1/object/public/tts-audio/13/13307867544c422578fcb7d4107b33c14313af911336c63eedc2f223c54848f4.mp3,src/data/primaryHub/grade4.json,g4v2_u3#dialogue.B Let's talk.q0,dialogues.lines.text
elevenlabs|el:lily|0.85||It's rainy and cool. It's 26 degrees.,It's rainy and cool. It's 26 degrees.,el:lily,0.85,https://audio.bigmooneducation.com/97/9707f740307d80d5fc44476c1f5baa248110db783b7ec5561ca677c01bfd610f.mp3,https://degqpiiddkxcuzwombwp.supabase.co/storage/v1/object/public/tts-audio/97/9707f740307d80d5fc44476c1f5baa248110db783b7ec5561ca677c01bfd610f.mp3,src/data/primaryHub/grade4.json,g4v2_u3#dialogue.B Let's talk.a3,dialogues.lines.text
elevenlabs|el:lily|1||It's rainy and cool. It's 26 degrees.,It's rainy and cool. It's 26 degrees.,el:lily,1,https://audio.bigmooneducation.com/65/65e833a28d74ea9d6f0060607ae242c9daa55f3f7ff9c2f0902e9d61fb8b7134.mp3,https://degqpiiddkxcuzwombwp.supabase.co/storage/v1/object/public/tts-audio/65/65e833a28d74ea9d6f0060607ae242c9daa55f3f7ff9c2f0902e9d61fb8b7134.mp3,src/data/primaryHub/grade4.json,g4v2_u3#listening[7],listeningQuestions.audio@1
elevenlabs|el:lily|0.85||a red tomato,a red tomato,el:lily,0.85,https://audio.bigmooneducation.com/ae/aed1b3484075437a5f5126a543a77df4173b7cabb8e3f4a92878974892e7c78e.mp3,https://degqpiiddkxcuzwombwp.supabase.co/storage/v1/object/public/tts-audio/ae/aed1b3484075437a5f5126a543a77df4173b7cabb8e3f4a92878974892e7c78e.mp3,src/data/primaryHub/grade4.json,g4v2_u4#vocab[0].chunks[0],chunks.en
elevenlabs|el:lily|0.85||some tomatoes,some tomatoes,el:lily,0.85,https://audio.bigmooneducation.com/be/bede9ee96018040572bfc67660742e8fcd1767a16ad6c746d5f4ced80aa145c7.mp3,https://degqpiiddkxcuzwombwp.supabase.co/storage/v1/object/public/tts-audio/be/bede9ee96018040572bfc67660742e8fcd1767a16ad6c746d5f4ced80aa145c7.mp3,src/data/primaryHub/grade4.json,g4v2_u4#vocab[0].chunks[1],chunks.en
elevenlabs|el:lily|0.85||a big potato,a big potato,el:lily,0.85,https://audio.bigmooneducation.com/1b/1b934c115392e21694ab43b5ddda2a8c80a4ca9e6d5a146ecabed017cfcd35fa.mp3,https://degqpiiddkxcuzwombwp.supabase.co/storage/v1/object/public/tts-audio/1b/1b934c115392e21694ab43b5ddda2a8c80a4ca9e6d5a146ecabed017cfcd35fa.mp3,src/data/primaryHub/grade4.json,g4v2_u4#vocab[1].chunks[0],chunks.en
elevenlabs|el:lily|0.85||some potatoes,some potatoes,el:lily,0.85,https://audio.bigmooneducation.com/4f/4f7f89e8f738ccfe4776da7e02920cb39f24dd18f100f89dd1b7b390834be2e2.mp3,https://degqpiiddkxcuzwombwp.supabase.co/storage/v1/object/public/tts-audio/4f/4f7f89e8f738ccfe4776da7e02920cb39f24dd18f100f89dd1b7b390834be2e2.mp3,src/data/primaryHub/grade4.json,g4v2_u4#vocab[1].chunks[1],chunks.en
elevenlabs|el:lily|0.85||an orange carrot,an orange carrot,el:lily,0.85,https://audio.bigmooneducation.com/88/8859653fd2f93419708449f1fe81383bad1fd6d738718ea4b8009166c3a4e275.mp3,https://degqpiiddkxcuzwombwp.supabase.co/storage/v1/object/public/tts-audio/88/8859653fd2f93419708449f1fe81383bad1fd6d738718ea4b8009166c3a4e275.mp3,src/data/primaryHub/grade4.json,g4v2_u4#vocab[3].chunks[0],chunks.en
elevenlabs|el:lily|0.85||some carrots,some carrots,el:lily,0.85,https://audio.bigmooneducation.com/1f/1f5c16817d42bc58720fabc194bfaf3456b2d444f8f7ea5e91b863cdd7648608.mp3,https://degqpiiddkxcuzwombwp.supabase.co/storage/v1/object/public/tts-audio/1f/1f5c16817d42bc58720fabc194bfaf3456b2d444f8f7ea5e91b863cdd7648608.mp3,src/data/primaryHub/grade4.json,g4v2_u4#vocab[3].chunks[1],chunks.en
elevenlabs|el:lily|0.85||a white horse,a white horse,el:lily,0.85,https://audio.bigmooneducation.com/41/41ad2d7a2c1c8eda139d21ac5061322b5b9972bac9c717000d472a1fa3dffd67.mp3,https://degqpiiddkxcuzwombwp.supabase.co/storage/v1/object/public/tts-audio/41/41ad2d7a2c1c8eda139d21ac5061322b5b9972bac9c717000d472a1fa3dffd67.mp3,src/data/primaryHub/grade4.json,g4v2_u4#vocab[4].chunks[0],chunks.en
elevenlabs|el:lily|0.85||ride a horse,ride a horse,el:lily,0.85,https://audio.bigmooneducation.com/bf/bffa099e197d414d6ac64db5f7d2db0be389b0ae86c9f2f4e554f2484564cd7c.mp3,https://degqpiiddkxcuzwombwp.supabase.co/storage/v1/object/public/tts-audio/bf/bffa099e197d414d6ac64db5f7d2db0be389b0ae86c9f2f4e554f2484564cd7c.mp3,src/data/primaryHub/grade4.json,g4v2_u4#vocab[4].chunks[1],chunks.en
elevenlabs|el:lily|0.85||a big cow,a big cow,el:lily,0.85,https://audio.bigmooneducation.com/4a/4a189bb0600edd5d463b9cf9f733d93b9230d9a116e30a3a7ffa9b357daa4710.mp3,https://degqpiiddkxcuzwombwp.supabase.co/storage/v1/object/public/tts-audio/4a/4a189bb0600edd5d463b9cf9f733d93b9230d9a116e30a3a7ffa9b357daa4710.mp3,src/data/primaryHub/grade4.json,g4v2_u4#vocab[5].chunks[0],chunks.en
elevenlabs|el:lily|0.85||some cows,some cows,el:lily,0.85,https://audio.bigmooneducation.com/de/ded2598835e723a9c782bbf1c91daf3bde71e283a532ca084f68a868245fc8d4.mp3,https://degqpiiddkxcuzwombwp.supabase.co/storage/v1/object/public/tts-audio/de/ded2598835e723a9c782bbf1c91daf3bde71e283a532ca084f68a868245fc8d4.mp3,src/data/primaryHub/grade4.json,g4v2_u4#vocab[5].chunks[1],chunks.en
elevenlabs|el:lily|0.85||a white sheep,a white sheep,el:lily,0.85,https://audio.bigmooneducation.com/82/8214463f381112f04edae7a0f7ce3d43d14ac136c0f82ed7839bc1162254e221.mp3,https://degqpiiddkxcuzwombwp.supabase.co/storage/v1/object/public/tts-audio/82/8214463f381112f04edae7a0f7ce3d43d14ac136c0f82ed7839bc1162254e221.mp3,src/data/primaryHub/grade4.json,g4v2_u4#vocab[6].chunks[0],chunks.en
elevenlabs|el:lily|0.85||ten sheep,ten sheep,el:lily,0.85,https://audio.bigmooneducation.com/ba/bab71ef7c17bece3d27ab0c62aefc85e3729ba4b6aab7c00efe39455e7e13bd6.mp3,https://degqpiiddkxcuzwombwp.supabase.co/storage/v1/object/public/tts-audio/ba/bab71ef7c17bece3d27ab0c62aefc85e3729ba4b6aab7c00efe39455e7e13bd6.mp3,src/data/primaryHub/grade4.json,g4v2_u4#vocab[6].chunks[1],chunks.en
elevenlabs|el:lily|0.85||a hen and eggs,a hen and eggs,el:lily,0.85,https://audio.bigmooneducation.com/4c/4c5f66ccbacfdd5e152366e3cdb1d173739d63a1c3831c1875e530e23b1b317f.mp3,https://degqpiiddkxcuzwombwp.supabase.co/storage/v1/object/public/tts-audio/4c/4c5f66ccbacfdd5e152366e3cdb1d173739d63a1c3831c1875e530e23b1b317f.mp3,src/data/primaryHub/grade4.json,g4v2_u4#vocab[7].chunks[0],chunks.en
elevenlabs|el:lily|0.85||some hens,some hens,el:lily,0.85,https://audio.bigmooneducation.com/1b/1b98c551ab2320e7fef59c24a99aee47ecd7c81cff5441ba0236e197dc42930c.mp3,https://degqpiiddkxcuzwombwp.supabase.co/storage/v1/object/public/tts-audio/1b/1b98c551ab2320e7fef59c24a99aee47ecd7c81cff5441ba0236e197dc42930c.mp3,src/data/primaryHub/grade4.json,g4v2_u4#vocab[7].chunks[1],chunks.en
elevenlabs|el:lily|0.85||these tomatoes,these tomatoes,el:lily,0.85,https://audio.bigmooneducation.com/d7/d71ab43e74e8ba360bd1976b84dc3922c8832eb60861e42b1058f9696c99c426.mp3,https://degqpiiddkxcuzwombwp.supabase.co/storage/v1/object/public/tts-audio/d7/d71ab43e74e8ba360bd1976b84dc3922c8832eb60861e42b1058f9696c99c426.mp3,src/data/primaryHub/grade4.json,g4v2_u4#vocab[8].chunks[1],chunks.en
elevenlabs|el:lily|0.85||Yum!,Yum!,el:lily,0.85,https://audio.bigmooneducation.com/48/482bcbaa426c2810f41134b7360cea3741c3ce18858d3b9ad7d7a7e5867357a6.mp3,https://degqpiiddkxcuzwombwp.supabase.co/storage/v1/object/public/tts-audio/48/482bcbaa426c2810f41134b7360cea3741c3ce18858d3b9ad7d7a7e5867357a6.mp3,src/data/primaryHub/grade4.json,g4v2_u4#vocab[9].chunks[0],chunks.en
"elevenlabs|el:lily|0.85||yum, so good","yum, so good",el:lily,0.85,https://audio.bigmooneducation.com/50/50948e041a08fd332af6e13c2a54946e2e16f10a328d2cc56a378db2b0147db8.mp3,https://degqpiiddkxcuzwombwp.supabase.co/storage/v1/object/public/tts-audio/50/50948e041a08fd332af6e13c2a54946e2e16f10a328d2cc56a378db2b0147db8.mp3,src/data/primaryHub/grade4.json,g4v2_u4#vocab[9].chunks[1],chunks.en
elevenlabs|el:lily|0.85||a lot of animals,a lot of animals,el:lily,0.85,https://audio.bigmooneducation.com/b4/b45953df5e3c64653a604b04a98ccf9f58671e1743f289489dee40a64ac73ef4.mp3,https://degqpiiddkxcuzwombwp.supabase.co/storage/v1/object/public/tts-audio/b4/b45953df5e3c64653a604b04a98ccf9f58671e1743f289489dee40a64ac73ef4.mp3,src/data/primaryHub/grade4.json,g4v2_u4#vocab[10].chunks[0],chunks.en
elevenlabs|el:lily|0.85||farm animals,farm animals,el:lily,0.85,https://audio.bigmooneducation.com/ae/aeffea2f80d40362af6f455c623c298cc6cda3b64db4e27ae39c09b039a6a0dd.mp3,https://degqpiiddkxcuzwombwp.supabase.co/storage/v1/object/public/tts-audio/ae/aeffea2f80d40362af6f455c623c298cc6cda3b64db4e27ae39c09b039a6a0dd.mp3,src/data/primaryHub/grade4.json,g4v2_u4#vocab[10].chunks[1],chunks.en
elevenlabs|el:lily|0.85||those horses,those horses,el:lily,0.85,https://audio.bigmooneducation.com/48/48fe976133dc571b25a13f2335d7c69d262acd6b82e7781e12e9afb239d96bb9.mp3,https://degqpiiddkxcuzwombwp.supabase.co/storage/v1/object/public/tts-audio/48/48fe976133dc571b25a13f2335d7c69d262acd6b82e7781e12e9afb239d96bb9.mp3,src/data/primaryHub/grade4.json,g4v2_u4#vocab[11].chunks[1],chunks.en
elevenlabs|el:lily|0.85||on the farm,on the farm,el:lily,0.85,https://audio.bigmooneducation.com/d4/d4b71f7dcca125f1396e3a8a38e2d7e21b92931f0b301d227fd01e1b26a0ff6c.mp3,https://degqpiiddkxcuzwombwp.supabase.co/storage/v1/object/public/tts-audio/d4/d4b71f7dcca125f1396e3a8a38e2d7e21b92931f0b301d227fd01e1b26a0ff6c.mp3,src/data/primaryHub/grade4.json,g4v2_u4#vocab[13].chunks[0],chunks.en
elevenlabs|el:lily|0.85||a big farm,a big farm,el:lily,0.85,https://audio.bigmooneducation.com/9a/9ab9d99c95d02b0b227d3262f6c85b003ddf5c7af3d9daa01b20045ac45213fa.mp3,https://degqpiiddkxcuzwombwp.supabase.co/storage/v1/object/public/tts-audio/9a/9ab9d99c95d02b0b227d3262f6c85b003ddf5c7af3d9daa01b20045ac45213fa.mp3,src/data/primaryHub/grade4.json,g4v2_u4#vocab[13].chunks[1],chunks.en
elevenlabs|el:lily|0.85||a little goat,a little goat,el:lily,0.85,https://audio.bigmooneducation.com/f4/f401fe3801ef7fe6dbc4da6c6f58200947a5f4edb027dcb5d720c423edd2bd45.mp3,https://degqpiiddkxcuzwombwp.supabase.co/storage/v1/object/public/tts-audio/f4/f401fe3801ef7fe6dbc4da6c6f58200947a5f4edb027dcb5d720c423edd2bd45.mp3,src/data/primaryHub/grade4.json,g4v2_u4#vocab[14].chunks[0],chunks.en
elevenlabs|el:lily|0.85||some goats,some goats,el:lily,0.85,https://audio.bigmooneducation.com/7c/7c7ba663b135b4a6d4b3204900858c17e2dee018ab57f06a06c92ca1d19d8b22.mp3,https://degqpiiddkxcuzwombwp.supabase.co/storage/v1/object/public/tts-audio/7c/7c7ba663b135b4a6d4b3204900858c17e2dee018ab57f06a06c92ca1d19d8b22.mp3,src/data/primaryHub/grade4.json,g4v2_u4#vocab[14].chunks[1],chunks.en
elevenlabs|el:lily|0.85||eat the carrots,eat the carrots,el:lily,0.85,https://audio.bigmooneducation.com/2b/2bd17964f7f816be1216d3362e38a4b9d8b85e02754732a6281a8d35410c74e8.mp3,https://degqpiiddkxcuzwombwp.supabase.co/storage/v1/object/public/tts-audio/2b/2bd17964f7f816be1216d3362e38a4b9d8b85e02754732a6281a8d35410c74e8.mp3,src/data/primaryHub/grade4.json,g4v2_u4#vocab[15].chunks[0],chunks.en
elevenlabs|el:lily|0.85||eat lunch,eat lunch,el:lily,0.85,https://audio.bigmooneducation.com/ba/baa36ded96543f4cbf46aae03c9afab2a80692dff12139ce258b1b54a1540fff.mp3,https://degqpiiddkxcuzwombwp.supabase.co/storage/v1/object/public/tts-audio/ba/baa36ded96543f4cbf46aae03c9afab2a80692dff12139ce258b1b54a1540fff.mp3,src/data/primaryHub/grade4.json,g4v2_u4#vocab[15].chunks[1],chunks.en
elevenlabs|el:lily|0.85||Wow! You have a lot of animals! What are those?,Wow! You have a lot of animals! What are those?,el:lily,0.85,https://audio.bigmooneducation.com/36/36986ce80d54993464ac324c6307c5acc5787c735e1c244a4747dc809ee47f04.mp3,https://degqpiiddkxcuzwombwp.supabase.co/storage/v1/object/public/tts-audio/36/36986ce80d54993464ac324c6307c5acc5787c735e1c244a4747dc809ee47f04.mp3,src/data/primaryHub/grade4.json,g4v2_u4#dialogue.B Let's talk.q0,dialogues.lines.text
elevenlabs|el:lily|0.7||Look at these! Are these carrots?,Look at these! Are these carrots?,el:lily,0.7,https://audio.bigmooneducation.com/78/789cf38d4e1032e2d840dd28c90319dfb003b6589523dfb130448741bfca5726.mp3,https://degqpiiddkxcuzwombwp.supabase.co/storage/v1/object/public/tts-audio/78/789cf38d4e1032e2d840dd28c90319dfb003b6589523dfb130448741bfca5726.mp3,src/data/primaryHub/grade4.json,g4v2_u4#listening[0],listeningQuestions.audio@0.7
elevenlabs|el:lily|0.7||What are these?,What are these?,el:lily,0.7,https://audio.bigmooneducation.com/8a/8a6f644e4125c39f0826618d77d9c24a33c2780f62e1a6ea2277a4069c99cccf.mp3,https://degqpiiddkxcuzwombwp.supabase.co/storage/v1/object/public/tts-audio/8a/8a6f644e4125c39f0826618d77d9c24a33c2780f62e1a6ea2277a4069c99cccf.mp3,src/data/primaryHub/grade4.json,g4v2_u4#listening[1],listeningQuestions.audio@0.7
elevenlabs|el:lily|0.7||They're tomatoes.,They're tomatoes.,el:lily,0.7,https://audio.bigmooneducation.com/a1/a1c0cbdcb05ac7f9a3e732598e4ce0231b774c76578847011c5c8bcd120817cd.mp3,https://degqpiiddkxcuzwombwp.supabase.co/storage/v1/object/public/tts-audio/a1/a1c0cbdcb05ac7f9a3e732598e4ce0231b774c76578847011c5c8bcd120817cd.mp3,src/data/primaryHub/grade4.json,g4v2_u4#listening[2],listeningQuestions.audio@0.7
"elevenlabs|el:lily|0.7||Yes, they are.","Yes, they are.",el:lily,0.7,https://audio.bigmooneducation.com/f5/f54befaaa5ea13c1231b67ccdc19c3cf1a53cafe4cd2a6f0d337c9f385c61c5f.mp3,https://degqpiiddkxcuzwombwp.supabase.co/storage/v1/object/public/tts-audio/f5/f54befaaa5ea13c1231b67ccdc19c3cf1a53cafe4cd2a6f0d337c9f385c61c5f.mp3,src/data/primaryHub/grade4.json,g4v2_u4#listening[3],listeningQuestions.audio@0.7
"elevenlabs|el:lily|0.85||Yes, they are.","Yes, they are.",el:lily,0.85,https://audio.bigmooneducation.com/f0/f07cb3bb37709bb68be5227bca46283cc09405931f39e087db7de3765587ce9b.mp3,https://degqpiiddkxcuzwombwp.supabase.co/storage/v1/object/public/tts-audio/f0/f07cb3bb37709bb68be5227bca46283cc09405931f39e087db7de3765587ce9b.mp3,src/data/primaryHub/grade4.json,g4v2_u4#listening[3],listeningQuestions.audio@0.85
elevenlabs|el:lily|0.7||What are those?,What are those?,el:lily,0.7,https://audio.bigmooneducation.com/0b/0bfc6e4d82e71eba6e53673db6af6477d61927ac6c70e21097c1b61e8fc1d695.mp3,https://degqpiiddkxcuzwombwp.supabase.co/storage/v1/object/public/tts-audio/0b/0bfc6e4d82e71eba6e53673db6af6477d61927ac6c70e21097c1b61e8fc1d695.mp3,src/data/primaryHub/grade4.json,g4v2_u4#listening[4],listeningQuestions.audio@0.7
"elevenlabs|el:lily|0.7||No, they aren't. They're ducks.","No, they aren't. They're ducks.",el:lily,0.7,https://audio.bigmooneducation.com/77/770eb744dcfe548c92613e1b3911a335121a6e458ae3ad5d43b8657e18f69986.mp3,https://degqpiiddkxcuzwombwp.supabase.co/storage/v1/object/public/tts-audio/77/770eb744dcfe548c92613e1b3911a335121a6e458ae3ad5d43b8657e18f69986.mp3,src/data/primaryHub/grade4.json,g4v2_u4#listening[5],listeningQuestions.audio@0.7
elevenlabs|el:lily|0.7||How many horses do you have?,How many horses do you have?,el:lily,0.7,https://audio.bigmooneducation.com/ac/acf33456b53402eb004a713795afae488eb3a6f0826f801013c8b670a9ef0e88.mp3,https://degqpiiddkxcuzwombwp.supabase.co/storage/v1/object/public/tts-audio/ac/acf33456b53402eb004a713795afae488eb3a6f0826f801013c8b670a9ef0e88.mp3,src/data/primaryHub/grade4.json,g4v2_u4#listening[6],listeningQuestions.audio@0.7
elevenlabs|el:lily|0.7||Seventeen.,Seventeen.,el:lily,0.7,https://audio.bigmooneducation.com/9a/9a901b92f0fccff86f965c56615e24bc51a84095269d17720a6e2d86e493bb7c.mp3,https://degqpiiddkxcuzwombwp.supabase.co/storage/v1/object/public/tts-audio/9a/9a901b92f0fccff86f965c56615e24bc51a84095269d17720a6e2d86e493bb7c.mp3,src/data/primaryHub/grade4.json,g4v2_u4#listening[7],listeningQuestions.audio@0.7
elevenlabs|el:lily|0.85||new clothes,new clothes,el:lily,0.85,https://audio.bigmooneducation.com/fb/fb742046b577f10bb8f3e9be14c2c063896415336ef12b6cc0582c112348cac9.mp3,https://degqpiiddkxcuzwombwp.supabase.co/storage/v1/object/public/tts-audio/fb/fb742046b577f10bb8f3e9be14c2c063896415336ef12b6cc0582c112348cac9.mp3,src/data/primaryHub/grade4.json,g4v2_u5#vocab[0].chunks[0],chunks.en
elevenlabs|el:lily|0.85||pack the clothes,pack the clothes,el:lily,0.85,https://audio.bigmooneducation.com/dc/dcda21bf1c347f83c84cee561dcc2640052826e1d66955d2e22816109abb01ea.mp3,https://degqpiiddkxcuzwombwp.supabase.co/storage/v1/object/public/tts-audio/dc/dcda21bf1c347f83c84cee561dcc2640052826e1d66955d2e22816109abb01ea.mp3,src/data/primaryHub/grade4.json,g4v2_u5#vocab[0].chunks[1],chunks.en
elevenlabs|el:lily|0.85||blue pants,blue pants,el:lily,0.85,https://audio.bigmooneducation.com/7c/7ccce02bc51fc410bfc45d2c8ddefafa7bf31e36555bb9a1704b8a979a97995a.mp3,https://degqpiiddkxcuzwombwp.supabase.co/storage/v1/object/public/tts-audio/7c/7ccce02bc51fc410bfc45d2c8ddefafa7bf31e36555bb9a1704b8a979a97995a.mp3,src/data/primaryHub/grade4.json,g4v2_u5#vocab[1].chunks[0],chunks.en
elevenlabs|el:lily|0.85||a red hat,a red hat,el:lily,0.85,https://audio.bigmooneducation.com/8e/8ebc1091361501db304d212fff0cf111173ee7da6ed8630e3709cb55a6ff14e0.mp3,https://degqpiiddkxcuzwombwp.supabase.co/storage/v1/object/public/tts-audio/8e/8ebc1091361501db304d212fff0cf111173ee7da6ed8630e3709cb55a6ff14e0.mp3,src/data/primaryHub/grade4.json,g4v2_u5#vocab[2].chunks[0],chunks.en
elevenlabs|el:lily|0.85||put on a hat,put on a hat,el:lily,0.85,https://audio.bigmooneducation.com/e7/e7ad815ec216d9aa1d5d65b953c184e54e1e15fa3ddbc542648555f279af8609.mp3,https://degqpiiddkxcuzwombwp.supabase.co/storage/v1/object/public/tts-audio/e7/e7ad815ec216d9aa1d5d65b953c184e54e1e15fa3ddbc542648555f279af8609.mp3,src/data/primaryHub/grade4.json,g4v2_u5#vocab[2].chunks[1],chunks.en
elevenlabs|el:lily|0.85||a pretty dress,a pretty dress,el:lily,0.85,https://audio.bigmooneducation.com/67/6780d002f36fcee5bc8e2e72dc70b903065f9493a164c28433af577f71db910f.mp3,https://degqpiiddkxcuzwombwp.supabase.co/storage/v1/object/public/tts-audio/67/6780d002f36fcee5bc8e2e72dc70b903065f9493a164c28433af577f71db910f.mp3,src/data/primaryHub/grade4.json,g4v2_u5#vocab[3].chunks[0],chunks.en
elevenlabs|el:lily|0.85||a long dress,a long dress,el:lily,0.85,https://audio.bigmooneducation.com/1b/1b6f21cf228ed76d60c490bbb292062d46ec6694b3c552b20088101fb0998c7d.mp3,https://degqpiiddkxcuzwombwp.supabase.co/storage/v1/object/public/tts-audio/1b/1b6f21cf228ed76d60c490bbb292062d46ec6694b3c552b20088101fb0998c7d.mp3,src/data/primaryHub/grade4.json,g4v2_u5#vocab[3].chunks[1],chunks.en
elevenlabs|el:lily|0.85||a warm coat,a warm coat,el:lily,0.85,https://audio.bigmooneducation.com/3e/3efe96556a8339dbe6d338d74fffe1c4340d7fdc4e1a9e995c99a227782e91d3.mp3,https://degqpiiddkxcuzwombwp.supabase.co/storage/v1/object/public/tts-audio/3e/3efe96556a8339dbe6d338d74fffe1c4340d7fdc4e1a9e995c99a227782e91d3.mp3,src/data/primaryHub/grade4.json,g4v2_u5#vocab[5].chunks[0],chunks.en
elevenlabs|el:lily|0.85||put on a coat,put on a coat,el:lily,0.85,https://audio.bigmooneducation.com/7e/7e74bd8b80300dd161fa225223607e48952e71691213e269bcda2f4dec17bb19.mp3,https://degqpiiddkxcuzwombwp.supabase.co/storage/v1/object/public/tts-audio/7e/7e74bd8b80300dd161fa225223607e48952e71691213e269bcda2f4dec17bb19.mp3,src/data/primaryHub/grade4.json,g4v2_u5#vocab[5].chunks[1],chunks.en
elevenlabs|el:lily|0.85||a red sweater,a red sweater,el:lily,0.85,https://audio.bigmooneducation.com/70/701cfb5eb9fdf8cc785eb063b8c2cc2c4c134626820e015bff66e474f653722c.mp3,https://degqpiiddkxcuzwombwp.supabase.co/storage/v1/object/public/tts-audio/70/701cfb5eb9fdf8cc785eb063b8c2cc2c4c134626820e015bff66e474f653722c.mp3,src/data/primaryHub/grade4.json,g4v2_u5#vocab[6].chunks[0],chunks.en
elevenlabs|el:lily|0.85||a warm sweater,a warm sweater,el:lily,0.85,https://audio.bigmooneducation.com/a2/a2e26b3418923166d4400e63f71a7bb024b4636ccfa04003453512ad383d1de1.mp3,https://degqpiiddkxcuzwombwp.supabase.co/storage/v1/object/public/tts-audio/a2/a2e26b3418923166d4400e63f71a7bb024b4636ccfa04003453512ad383d1de1.mp3,src/data/primaryHub/grade4.json,g4v2_u5#vocab[6].chunks[1],chunks.en
elevenlabs|el:lily|0.85||a pair of socks,a pair of socks,el:lily,0.85,https://audio.bigmooneducation.com/28/28a578951ba4d68ed6922a01a1614509b091bf1cca4917b64ccf2a0eac074ec6.mp3,https://degqpiiddkxcuzwombwp.supabase.co/storage/v1/object/public/tts-audio/28/28a578951ba4d68ed6922a01a1614509b091bf1cca4917b64ccf2a0eac074ec6.mp3,src/data/primaryHub/grade4.json,g4v2_u5#vocab[7].chunks[0],chunks.en
elevenlabs|el:lily|0.85||white socks,white socks,el:lily,0.85,https://audio.bigmooneducation.com/ee/eecb5d46a1b7479868c71016e4847f29a19e909d34d51ed361c2e112e24b77f1.mp3,https://degqpiiddkxcuzwombwp.supabase.co/storage/v1/object/public/tts-audio/ee/eecb5d46a1b7479868c71016e4847f29a19e909d34d51ed361c2e112e24b77f1.mp3,src/data/primaryHub/grade4.json,g4v2_u5#vocab[7].chunks[1],chunks.en
elevenlabs|el:lily|0.85||black shorts,black shorts,el:lily,0.85,https://audio.bigmooneducation.com/aa/aa65873ef71feed655e969b25df5d9daaf04e03f1eccd27bf3bc331e89296bf7.mp3,https://degqpiiddkxcuzwombwp.supabase.co/storage/v1/object/public/tts-audio/aa/aa65873ef71feed655e969b25df5d9daaf04e03f1eccd27bf3bc331e89296bf7.mp3,src/data/primaryHub/grade4.json,g4v2_u5#vocab[8].chunks[0],chunks.en
elevenlabs|el:lily|0.85||a pair of shorts,a pair of shorts,el:lily,0.85,https://audio.bigmooneducation.com/ab/ab4f3648530325af5c3a599fc50e99ddb5d181ea05972ce0434704495def2f78.mp3,https://degqpiiddkxcuzwombwp.supabase.co/storage/v1/object/public/tts-audio/ab/ab4f3648530325af5c3a599fc50e99ddb5d181ea05972ce0434704495def2f78.mp3,src/data/primaryHub/grade4.json,g4v2_u5#vocab[8].chunks[1],chunks.en
elevenlabs|el:lily|0.85||a blue jacket,a blue jacket,el:lily,0.85,https://audio.bigmooneducation.com/c0/c0900f06678e90d490d29e76c12ee68e525e90ba9e79fc5b4fb2cc8de281d615.mp3,https://degqpiiddkxcuzwombwp.supabase.co/storage/v1/object/public/tts-audio/c0/c0900f06678e90d490d29e76c12ee68e525e90ba9e79fc5b4fb2cc8de281d615.mp3,src/data/primaryHub/grade4.json,g4v2_u5#vocab[9].chunks[0],chunks.en
elevenlabs|el:lily|0.85||put on a jacket,put on a jacket,el:lily,0.85,https://audio.bigmooneducation.com/3f/3f755fc1cb5d935cb5aa38fb66a247dfeb3b0c310b538d15926757115c62e76a.mp3,https://degqpiiddkxcuzwombwp.supabase.co/storage/v1/object/public/tts-audio/3f/3f755fc1cb5d935cb5aa38fb66a247dfeb3b0c310b538d15926757115c62e76a.mp3,src/data/primaryHub/grade4.json,g4v2_u5#vocab[9].chunks[1],chunks.en
elevenlabs|el:lily|0.85||a white shirt,a white shirt,el:lily,0.85,https://audio.bigmooneducation.com/ab/abeb9f6d72faac1cb5f8837724017a0561f3594047f29cd17dfcd986d739ec20.mp3,https://degqpiiddkxcuzwombwp.supabase.co/storage/v1/object/public/tts-audio/ab/abeb9f6d72faac1cb5f8837724017a0561f3594047f29cd17dfcd986d739ec20.mp3,src/data/primaryHub/grade4.json,g4v2_u5#vocab[10].chunks[0],chunks.en
elevenlabs|el:lily|0.85||a clean shirt,a clean shirt,el:lily,0.85,https://audio.bigmooneducation.com/25/2527fad45106b47954ac251a39dfa43982dfd868556f06327bc1be23c9bf480a.mp3,https://degqpiiddkxcuzwombwp.supabase.co/storage/v1/object/public/tts-audio/25/2527fad45106b47954ac251a39dfa43982dfd868556f06327bc1be23c9bf480a.mp3,src/data/primaryHub/grade4.json,g4v2_u5#vocab[10].chunks[1],chunks.en
elevenlabs|el:lily|0.85||Is this yours?,Is this yours?,el:lily,0.85,https://audio.bigmooneducation.com/08/0852a5f23cf8602fce90bb944e8f4e99d4c0f3b55a5f7277af300c92378805c0.mp3,https://degqpiiddkxcuzwombwp.supabase.co/storage/v1/object/public/tts-audio/08/0852a5f23cf8602fce90bb944e8f4e99d4c0f3b55a5f7277af300c92378805c0.mp3,src/data/primaryHub/grade4.json,g4v2_u5#vocab[11].chunks[0],chunks.en
elevenlabs|el:lily|0.85||Are these yours?,Are these yours?,el:lily,0.85,https://audio.bigmooneducation.com/c9/c93e3e75186999a5a119d77abe8251fe8de2ccd4f368a8255b7e48b4aa012065.mp3,https://degqpiiddkxcuzwombwp.supabase.co/storage/v1/object/public/tts-audio/c9/c93e3e75186999a5a119d77abe8251fe8de2ccd4f368a8255b7e48b4aa012065.mp3,src/data/primaryHub/grade4.json,g4v2_u5#vocab[11].chunks[1],chunks.en
elevenlabs|el:lily|0.85||Whose pants are those?,Whose pants are those?,el:lily,0.85,https://audio.bigmooneducation.com/79/7999b0f5afb3c0a26553cb1d72ef474986881e5b57ee961bd96a7a9f813d3ebf.mp3,https://degqpiiddkxcuzwombwp.supabase.co/storage/v1/object/public/tts-audio/79/7999b0f5afb3c0a26553cb1d72ef474986881e5b57ee961bd96a7a9f813d3ebf.mp3,src/data/primaryHub/grade4.json,g4v2_u5#vocab[12].chunks[1],chunks.en
elevenlabs|el:lily|0.85||pack the bag,pack the bag,el:lily,0.85,https://audio.bigmooneducation.com/25/25c59e910d00ceb9b4bf5c3e886e5b07674228ba2e1a0f91531c369918c15da7.mp3,https://degqpiiddkxcuzwombwp.supabase.co/storage/v1/object/public/tts-audio/25/25c59e910d00ceb9b4bf5c3e886e5b07674228ba2e1a0f91531c369918c15da7.mp3,src/data/primaryHub/grade4.json,g4v2_u5#vocab[14].chunks[0],chunks.en
elevenlabs|el:lily|0.85||pack your clothes,pack your clothes,el:lily,0.85,https://audio.bigmooneducation.com/14/14b8e6edc605c0a5f5b25aa70f4228c20be138a6f187ba63c9b6273c26a11b62.mp3,https://degqpiiddkxcuzwombwp.supabase.co/storage/v1/object/public/tts-audio/14/14b8e6edc605c0a5f5b25aa70f4228c20be138a6f187ba63c9b6273c26a11b62.mp3,src/data/primaryHub/grade4.json,g4v2_u5#vocab[14].chunks[1],chunks.en
elevenlabs|el:lily|0.85||wait for me,wait for me,el:lily,0.85,https://audio.bigmooneducation.com/a5/a59754db96ad6d99fd3b9093bddf7328eab24f07b3c4e6a39e1cd0392ca28fd5.mp3,https://degqpiiddkxcuzwombwp.supabase.co/storage/v1/object/public/tts-audio/a5/a59754db96ad6d99fd3b9093bddf7328eab24f07b3c4e6a39e1cd0392ca28fd5.mp3,src/data/primaryHub/grade4.json,g4v2_u5#vocab[15].chunks[0],chunks.en
elevenlabs|el:lily|0.85||Wait a minute!,Wait a minute!,el:lily,0.85,https://audio.bigmooneducation.com/ac/ac8a06d5bd747465f3c64bc9d96adf2f75529991a0201ae5dc661d5d884c9e21.mp3,https://degqpiiddkxcuzwombwp.supabase.co/storage/v1/object/public/tts-audio/ac/ac8a06d5bd747465f3c64bc9d96adf2f75529991a0201ae5dc661d5d884c9e21.mp3,src/data/primaryHub/grade4.json,g4v2_u5#vocab[15].chunks[1],chunks.en
elevenlabs|el:lily|0.7||Whose pants are those? They're Mike's.,Whose pants are those? They're Mike's.,el:lily,0.7,https://audio.bigmooneducation.com/e8/e812810ef2cad8dd0f07b93887638a888282e1ac296818ff4a30e5cfc52b0e06.mp3,https://degqpiiddkxcuzwombwp.supabase.co/storage/v1/object/public/tts-audio/e8/e812810ef2cad8dd0f07b93887638a888282e1ac296818ff4a30e5cfc52b0e06.mp3,src/data/primaryHub/grade4.json,g4v2_u5#listening[5],listeningQuestions.audio@0.7
elevenlabs|el:lily|0.7||I want to wear my blue pants.,I want to wear my blue pants.,el:lily,0.7,https://audio.bigmooneducation.com/df/df969df310d5e571ba55c43883f683a5b30d5bf4d420bdf816484084d5062b6e.mp3,https://degqpiiddkxcuzwombwp.supabase.co/storage/v1/object/public/tts-audio/df/df969df310d5e571ba55c43883f683a5b30d5bf4d420bdf816484084d5062b6e.mp3,src/data/primaryHub/grade4.json,g4v2_u5#listening[7],listeningQuestions.audio@0.7
elevenlabs|el:lily|0.85||I want to wear my blue pants.,I want to wear my blue pants.,el:lily,0.85,https://audio.bigmooneducation.com/f7/f76a69affba4b616767ddeb068cd25e07fa692702331dc55c03b579819bdf718.mp3,https://degqpiiddkxcuzwombwp.supabase.co/storage/v1/object/public/tts-audio/f7/f76a69affba4b616767ddeb068cd25e07fa692702331dc55c03b579819bdf718.mp3,src/data/primaryHub/grade4.json,g4v2_u5#listening[7],listeningQuestions.audio@0.85
elevenlabs|el:lily|0.85||a pair of gloves,a pair of gloves,el:lily,0.85,https://audio.bigmooneducation.com/8b/8b57e5dd9c6408f9c8ba222c6fd3d42c9a1c7d9c1decb8e53aed395f7f0e50e7.mp3,https://degqpiiddkxcuzwombwp.supabase.co/storage/v1/object/public/tts-audio/8b/8b57e5dd9c6408f9c8ba222c6fd3d42c9a1c7d9c1decb8e53aed395f7f0e50e7.mp3,src/data/primaryHub/grade4.json,g4v2_u6#vocab[0].chunks[0],chunks.en
elevenlabs|el:lily|0.85||warm gloves,warm gloves,el:lily,0.85,https://audio.bigmooneducation.com/4d/4dd6246b8fff1e4c03c1400ed6e49ff3326782b3b572339a5972ccf43f67a349.mp3,https://degqpiiddkxcuzwombwp.supabase.co/storage/v1/object/public/tts-audio/4d/4dd6246b8fff1e4c03c1400ed6e49ff3326782b3b572339a5972ccf43f67a349.mp3,src/data/primaryHub/grade4.json,g4v2_u6#vocab[0].chunks[1],chunks.en
elevenlabs|el:lily|0.85||a long scarf,a long scarf,el:lily,0.85,https://audio.bigmooneducation.com/5a/5a12e34528876b2f468159ef773eb145eb9a4235dd8a2abf1b81556bbea0e655.mp3,https://degqpiiddkxcuzwombwp.supabase.co/storage/v1/object/public/tts-audio/5a/5a12e34528876b2f468159ef773eb145eb9a4235dd8a2abf1b81556bbea0e655.mp3,src/data/primaryHub/grade4.json,g4v2_u6#vocab[1].chunks[0],chunks.en
elevenlabs|el:lily|0.85||a warm scarf,a warm scarf,el:lily,0.85,https://audio.bigmooneducation.com/c5/c5a3d03f3e5d5253027edf1b3034e7ac6f01708ae5547012d86d410971a05278.mp3,https://degqpiiddkxcuzwombwp.supabase.co/storage/v1/object/public/tts-audio/c5/c5a3d03f3e5d5253027edf1b3034e7ac6f01708ae5547012d86d410971a05278.mp3,src/data/primaryHub/grade4.json,g4v2_u6#vocab[1].chunks[1],chunks.en
elevenlabs|el:lily|0.85||a big umbrella,a big umbrella,el:lily,0.85,https://audio.bigmooneducation.com/30/302b71dbccd331dfa84edde76addca54150dc8f546efc4b9a1189758aabf4c54.mp3,https://degqpiiddkxcuzwombwp.supabase.co/storage/v1/object/public/tts-audio/30/302b71dbccd331dfa84edde76addca54150dc8f546efc4b9a1189758aabf4c54.mp3,src/data/primaryHub/grade4.json,g4v2_u6#vocab[2].chunks[0],chunks.en
elevenlabs|el:lily|0.85||open the umbrella,open the umbrella,el:lily,0.85,https://audio.bigmooneducation.com/bd/bda346ff160f9f181db3b51f0bfffb3a667a4bcdf5c4159b45e4ef3cc78556bc.mp3,https://degqpiiddkxcuzwombwp.supabase.co/storage/v1/object/public/tts-audio/bd/bda346ff160f9f181db3b51f0bfffb3a667a4bcdf5c4159b45e4ef3cc78556bc.mp3,src/data/primaryHub/grade4.json,g4v2_u6#vocab[2].chunks[1],chunks.en
elevenlabs|el:lily|0.85||cool sunglasses,cool sunglasses,el:lily,0.85,https://audio.bigmooneducation.com/67/67f1f7f0fe041df568bff6367906595a367a7ab7b6db450b63067498097f2e5a.mp3,https://degqpiiddkxcuzwombwp.supabase.co/storage/v1/object/public/tts-audio/67/67f1f7f0fe041df568bff6367906595a367a7ab7b6db450b63067498097f2e5a.mp3,src/data/primaryHub/grade4.json,g4v2_u6#vocab[3].chunks[1],chunks.en
elevenlabs|el:lily|0.85||pretty and cheap,pretty and cheap,el:lily,0.85,https://audio.bigmooneducation.com/9a/9aefb831e5680a29d1ad373815435d7d93fc71ce7d75c90e6321ee8ce6a041bd.mp3,https://degqpiiddkxcuzwombwp.supabase.co/storage/v1/object/public/tts-audio/9a/9aefb831e5680a29d1ad373815435d7d93fc71ce7d75c90e6321ee8ce6a041bd.mp3,src/data/primaryHub/grade4.json,g4v2_u6#vocab[4].chunks[1],chunks.en
elevenlabs|el:lily|0.85||an expensive coat,an expensive coat,el:lily,0.85,https://audio.bigmooneducation.com/09/09b5f835c52fc025ca22c9c21bf450db0335285087346bcb599e6f60a8deefad.mp3,https://degqpiiddkxcuzwombwp.supabase.co/storage/v1/object/public/tts-audio/09/09b5f835c52fc025ca22c9c21bf450db0335285087346bcb599e6f60a8deefad.mp3,src/data/primaryHub/grade4.json,g4v2_u6#vocab[5].chunks[1],chunks.en
elevenlabs|el:lily|0.85||It's cheap.,It's cheap.,el:lily,0.85,https://audio.bigmooneducation.com/09/09e7cb783184e74898107ff17f520f8920133b184d85aab19e33361fea78ab62.mp3,https://degqpiiddkxcuzwombwp.supabase.co/storage/v1/object/public/tts-audio/09/09e7cb783184e74898107ff17f520f8920133b184d85aab19e33361fea78ab62.mp3,src/data/primaryHub/grade4.json,g4v2_u6#vocab[6].chunks[0],chunks.en
elevenlabs|el:lily|0.85||nice and cheap,nice and cheap,el:lily,0.85,https://audio.bigmooneducation.com/53/53ca2e4137898b1ddcbfab374a01ca1cf70c2e507d202f4ff6be8ace8f84a2dc.mp3,https://degqpiiddkxcuzwombwp.supabase.co/storage/v1/object/public/tts-audio/53/53ca2e4137898b1ddcbfab374a01ca1cf70c2e507d202f4ff6be8ace8f84a2dc.mp3,src/data/primaryHub/grade4.json,g4v2_u6#vocab[6].chunks[1],chunks.en
elevenlabs|el:lily|0.85||a nice hat,a nice hat,el:lily,0.85,https://audio.bigmooneducation.com/63/6321f43e7c8cb30a8eede2d853b5bf89eae8d3f8209bdf13867eede3c3804f2b.mp3,https://degqpiiddkxcuzwombwp.supabase.co/storage/v1/object/public/tts-audio/63/6321f43e7c8cb30a8eede2d853b5bf89eae8d3f8209bdf13867eede3c3804f2b.mp3,src/data/primaryHub/grade4.json,g4v2_u6#vocab[7].chunks[0],chunks.en
elevenlabs|el:lily|0.85||nice and pretty,nice and pretty,el:lily,0.85,https://audio.bigmooneducation.com/90/901aad34088c7fe0abaf665ec47936e526be1c40d2b09213cf2b81cd9079e650.mp3,https://degqpiiddkxcuzwombwp.supabase.co/storage/v1/object/public/tts-audio/90/901aad34088c7fe0abaf665ec47936e526be1c40d2b09213cf2b81cd9079e650.mp3,src/data/primaryHub/grade4.json,g4v2_u6#vocab[7].chunks[1],chunks.en
elevenlabs|el:lily|0.85||try on the dress,try on the dress,el:lily,0.85,https://audio.bigmooneducation.com/b5/b5a595dd424c50ef528fa25b439b2c97c9e30142f9f6867cacec533f4f272004.mp3,https://degqpiiddkxcuzwombwp.supabase.co/storage/v1/object/public/tts-audio/b5/b5a595dd424c50ef528fa25b439b2c97c9e30142f9f6867cacec533f4f272004.mp3,src/data/primaryHub/grade4.json,g4v2_u6#vocab[8].chunks[0],chunks.en
elevenlabs|el:lily|0.85||What size?,What size?,el:lily,0.85,https://audio.bigmooneducation.com/ba/ba1f6736b01c96cb34be98fb73a0e3d8e3b57c73bbeb4f1252f29806c050c302.mp3,https://degqpiiddkxcuzwombwp.supabase.co/storage/v1/object/public/tts-audio/ba/ba1f6736b01c96cb34be98fb73a0e3d8e3b57c73bbeb4f1252f29806c050c302.mp3,src/data/primaryHub/grade4.json,g4v2_u6#vocab[9].chunks[0],chunks.en
elevenlabs|el:lily|0.85||the right size,the right size,el:lily,0.85,https://audio.bigmooneducation.com/fd/fddfb679ab3c0e18fdbd60c1d6aa051314ac5c73d7500f5393c92adef512282c.mp3,https://degqpiiddkxcuzwombwp.supabase.co/storage/v1/object/public/tts-audio/fd/fddfb679ab3c0e18fdbd60c1d6aa051314ac5c73d7500f5393c92adef512282c.mp3,src/data/primaryHub/grade4.json,g4v2_u6#vocab[9].chunks[1],chunks.en
elevenlabs|el:lily|0.85||Of course!,Of course!,el:lily,0.85,https://audio.bigmooneducation.com/77/7740782c9950bac121205b0e270df2e9a15fecad160507c19dd28234dc6fbb3d.mp3,https://degqpiiddkxcuzwombwp.supabase.co/storage/v1/object/public/tts-audio/77/7740782c9950bac121205b0e270df2e9a15fecad160507c19dd28234dc6fbb3d.mp3,src/data/primaryHub/grade4.json,g4v2_u6#vocab[10].chunks[0],chunks.en
elevenlabs|el:lily|0.85||of course you can,of course you can,el:lily,0.85,https://audio.bigmooneducation.com/7d/7dfad6fc101f584f44b8d4aaf4273298ecfe10a9971db2ba7511d2c6f6382b2e.mp3,https://degqpiiddkxcuzwombwp.supabase.co/storage/v1/object/public/tts-audio/7d/7dfad6fc101f584f44b8d4aaf4273298ecfe10a9971db2ba7511d2c6f6382b2e.mp3,src/data/primaryHub/grade4.json,g4v2_u6#vocab[10].chunks[1],chunks.en
elevenlabs|el:lily|0.85||just right,just right,el:lily,0.85,https://audio.bigmooneducation.com/0b/0bdea1df45e2c57e360e2b9095ab02d1ba9daadce41926d70870f7c8e54dcbf9.mp3,https://degqpiiddkxcuzwombwp.supabase.co/storage/v1/object/public/tts-audio/0b/0bdea1df45e2c57e360e2b9095ab02d1ba9daadce41926d70870f7c8e54dcbf9.mp3,src/data/primaryHub/grade4.json,g4v2_u6#vocab[12].chunks[0],chunks.en
elevenlabs|el:lily|0.85||It's just my size.,It's just my size.,el:lily,0.85,https://audio.bigmooneducation.com/2b/2b7475903d91f29b3c3bd08076d40e4b387fa0281603dc6f3101d52e3bb6f6a4.mp3,https://degqpiiddkxcuzwombwp.supabase.co/storage/v1/object/public/tts-audio/2b/2b7475903d91f29b3c3bd08076d40e4b387fa0281603dc6f3101d52e3bb6f6a4.mp3,src/data/primaryHub/grade4.json,g4v2_u6#vocab[12].chunks[1],chunks.en
elevenlabs|el:lily|0.85||How much is it?,How much is it?,el:lily,0.85,https://audio.bigmooneducation.com/5a/5ae415ce76944857a0ec098ccf18276cc9118db3641eacd3537098c7ffb684e3.mp3,https://degqpiiddkxcuzwombwp.supabase.co/storage/v1/object/public/tts-audio/5a/5ae415ce76944857a0ec098ccf18276cc9118db3641eacd3537098c7ffb684e3.mp3,src/data/primaryHub/grade4.json,g4v2_u6#vocab[13].chunks[0],chunks.en
elevenlabs|el:lily|0.85||How much are they?,How much are they?,el:lily,0.85,https://audio.bigmooneducation.com/e1/e194b3eaeda061fb4d051ec8484f5595557696e3eb0ea456c58d81d15196b98e.mp3,https://degqpiiddkxcuzwombwp.supabase.co/storage/v1/object/public/tts-audio/e1/e194b3eaeda061fb4d051ec8484f5595557696e3eb0ea456c58d81d15196b98e.mp3,src/data/primaryHub/grade4.json,g4v2_u6#vocab[13].chunks[1],chunks.en
elevenlabs|el:lily|0.85||eighty yuan,eighty yuan,el:lily,0.85,https://audio.bigmooneducation.com/04/041c2a90e8805d39119d47827b432bcf71ec46b74d23052dd581774d79069062.mp3,https://degqpiiddkxcuzwombwp.supabase.co/storage/v1/object/public/tts-audio/04/041c2a90e8805d39119d47827b432bcf71ec46b74d23052dd581774d79069062.mp3,src/data/primaryHub/grade4.json,g4v2_u6#vocab[14].chunks[0],chunks.en
elevenlabs|el:lily|0.85||eighty-five yuan,eighty-five yuan,el:lily,0.85,https://audio.bigmooneducation.com/6c/6c604a0dac7cad4737f1238e47e869606c19c717ce25f4272adb33f291978108.mp3,https://degqpiiddkxcuzwombwp.supabase.co/storage/v1/object/public/tts-audio/6c/6c604a0dac7cad4737f1238e47e869606c19c717ce25f4272adb33f291978108.mp3,src/data/primaryHub/grade4.json,g4v2_u6#vocab[14].chunks[1],chunks.en
elevenlabs|el:lily|0.85||ten dollars,ten dollars,el:lily,0.85,https://audio.bigmooneducation.com/c9/c9c07346210a0858f2c3fcc46e6df7f8cef0feba64ab2fc46bf0e3892e29b338.mp3,https://degqpiiddkxcuzwombwp.supabase.co/storage/v1/object/public/tts-audio/c9/c9c07346210a0858f2c3fcc46e6df7f8cef0feba64ab2fc46bf0e3892e29b338.mp3,src/data/primaryHub/grade4.json,g4v2_u6#vocab[15].chunks[0],chunks.en
elevenlabs|el:lily|0.85||How many dollars?,How many dollars?,el:lily,0.85,https://audio.bigmooneducation.com/f6/f6284eed123bd63d7cc4ca64e96361d79232e1d2821f5b58b3a26b4a0cde0387.mp3,https://degqpiiddkxcuzwombwp.supabase.co/storage/v1/object/public/tts-audio/f6/f6284eed123bd63d7cc4ca64e96361d79232e1d2821f5b58b3a26b4a0cde0387.mp3,src/data/primaryHub/grade4.json,g4v2_u6#vocab[15].chunks[1],chunks.en
elevenlabs|el:lily|0.85||on sale,on sale,el:lily,0.85,https://audio.bigmooneducation.com/48/48da4da417b0365b7d61cdf536ea583d856994e3cadbbb19d70c545369753e21.mp3,https://degqpiiddkxcuzwombwp.supabase.co/storage/v1/object/public/tts-audio/48/48da4da417b0365b7d61cdf536ea583d856994e3cadbbb19d70c545369753e21.mp3,src/data/primaryHub/grade4.json,g4v2_u6#vocab[16].chunks[0],chunks.en
elevenlabs|el:lily|0.85||a big sale,a big sale,el:lily,0.85,https://audio.bigmooneducation.com/2a/2ad208de7a1c2e51ab574777ece9e15b8174b2b7cac398160ac569cb83edf346.mp3,https://degqpiiddkxcuzwombwp.supabase.co/storage/v1/object/public/tts-audio/2a/2ad208de7a1c2e51ab574777ece9e15b8174b2b7cac398160ac569cb83edf346.mp3,src/data/primaryHub/grade4.json,g4v2_u6#vocab[16].chunks[1],chunks.en
elevenlabs|el:lily|0.85||more clothes,more clothes,el:lily,0.85,https://audio.bigmooneducation.com/c2/c2bce37225a844e50a193076123521ffbf418493cddae1f5d12795738d6f8bbb.mp3,https://degqpiiddkxcuzwombwp.supabase.co/storage/v1/object/public/tts-audio/c2/c2bce37225a844e50a193076123521ffbf418493cddae1f5d12795738d6f8bbb.mp3,src/data/primaryHub/grade4.json,g4v2_u6#vocab[17].chunks[0],chunks.en
elevenlabs|el:lily|0.85||one more,one more,el:lily,0.85,https://audio.bigmooneducation.com/90/90948bc831af4357d8c92e76786581d51993b93a743f2dde2db38d585733aaf9.mp3,https://degqpiiddkxcuzwombwp.supabase.co/storage/v1/object/public/tts-audio/90/90948bc831af4357d8c92e76786581d51993b93a743f2dde2db38d585733aaf9.mp3,src/data/primaryHub/grade4.json,g4v2_u6#vocab[17].chunks[1],chunks.en
elevenlabs|el:lily|0.85||help us,help us,el:lily,0.85,https://audio.bigmooneducation.com/0d/0d712df68fe2b171b3417c8545138f437a395e82b0968f09e73cf2a53e195c94.mp3,https://degqpiiddkxcuzwombwp.supabase.co/storage/v1/object/public/tts-audio/0d/0d712df68fe2b171b3417c8545138f437a395e82b0968f09e73cf2a53e195c94.mp3,src/data/primaryHub/grade4.json,g4v2_u6#vocab[18].chunks[0],chunks.en
elevenlabs|el:lily|0.85||with us,with us,el:lily,0.85,https://audio.bigmooneducation.com/e7/e714ebe07f5187c45cce226a24032059ea4757ae377abbf4f617e658926bcbed.mp3,https://degqpiiddkxcuzwombwp.supabase.co/storage/v1/object/public/tts-audio/e7/e714ebe07f5187c45cce226a24032059ea4757ae377abbf4f617e658926bcbed.mp3,src/data/primaryHub/grade4.json,g4v2_u6#vocab[18].chunks[1],chunks.en
elevenlabs|el:lily|0.7||Today all sunglasses and gloves are five yuan! They are very cheap.,Today all sunglasses and gloves are five yuan! They are very cheap.,el:lily,0.7,https://audio.bigmooneducation.com/a5/a57c20299735d8899b997b99f81cb98fd2b035b6e43d9fb2daf62a1a2f3314a2.mp3,https://degqpiiddkxcuzwombwp.supabase.co/storage/v1/object/public/tts-audio/a5/a57c20299735d8899b997b99f81cb98fd2b035b6e43d9fb2daf62a1a2f3314a2.mp3,src/data/primaryHub/grade4.json,g4v2_u6#listening[7],listeningQuestions.audio@0.7
elevenlabs|el:lily|0.85||Today all sunglasses and gloves are five yuan! They are very cheap.,Today all sunglasses and gloves are five yuan! They are very cheap.,el:lily,0.85,https://audio.bigmooneducation.com/5b/5be26fce1dc795f2dde7bf240615d94059843c2c4ca6fe4b75d12c27961fd984.mp3,https://degqpiiddkxcuzwombwp.supabase.co/storage/v1/object/public/tts-audio/5b/5be26fce1dc795f2dde7bf240615d94059843c2c4ca6fe4b75d12c27961fd984.mp3,src/data/primaryHub/grade4.json,g4v2_u6#listening[7],listeningQuestions.audio@0.85
elevenlabs|el:lily|1||Today all sunglasses and gloves are five yuan! They are very cheap.,Today all sunglasses and gloves are five yuan! They are very cheap.,el:lily,1,https://audio.bigmooneducation.com/f2/f25f29c9cc71c660e2d3390abfb8825aae629e8261de19c27c4d78b57bfcca5a.mp3,https://degqpiiddkxcuzwombwp.supabase.co/storage/v1/object/public/tts-audio/f2/f25f29c9cc71c660e2d3390abfb8825aae629e8261de19c27c4d78b57bfcca5a.mp3,src/data/primaryHub/grade4.json,g4v2_u6#listening[7],listeningQuestions.audio@1
elevenlabs|el:lily|0.85||a young teacher,a young teacher,el:lily,0.85,https://audio.bigmooneducation.com/2b/2b61ad4585e71ad73b80d3f6671a962a562b71d7b486277ada7f70d5393770f5.mp3,https://degqpiiddkxcuzwombwp.supabase.co/storage/v1/object/public/tts-audio/2b/2b61ad4585e71ad73b80d3f6671a962a562b71d7b486277ada7f70d5393770f5.mp3,src/data/primaryHub/grade5.json,g5v1_u1#vocab[1].chunks[0],chunks.en
elevenlabs|el:lily|0.85||young and strong,young and strong,el:lily,0.85,https://audio.bigmooneducation.com/87/87a23eab905e15cef978a03e224f9f6799b68e8b4e07b9ae00496b0c4fc4fbe5.mp3,https://degqpiiddkxcuzwombwp.supabase.co/storage/v1/object/public/tts-audio/87/87a23eab905e15cef978a03e224f9f6799b68e8b4e07b9ae00496b0c4fc4fbe5.mp3,src/data/primaryHub/grade5.json,g5v1_u1#vocab[1].chunks[1],chunks.en
elevenlabs|el:lily|0.85||a funny story,a funny story,el:lily,0.85,https://audio.bigmooneducation.com/97/977cd23e4f88f45d1a9bc76f1d8f8beaf5567b022cf1974a7eb11bb54344ab2e.mp3,https://degqpiiddkxcuzwombwp.supabase.co/storage/v1/object/public/tts-audio/97/977cd23e4f88f45d1a9bc76f1d8f8beaf5567b022cf1974a7eb11bb54344ab2e.mp3,src/data/primaryHub/grade5.json,g5v1_u1#vocab[2].chunks[0],chunks.en
elevenlabs|el:lily|0.85||so funny,so funny,el:lily,0.85,https://audio.bigmooneducation.com/9e/9e45e3af6a0be418de9667ed26da7fcf658ecddce02c70e2c07746edadd805b0.mp3,https://degqpiiddkxcuzwombwp.supabase.co/storage/v1/object/public/tts-audio/9e/9e45e3af6a0be418de9667ed26da7fcf658ecddce02c70e2c07746edadd805b0.mp3,src/data/primaryHub/grade5.json,g5v1_u1#vocab[2].chunks[1],chunks.en
elevenlabs|el:lily|0.85||a strict teacher,a strict teacher,el:lily,0.85,https://audio.bigmooneducation.com/ef/ef185e6d5acd40c161b0b66bb107887a4aef1c898119034c25e1fb0a6cf294a3.mp3,https://degqpiiddkxcuzwombwp.supabase.co/storage/v1/object/public/tts-audio/ef/ef185e6d5acd40c161b0b66bb107887a4aef1c898119034c25e1fb0a6cf294a3.mp3,src/data/primaryHub/grade5.json,g5v1_u1#vocab[4].chunks[0],chunks.en
elevenlabs|el:lily|0.85||strict but kind,strict but kind,el:lily,0.85,https://audio.bigmooneducation.com/bc/bcb444c619c237334a2d219edbd5bf16db3b6cf65d9f9103ea8bdfa86f4dea8a.mp3,https://degqpiiddkxcuzwombwp.supabase.co/storage/v1/object/public/tts-audio/bc/bcb444c619c237334a2d219edbd5bf16db3b6cf65d9f9103ea8bdfa86f4dea8a.mp3,src/data/primaryHub/grade5.json,g5v1_u1#vocab[4].chunks[1],chunks.en
elevenlabs|el:lily|0.85||a polite boy,a polite boy,el:lily,0.85,https://audio.bigmooneducation.com/b1/b13121c9d02a133b3d0c088b354647b4f2556360b146bb6069a446b18ceeab2c.mp3,https://degqpiiddkxcuzwombwp.supabase.co/storage/v1/object/public/tts-audio/b1/b13121c9d02a133b3d0c088b354647b4f2556360b146bb6069a446b18ceeab2c.mp3,src/data/primaryHub/grade5.json,g5v1_u1#vocab[5].chunks[0],chunks.en
elevenlabs|el:lily|0.85||polite to others,polite to others,el:lily,0.85,https://audio.bigmooneducation.com/33/332c63fea95d36eb6b217ec62ad862d46173e1f8f0a7755a020d606029c06ea0.mp3,https://degqpiiddkxcuzwombwp.supabase.co/storage/v1/object/public/tts-audio/33/332c63fea95d36eb6b217ec62ad862d46173e1f8f0a7755a020d606029c06ea0.mp3,src/data/primaryHub/grade5.json,g5v1_u1#vocab[5].chunks[1],chunks.en
elevenlabs|el:lily|0.85||very hard-working,very hard-working,el:lily,0.85,https://audio.bigmooneducation.com/0b/0ba7f646a136047f50782a6f13eca7ef639f3546c938ee3d509e7839a3fb4f9c.mp3,https://degqpiiddkxcuzwombwp.supabase.co/storage/v1/object/public/tts-audio/0b/0ba7f646a136047f50782a6f13eca7ef639f3546c938ee3d509e7839a3fb4f9c.mp3,src/data/primaryHub/grade5.json,g5v1_u1#vocab[6].chunks[1],chunks.en
elevenlabs|el:lily|0.85||a helpful boy,a helpful boy,el:lily,0.85,https://audio.bigmooneducation.com/d1/d19de49558ac3b5041803a3b5d3c2d8bf7c59fea08ac10238434256f526fe8ba.mp3,https://degqpiiddkxcuzwombwp.supabase.co/storage/v1/object/public/tts-audio/d1/d19de49558ac3b5041803a3b5d3c2d8bf7c59fea08ac10238434256f526fe8ba.mp3,src/data/primaryHub/grade5.json,g5v1_u1#vocab[7].chunks[0],chunks.en
elevenlabs|el:lily|0.85||helpful at home,helpful at home,el:lily,0.85,https://audio.bigmooneducation.com/4e/4e46941e4dcd5eed0302729fe5825433acbf7417f3cbd444d5da54a1e021488a.mp3,https://degqpiiddkxcuzwombwp.supabase.co/storage/v1/object/public/tts-audio/4e/4e46941e4dcd5eed0302729fe5825433acbf7417f3cbd444d5da54a1e021488a.mp3,src/data/primaryHub/grade5.json,g5v1_u1#vocab[7].chunks[1],chunks.en
elevenlabs|el:lily|0.7||Who's your art teacher?,Who's your art teacher?,el:lily,0.7,https://audio.bigmooneducation.com/cc/cc77668c948f4f69cfcced369f99b113c271b0a6347d8a7400fc9bf80b53cf53.mp3,https://degqpiiddkxcuzwombwp.supabase.co/storage/v1/object/public/tts-audio/cc/cc77668c948f4f69cfcced369f99b113c271b0a6347d8a7400fc9bf80b53cf53.mp3,src/data/primaryHub/grade5.json,g5v1_u1#listening[0],listeningQuestions.audio@0.7
elevenlabs|el:lily|0.7||Mr Jones.,Mr Jones.,el:lily,0.7,https://audio.bigmooneducation.com/4e/4e2950497e8ecb1ed02de937ce5cd8578a9a4606a07fb2900c63e2152c7595a1.mp3,https://degqpiiddkxcuzwombwp.supabase.co/storage/v1/object/public/tts-audio/4e/4e2950497e8ecb1ed02de937ce5cd8578a9a4606a07fb2900c63e2152c7595a1.mp3,src/data/primaryHub/grade5.json,g5v1_u1#listening[1],listeningQuestions.audio@0.7
elevenlabs|el:lily|0.7||What's he like?,What's he like?,el:lily,0.7,https://audio.bigmooneducation.com/b0/b053bfffc2ec80ec4bdb8530efc747336fd160cc04ac2b3661369f30028df149.mp3,https://degqpiiddkxcuzwombwp.supabase.co/storage/v1/object/public/tts-audio/b0/b053bfffc2ec80ec4bdb8530efc747336fd160cc04ac2b3661369f30028df149.mp3,src/data/primaryHub/grade5.json,g5v1_u1#listening[2],listeningQuestions.audio@0.7
elevenlabs|el:lily|0.7||He's tall and strong.,He's tall and strong.,el:lily,0.7,https://audio.bigmooneducation.com/3d/3dd5f05fcf97e5541d81bcfede7d5d62c665127f43477bda09398898c5f88d29.mp3,https://degqpiiddkxcuzwombwp.supabase.co/storage/v1/object/public/tts-audio/3d/3dd5f05fcf97e5541d81bcfede7d5d62c665127f43477bda09398898c5f88d29.mp3,src/data/primaryHub/grade5.json,g5v1_u1#listening[3],listeningQuestions.audio@0.7
elevenlabs|el:lily|0.85||on Monday,on Monday,el:lily,0.85,https://audio.bigmooneducation.com/8e/8e71946cf94016499b4e46ee004caa774bd355ee8701ea52813bbabcbcba93c2.mp3,https://degqpiiddkxcuzwombwp.supabase.co/storage/v1/object/public/tts-audio/8e/8e71946cf94016499b4e46ee004caa774bd355ee8701ea52813bbabcbcba93c2.mp3,src/data/primaryHub/grade5.json,g5v1_u2#vocab[0].chunks[0],chunks.en
elevenlabs|el:lily|0.85||next Monday,next Monday,el:lily,0.85,https://audio.bigmooneducation.com/12/1206dc4556a2a3dc54821621bd5d8db27ca5003d28e512243d083fa1361bb65b.mp3,https://degqpiiddkxcuzwombwp.supabase.co/storage/v1/object/public/tts-audio/12/1206dc4556a2a3dc54821621bd5d8db27ca5003d28e512243d083fa1361bb65b.mp3,src/data/primaryHub/grade5.json,g5v1_u2#vocab[0].chunks[1],chunks.en
elevenlabs|el:lily|0.85||on Tuesday,on Tuesday,el:lily,0.85,https://audio.bigmooneducation.com/11/113850a32f76777bc52b8e7b9c82206c970ab3898d7f194b27ee467b7a1bda10.mp3,https://degqpiiddkxcuzwombwp.supabase.co/storage/v1/object/public/tts-audio/11/113850a32f76777bc52b8e7b9c82206c970ab3898d7f194b27ee467b7a1bda10.mp3,src/data/primaryHub/grade5.json,g5v1_u2#vocab[1].chunks[0],chunks.en
elevenlabs|el:lily|0.85||every Tuesday,every Tuesday,el:lily,0.85,https://audio.bigmooneducation.com/04/04e3c6a155a2b9c6476d5cffb5538cbdbce86dc5b5f566ad656d215c65be749a.mp3,https://degqpiiddkxcuzwombwp.supabase.co/storage/v1/object/public/tts-audio/04/04e3c6a155a2b9c6476d5cffb5538cbdbce86dc5b5f566ad656d215c65be749a.mp3,src/data/primaryHub/grade5.json,g5v1_u2#vocab[1].chunks[1],chunks.en
elevenlabs|el:lily|0.85||on Wednesday,on Wednesday,el:lily,0.85,https://audio.bigmooneducation.com/93/93d253ebe2ee88cb8e0615207ceafeaf93d385c170c1542c8b8bbf9e5cbd3d1b.mp3,https://degqpiiddkxcuzwombwp.supabase.co/storage/v1/object/public/tts-audio/93/93d253ebe2ee88cb8e0615207ceafeaf93d385c170c1542c8b8bbf9e5cbd3d1b.mp3,src/data/primaryHub/grade5.json,g5v1_u2#vocab[2].chunks[0],chunks.en
elevenlabs|el:lily|0.85||last Wednesday,last Wednesday,el:lily,0.85,https://audio.bigmooneducation.com/82/8262c150421071d6bcd6dc6944a464adb68da46317306a7de086840bed78c068.mp3,https://degqpiiddkxcuzwombwp.supabase.co/storage/v1/object/public/tts-audio/82/8262c150421071d6bcd6dc6944a464adb68da46317306a7de086840bed78c068.mp3,src/data/primaryHub/grade5.json,g5v1_u2#vocab[2].chunks[1],chunks.en
elevenlabs|el:lily|0.85||on Saturday,on Saturday,el:lily,0.85,https://audio.bigmooneducation.com/9e/9e2a1df3f74253e8e97331c6c2e50fed98a4730a4f0daa6dc3bc040278271a95.mp3,https://degqpiiddkxcuzwombwp.supabase.co/storage/v1/object/public/tts-audio/9e/9e2a1df3f74253e8e97331c6c2e50fed98a4730a4f0daa6dc3bc040278271a95.mp3,src/data/primaryHub/grade5.json,g5v1_u2#vocab[5].chunks[0],chunks.en
elevenlabs|el:lily|0.85||every Saturday,every Saturday,el:lily,0.85,https://audio.bigmooneducation.com/1c/1c1d62ee7edc9f65b639833ace7749e480b27eb75c08b099a0710456caacc333.mp3,https://degqpiiddkxcuzwombwp.supabase.co/storage/v1/object/public/tts-audio/1c/1c1d62ee7edc9f65b639833ace7749e480b27eb75c08b099a0710456caacc333.mp3,src/data/primaryHub/grade5.json,g5v1_u2#vocab[5].chunks[1],chunks.en
elevenlabs|el:lily|0.85||on Sunday,on Sunday,el:lily,0.85,https://audio.bigmooneducation.com/fb/fb2ce0d646eb951f83e7637b9397f47058fc1e72ec6cd177d5ff0bbc0a7fffcc.mp3,https://degqpiiddkxcuzwombwp.supabase.co/storage/v1/object/public/tts-audio/fb/fb2ce0d646eb951f83e7637b9397f47058fc1e72ec6cd177d5ff0bbc0a7fffcc.mp3,src/data/primaryHub/grade5.json,g5v1_u2#vocab[6].chunks[0],chunks.en
elevenlabs|el:lily|0.85||this Sunday,this Sunday,el:lily,0.85,https://audio.bigmooneducation.com/42/42f56ab4caf0f545a47698d2bc64276e6820c586c0ea7e17e54a379e9fa12e65.mp3,https://degqpiiddkxcuzwombwp.supabase.co/storage/v1/object/public/tts-audio/42/42f56ab4caf0f545a47698d2bc64276e6820c586c0ea7e17e54a379e9fa12e65.mp3,src/data/primaryHub/grade5.json,g5v1_u2#vocab[6].chunks[1],chunks.en
elevenlabs|el:lily|0.85||a happy weekend,a happy weekend,el:lily,0.85,https://audio.bigmooneducation.com/c3/c3f041d92c90c9332da3f846d2a5f6e69ac569d4d20106c9d8ed43e77f4a5553.mp3,https://degqpiiddkxcuzwombwp.supabase.co/storage/v1/object/public/tts-audio/c3/c3f041d92c90c9332da3f846d2a5f6e69ac569d4d20106c9d8ed43e77f4a5553.mp3,src/data/primaryHub/grade5.json,g5v1_u2#vocab[7].chunks[1],chunks.en
elevenlabs|el:lily|0.7||What do you have on Mondays?,What do you have on Mondays?,el:lily,0.7,https://audio.bigmooneducation.com/de/de67e7a3f4e5f6cb831c28b77b0d1be80ae6ba63239b380131ce42da1328d0f7.mp3,https://degqpiiddkxcuzwombwp.supabase.co/storage/v1/object/public/tts-audio/de/de67e7a3f4e5f6cb831c28b77b0d1be80ae6ba63239b380131ce42da1328d0f7.mp3,src/data/primaryHub/grade5.json,g5v1_u2#listening[0],listeningQuestions.audio@0.7
"elevenlabs|el:lily|0.7||I have Chinese, English and music.","I have Chinese, English and music.",el:lily,0.7,https://audio.bigmooneducation.com/ad/ad1e74061a2d88e6159c6801640b300dee58056c597e8d268cea43de04d203aa.mp3,https://degqpiiddkxcuzwombwp.supabase.co/storage/v1/object/public/tts-audio/ad/ad1e74061a2d88e6159c6801640b300dee58056c597e8d268cea43de04d203aa.mp3,src/data/primaryHub/grade5.json,g5v1_u2#listening[1],listeningQuestions.audio@0.7
elevenlabs|el:lily|0.7||Do you often play ping-pong on Thursdays?,Do you often play ping-pong on Thursdays?,el:lily,0.7,https://audio.bigmooneducation.com/7d/7d5e44f1f36c2050ebe1e455b1831429cfd6dba0cb4bacdd2357e32f35c22733.mp3,https://degqpiiddkxcuzwombwp.supabase.co/storage/v1/object/public/tts-audio/7d/7d5e44f1f36c2050ebe1e455b1831429cfd6dba0cb4bacdd2357e32f35c22733.mp3,src/data/primaryHub/grade5.json,g5v1_u2#listening[2],listeningQuestions.audio@0.7
"elevenlabs|el:lily|0.7||No, I don't.","No, I don't.",el:lily,0.7,https://audio.bigmooneducation.com/1e/1e6ea915c01ac623a6eae88c6f98052e1c4b6635eac1a50542dd97eb9e04da96.mp3,https://degqpiiddkxcuzwombwp.supabase.co/storage/v1/object/public/tts-audio/1e/1e6ea915c01ac623a6eae88c6f98052e1c4b6635eac1a50542dd97eb9e04da96.mp3,src/data/primaryHub/grade5.json,g5v1_u2#listening[3],listeningQuestions.audio@0.7
elevenlabs|el:lily|0.85||a ham sandwich,a ham sandwich,el:lily,0.85,https://audio.bigmooneducation.com/9c/9c947ff9a6abae2186587be084d93f20faa3818422bb835a0eaa335d10daa09f.mp3,https://degqpiiddkxcuzwombwp.supabase.co/storage/v1/object/public/tts-audio/9c/9c947ff9a6abae2186587be084d93f20faa3818422bb835a0eaa335d10daa09f.mp3,src/data/primaryHub/grade5.json,g5v1_u3#vocab[0].chunks[0],chunks.en
elevenlabs|el:lily|0.85||make a sandwich,make a sandwich,el:lily,0.85,https://audio.bigmooneducation.com/96/963606c641feeafc68e4faa10653da9da9fcb812ce102ea814d38a2705382ad9.mp3,https://degqpiiddkxcuzwombwp.supabase.co/storage/v1/object/public/tts-audio/96/963606c641feeafc68e4faa10653da9da9fcb812ce102ea814d38a2705382ad9.mp3,src/data/primaryHub/grade5.json,g5v1_u3#vocab[0].chunks[1],chunks.en
elevenlabs|el:lily|0.85||a big hamburger,a big hamburger,el:lily,0.85,https://audio.bigmooneducation.com/93/93cc32ff2862bf3c7b3e9e7a43529287a75cfa354779ab0795208616906bb30b.mp3,https://degqpiiddkxcuzwombwp.supabase.co/storage/v1/object/public/tts-audio/93/93cc32ff2862bf3c7b3e9e7a43529287a75cfa354779ab0795208616906bb30b.mp3,src/data/primaryHub/grade5.json,g5v1_u3#vocab[2].chunks[0],chunks.en
elevenlabs|el:lily|0.85||eat a hamburger,eat a hamburger,el:lily,0.85,https://audio.bigmooneducation.com/d0/d0b449b095bf03a4a7c34f657f82666a883cd12121a771a0dfac2c019bc073a3.mp3,https://degqpiiddkxcuzwombwp.supabase.co/storage/v1/object/public/tts-audio/d0/d0b449b095bf03a4a7c34f657f82666a883cd12121a771a0dfac2c019bc073a3.mp3,src/data/primaryHub/grade5.json,g5v1_u3#vocab[2].chunks[1],chunks.en
elevenlabs|el:lily|0.85||some ice cream,some ice cream,el:lily,0.85,https://audio.bigmooneducation.com/4a/4aeeba342aaf6b421515dc15830bea8da151e112a9a32fab00c26cebb3e29157.mp3,https://degqpiiddkxcuzwombwp.supabase.co/storage/v1/object/public/tts-audio/4a/4aeeba342aaf6b421515dc15830bea8da151e112a9a32fab00c26cebb3e29157.mp3,src/data/primaryHub/grade5.json,g5v1_u3#vocab[3].chunks[0],chunks.en
elevenlabs|el:lily|0.85||a cup of ice cream,a cup of ice cream,el:lily,0.85,https://audio.bigmooneducation.com/12/12262d6611656fcf6375bb06175c221fcec7e0c6c741cee2dd8cea23662dee81.mp3,https://degqpiiddkxcuzwombwp.supabase.co/storage/v1/object/public/tts-audio/12/12262d6611656fcf6375bb06175c221fcec7e0c6c741cee2dd8cea23662dee81.mp3,src/data/primaryHub/grade5.json,g5v1_u3#vocab[3].chunks[1],chunks.en
elevenlabs|el:lily|0.85||green tea,green tea,el:lily,0.85,https://audio.bigmooneducation.com/5d/5dba53b9eb38fc56bb8230ae2b5e61beacf24d5be5dd6ad80332442fd9079fab.mp3,https://degqpiiddkxcuzwombwp.supabase.co/storage/v1/object/public/tts-audio/5d/5dba53b9eb38fc56bb8230ae2b5e61beacf24d5be5dd6ad80332442fd9079fab.mp3,src/data/primaryHub/grade5.json,g5v1_u3#vocab[4].chunks[1],chunks.en
elevenlabs|el:lily|0.85||fresh fruit,fresh fruit,el:lily,0.85,https://audio.bigmooneducation.com/9c/9c9787bb2a843db323e1e5b80b21f0e6378399046d620c990944ef9ff422f4b7.mp3,https://degqpiiddkxcuzwombwp.supabase.co/storage/v1/object/public/tts-audio/9c/9c9787bb2a843db323e1e5b80b21f0e6378399046d620c990944ef9ff422f4b7.mp3,src/data/primaryHub/grade5.json,g5v1_u3#vocab[5].chunks[0],chunks.en
elevenlabs|el:lily|0.85||fresh and healthy,fresh and healthy,el:lily,0.85,https://audio.bigmooneducation.com/60/6033f4e8bf31d8eb2723a528d6dc3534069e87eafc45276fa9cf1a7ac9a0f3b3.mp3,https://degqpiiddkxcuzwombwp.supabase.co/storage/v1/object/public/tts-audio/60/6033f4e8bf31d8eb2723a528d6dc3534069e87eafc45276fa9cf1a7ac9a0f3b3.mp3,src/data/primaryHub/grade5.json,g5v1_u3#vocab[5].chunks[1],chunks.en
elevenlabs|el:lily|0.85||delicious food,delicious food,el:lily,0.85,https://audio.bigmooneducation.com/1b/1bcd7fa160b0b461ada4bd211b7c4bdaffad13244fd106b571ebd9114f67284e.mp3,https://degqpiiddkxcuzwombwp.supabase.co/storage/v1/object/public/tts-audio/1b/1bcd7fa160b0b461ada4bd211b7c4bdaffad13244fd106b571ebd9114f67284e.mp3,src/data/primaryHub/grade5.json,g5v1_u3#vocab[7].chunks[0],chunks.en
elevenlabs|el:lily|0.85||so delicious,so delicious,el:lily,0.85,https://audio.bigmooneducation.com/c5/c5e752a2c3a3a972530a475440c40b404fda85a231eb51796ad9ef16e1989dcb.mp3,https://degqpiiddkxcuzwombwp.supabase.co/storage/v1/object/public/tts-audio/c5/c5e752a2c3a3a972530a475440c40b404fda85a231eb51796ad9ef16e1989dcb.mp3,src/data/primaryHub/grade5.json,g5v1_u3#vocab[7].chunks[1],chunks.en
elevenlabs|el:lily|0.85||What would you like to eat?,What would you like to eat?,el:lily,0.85,https://audio.bigmooneducation.com/62/622c88c8e2de88f34bb10c8f7a5b49fbc8f193693fd823497e3a9b4b26c46329.mp3,https://degqpiiddkxcuzwombwp.supabase.co/storage/v1/object/public/tts-audio/62/622c88c8e2de88f34bb10c8f7a5b49fbc8f193693fd823497e3a9b4b26c46329.mp3,src/data/primaryHub/grade5.json,g5v1_u3#dialogue.A Let's talk.q0,dialogues.lines.text
"elevenlabs|el:lily|0.85||I'd like a sandwich, please.","I'd like a sandwich, please.",el:lily,0.85,https://audio.bigmooneducation.com/03/0344a57f4b26a16f252b000e8d4505503535ec51036791fbaa1f1601e208ea70.mp3,https://degqpiiddkxcuzwombwp.supabase.co/storage/v1/object/public/tts-audio/03/0344a57f4b26a16f252b000e8d4505503535ec51036791fbaa1f1601e208ea70.mp3,src/data/primaryHub/grade5.json,g5v1_u3#dialogue.A Let's talk.a1,dialogues.lines.text
elevenlabs|el:lily|0.85||What would you like to drink?,What would you like to drink?,el:lily,0.85,https://audio.bigmooneducation.com/65/65dbb72669db9c3b8719fc6447d900acb8ede818e6e52e3e76358f5718400370.mp3,https://degqpiiddkxcuzwombwp.supabase.co/storage/v1/object/public/tts-audio/65/65dbb72669db9c3b8719fc6447d900acb8ede818e6e52e3e76358f5718400370.mp3,src/data/primaryHub/grade5.json,g5v1_u3#dialogue.B Let's talk.q0,dialogues.lines.text
elevenlabs|el:lily|0.85||I'd like some water.,I'd like some water.,el:lily,0.85,https://audio.bigmooneducation.com/fb/fb5328446a813949fa4fcc74f03620b0e3788457a6bb2ec9d043cf290e571cea.mp3,https://degqpiiddkxcuzwombwp.supabase.co/storage/v1/object/public/tts-audio/fb/fb5328446a813949fa4fcc74f03620b0e3788457a6bb2ec9d043cf290e571cea.mp3,src/data/primaryHub/grade5.json,g5v1_u3#dialogue.B Let's talk.a1,dialogues.lines.text
elevenlabs|el:lily|0.7||What would you like to eat?,What would you like to eat?,el:lily,0.7,https://audio.bigmooneducation.com/01/014a26efaf5827cdf3c49f17dee3fac021636b2e06ebc95aa714ac4ab9aa9d7a.mp3,https://degqpiiddkxcuzwombwp.supabase.co/storage/v1/object/public/tts-audio/01/014a26efaf5827cdf3c49f17dee3fac021636b2e06ebc95aa714ac4ab9aa9d7a.mp3,src/data/primaryHub/grade5.json,g5v1_u3#listening[0],listeningQuestions.audio@0.7
"elevenlabs|el:lily|0.7||I'd like a sandwich, please.","I'd like a sandwich, please.",el:lily,0.7,https://audio.bigmooneducation.com/13/13ce494cf974162c6f1ebc8c98091c7231c5010f2f41dacf1720458f1b2fb7d0.mp3,https://degqpiiddkxcuzwombwp.supabase.co/storage/v1/object/public/tts-audio/13/13ce494cf974162c6f1ebc8c98091c7231c5010f2f41dacf1720458f1b2fb7d0.mp3,src/data/primaryHub/grade5.json,g5v1_u3#listening[1],listeningQuestions.audio@0.7
elevenlabs|el:lily|0.7||What would you like to drink?,What would you like to drink?,el:lily,0.7,https://audio.bigmooneducation.com/46/4637975b42366de9fa62292b075598ac330c1dde7855c61c957586e7f4d28bf3.mp3,https://degqpiiddkxcuzwombwp.supabase.co/storage/v1/object/public/tts-audio/46/4637975b42366de9fa62292b075598ac330c1dde7855c61c957586e7f4d28bf3.mp3,src/data/primaryHub/grade5.json,g5v1_u3#listening[2],listeningQuestions.audio@0.7
elevenlabs|el:lily|0.7||I'd like some water.,I'd like some water.,el:lily,0.7,https://audio.bigmooneducation.com/a9/a9119a8b1fea07453411ed5953e29e03140a359e8374e2ee1b5f4cdbb75ff0f6.mp3,https://degqpiiddkxcuzwombwp.supabase.co/storage/v1/object/public/tts-audio/a9/a9119a8b1fea07453411ed5953e29e03140a359e8374e2ee1b5f4cdbb75ff0f6.mp3,src/data/primaryHub/grade5.json,g5v1_u3#listening[3],listeningQuestions.audio@0.7
elevenlabs|el:lily|0.85||sing a song,sing a song,el:lily,0.85,https://audio.bigmooneducation.com/6e/6ef4d49650104644c3847a3fc665009529befab39d35161eab0ebf8bf8bc76c3.mp3,https://degqpiiddkxcuzwombwp.supabase.co/storage/v1/object/public/tts-audio/6e/6ef4d49650104644c3847a3fc665009529befab39d35161eab0ebf8bf8bc76c3.mp3,src/data/primaryHub/grade5.json,g5v1_u4#vocab[0].chunks[0],chunks.en
elevenlabs|el:lily|0.85||sing well,sing well,el:lily,0.85,https://audio.bigmooneducation.com/7a/7a56950720f524fe11477ff07473a2c58c41cf548b5832a14f9d7fc1d8247618.mp3,https://degqpiiddkxcuzwombwp.supabase.co/storage/v1/object/public/tts-audio/7a/7a56950720f524fe11477ff07473a2c58c41cf548b5832a14f9d7fc1d8247618.mp3,src/data/primaryHub/grade5.json,g5v1_u4#vocab[0].chunks[1],chunks.en
elevenlabs|el:lily|0.85||a pop song,a pop song,el:lily,0.85,https://audio.bigmooneducation.com/ab/ab7bfb2d355a56da6c95c3cd59feb9d2cbc5eb78ff4168467222f12be8fc5e49.mp3,https://degqpiiddkxcuzwombwp.supabase.co/storage/v1/object/public/tts-audio/ab/ab7bfb2d355a56da6c95c3cd59feb9d2cbc5eb78ff4168467222f12be8fc5e49.mp3,src/data/primaryHub/grade5.json,g5v1_u4#vocab[1].chunks[0],chunks.en
elevenlabs|el:lily|0.85||a new song,a new song,el:lily,0.85,https://audio.bigmooneducation.com/e5/e53ec936bf3c1068706ae0b2b753489753371a51f72d038a2c5c7aef88164e5f.mp3,https://degqpiiddkxcuzwombwp.supabase.co/storage/v1/object/public/tts-audio/e5/e53ec936bf3c1068706ae0b2b753489753371a51f72d038a2c5c7aef88164e5f.mp3,src/data/primaryHub/grade5.json,g5v1_u4#vocab[1].chunks[1],chunks.en
elevenlabs|el:lily|0.85||sing English songs at the party,sing English songs at the party,el:lily,0.85,https://audio.bigmooneducation.com/2e/2ef0feb783393c0d42852af8d70bd761c299220d168e4563a33513ee17ba14aa.mp3,https://degqpiiddkxcuzwombwp.supabase.co/storage/v1/object/public/tts-audio/2e/2ef0feb783393c0d42852af8d70bd761c299220d168e4563a33513ee17ba14aa.mp3,src/data/primaryHub/grade5.json,g5v1_u4#vocab[2].chunks[0],chunks.en
elevenlabs|el:lily|0.85||like to sing English songs,like to sing English songs,el:lily,0.85,https://audio.bigmooneducation.com/f8/f8d389bfc5947117f995b34ba8bc520ae2e79c5459c5536ad3ab6807ab9fac23.mp3,https://degqpiiddkxcuzwombwp.supabase.co/storage/v1/object/public/tts-audio/f8/f8d389bfc5947117f995b34ba8bc520ae2e79c5459c5536ad3ab6807ab9fac23.mp3,src/data/primaryHub/grade5.json,g5v1_u4#vocab[2].chunks[1],chunks.en
elevenlabs|el:lily|0.85||do kung fu every day,do kung fu every day,el:lily,0.85,https://audio.bigmooneducation.com/86/86583c9a5763b5a2eb2ef9c06227c27524d7458c342e55b61b95252ac47466b8.mp3,https://degqpiiddkxcuzwombwp.supabase.co/storage/v1/object/public/tts-audio/86/86583c9a5763b5a2eb2ef9c06227c27524d7458c342e55b61b95252ac47466b8.mp3,src/data/primaryHub/grade5.json,g5v1_u4#vocab[5].chunks[0],chunks.en
elevenlabs|el:lily|0.85||can do kung fu,can do kung fu,el:lily,0.85,https://audio.bigmooneducation.com/6e/6e7175611db4900ad63f456345d8a12bd513f800963681d7fd6f62b3f011ae78.mp3,https://degqpiiddkxcuzwombwp.supabase.co/storage/v1/object/public/tts-audio/6e/6e7175611db4900ad63f456345d8a12bd513f800963681d7fd6f62b3f011ae78.mp3,src/data/primaryHub/grade5.json,g5v1_u4#vocab[5].chunks[1],chunks.en
elevenlabs|el:lily|0.85||dance to music,dance to music,el:lily,0.85,https://audio.bigmooneducation.com/cd/cd1b9616a9cf4feb1efadf559f29b02efd06aa317ba16569dcc5a8fc302cf466.mp3,https://degqpiiddkxcuzwombwp.supabase.co/storage/v1/object/public/tts-audio/cd/cd1b9616a9cf4feb1efadf559f29b02efd06aa317ba16569dcc5a8fc302cf466.mp3,src/data/primaryHub/grade5.json,g5v1_u4#vocab[6].chunks[0],chunks.en
elevenlabs|el:lily|0.85||I can sing English songs.,I can sing English songs.,el:lily,0.85,https://audio.bigmooneducation.com/63/6393e38be1d034f9510c30d609d0f2dcc119c48d0137f014134d79d88023c064.mp3,https://degqpiiddkxcuzwombwp.supabase.co/storage/v1/object/public/tts-audio/63/6393e38be1d034f9510c30d609d0f2dcc119c48d0137f014134d79d88023c064.mp3,src/data/primaryHub/grade5.json,g5v1_u4#dialogue.A Let's talk.a1,dialogues.lines.text
"elevenlabs|el:lily|0.85||Can you do any kung fu, John?","Can you do any kung fu, John?",el:lily,0.85,https://audio.bigmooneducation.com/25/25dcd3696416b4dbb450326d68b26d9143e0f7b207351f2167342bd045905ba1.mp3,https://degqpiiddkxcuzwombwp.supabase.co/storage/v1/object/public/tts-audio/25/25dcd3696416b4dbb450326d68b26d9143e0f7b207351f2167342bd045905ba1.mp3,src/data/primaryHub/grade5.json,g5v1_u4#dialogue.B Let's talk.q0,dialogues.lines.text
"elevenlabs|el:lily|0.85||Yes, I can.","Yes, I can.",el:lily,0.85,https://audio.bigmooneducation.com/06/0693a6471482a307566a105327c14fa61b6034b3157ec3d0ae6793905dff31b1.mp3,https://degqpiiddkxcuzwombwp.supabase.co/storage/v1/object/public/tts-audio/06/0693a6471482a307566a105327c14fa61b6034b3157ec3d0ae6793905dff31b1.mp3,src/data/primaryHub/grade5.json,g5v1_u4#dialogue.B Let's talk.a1,dialogues.lines.text
"elevenlabs|el:lily|0.7||What can you do for the party, children?","What can you do for the party, children?",el:lily,0.7,https://audio.bigmooneducation.com/26/26310edbabcbd3198ecb656c0c93362d1c9d90941f245299d7b584979bd2b5aa.mp3,https://degqpiiddkxcuzwombwp.supabase.co/storage/v1/object/public/tts-audio/26/26310edbabcbd3198ecb656c0c93362d1c9d90941f245299d7b584979bd2b5aa.mp3,src/data/primaryHub/grade5.json,g5v1_u4#listening[0],listeningQuestions.audio@0.7
elevenlabs|el:lily|0.7||I can sing English songs.,I can sing English songs.,el:lily,0.7,https://audio.bigmooneducation.com/b5/b5dfbd8310e5d3108ecd92a2fe6bb837de366e43e9ed78f6c72e8741347e69d0.mp3,https://degqpiiddkxcuzwombwp.supabase.co/storage/v1/object/public/tts-audio/b5/b5dfbd8310e5d3108ecd92a2fe6bb837de366e43e9ed78f6c72e8741347e69d0.mp3,src/data/primaryHub/grade5.json,g5v1_u4#listening[1],listeningQuestions.audio@0.7
"elevenlabs|el:lily|0.7||Can you do any kung fu, John?","Can you do any kung fu, John?",el:lily,0.7,https://audio.bigmooneducation.com/52/52336c0371ca88bf719792f51d0166403a0a0074d8ec2f73215a9243281eacf2.mp3,https://degqpiiddkxcuzwombwp.supabase.co/storage/v1/object/public/tts-audio/52/52336c0371ca88bf719792f51d0166403a0a0074d8ec2f73215a9243281eacf2.mp3,src/data/primaryHub/grade5.json,g5v1_u4#listening[2],listeningQuestions.audio@0.7
"elevenlabs|el:lily|0.7||Yes, I can.","Yes, I can.",el:lily,0.7,https://audio.bigmooneducation.com/39/396d5d826beae018906a1c55645d5a7639afd5b6373f57a41719f61cd736ffc4.mp3,https://degqpiiddkxcuzwombwp.supabase.co/storage/v1/object/public/tts-audio/39/396d5d826beae018906a1c55645d5a7639afd5b6373f57a41719f61cd736ffc4.mp3,src/data/primaryHub/grade5.json,g5v1_u4#listening[3],listeningQuestions.audio@0.7
elevenlabs|el:lily|0.85||a green plant,a green plant,el:lily,0.85,https://audio.bigmooneducation.com/91/915bce2114486964bd77965ac990a03b51887ea30789b11a68a94c2290550716.mp3,https://degqpiiddkxcuzwombwp.supabase.co/storage/v1/object/public/tts-audio/91/915bce2114486964bd77965ac990a03b51887ea30789b11a68a94c2290550716.mp3,src/data/primaryHub/grade5.json,g5v1_u5#vocab[1].chunks[0],chunks.en
elevenlabs|el:lily|0.85||a glass bottle,a glass bottle,el:lily,0.85,https://audio.bigmooneducation.com/28/286770150947558dd9317471e403c5c5570ac30eda03382624e71d8015b72d63.mp3,https://degqpiiddkxcuzwombwp.supabase.co/storage/v1/object/public/tts-audio/28/286770150947558dd9317471e403c5c5570ac30eda03382624e71d8015b72d63.mp3,src/data/primaryHub/grade5.json,g5v1_u5#vocab[2].chunks[0],chunks.en
elevenlabs|el:lily|0.85||an empty bottle,an empty bottle,el:lily,0.85,https://audio.bigmooneducation.com/8f/8fa796612815f8b79e5a1f39a996cf42a5d5b3a8a306616fd8d3a342a76e03be.mp3,https://degqpiiddkxcuzwombwp.supabase.co/storage/v1/object/public/tts-audio/8f/8fa796612815f8b79e5a1f39a996cf42a5d5b3a8a306616fd8d3a342a76e03be.mp3,src/data/primaryHub/grade5.json,g5v1_u5#vocab[2].chunks[1],chunks.en
elevenlabs|el:lily|0.85||a big water bottle,a big water bottle,el:lily,0.85,https://audio.bigmooneducation.com/07/07fa375f93bd028b34d03cdee2323033c0cc6fb1672b65dd42ee95d7ec4b09b7.mp3,https://degqpiiddkxcuzwombwp.supabase.co/storage/v1/object/public/tts-audio/07/07fa375f93bd028b34d03cdee2323033c0cc6fb1672b65dd42ee95d7ec4b09b7.mp3,src/data/primaryHub/grade5.json,g5v1_u5#vocab[3].chunks[0],chunks.en
elevenlabs|el:lily|0.85||my water bottle,my water bottle,el:lily,0.85,https://audio.bigmooneducation.com/59/593925d730c1e1b269eaf63d927fdd85f2d6f753d9bd2f188a0d194798093138.mp3,https://degqpiiddkxcuzwombwp.supabase.co/storage/v1/object/public/tts-audio/59/593925d730c1e1b269eaf63d927fdd85f2d6f753d9bd2f188a0d194798093138.mp3,src/data/primaryHub/grade5.json,g5v1_u5#vocab[3].chunks[1],chunks.en
elevenlabs|el:lily|0.85||in the front,in the front,el:lily,0.85,https://audio.bigmooneducation.com/2c/2c7f6f86d43c9f404270a0efda862ded3840581dc4f5a3bbb2169c31f2ed8256.mp3,https://degqpiiddkxcuzwombwp.supabase.co/storage/v1/object/public/tts-audio/2c/2c7f6f86d43c9f404270a0efda862ded3840581dc4f5a3bbb2169c31f2ed8256.mp3,src/data/primaryHub/grade5.json,g5v1_u5#vocab[6].chunks[1],chunks.en
elevenlabs|el:lily|0.85||in front of the house,in front of the house,el:lily,0.85,https://audio.bigmooneducation.com/06/0631ab82eeb550863a78ee04f97a6e7ac7c5efe5c16cf6882172ede2c4e40d7f.mp3,https://degqpiiddkxcuzwombwp.supabase.co/storage/v1/object/public/tts-audio/06/0631ab82eeb550863a78ee04f97a6e7ac7c5efe5c16cf6882172ede2c4e40d7f.mp3,src/data/primaryHub/grade5.json,g5v1_u5#vocab[7].chunks[0],chunks.en
elevenlabs|el:lily|0.85||stand in front of me,stand in front of me,el:lily,0.85,https://audio.bigmooneducation.com/0b/0b9e96994e80a6e258ea8769de61ccca301aaf2ca318126266e9c1c918f00aaf.mp3,https://degqpiiddkxcuzwombwp.supabase.co/storage/v1/object/public/tts-audio/0b/0b9e96994e80a6e258ea8769de61ccca301aaf2ca318126266e9c1c918f00aaf.mp3,src/data/primaryHub/grade5.json,g5v1_u5#vocab[7].chunks[1],chunks.en
elevenlabs|el:lily|0.85||There is a big bed.,There is a big bed.,el:lily,0.85,https://audio.bigmooneducation.com/92/92159579c01015efa413d4a818e0cda64c739b291b36bedd44aff31f179cb3be.mp3,https://degqpiiddkxcuzwombwp.supabase.co/storage/v1/object/public/tts-audio/92/92159579c01015efa413d4a818e0cda64c739b291b36bedd44aff31f179cb3be.mp3,src/data/primaryHub/grade5.json,g5v1_u5#dialogue.A Let's talk.q0,dialogues.lines.text
"elevenlabs|el:lily|0.85||There is a nice photo, too.","There is a nice photo, too.",el:lily,0.85,https://audio.bigmooneducation.com/b5/b573e1b920068faf23bffea7ace8822b01b21d11379dbdcdeed9340d9493078d.mp3,https://degqpiiddkxcuzwombwp.supabase.co/storage/v1/object/public/tts-audio/b5/b573e1b920068faf23bffea7ace8822b01b21d11379dbdcdeed9340d9493078d.mp3,src/data/primaryHub/grade5.json,g5v1_u5#dialogue.A Let's talk.a1,dialogues.lines.text
elevenlabs|el:lily|0.85||This is my bedroom.,This is my bedroom.,el:lily,0.85,https://audio.bigmooneducation.com/dc/dcbcc271c12b60cb48f2951f21598d1bb210c0142d1e9c1dcd458efc87d7ed99.mp3,https://degqpiiddkxcuzwombwp.supabase.co/storage/v1/object/public/tts-audio/dc/dcbcc271c12b60cb48f2951f21598d1bb210c0142d1e9c1dcd458efc87d7ed99.mp3,src/data/primaryHub/grade5.json,g5v1_u5#dialogue.B Let's talk.q0,dialogues.lines.text
elevenlabs|el:lily|0.85||Wow! You look cool!,Wow! You look cool!,el:lily,0.85,https://audio.bigmooneducation.com/7b/7bb1656e98e8e6047ed673c229d8efa6d70fab0cca6a71c0f42e77c2ddfb8476.mp3,https://degqpiiddkxcuzwombwp.supabase.co/storage/v1/object/public/tts-audio/7b/7bb1656e98e8e6047ed673c229d8efa6d70fab0cca6a71c0f42e77c2ddfb8476.mp3,src/data/primaryHub/grade5.json,g5v1_u5#dialogue.B Let's talk.a1,dialogues.lines.text
elevenlabs|el:lily|0.7||There is a big bed.,There is a big bed.,el:lily,0.7,https://audio.bigmooneducation.com/dd/dd35cda13c3a159e83eb4af120fc253c108d722d4866b4ad37e1886d78935d71.mp3,https://degqpiiddkxcuzwombwp.supabase.co/storage/v1/object/public/tts-audio/dd/dd35cda13c3a159e83eb4af120fc253c108d722d4866b4ad37e1886d78935d71.mp3,src/data/primaryHub/grade5.json,g5v1_u5#listening[0],listeningQuestions.audio@0.7
"elevenlabs|el:lily|0.7||There is a nice photo, too.","There is a nice photo, too.",el:lily,0.7,https://audio.bigmooneducation.com/ce/ced9248706cdf300e4337cf1db921d678eb15e2ee825051dae9548fa19cac426.mp3,https://degqpiiddkxcuzwombwp.supabase.co/storage/v1/object/public/tts-audio/ce/ced9248706cdf300e4337cf1db921d678eb15e2ee825051dae9548fa19cac426.mp3,src/data/primaryHub/grade5.json,g5v1_u5#listening[1],listeningQuestions.audio@0.7
elevenlabs|el:lily|0.7||This is my bedroom.,This is my bedroom.,el:lily,0.7,https://audio.bigmooneducation.com/d1/d1147f834ca10ffe29f162f480ac385268207662b3987967a215ed61b1c44073.mp3,https://degqpiiddkxcuzwombwp.supabase.co/storage/v1/object/public/tts-audio/d1/d1147f834ca10ffe29f162f480ac385268207662b3987967a215ed61b1c44073.mp3,src/data/primaryHub/grade5.json,g5v1_u5#listening[2],listeningQuestions.audio@0.7
elevenlabs|el:lily|0.7||Wow! You look cool!,Wow! You look cool!,el:lily,0.7,https://audio.bigmooneducation.com/04/0441ef020dcd917682779611214277ff9653a5613e46b2ee98ade8dc79a334ff.mp3,https://degqpiiddkxcuzwombwp.supabase.co/storage/v1/object/public/tts-audio/04/0441ef020dcd917682779611214277ff9653a5613e46b2ee98ade8dc79a334ff.mp3,src/data/primaryHub/grade5.json,g5v1_u5#listening[3],listeningQuestions.audio@0.7
elevenlabs|el:lily|0.85||a big forest,a big forest,el:lily,0.85,https://audio.bigmooneducation.com/75/759e6f73fad312a29e1fd807eabdc1b1f78d040399c41cc1460cf55ef2a78b15.mp3,https://degqpiiddkxcuzwombwp.supabase.co/storage/v1/object/public/tts-audio/75/759e6f73fad312a29e1fd807eabdc1b1f78d040399c41cc1460cf55ef2a78b15.mp3,src/data/primaryHub/grade5.json,g5v1_u6#vocab[0].chunks[0],chunks.en
elevenlabs|el:lily|0.85||a long river,a long river,el:lily,0.85,https://audio.bigmooneducation.com/53/53233792b5677b101efd6114942aaf1fada90fa4b8cd950db405883aa0231ab1.mp3,https://degqpiiddkxcuzwombwp.supabase.co/storage/v1/object/public/tts-audio/53/53233792b5677b101efd6114942aaf1fada90fa4b8cd950db405883aa0231ab1.mp3,src/data/primaryHub/grade5.json,g5v1_u6#vocab[1].chunks[0],chunks.en
elevenlabs|el:lily|0.85||by the river,by the river,el:lily,0.85,https://audio.bigmooneducation.com/c4/c44a1d273413d350a0a5d9b22ae193432daa037ee84172a44ada45f1821339c2.mp3,https://degqpiiddkxcuzwombwp.supabase.co/storage/v1/object/public/tts-audio/c4/c44a1d273413d350a0a5d9b22ae193432daa037ee84172a44ada45f1821339c2.mp3,src/data/primaryHub/grade5.json,g5v1_u6#vocab[1].chunks[1],chunks.en
elevenlabs|el:lily|0.85||a small lake,a small lake,el:lily,0.85,https://audio.bigmooneducation.com/89/8965e5a516ee2959cf68f7a5c56707d93215a4e06f4b35ce2264f700a7596dfa.mp3,https://degqpiiddkxcuzwombwp.supabase.co/storage/v1/object/public/tts-audio/89/8965e5a516ee2959cf68f7a5c56707d93215a4e06f4b35ce2264f700a7596dfa.mp3,src/data/primaryHub/grade5.json,g5v1_u6#vocab[2].chunks[0],chunks.en
elevenlabs|el:lily|0.85||swim in the lake,swim in the lake,el:lily,0.85,https://audio.bigmooneducation.com/29/299982d723e1bfa24d3118f7cf6d33725e099678a27bb85e2c9aa887deedb6c6.mp3,https://degqpiiddkxcuzwombwp.supabase.co/storage/v1/object/public/tts-audio/29/299982d723e1bfa24d3118f7cf6d33725e099678a27bb85e2c9aa887deedb6c6.mp3,src/data/primaryHub/grade5.json,g5v1_u6#vocab[2].chunks[1],chunks.en
elevenlabs|el:lily|0.85||a high mountain,a high mountain,el:lily,0.85,https://audio.bigmooneducation.com/4f/4f9752f17cebe902b150a7581ad334f6ff3950cbee776489b8ae32013ca9d00e.mp3,https://degqpiiddkxcuzwombwp.supabase.co/storage/v1/object/public/tts-audio/4f/4f9752f17cebe902b150a7581ad334f6ff3950cbee776489b8ae32013ca9d00e.mp3,src/data/primaryHub/grade5.json,g5v1_u6#vocab[3].chunks[0],chunks.en
elevenlabs|el:lily|0.85||under the tree,under the tree,el:lily,0.85,https://audio.bigmooneducation.com/b0/b0114c9a0f2a695a8550feac7759cc6d3dc30e4698580c903a4e19158aebc956.mp3,https://degqpiiddkxcuzwombwp.supabase.co/storage/v1/object/public/tts-audio/b0/b0114c9a0f2a695a8550feac7759cc6d3dc30e4698580c903a4e19158aebc956.mp3,src/data/primaryHub/grade5.json,g5v1_u6#vocab[5].chunks[1],chunks.en
elevenlabs|el:lily|0.85||an old bridge,an old bridge,el:lily,0.85,https://audio.bigmooneducation.com/3f/3fabd55ca39674e353ebd31361832dc1e57c40629cd983e3e33824af640c208d.mp3,https://degqpiiddkxcuzwombwp.supabase.co/storage/v1/object/public/tts-audio/3f/3fabd55ca39674e353ebd31361832dc1e57c40629cd983e3e33824af640c208d.mp3,src/data/primaryHub/grade5.json,g5v1_u6#vocab[6].chunks[0],chunks.en
elevenlabs|el:lily|0.85||cross the bridge,cross the bridge,el:lily,0.85,https://audio.bigmooneducation.com/b0/b0cf49d4164bc0172970897b913103b037a091e0661fa72b246d21bab3ee05e0.mp3,https://degqpiiddkxcuzwombwp.supabase.co/storage/v1/object/public/tts-audio/b0/b0cf49d4164bc0172970897b913103b037a091e0661fa72b246d21bab3ee05e0.mp3,src/data/primaryHub/grade5.json,g5v1_u6#vocab[6].chunks[1],chunks.en
elevenlabs|el:lily|0.85||a tall building,a tall building,el:lily,0.85,https://audio.bigmooneducation.com/68/68bdb5c53561f2730942ec9f6f575f5fbd467ce56189deb66816d74d83223c7a.mp3,https://degqpiiddkxcuzwombwp.supabase.co/storage/v1/object/public/tts-audio/68/68bdb5c53561f2730942ec9f6f575f5fbd467ce56189deb66816d74d83223c7a.mp3,src/data/primaryHub/grade5.json,g5v1_u6#vocab[7].chunks[0],chunks.en
elevenlabs|el:lily|0.85||an old building,an old building,el:lily,0.85,https://audio.bigmooneducation.com/39/39b094984b23a3c659d714fef8184c1a617c0e0d334437c962b842b0218f54eb.mp3,https://degqpiiddkxcuzwombwp.supabase.co/storage/v1/object/public/tts-audio/39/39b094984b23a3c659d714fef8184c1a617c0e0d334437c962b842b0218f54eb.mp3,src/data/primaryHub/grade5.json,g5v1_u6#vocab[7].chunks[1],chunks.en
"elevenlabs|el:lily|0.7||Is there a river in the forest, Miss White?","Is there a river in the forest, Miss White?",el:lily,0.7,https://audio.bigmooneducation.com/4e/4ed2d50f90b7ed333745d591dab51ea3ea2b0e22bf5632c8fa6882496dfe01ed.mp3,https://degqpiiddkxcuzwombwp.supabase.co/storage/v1/object/public/tts-audio/4e/4ed2d50f90b7ed333745d591dab51ea3ea2b0e22bf5632c8fa6882496dfe01ed.mp3,src/data/primaryHub/grade5.json,g5v1_u6#listening[0],listeningQuestions.audio@0.7
"elevenlabs|el:lily|0.7||Yes, there is.","Yes, there is.",el:lily,0.7,https://audio.bigmooneducation.com/ef/ef21b85f883eb592994c96b0e58d6bb33ed351234644d97f7e43cd865251be46.mp3,https://degqpiiddkxcuzwombwp.supabase.co/storage/v1/object/public/tts-audio/ef/ef21b85f883eb592994c96b0e58d6bb33ed351234644d97f7e43cd865251be46.mp3,src/data/primaryHub/grade5.json,g5v1_u6#listening[1],listeningQuestions.audio@0.7
elevenlabs|el:lily|0.7||Are there any lakes on the mountain?,Are there any lakes on the mountain?,el:lily,0.7,https://audio.bigmooneducation.com/da/da0ea3ac757a1edaf31c37bb590d4b85d71ca54baf743e335bc1debabbd80ae3.mp3,https://degqpiiddkxcuzwombwp.supabase.co/storage/v1/object/public/tts-audio/da/da0ea3ac757a1edaf31c37bb590d4b85d71ca54baf743e335bc1debabbd80ae3.mp3,src/data/primaryHub/grade5.json,g5v1_u6#listening[2],listeningQuestions.audio@0.7
"elevenlabs|el:lily|0.7||No, there aren't.","No, there aren't.",el:lily,0.7,https://audio.bigmooneducation.com/19/19e9046a7de6bdc67316dc25bb236568eff572b9362226e904647f6bd8134715.mp3,https://degqpiiddkxcuzwombwp.supabase.co/storage/v1/object/public/tts-audio/19/19e9046a7de6bdc67316dc25bb236568eff572b9362226e904647f6bd8134715.mp3,src/data/primaryHub/grade5.json,g5v1_u6#listening[3],listeningQuestions.audio@0.7
elevenlabs|el:lily|0.85||eat breakfast at home,eat breakfast at home,el:lily,0.85,https://audio.bigmooneducation.com/db/dbd223c5425c51ced3e33813b8828b0f38d5186b572b4d663a615e421f7fd369.mp3,https://degqpiiddkxcuzwombwp.supabase.co/storage/v1/object/public/tts-audio/db/dbd223c5425c51ced3e33813b8828b0f38d5186b572b4d663a615e421f7fd369.mp3,src/data/primaryHub/grade5.json,g5v2_u1#vocab[0].chunks[0],chunks.en
elevenlabs|el:lily|0.85||eat breakfast early,eat breakfast early,el:lily,0.85,https://audio.bigmooneducation.com/2c/2c25c299fa307d15114499e054dc61e02b2e0f60c7ffa4cedc37a06c9554b765.mp3,https://degqpiiddkxcuzwombwp.supabase.co/storage/v1/object/public/tts-audio/2c/2c25c299fa307d15114499e054dc61e02b2e0f60c7ffa4cedc37a06c9554b765.mp3,src/data/primaryHub/grade5.json,g5v2_u1#vocab[0].chunks[1],chunks.en
elevenlabs|el:lily|0.85||morning exercise,morning exercise,el:lily,0.85,https://audio.bigmooneducation.com/18/18dc7ff60cdfae236d2361e2da1b2f556caa5b2e553185860952c42e91c2c33f.mp3,https://degqpiiddkxcuzwombwp.supabase.co/storage/v1/object/public/tts-audio/18/18dc7ff60cdfae236d2361e2da1b2f556caa5b2e553185860952c42e91c2c33f.mp3,src/data/primaryHub/grade5.json,g5v2_u1#vocab[3].chunks[0],chunks.en
elevenlabs|el:lily|0.85||do exercise,do exercise,el:lily,0.85,https://audio.bigmooneducation.com/39/39c228491c33eb469c0c7f8b0891bc567caf44b16ee8ae7214bef65ca9f7e573.mp3,https://degqpiiddkxcuzwombwp.supabase.co/storage/v1/object/public/tts-audio/39/39c228491c33eb469c0c7f8b0891bc567caf44b16ee8ae7214bef65ca9f7e573.mp3,src/data/primaryHub/grade5.json,g5v2_u1#vocab[3].chunks[1],chunks.en
elevenlabs|el:lily|0.85||get some exercise,get some exercise,el:lily,0.85,https://audio.bigmooneducation.com/d0/d02b210fdd5964551ba14ced6da5d4925e7fece5d18334483737daccd82d57a6.mp3,https://degqpiiddkxcuzwombwp.supabase.co/storage/v1/object/public/tts-audio/d0/d02b210fdd5964551ba14ced6da5d4925e7fece5d18334483737daccd82d57a6.mp3,src/data/primaryHub/grade5.json,g5v2_u1#vocab[3].chunks[2],chunks.en
elevenlabs|el:lily|0.85||do morning exercises at school,do morning exercises at school,el:lily,0.85,https://audio.bigmooneducation.com/8c/8c26d59eadc57ce1eb27f302717f3d3a3777a9313920ed39f402e33834644029.mp3,https://degqpiiddkxcuzwombwp.supabase.co/storage/v1/object/public/tts-audio/8c/8c26d59eadc57ce1eb27f302717f3d3a3777a9313920ed39f402e33834644029.mp3,src/data/primaryHub/grade5.json,g5v2_u1#vocab[4].chunks[0],chunks.en
elevenlabs|el:lily|0.85||do morning exercises every day,do morning exercises every day,el:lily,0.85,https://audio.bigmooneducation.com/c6/c6363bb7c35c8827a8e877ac2390e2224e75f3884be5009210efab497f448cc6.mp3,https://degqpiiddkxcuzwombwp.supabase.co/storage/v1/object/public/tts-audio/c6/c6363bb7c35c8827a8e877ac2390e2224e75f3884be5009210efab497f448cc6.mp3,src/data/primaryHub/grade5.json,g5v2_u1#vocab[4].chunks[1],chunks.en
elevenlabs|el:lily|0.85||eat dinner together,eat dinner together,el:lily,0.85,https://audio.bigmooneducation.com/78/78f95158759af50d6246c486b50d473a196b38c3c07eb26cee6b560f087a27ce.mp3,https://degqpiiddkxcuzwombwp.supabase.co/storage/v1/object/public/tts-audio/78/78f95158759af50d6246c486b50d473a196b38c3c07eb26cee6b560f087a27ce.mp3,src/data/primaryHub/grade5.json,g5v2_u1#vocab[5].chunks[0],chunks.en
elevenlabs|el:lily|0.85||eat dinner at six,eat dinner at six,el:lily,0.85,https://audio.bigmooneducation.com/d5/d576fd13c357478125c3864e3ddcc3c0c4e06b8db36602603a07acc000047f2f.mp3,https://degqpiiddkxcuzwombwp.supabase.co/storage/v1/object/public/tts-audio/d5/d576fd13c357478125c3864e3ddcc3c0c4e06b8db36602603a07acc000047f2f.mp3,src/data/primaryHub/grade5.json,g5v2_u1#vocab[5].chunks[1],chunks.en
elevenlabs|el:lily|0.85||clean my room first,clean my room first,el:lily,0.85,https://audio.bigmooneducation.com/15/159d10e658196969570476b7f0e37ad9021b7335afe9abc58b3ba83aa57ada57.mp3,https://degqpiiddkxcuzwombwp.supabase.co/storage/v1/object/public/tts-audio/15/159d10e658196969570476b7f0e37ad9021b7335afe9abc58b3ba83aa57ada57.mp3,src/data/primaryHub/grade5.json,g5v2_u1#vocab[6].chunks[1],chunks.en
elevenlabs|el:lily|0.85||go for a walk after dinner,go for a walk after dinner,el:lily,0.85,https://audio.bigmooneducation.com/a8/a85f106b818df4012a7d9d197af270b0b844aeb45de5e27fc34cbb6d7c685e5f.mp3,https://degqpiiddkxcuzwombwp.supabase.co/storage/v1/object/public/tts-audio/a8/a85f106b818df4012a7d9d197af270b0b844aeb45de5e27fc34cbb6d7c685e5f.mp3,src/data/primaryHub/grade5.json,g5v2_u1#vocab[7].chunks[1],chunks.en
elevenlabs|el:lily|0.85||When is the party?,When is the party?,el:lily,0.85,https://audio.bigmooneducation.com/c4/c4f260bb863556547088b49b0cbfc5b406d580d6f1f2f90e39c62dac662fde90.mp3,https://degqpiiddkxcuzwombwp.supabase.co/storage/v1/object/public/tts-audio/c4/c4f260bb863556547088b49b0cbfc5b406d580d6f1f2f90e39c62dac662fde90.mp3,src/data/primaryHub/grade5.json,g5v2_u1#dialogue.A Let's talk.q0,dialogues.lines.text
elevenlabs|el:lily|0.85||It's in April.,It's in April.,el:lily,0.85,https://audio.bigmooneducation.com/86/86c1360ca8986c640ef7fe2e1a5d48832ce1254cdf96463fe15c29b568e453b5.mp3,https://degqpiiddkxcuzwombwp.supabase.co/storage/v1/object/public/tts-audio/86/86c1360ca8986c640ef7fe2e1a5d48832ce1254cdf96463fe15c29b568e453b5.mp3,src/data/primaryHub/grade5.json,g5v2_u1#dialogue.A Let's talk.a1,dialogues.lines.text
elevenlabs|el:lily|0.85||When is Dragon Boat Festival?,When is Dragon Boat Festival?,el:lily,0.85,https://audio.bigmooneducation.com/8e/8e7c992919a26954f24c7cfd8522748e042e697039cbda16587671ff8b6a91c9.mp3,https://degqpiiddkxcuzwombwp.supabase.co/storage/v1/object/public/tts-audio/8e/8e7c992919a26954f24c7cfd8522748e042e697039cbda16587671ff8b6a91c9.mp3,src/data/primaryHub/grade5.json,g5v2_u1#dialogue.B Let's talk.q0,dialogues.lines.text
elevenlabs|el:lily|0.85||It's usually in June.,It's usually in June.,el:lily,0.85,https://audio.bigmooneducation.com/ce/ceeef7bc2e6388a6b08a5c40bfb337bed6ffe01d05b9643df73ef9e5f6e901ae.mp3,https://degqpiiddkxcuzwombwp.supabase.co/storage/v1/object/public/tts-audio/ce/ceeef7bc2e6388a6b08a5c40bfb337bed6ffe01d05b9643df73ef9e5f6e901ae.mp3,src/data/primaryHub/grade5.json,g5v2_u1#dialogue.B Let's talk.a1,dialogues.lines.text
elevenlabs|el:lily|0.7||When is the party?,When is the party?,el:lily,0.7,https://audio.bigmooneducation.com/28/28493bdad5772fb8c554b0ac9c9f1d72e190cf07bfc580d520b7f685cd921650.mp3,https://degqpiiddkxcuzwombwp.supabase.co/storage/v1/object/public/tts-audio/28/28493bdad5772fb8c554b0ac9c9f1d72e190cf07bfc580d520b7f685cd921650.mp3,src/data/primaryHub/grade5.json,g5v2_u1#listening[0],listeningQuestions.audio@0.7
elevenlabs|el:lily|0.7||It's in April.,It's in April.,el:lily,0.7,https://audio.bigmooneducation.com/65/657f4b3d3661e26889af3737fc339037af5fca99d648463073ad5896d966fba9.mp3,https://degqpiiddkxcuzwombwp.supabase.co/storage/v1/object/public/tts-audio/65/657f4b3d3661e26889af3737fc339037af5fca99d648463073ad5896d966fba9.mp3,src/data/primaryHub/grade5.json,g5v2_u1#listening[1],listeningQuestions.audio@0.7
elevenlabs|el:lily|0.7||When is Dragon Boat Festival?,When is Dragon Boat Festival?,el:lily,0.7,https://audio.bigmooneducation.com/af/afbff15fffbdec145c6e7e80f5fdce277457686a6fbd9073a92c9691bc09f311.mp3,https://degqpiiddkxcuzwombwp.supabase.co/storage/v1/object/public/tts-audio/af/afbff15fffbdec145c6e7e80f5fdce277457686a6fbd9073a92c9691bc09f311.mp3,src/data/primaryHub/grade5.json,g5v2_u1#listening[2],listeningQuestions.audio@0.7
elevenlabs|el:lily|0.7||It's usually in June.,It's usually in June.,el:lily,0.7,https://audio.bigmooneducation.com/c1/c1e38067517a6992c5947ffb609c95cba89920668ed9158edd079820829f5db7.mp3,https://degqpiiddkxcuzwombwp.supabase.co/storage/v1/object/public/tts-audio/c1/c1e38067517a6992c5947ffb609c95cba89920668ed9158edd079820829f5db7.mp3,src/data/primaryHub/grade5.json,g5v2_u1#listening[3],listeningQuestions.audio@0.7
elevenlabs|el:lily|0.85||in spring,in spring,el:lily,0.85,https://audio.bigmooneducation.com/bc/bcf0452a45015f08333acc62d0c901532d1a0feaf90063d713d5e57ebb096339.mp3,https://degqpiiddkxcuzwombwp.supabase.co/storage/v1/object/public/tts-audio/bc/bcf0452a45015f08333acc62d0c901532d1a0feaf90063d713d5e57ebb096339.mp3,src/data/primaryHub/grade5.json,g5v2_u2#vocab[0].chunks[0],chunks.en
elevenlabs|el:lily|0.85||warm spring,warm spring,el:lily,0.85,https://audio.bigmooneducation.com/a8/a8d091c98dd4816647566733e55d1943c15906ee50001fa8d5c5c2b7bdc799ca.mp3,https://degqpiiddkxcuzwombwp.supabase.co/storage/v1/object/public/tts-audio/a8/a8d091c98dd4816647566733e55d1943c15906ee50001fa8d5c5c2b7bdc799ca.mp3,src/data/primaryHub/grade5.json,g5v2_u2#vocab[0].chunks[1],chunks.en
elevenlabs|el:lily|0.85||early spring,early spring,el:lily,0.85,https://audio.bigmooneducation.com/76/768d526fdc6e9f981c89b7c85a4db044aca679be6ece46413bf321fe293455be.mp3,https://degqpiiddkxcuzwombwp.supabase.co/storage/v1/object/public/tts-audio/76/768d526fdc6e9f981c89b7c85a4db044aca679be6ece46413bf321fe293455be.mp3,src/data/primaryHub/grade5.json,g5v2_u2#vocab[0].chunks[2],chunks.en
elevenlabs|el:lily|0.85||in summer,in summer,el:lily,0.85,https://audio.bigmooneducation.com/b0/b05883e1e368fc66630c97b8f36510e1630251ebe9f8fa7e26382dcf90f43990.mp3,https://degqpiiddkxcuzwombwp.supabase.co/storage/v1/object/public/tts-audio/b0/b05883e1e368fc66630c97b8f36510e1630251ebe9f8fa7e26382dcf90f43990.mp3,src/data/primaryHub/grade5.json,g5v2_u2#vocab[1].chunks[0],chunks.en
elevenlabs|el:lily|0.85||hot summer,hot summer,el:lily,0.85,https://audio.bigmooneducation.com/70/7010459536fbb6de18ede3d47c5419fdf2eb9f039e8749e0d1a97451269c487c.mp3,https://degqpiiddkxcuzwombwp.supabase.co/storage/v1/object/public/tts-audio/70/7010459536fbb6de18ede3d47c5419fdf2eb9f039e8749e0d1a97451269c487c.mp3,src/data/primaryHub/grade5.json,g5v2_u2#vocab[1].chunks[1],chunks.en
elevenlabs|el:lily|0.85||summer holiday,summer holiday,el:lily,0.85,https://audio.bigmooneducation.com/38/38e712f73fbdca9a4b6a7008afc9d34a2ec94624a7f4a51202a7989fee1701a0.mp3,https://degqpiiddkxcuzwombwp.supabase.co/storage/v1/object/public/tts-audio/38/38e712f73fbdca9a4b6a7008afc9d34a2ec94624a7f4a51202a7989fee1701a0.mp3,src/data/primaryHub/grade5.json,g5v2_u2#vocab[1].chunks[2],chunks.en
elevenlabs|el:lily|0.85||in autumn,in autumn,el:lily,0.85,https://audio.bigmooneducation.com/c8/c8fb59e9d3c64df3b9170f5de2fbeb48a7f3b03376e1bd54fd917b3bb9683651.mp3,https://degqpiiddkxcuzwombwp.supabase.co/storage/v1/object/public/tts-audio/c8/c8fb59e9d3c64df3b9170f5de2fbeb48a7f3b03376e1bd54fd917b3bb9683651.mp3,src/data/primaryHub/grade5.json,g5v2_u2#vocab[2].chunks[0],chunks.en
elevenlabs|el:lily|0.85||cool autumn,cool autumn,el:lily,0.85,https://audio.bigmooneducation.com/69/699bad01849810cf8141e6c364bb4bb9e297bcb30b172a2a7163a5b148be30a5.mp3,https://degqpiiddkxcuzwombwp.supabase.co/storage/v1/object/public/tts-audio/69/699bad01849810cf8141e6c364bb4bb9e297bcb30b172a2a7163a5b148be30a5.mp3,src/data/primaryHub/grade5.json,g5v2_u2#vocab[2].chunks[1],chunks.en
elevenlabs|el:lily|0.85||late autumn,late autumn,el:lily,0.85,https://audio.bigmooneducation.com/bf/bf921cb06f1b1c90abd710be66f1bbbc54c58ce84065bcc9722b4dd342f59ea6.mp3,https://degqpiiddkxcuzwombwp.supabase.co/storage/v1/object/public/tts-audio/bf/bf921cb06f1b1c90abd710be66f1bbbc54c58ce84065bcc9722b4dd342f59ea6.mp3,src/data/primaryHub/grade5.json,g5v2_u2#vocab[2].chunks[2],chunks.en
elevenlabs|el:lily|0.85||my favourite season,my favourite season,el:lily,0.85,https://audio.bigmooneducation.com/2b/2b2ee2cc275d20b13480ee7f6212294a1e480600a0282284ff7179b28d3de112.mp3,https://degqpiiddkxcuzwombwp.supabase.co/storage/v1/object/public/tts-audio/2b/2b2ee2cc275d20b13480ee7f6212294a1e480600a0282284ff7179b28d3de112.mp3,src/data/primaryHub/grade5.json,g5v2_u2#vocab[4].chunks[0],chunks.en
elevenlabs|el:lily|0.85||four seasons,four seasons,el:lily,0.85,https://audio.bigmooneducation.com/71/7179ab94aee1d4d48696d659e0d79a290110ab935c2256c83b43efdb8e0c9abc.mp3,https://degqpiiddkxcuzwombwp.supabase.co/storage/v1/object/public/tts-audio/71/7179ab94aee1d4d48696d659e0d79a290110ab935c2256c83b43efdb8e0c9abc.mp3,src/data/primaryHub/grade5.json,g5v2_u2#vocab[4].chunks[1],chunks.en
elevenlabs|el:lily|0.85||the rainy season,the rainy season,el:lily,0.85,https://audio.bigmooneducation.com/ee/ee51984e989a00ba969f8f02d70bfbf8f182ca93d8243260edd01a986e229ff7.mp3,https://degqpiiddkxcuzwombwp.supabase.co/storage/v1/object/public/tts-audio/ee/ee51984e989a00ba969f8f02d70bfbf8f182ca93d8243260edd01a986e229ff7.mp3,src/data/primaryHub/grade5.json,g5v2_u2#vocab[4].chunks[2],chunks.en
elevenlabs|el:lily|0.85||a family picnic,a family picnic,el:lily,0.85,https://audio.bigmooneducation.com/72/72361b6128ab67a0cf9ffd091d4df3506be5126a386ca72ed6f9c9fa863b93e1.mp3,https://degqpiiddkxcuzwombwp.supabase.co/storage/v1/object/public/tts-audio/72/72361b6128ab67a0cf9ffd091d4df3506be5126a386ca72ed6f9c9fa863b93e1.mp3,src/data/primaryHub/grade5.json,g5v2_u2#vocab[5].chunks[0],chunks.en
elevenlabs|el:lily|0.85||a nice picnic,a nice picnic,el:lily,0.85,https://audio.bigmooneducation.com/24/242f28b82c562f2b4847fae9403b2775c2b4d169308a0491f49efb12caec1dcf.mp3,https://degqpiiddkxcuzwombwp.supabase.co/storage/v1/object/public/tts-audio/24/242f28b82c562f2b4847fae9403b2775c2b4d169308a0491f49efb12caec1dcf.mp3,src/data/primaryHub/grade5.json,g5v2_u2#vocab[5].chunks[1],chunks.en
elevenlabs|el:lily|0.85||go on a picnic in spring,go on a picnic in spring,el:lily,0.85,https://audio.bigmooneducation.com/45/457f50d6311756a0765c2fb13b03ea1eaeed62a6e56461db5075ce89823ba4b4.mp3,https://degqpiiddkxcuzwombwp.supabase.co/storage/v1/object/public/tts-audio/45/457f50d6311756a0765c2fb13b03ea1eaeed62a6e56461db5075ce89823ba4b4.mp3,src/data/primaryHub/grade5.json,g5v2_u2#vocab[6].chunks[0],chunks.en
elevenlabs|el:lily|0.85||go on a picnic with friends,go on a picnic with friends,el:lily,0.85,https://audio.bigmooneducation.com/84/849fdbc38bc914f4650283f4def237f900fb6d60bf524f93f9213f5fcd2f2739.mp3,https://degqpiiddkxcuzwombwp.supabase.co/storage/v1/object/public/tts-audio/84/849fdbc38bc914f4650283f4def237f900fb6d60bf524f93f9213f5fcd2f2739.mp3,src/data/primaryHub/grade5.json,g5v2_u2#vocab[6].chunks[1],chunks.en
elevenlabs|el:lily|0.85||pick apples,pick apples,el:lily,0.85,https://audio.bigmooneducation.com/45/4575704bd71bd334c593868dfe6185eac0f043dbacc00495cb01770988eba74e.mp3,https://degqpiiddkxcuzwombwp.supabase.co/storage/v1/object/public/tts-audio/45/4575704bd71bd334c593868dfe6185eac0f043dbacc00495cb01770988eba74e.mp3,src/data/primaryHub/grade5.json,g5v2_u2#vocab[7].chunks[0],chunks.en
elevenlabs|el:lily|0.85||pick flowers,pick flowers,el:lily,0.85,https://audio.bigmooneducation.com/db/dbee7435416833a9e645fa2cf2c0f998b3e79ddcfca25d5edf37ae99b9f189fd.mp3,https://degqpiiddkxcuzwombwp.supabase.co/storage/v1/object/public/tts-audio/db/dbee7435416833a9e645fa2cf2c0f998b3e79ddcfca25d5edf37ae99b9f189fd.mp3,src/data/primaryHub/grade5.json,g5v2_u2#vocab[7].chunks[1],chunks.en
elevenlabs|el:lily|0.85||pick fruit,pick fruit,el:lily,0.85,https://audio.bigmooneducation.com/dd/dd5a2468ca234d84e9fbc020fd257d33f24565131dcb0abfc93c9e97b93a8747.mp3,https://degqpiiddkxcuzwombwp.supabase.co/storage/v1/object/public/tts-audio/dd/dd5a2468ca234d84e9fbc020fd257d33f24565131dcb0abfc93c9e97b93a8747.mp3,src/data/primaryHub/grade5.json,g5v2_u2#vocab[7].chunks[2],chunks.en
"elevenlabs|el:lily|0.85||Which season do you like best, Mike?","Which season do you like best, Mike?",el:lily,0.85,https://audio.bigmooneducation.com/47/475efb2eb3a62e4ab07fb59be0b571c87f8105bbc5013e9b7c0bd1e922b97080.mp3,https://degqpiiddkxcuzwombwp.supabase.co/storage/v1/object/public/tts-audio/47/475efb2eb3a62e4ab07fb59be0b571c87f8105bbc5013e9b7c0bd1e922b97080.mp3,src/data/primaryHub/grade5.json,g5v2_u2#dialogue.A Let's talk.q0,dialogues.lines.text
elevenlabs|el:lily|0.85||Winter.,Winter.,el:lily,0.85,https://audio.bigmooneducation.com/73/73973ff577d6ff3a08a5fb54e112741bafe4861d3a526a9c776e4657afb6bcfe.mp3,https://degqpiiddkxcuzwombwp.supabase.co/storage/v1/object/public/tts-audio/73/73973ff577d6ff3a08a5fb54e112741bafe4861d3a526a9c776e4657afb6bcfe.mp3,src/data/primaryHub/grade5.json,g5v2_u2#dialogue.A Let's talk.a1,dialogues.lines.text
elevenlabs|el:lily|0.85||Do you like summer?,Do you like summer?,el:lily,0.85,https://audio.bigmooneducation.com/d3/d3f29f98217857ee1ed7bb9854fa328eb922905aca9ae583ecb28fd664ae1ee3.mp3,https://degqpiiddkxcuzwombwp.supabase.co/storage/v1/object/public/tts-audio/d3/d3f29f98217857ee1ed7bb9854fa328eb922905aca9ae583ecb28fd664ae1ee3.mp3,src/data/primaryHub/grade5.json,g5v2_u2#dialogue.B Let's talk.q0,dialogues.lines.text
"elevenlabs|el:lily|0.85||No, I don't. I like spring.","No, I don't. I like spring.",el:lily,0.85,https://audio.bigmooneducation.com/a6/a612a7da9d990bbad677fc0d4fc70757e592c754e49072a5d481f87e01947c39.mp3,https://degqpiiddkxcuzwombwp.supabase.co/storage/v1/object/public/tts-audio/a6/a612a7da9d990bbad677fc0d4fc70757e592c754e49072a5d481f87e01947c39.mp3,src/data/primaryHub/grade5.json,g5v2_u2#dialogue.B Let's talk.a1,dialogues.lines.text
"elevenlabs|el:lily|0.7||Which season do you like best, Mike?","Which season do you like best, Mike?",el:lily,0.7,https://audio.bigmooneducation.com/90/90a52a805af9aa7b7f5c957df0cd5ab3b37a3eac0366513ae5943e9a5f152fc1.mp3,https://degqpiiddkxcuzwombwp.supabase.co/storage/v1/object/public/tts-audio/90/90a52a805af9aa7b7f5c957df0cd5ab3b37a3eac0366513ae5943e9a5f152fc1.mp3,src/data/primaryHub/grade5.json,g5v2_u2#listening[0],listeningQuestions.audio@0.7
elevenlabs|el:lily|0.7||Winter.,Winter.,el:lily,0.7,https://audio.bigmooneducation.com/06/064dd9b3677998b673f85ec7e334ac33fa4e71ec3670746e0cc18a9923df3a3f.mp3,https://degqpiiddkxcuzwombwp.supabase.co/storage/v1/object/public/tts-audio/06/064dd9b3677998b673f85ec7e334ac33fa4e71ec3670746e0cc18a9923df3a3f.mp3,src/data/primaryHub/grade5.json,g5v2_u2#listening[1],listeningQuestions.audio@0.7
elevenlabs|el:lily|0.7||Do you like summer?,Do you like summer?,el:lily,0.7,https://audio.bigmooneducation.com/0e/0e30d92dc0f3ffa9976af2eb70346a7b9c6cb304156d6950a9a9c91ca3a1569d.mp3,https://degqpiiddkxcuzwombwp.supabase.co/storage/v1/object/public/tts-audio/0e/0e30d92dc0f3ffa9976af2eb70346a7b9c6cb304156d6950a9a9c91ca3a1569d.mp3,src/data/primaryHub/grade5.json,g5v2_u2#listening[2],listeningQuestions.audio@0.7
"elevenlabs|el:lily|0.7||No, I don't. I like spring.","No, I don't. I like spring.",el:lily,0.7,https://audio.bigmooneducation.com/74/74f7591b0459b50ca1df678f4b877d541d76d76a7b8236f432a45192442fc695.mp3,https://degqpiiddkxcuzwombwp.supabase.co/storage/v1/object/public/tts-audio/74/74f7591b0459b50ca1df678f4b877d541d76d76a7b8236f432a45192442fc695.mp3,src/data/primaryHub/grade5.json,g5v2_u2#listening[3],listeningQuestions.audio@0.7
elevenlabs|el:lily|0.85||in January,in January,el:lily,0.85,https://audio.bigmooneducation.com/9d/9d1aa3bf8f08e6fccf7dd7b6317dc7e9cc59b891281bc281cbad90600417d171.mp3,https://degqpiiddkxcuzwombwp.supabase.co/storage/v1/object/public/tts-audio/9d/9d1aa3bf8f08e6fccf7dd7b6317dc7e9cc59b891281bc281cbad90600417d171.mp3,src/data/primaryHub/grade5.json,g5v2_u3#vocab[0].chunks[0],chunks.en
elevenlabs|el:lily|0.85||cold January,cold January,el:lily,0.85,https://audio.bigmooneducation.com/4a/4a311ad88d85bff49be854c935224511eb4127810e6bd6dda3c9139890768b38.mp3,https://degqpiiddkxcuzwombwp.supabase.co/storage/v1/object/public/tts-audio/4a/4a311ad88d85bff49be854c935224511eb4127810e6bd6dda3c9139890768b38.mp3,src/data/primaryHub/grade5.json,g5v2_u3#vocab[0].chunks[1],chunks.en
elevenlabs|el:lily|0.85||in February,in February,el:lily,0.85,https://audio.bigmooneducation.com/72/722849c838b982adff3c92124a2e83978360c2659c69d1f7280713bf7c7ecf47.mp3,https://degqpiiddkxcuzwombwp.supabase.co/storage/v1/object/public/tts-audio/72/722849c838b982adff3c92124a2e83978360c2659c69d1f7280713bf7c7ecf47.mp3,src/data/primaryHub/grade5.json,g5v2_u3#vocab[1].chunks[0],chunks.en
elevenlabs|el:lily|0.85||in March,in March,el:lily,0.85,https://audio.bigmooneducation.com/4d/4d24ba04bfe16e3ee4cbe1695c17495977dcaf7ae2b18cdd8fc169eba54a9cf0.mp3,https://degqpiiddkxcuzwombwp.supabase.co/storage/v1/object/public/tts-audio/4d/4d24ba04bfe16e3ee4cbe1695c17495977dcaf7ae2b18cdd8fc169eba54a9cf0.mp3,src/data/primaryHub/grade5.json,g5v2_u3#vocab[2].chunks[0],chunks.en
elevenlabs|el:lily|0.85||in April,in April,el:lily,0.85,https://audio.bigmooneducation.com/03/03efda01b942600029c63e9aef2e6476d6809da06836b0dbb25549c85a46d452.mp3,https://degqpiiddkxcuzwombwp.supabase.co/storage/v1/object/public/tts-audio/03/03efda01b942600029c63e9aef2e6476d6809da06836b0dbb25549c85a46d452.mp3,src/data/primaryHub/grade5.json,g5v2_u3#vocab[3].chunks[0],chunks.en
elevenlabs|el:lily|0.85||warm April,warm April,el:lily,0.85,https://audio.bigmooneducation.com/84/8462acfe6ea15a9250a3424ffab1b5cdcb17e4f7f3c392d8c1b6e6505a1be1b9.mp3,https://degqpiiddkxcuzwombwp.supabase.co/storage/v1/object/public/tts-audio/84/8462acfe6ea15a9250a3424ffab1b5cdcb17e4f7f3c392d8c1b6e6505a1be1b9.mp3,src/data/primaryHub/grade5.json,g5v2_u3#vocab[3].chunks[1],chunks.en
elevenlabs|el:lily|0.85||in June,in June,el:lily,0.85,https://audio.bigmooneducation.com/aa/aadeb3b2e84314184ae0e56a9623d4e677458298ff9af101008462c2e0cebc33.mp3,https://degqpiiddkxcuzwombwp.supabase.co/storage/v1/object/public/tts-audio/aa/aadeb3b2e84314184ae0e56a9623d4e677458298ff9af101008462c2e0cebc33.mp3,src/data/primaryHub/grade5.json,g5v2_u3#vocab[5].chunks[0],chunks.en
elevenlabs|el:lily|0.85||in July,in July,el:lily,0.85,https://audio.bigmooneducation.com/d1/d1db5efda824151b3dc6455d713820d20e91075538af3d180fa6fd463893a900.mp3,https://degqpiiddkxcuzwombwp.supabase.co/storage/v1/object/public/tts-audio/d1/d1db5efda824151b3dc6455d713820d20e91075538af3d180fa6fd463893a900.mp3,src/data/primaryHub/grade5.json,g5v2_u3#vocab[6].chunks[0],chunks.en
elevenlabs|el:lily|0.85||hot July,hot July,el:lily,0.85,https://audio.bigmooneducation.com/2b/2bddf307964e8e785bb08377a9b8f0cdd8cb2fac31114d6f31ffed18edd0a16a.mp3,https://degqpiiddkxcuzwombwp.supabase.co/storage/v1/object/public/tts-audio/2b/2bddf307964e8e785bb08377a9b8f0cdd8cb2fac31114d6f31ffed18edd0a16a.mp3,src/data/primaryHub/grade5.json,g5v2_u3#vocab[6].chunks[1],chunks.en
elevenlabs|el:lily|0.85||When is the school trip?,When is the school trip?,el:lily,0.85,https://audio.bigmooneducation.com/f6/f6fbd62e573d95722a962b666ded8b2f064f85b4143aca0e7780ec69d0cf6de0.mp3,https://degqpiiddkxcuzwombwp.supabase.co/storage/v1/object/public/tts-audio/f6/f6fbd62e573d95722a962b666ded8b2f064f85b4143aca0e7780ec69d0cf6de0.mp3,src/data/primaryHub/grade5.json,g5v2_u3#dialogue.A Let's talk.q0,dialogues.lines.text
elevenlabs|el:lily|0.85||It's in May.,It's in May.,el:lily,0.85,https://audio.bigmooneducation.com/58/58fcc54a1d798b89652df75981ca200051bb6edc04f1773988ec0c71d2183214.mp3,https://degqpiiddkxcuzwombwp.supabase.co/storage/v1/object/public/tts-audio/58/58fcc54a1d798b89652df75981ca200051bb6edc04f1773988ec0c71d2183214.mp3,src/data/primaryHub/grade5.json,g5v2_u3#dialogue.A Let's talk.a1,dialogues.lines.text
elevenlabs|el:lily|0.85||When is the sports meet?,When is the sports meet?,el:lily,0.85,https://audio.bigmooneducation.com/87/87d1f9b866f5908aebc1d24de013d4f06fa42b18b6b58049402f927a26861421.mp3,https://degqpiiddkxcuzwombwp.supabase.co/storage/v1/object/public/tts-audio/87/87d1f9b866f5908aebc1d24de013d4f06fa42b18b6b58049402f927a26861421.mp3,src/data/primaryHub/grade5.json,g5v2_u3#dialogue.B Let's talk.q0,dialogues.lines.text
elevenlabs|el:lily|0.7||When is the school trip?,When is the school trip?,el:lily,0.7,https://audio.bigmooneducation.com/6c/6c1eb1c6828a92c421f757967cde301d4eeb4de6c2a9bdec2790d2d70ff1f480.mp3,https://degqpiiddkxcuzwombwp.supabase.co/storage/v1/object/public/tts-audio/6c/6c1eb1c6828a92c421f757967cde301d4eeb4de6c2a9bdec2790d2d70ff1f480.mp3,src/data/primaryHub/grade5.json,g5v2_u3#listening[0],listeningQuestions.audio@0.7
elevenlabs|el:lily|0.7||It's in May.,It's in May.,el:lily,0.7,https://audio.bigmooneducation.com/b9/b9e71cc667e9c04db308a6fb41d42a06f725c19a3a7d5175b1b8fd6086c08976.mp3,https://degqpiiddkxcuzwombwp.supabase.co/storage/v1/object/public/tts-audio/b9/b9e71cc667e9c04db308a6fb41d42a06f725c19a3a7d5175b1b8fd6086c08976.mp3,src/data/primaryHub/grade5.json,g5v2_u3#listening[1],listeningQuestions.audio@0.7
elevenlabs|el:lily|0.7||When is the sports meet?,When is the sports meet?,el:lily,0.7,https://audio.bigmooneducation.com/cb/cb24c23dc565cfbc436644bfeeb77e7349deec791c4c2b86d21e9b1cc027c45c.mp3,https://degqpiiddkxcuzwombwp.supabase.co/storage/v1/object/public/tts-audio/cb/cb24c23dc565cfbc436644bfeeb77e7349deec791c4c2b86d21e9b1cc027c45c.mp3,src/data/primaryHub/grade5.json,g5v2_u3#listening[2],listeningQuestions.audio@0.7
elevenlabs|el:lily|0.85||the first day,the first day,el:lily,0.85,https://audio.bigmooneducation.com/11/1178f83120fc5a23810d338202a3f311aeb3283728ec37b44711634ec6f7c127.mp3,https://degqpiiddkxcuzwombwp.supabase.co/storage/v1/object/public/tts-audio/11/1178f83120fc5a23810d338202a3f311aeb3283728ec37b44711634ec6f7c127.mp3,src/data/primaryHub/grade5.json,g5v2_u4#vocab[0].chunks[0],chunks.en
elevenlabs|el:lily|0.85||come first,come first,el:lily,0.85,https://audio.bigmooneducation.com/c1/c16f697e5cdc88371160e5bf5266338490b578a0b7a59121452ce8904807a70f.mp3,https://degqpiiddkxcuzwombwp.supabase.co/storage/v1/object/public/tts-audio/c1/c16f697e5cdc88371160e5bf5266338490b578a0b7a59121452ce8904807a70f.mp3,src/data/primaryHub/grade5.json,g5v2_u4#vocab[0].chunks[2],chunks.en
elevenlabs|el:lily|0.85||the second day,the second day,el:lily,0.85,https://audio.bigmooneducation.com/4e/4ec0826a6c2de27d9667e04dc8199c50d47c0bff236e572a5f18bda1c0f9c71e.mp3,https://degqpiiddkxcuzwombwp.supabase.co/storage/v1/object/public/tts-audio/4e/4ec0826a6c2de27d9667e04dc8199c50d47c0bff236e572a5f18bda1c0f9c71e.mp3,src/data/primaryHub/grade5.json,g5v2_u4#vocab[1].chunks[0],chunks.en
elevenlabs|el:lily|0.85||the second floor,the second floor,el:lily,0.85,https://audio.bigmooneducation.com/bf/bfa6edb9b2efdfbef1df0adba5388801d14996f44eedca4b92cd27391c27075a.mp3,https://degqpiiddkxcuzwombwp.supabase.co/storage/v1/object/public/tts-audio/bf/bfa6edb9b2efdfbef1df0adba5388801d14996f44eedca4b92cd27391c27075a.mp3,src/data/primaryHub/grade5.json,g5v2_u4#vocab[1].chunks[1],chunks.en
elevenlabs|el:lily|0.85||the third week,the third week,el:lily,0.85,https://audio.bigmooneducation.com/b7/b7155bf8bea96eeade7155a156a4f2823468bb975f452f185d9911c785b421c1.mp3,https://degqpiiddkxcuzwombwp.supabase.co/storage/v1/object/public/tts-audio/b7/b7155bf8bea96eeade7155a156a4f2823468bb975f452f185d9911c785b421c1.mp3,src/data/primaryHub/grade5.json,g5v2_u4#vocab[2].chunks[0],chunks.en
elevenlabs|el:lily|0.85||the third time,the third time,el:lily,0.85,https://audio.bigmooneducation.com/86/8642970ff06e8440acc2a8aa9eab65fa20f515ba2024605e79323ab84dd26229.mp3,https://degqpiiddkxcuzwombwp.supabase.co/storage/v1/object/public/tts-audio/86/8642970ff06e8440acc2a8aa9eab65fa20f515ba2024605e79323ab84dd26229.mp3,src/data/primaryHub/grade5.json,g5v2_u4#vocab[2].chunks[1],chunks.en
elevenlabs|el:lily|0.85||the fourth lesson,the fourth lesson,el:lily,0.85,https://audio.bigmooneducation.com/53/53309d178cbcd9d47cf1f863eea145bf8d34395f12259a756711d98da37e32ad.mp3,https://degqpiiddkxcuzwombwp.supabase.co/storage/v1/object/public/tts-audio/53/53309d178cbcd9d47cf1f863eea145bf8d34395f12259a756711d98da37e32ad.mp3,src/data/primaryHub/grade5.json,g5v2_u4#vocab[3].chunks[0],chunks.en
elevenlabs|el:lily|0.85||the fourth of July,the fourth of July,el:lily,0.85,https://audio.bigmooneducation.com/af/af5b364ddd31670eec943829e0ab04d677714b5954a7be323560c0cc9257f343.mp3,https://degqpiiddkxcuzwombwp.supabase.co/storage/v1/object/public/tts-audio/af/af5b364ddd31670eec943829e0ab04d677714b5954a7be323560c0cc9257f343.mp3,src/data/primaryHub/grade5.json,g5v2_u4#vocab[3].chunks[1],chunks.en
elevenlabs|el:lily|0.85||the fifth day,the fifth day,el:lily,0.85,https://audio.bigmooneducation.com/31/31d02418436fdea2e137c5d15db02fa46d4c4fc5cba4af580c6a23897e96976c.mp3,https://degqpiiddkxcuzwombwp.supabase.co/storage/v1/object/public/tts-audio/31/31d02418436fdea2e137c5d15db02fa46d4c4fc5cba4af580c6a23897e96976c.mp3,src/data/primaryHub/grade5.json,g5v2_u4#vocab[4].chunks[0],chunks.en
elevenlabs|el:lily|0.85||the fifth floor,the fifth floor,el:lily,0.85,https://audio.bigmooneducation.com/b7/b76b7e541f618be86d29dc05b2c273701887df4b8046ec4daa3c8943a48b97f4.mp3,https://degqpiiddkxcuzwombwp.supabase.co/storage/v1/object/public/tts-audio/b7/b76b7e541f618be86d29dc05b2c273701887df4b8046ec4daa3c8943a48b97f4.mp3,src/data/primaryHub/grade5.json,g5v2_u4#vocab[4].chunks[1],chunks.en
elevenlabs|el:lily|0.85||the twelfth month,the twelfth month,el:lily,0.85,https://audio.bigmooneducation.com/47/477389225d974115fe3aa28ad17689893894422e2e38fb3c773497e96f82cb6b.mp3,https://degqpiiddkxcuzwombwp.supabase.co/storage/v1/object/public/tts-audio/47/477389225d974115fe3aa28ad17689893894422e2e38fb3c773497e96f82cb6b.mp3,src/data/primaryHub/grade5.json,g5v2_u4#vocab[5].chunks[0],chunks.en
elevenlabs|el:lily|0.85||the twelfth of June,the twelfth of June,el:lily,0.85,https://audio.bigmooneducation.com/7d/7d607ca2342aae7e93119ae95658e21bb4081441722c1e04119f6363d2c30bb5.mp3,https://degqpiiddkxcuzwombwp.supabase.co/storage/v1/object/public/tts-audio/7d/7d607ca2342aae7e93119ae95658e21bb4081441722c1e04119f6363d2c30bb5.mp3,src/data/primaryHub/grade5.json,g5v2_u4#vocab[5].chunks[1],chunks.en
elevenlabs|el:lily|0.85||the twentieth day,the twentieth day,el:lily,0.85,https://audio.bigmooneducation.com/8a/8ad8dfc4b9e6ef486d2241df15a800b52a3d98647be608fa629e704ffbc9487b.mp3,https://degqpiiddkxcuzwombwp.supabase.co/storage/v1/object/public/tts-audio/8a/8ad8dfc4b9e6ef486d2241df15a800b52a3d98647be608fa629e704ffbc9487b.mp3,src/data/primaryHub/grade5.json,g5v2_u4#vocab[6].chunks[0],chunks.en
elevenlabs|el:lily|0.85||the twentieth of May,the twentieth of May,el:lily,0.85,https://audio.bigmooneducation.com/66/666febea199213a57541677e082a9e2b368e6845a5a4a881931609ead352eb1a.mp3,https://degqpiiddkxcuzwombwp.supabase.co/storage/v1/object/public/tts-audio/66/666febea199213a57541677e082a9e2b368e6845a5a4a881931609ead352eb1a.mp3,src/data/primaryHub/grade5.json,g5v2_u4#vocab[6].chunks[1],chunks.en
elevenlabs|el:lily|0.85||the twenty-first of April,the twenty-first of April,el:lily,0.85,https://audio.bigmooneducation.com/21/21494d6a7566233515bea08ddc71c18f0b578a716f95630d1c1ddf242f9e6c98.mp3,https://degqpiiddkxcuzwombwp.supabase.co/storage/v1/object/public/tts-audio/21/21494d6a7566233515bea08ddc71c18f0b578a716f95630d1c1ddf242f9e6c98.mp3,src/data/primaryHub/grade5.json,g5v2_u4#vocab[7].chunks[0],chunks.en
elevenlabs|el:lily|0.85||the twenty-first lesson,the twenty-first lesson,el:lily,0.85,https://audio.bigmooneducation.com/48/48702d1c2975968449e48ffe47d19dd439f31efd1df63f65546147e6d4ab2f1c.mp3,https://degqpiiddkxcuzwombwp.supabase.co/storage/v1/object/public/tts-audio/48/48702d1c2975968449e48ffe47d19dd439f31efd1df63f65546147e6d4ab2f1c.mp3,src/data/primaryHub/grade5.json,g5v2_u4#vocab[7].chunks[1],chunks.en
elevenlabs|el:lily|0.85||Yes. Can I try these on?,Yes. Can I try these on?,el:lily,0.85,https://audio.bigmooneducation.com/92/929d1b815ac2b3440e721ac3ca1dccc2f7e9d4559da7d20984a1c80b0b1acbf2.mp3,https://degqpiiddkxcuzwombwp.supabase.co/storage/v1/object/public/tts-audio/92/929d1b815ac2b3440e721ac3ca1dccc2f7e9d4559da7d20984a1c80b0b1acbf2.mp3,src/data/primaryHub/grade5.json,g5v2_u4#dialogue.A Let's talk.a1,dialogues.lines.text
elevenlabs|el:lily|0.85||How much are these shoes?,How much are these shoes?,el:lily,0.85,https://audio.bigmooneducation.com/b9/b96dcbb5c6ec38663c2d2a01302d09e64fb0bd9facb893a0c5f2a2dc1c7fd27f.mp3,https://degqpiiddkxcuzwombwp.supabase.co/storage/v1/object/public/tts-audio/b9/b96dcbb5c6ec38663c2d2a01302d09e64fb0bd9facb893a0c5f2a2dc1c7fd27f.mp3,src/data/primaryHub/grade5.json,g5v2_u4#dialogue.B Let's talk.q0,dialogues.lines.text
elevenlabs|el:lily|0.85||They're ninety-nine yuan.,They're ninety-nine yuan.,el:lily,0.85,https://audio.bigmooneducation.com/e8/e89e752638028e6214c4c249b787888dbd58ecb4013b397360840d0b97dbf597.mp3,https://degqpiiddkxcuzwombwp.supabase.co/storage/v1/object/public/tts-audio/e8/e89e752638028e6214c4c249b787888dbd58ecb4013b397360840d0b97dbf597.mp3,src/data/primaryHub/grade5.json,g5v2_u4#dialogue.B Let's talk.a1,dialogues.lines.text
elevenlabs|el:lily|0.7||Yes. Can I try these on?,Yes. Can I try these on?,el:lily,0.7,https://audio.bigmooneducation.com/11/1132746c0ca666869b799bde371f755109d78e8a49896ebf185a63467cba920d.mp3,https://degqpiiddkxcuzwombwp.supabase.co/storage/v1/object/public/tts-audio/11/1132746c0ca666869b799bde371f755109d78e8a49896ebf185a63467cba920d.mp3,src/data/primaryHub/grade5.json,g5v2_u4#listening[1],listeningQuestions.audio@0.7
elevenlabs|el:lily|0.7||How much are these shoes?,How much are these shoes?,el:lily,0.7,https://audio.bigmooneducation.com/23/23d1ea8c7c2d9fe57d7b1d970530c79ad709a69ff169e3158aa4a3076ae92db2.mp3,https://degqpiiddkxcuzwombwp.supabase.co/storage/v1/object/public/tts-audio/23/23d1ea8c7c2d9fe57d7b1d970530c79ad709a69ff169e3158aa4a3076ae92db2.mp3,src/data/primaryHub/grade5.json,g5v2_u4#listening[2],listeningQuestions.audio@0.7
elevenlabs|el:lily|0.7||They're ninety-nine yuan.,They're ninety-nine yuan.,el:lily,0.7,https://audio.bigmooneducation.com/e9/e9262b0c3c94e79e7f1e80bb2e4cad29fd08e835fab52d4e4735e7f21d0c0d1a.mp3,https://degqpiiddkxcuzwombwp.supabase.co/storage/v1/object/public/tts-audio/e9/e9262b0c3c94e79e7f1e80bb2e4cad29fd08e835fab52d4e4735e7f21d0c0d1a.mp3,src/data/primaryHub/grade5.json,g5v2_u4#listening[3],listeningQuestions.audio@0.7
elevenlabs|el:lily|0.85||This book is yours,This book is yours,el:lily,0.85,https://audio.bigmooneducation.com/1d/1df1a936f89f0fc76dd5c1f83a75947f57f33a76d41b32c96d8c20756ad70245.mp3,https://degqpiiddkxcuzwombwp.supabase.co/storage/v1/object/public/tts-audio/1d/1df1a936f89f0fc76dd5c1f83a75947f57f33a76d41b32c96d8c20756ad70245.mp3,src/data/primaryHub/grade5.json,g5v2_u5#vocab[1].chunks[1],chunks.en
elevenlabs|el:lily|0.85||The pen is hers,The pen is hers,el:lily,0.85,https://audio.bigmooneducation.com/06/06593e1853b8edf02c4ee1484bbfffe994bbb58c52be262d55044ce2d87a5daa.mp3,https://degqpiiddkxcuzwombwp.supabase.co/storage/v1/object/public/tts-audio/06/06593e1853b8edf02c4ee1484bbfffe994bbb58c52be262d55044ce2d87a5daa.mp3,src/data/primaryHub/grade5.json,g5v2_u5#vocab[3].chunks[0],chunks.en
elevenlabs|el:lily|0.85||It's hers,It's hers,el:lily,0.85,https://audio.bigmooneducation.com/50/50d85e08cce53ecddca1f6a6e37eb4f04874b0c161a3fcae2681100885f353b7.mp3,https://degqpiiddkxcuzwombwp.supabase.co/storage/v1/object/public/tts-audio/50/50d85e08cce53ecddca1f6a6e37eb4f04874b0c161a3fcae2681100885f353b7.mp3,src/data/primaryHub/grade5.json,g5v2_u5#vocab[3].chunks[1],chunks.en
elevenlabs|el:lily|0.85||The dog is theirs,The dog is theirs,el:lily,0.85,https://audio.bigmooneducation.com/7e/7e79869cba87406e01fc8ce23d591bc975359bdb201ed002f25a59a06c2d0a44.mp3,https://degqpiiddkxcuzwombwp.supabase.co/storage/v1/object/public/tts-audio/7e/7e79869cba87406e01fc8ce23d591bc975359bdb201ed002f25a59a06c2d0a44.mp3,src/data/primaryHub/grade5.json,g5v2_u5#vocab[4].chunks[0],chunks.en
elevenlabs|el:lily|0.85||It's theirs,It's theirs,el:lily,0.85,https://audio.bigmooneducation.com/a1/a16f8f6407b741269468ea23766c7182da70082a509daa83f1204538c628b12e.mp3,https://degqpiiddkxcuzwombwp.supabase.co/storage/v1/object/public/tts-audio/a1/a16f8f6407b741269468ea23766c7182da70082a509daa83f1204538c628b12e.mp3,src/data/primaryHub/grade5.json,g5v2_u5#vocab[4].chunks[1],chunks.en
elevenlabs|el:lily|0.85||The classroom is ours,The classroom is ours,el:lily,0.85,https://audio.bigmooneducation.com/6d/6d5ff24390fda4a6a4e8c17d0a0242b6e884d788aaeb53755311a3688e128be2.mp3,https://degqpiiddkxcuzwombwp.supabase.co/storage/v1/object/public/tts-audio/6d/6d5ff24390fda4a6a4e8c17d0a0242b6e884d788aaeb53755311a3688e128be2.mp3,src/data/primaryHub/grade5.json,g5v2_u5#vocab[5].chunks[0],chunks.en
elevenlabs|el:lily|0.85||It's ours,It's ours,el:lily,0.85,https://audio.bigmooneducation.com/66/662f298b916d89b2820be21ad8e7e17969d1087d6f626cac2aba9a1bbef41732.mp3,https://degqpiiddkxcuzwombwp.supabase.co/storage/v1/object/public/tts-audio/66/662f298b916d89b2820be21ad8e7e17969d1087d6f626cac2aba9a1bbef41732.mp3,src/data/primaryHub/grade5.json,g5v2_u5#vocab[5].chunks[1],chunks.en
elevenlabs|el:lily|0.85||climbing the tree,climbing the tree,el:lily,0.85,https://audio.bigmooneducation.com/e9/e9f05a08d6228a012647b50d28d7e105322628564e644e3a685542c9dde20abb.mp3,https://degqpiiddkxcuzwombwp.supabase.co/storage/v1/object/public/tts-audio/e9/e9f05a08d6228a012647b50d28d7e105322628564e644e3a685542c9dde20abb.mp3,src/data/primaryHub/grade5.json,g5v2_u5#vocab[6].chunks[0],chunks.en
elevenlabs|el:lily|0.85||climbing the mountain,climbing the mountain,el:lily,0.85,https://audio.bigmooneducation.com/a1/a1f997e2e758e291a0286d90c77fb3c5c657e0efaec6665d7db0aed691e7b0dd.mp3,https://degqpiiddkxcuzwombwp.supabase.co/storage/v1/object/public/tts-audio/a1/a1f997e2e758e291a0286d90c77fb3c5c657e0efaec6665d7db0aed691e7b0dd.mp3,src/data/primaryHub/grade5.json,g5v2_u5#vocab[6].chunks[1],chunks.en
elevenlabs|el:lily|0.85||eating an apple,eating an apple,el:lily,0.85,https://audio.bigmooneducation.com/6f/6f2abb4bebb540e2b2c64a3abe9c9e6670e772c7b40cbdc2a340382607cb2a4d.mp3,https://degqpiiddkxcuzwombwp.supabase.co/storage/v1/object/public/tts-audio/6f/6f2abb4bebb540e2b2c64a3abe9c9e6670e772c7b40cbdc2a340382607cb2a4d.mp3,src/data/primaryHub/grade5.json,g5v2_u5#vocab[7].chunks[0],chunks.en
elevenlabs|el:lily|0.7||The dog is yours.,The dog is yours.,el:lily,0.7,https://audio.bigmooneducation.com/91/91163b58cc13a5e2e6f95b141f0846c402ac19e239005573258d0915aadd0fc2.mp3,https://degqpiiddkxcuzwombwp.supabase.co/storage/v1/object/public/tts-audio/91/91163b58cc13a5e2e6f95b141f0846c402ac19e239005573258d0915aadd0fc2.mp3,src/data/primaryHub/grade5.json,g5v2_u5#listening[0],listeningQuestions.audio@0.7
elevenlabs|el:lily|0.7||No! It's his.,No! It's his.,el:lily,0.7,https://audio.bigmooneducation.com/f4/f4945d7b58faffeea475ed4bb6dfc101a6ea91bf65a11d73f4a272838e4849c1.mp3,https://degqpiiddkxcuzwombwp.supabase.co/storage/v1/object/public/tts-audio/f4/f4945d7b58faffeea475ed4bb6dfc101a6ea91bf65a11d73f4a272838e4849c1.mp3,src/data/primaryHub/grade5.json,g5v2_u5#listening[1],listeningQuestions.audio@0.7
elevenlabs|el:lily|0.7||Is the dog eating?,Is the dog eating?,el:lily,0.7,https://audio.bigmooneducation.com/53/53898ad09ee539f7d6dd196102a71777e4146ac246f30687f7b0eb9461c5d766.mp3,https://degqpiiddkxcuzwombwp.supabase.co/storage/v1/object/public/tts-audio/53/53898ad09ee539f7d6dd196102a71777e4146ac246f30687f7b0eb9461c5d766.mp3,src/data/primaryHub/grade5.json,g5v2_u5#listening[2],listeningQuestions.audio@0.7
"elevenlabs|el:lily|0.7||Yes, he is.","Yes, he is.",el:lily,0.7,https://audio.bigmooneducation.com/cd/cd235ea7eb228a597d61dcb0be9a1d8229ecebe3a160a1f213df1341d7587b41.mp3,https://degqpiiddkxcuzwombwp.supabase.co/storage/v1/object/public/tts-audio/cd/cd235ea7eb228a597d61dcb0be9a1d8229ecebe3a160a1f213df1341d7587b41.mp3,src/data/primaryHub/grade5.json,g5v2_u5#listening[3],listeningQuestions.audio@0.7
elevenlabs|el:lily|0.85||doing morning exercises on the playground,doing morning exercises on the playground,el:lily,0.85,https://audio.bigmooneducation.com/d4/d4ce2f84684ff91e34860b530765ac0383261c61f5e9b34a9a960c3e3111358e.mp3,https://degqpiiddkxcuzwombwp.supabase.co/storage/v1/object/public/tts-audio/d4/d4ce2f84684ff91e34860b530765ac0383261c61f5e9b34a9a960c3e3111358e.mp3,src/data/primaryHub/grade5.json,g5v2_u6#vocab[0].chunks[1],chunks.en
elevenlabs|el:lily|0.85||eating lunch at school,eating lunch at school,el:lily,0.85,https://audio.bigmooneducation.com/24/24c2e76763b721f8f982cd3520bc314028a0739358137700b7cfad0af08aa832.mp3,https://degqpiiddkxcuzwombwp.supabase.co/storage/v1/object/public/tts-audio/24/24c2e76763b721f8f982cd3520bc314028a0739358137700b7cfad0af08aa832.mp3,src/data/primaryHub/grade5.json,g5v2_u6#vocab[2].chunks[0],chunks.en
elevenlabs|el:lily|0.85||eating lunch now,eating lunch now,el:lily,0.85,https://audio.bigmooneducation.com/82/82f242de99f621ccdf6c4b530f16dea6f0d6325098cf72cefd9a0791eb435e35.mp3,https://degqpiiddkxcuzwombwp.supabase.co/storage/v1/object/public/tts-audio/82/82f242de99f621ccdf6c4b530f16dea6f0d6325098cf72cefd9a0791eb435e35.mp3,src/data/primaryHub/grade5.json,g5v2_u6#vocab[2].chunks[1],chunks.en
elevenlabs|el:lily|0.85||reading a book quietly,reading a book quietly,el:lily,0.85,https://audio.bigmooneducation.com/33/33f073d6f744ec7f82c929bc09a469d92d51081af5c0cc8ba42112fcaccf93d4.mp3,https://degqpiiddkxcuzwombwp.supabase.co/storage/v1/object/public/tts-audio/33/33f073d6f744ec7f82c929bc09a469d92d51081af5c0cc8ba42112fcaccf93d4.mp3,src/data/primaryHub/grade5.json,g5v2_u6#vocab[3].chunks[0],chunks.en
elevenlabs|el:lily|0.85||reading a book in the library,reading a book in the library,el:lily,0.85,https://audio.bigmooneducation.com/d6/d6563461a1fffd2b9a8ad7cc5bf5d36e57810841dc598966f84a8d308302b486.mp3,https://degqpiiddkxcuzwombwp.supabase.co/storage/v1/object/public/tts-audio/d6/d6563461a1fffd2b9a8ad7cc5bf5d36e57810841dc598966f84a8d308302b486.mp3,src/data/primaryHub/grade5.json,g5v2_u6#vocab[3].chunks[1],chunks.en
elevenlabs|el:lily|0.85||listening to music at home,listening to music at home,el:lily,0.85,https://audio.bigmooneducation.com/83/8328e2bd060e5fb3497a89cad8093fb37446ce1362e62d91e5e6301908f35218.mp3,https://degqpiiddkxcuzwombwp.supabase.co/storage/v1/object/public/tts-audio/83/8328e2bd060e5fb3497a89cad8093fb37446ce1362e62d91e5e6301908f35218.mp3,src/data/primaryHub/grade5.json,g5v2_u6#vocab[4].chunks[0],chunks.en
elevenlabs|el:lily|0.85||listening to music after class,listening to music after class,el:lily,0.85,https://audio.bigmooneducation.com/09/0944e878a5d5bcfe730292893719ba30187b1dc8ca73452b84aa4b625acbc4f9.mp3,https://degqpiiddkxcuzwombwp.supabase.co/storage/v1/object/public/tts-audio/09/0944e878a5d5bcfe730292893719ba30187b1dc8ca73452b84aa4b625acbc4f9.mp3,src/data/primaryHub/grade5.json,g5v2_u6#vocab[4].chunks[1],chunks.en
elevenlabs|el:lily|0.85||keep quiet,keep quiet,el:lily,0.85,https://audio.bigmooneducation.com/fb/fb460b980fafd13f300e7216885c21bca4e50da78b35118795aa96283541a50e.mp3,https://degqpiiddkxcuzwombwp.supabase.co/storage/v1/object/public/tts-audio/fb/fb460b980fafd13f300e7216885c21bca4e50da78b35118795aa96283541a50e.mp3,src/data/primaryHub/grade5.json,g5v2_u6#vocab[5].chunks[0],chunks.en
elevenlabs|el:lily|0.85||keep clean,keep clean,el:lily,0.85,https://audio.bigmooneducation.com/7c/7c8f57020fe5761eebf59d05ee715f03ad1b2bf1efc5fda20ebb0314a4115047.mp3,https://degqpiiddkxcuzwombwp.supabase.co/storage/v1/object/public/tts-audio/7c/7c8f57020fe5761eebf59d05ee715f03ad1b2bf1efc5fda20ebb0314a4115047.mp3,src/data/primaryHub/grade5.json,g5v2_u6#vocab[5].chunks[1],chunks.en
elevenlabs|el:lily|0.85||keep warm,keep warm,el:lily,0.85,https://audio.bigmooneducation.com/18/188bbad5399c95bad866f1e43f4d753556657391dc8f18998f5896a0ddeefbf3.mp3,https://degqpiiddkxcuzwombwp.supabase.co/storage/v1/object/public/tts-audio/18/188bbad5399c95bad866f1e43f4d753556657391dc8f18998f5896a0ddeefbf3.mp3,src/data/primaryHub/grade5.json,g5v2_u6#vocab[5].chunks[2],chunks.en
elevenlabs|el:lily|0.85||keep to the right on the stairs,keep to the right on the stairs,el:lily,0.85,https://audio.bigmooneducation.com/d9/d9dfa1cf74ebe6c8456ead4fa48001e2b19eeac352fb45c5b1767faeda75c9f6.mp3,https://degqpiiddkxcuzwombwp.supabase.co/storage/v1/object/public/tts-audio/d9/d9dfa1cf74ebe6c8456ead4fa48001e2b19eeac352fb45c5b1767faeda75c9f6.mp3,src/data/primaryHub/grade5.json,g5v2_u6#vocab[6].chunks[0],chunks.en
elevenlabs|el:lily|0.85||please keep to the right,please keep to the right,el:lily,0.85,https://audio.bigmooneducation.com/a9/a9926887aed62da61f761004106bc54f265ee411de4f7a0ae17b8bdc39454f70.mp3,https://degqpiiddkxcuzwombwp.supabase.co/storage/v1/object/public/tts-audio/a9/a9926887aed62da61f761004106bc54f265ee411de4f7a0ae17b8bdc39454f70.mp3,src/data/primaryHub/grade5.json,g5v2_u6#vocab[6].chunks[1],chunks.en
elevenlabs|el:lily|0.85||always keep your desk clean,always keep your desk clean,el:lily,0.85,https://audio.bigmooneducation.com/6e/6e83133ea8f33cf6506350181250461b9c757c85326547ae171218555e1659e8.mp3,https://degqpiiddkxcuzwombwp.supabase.co/storage/v1/object/public/tts-audio/6e/6e83133ea8f33cf6506350181250461b9c757c85326547ae171218555e1659e8.mp3,src/data/primaryHub/grade5.json,g5v2_u6#vocab[7].chunks[1],chunks.en
elevenlabs|el:lily|0.7||Look at the pandas.,Look at the pandas.,el:lily,0.7,https://audio.bigmooneducation.com/93/932e643f4597aeb32451a5651e49228c873840ebefd2f95784dac843792b6314.mp3,https://degqpiiddkxcuzwombwp.supabase.co/storage/v1/object/public/tts-audio/93/932e643f4597aeb32451a5651e49228c873840ebefd2f95784dac843792b6314.mp3,src/data/primaryHub/grade5.json,g5v2_u6#listening[0],listeningQuestions.audio@0.7
elevenlabs|el:lily|0.7||They're so cute!,They're so cute!,el:lily,0.7,https://audio.bigmooneducation.com/8e/8e6140306ed204de76eae95ee2fdcef8aa71136aeb8c041c12f3b3ae5c1ae2f5.mp3,https://degqpiiddkxcuzwombwp.supabase.co/storage/v1/object/public/tts-audio/8e/8e6140306ed204de76eae95ee2fdcef8aa71136aeb8c041c12f3b3ae5c1ae2f5.mp3,src/data/primaryHub/grade5.json,g5v2_u6#listening[1],listeningQuestions.audio@0.7
elevenlabs|el:lily|0.7||What's the little monkey doing?,What's the little monkey doing?,el:lily,0.7,https://audio.bigmooneducation.com/48/487cd5372d7db24b845e0b2bdafc3997c4fad87605c781162ef1d0b6f579b480.mp3,https://degqpiiddkxcuzwombwp.supabase.co/storage/v1/object/public/tts-audio/48/487cd5372d7db24b845e0b2bdafc3997c4fad87605c781162ef1d0b6f579b480.mp3,src/data/primaryHub/grade5.json,g5v2_u6#listening[2],listeningQuestions.audio@0.7
elevenlabs|el:lily|0.7||It's playing with its mother!,It's playing with its mother!,el:lily,0.7,https://audio.bigmooneducation.com/b1/b1909d7d5fee1a7e986c5fc7d40a9abb5e8313f0bb249ce5f95a3f6d914feb74.mp3,https://degqpiiddkxcuzwombwp.supabase.co/storage/v1/object/public/tts-audio/b1/b1909d7d5fee1a7e986c5fc7d40a9abb5e8313f0bb249ce5f95a3f6d914feb74.mp3,src/data/primaryHub/grade5.json,g5v2_u6#listening[3],listeningQuestions.audio@0.7
elevenlabs|el:lily|0.85||science class,science class,el:lily,0.85,https://audio.bigmooneducation.com/ec/ecd08c9d736209dc51e3300129e7fb3c5c2e0e4db479069b0de36eda72c00aac.mp3,https://degqpiiddkxcuzwombwp.supabase.co/storage/v1/object/public/tts-audio/ec/ecd08c9d736209dc51e3300129e7fb3c5c2e0e4db479069b0de36eda72c00aac.mp3,src/data/primaryHub/grade6.json,g6v1_u1#vocab[0].chunks[0],chunks.en
elevenlabs|el:lily|0.85||a science book,a science book,el:lily,0.85,https://audio.bigmooneducation.com/b0/b04b5db814b22dc86e08829abecb615b29a160abfcf349e70ff016658fb5cbd3.mp3,https://degqpiiddkxcuzwombwp.supabase.co/storage/v1/object/public/tts-audio/b0/b04b5db814b22dc86e08829abecb615b29a160abfcf349e70ff016658fb5cbd3.mp3,src/data/primaryHub/grade6.json,g6v1_u1#vocab[0].chunks[1],chunks.en
elevenlabs|el:lily|0.85||like science,like science,el:lily,0.85,https://audio.bigmooneducation.com/3c/3c2d4ec566bc3cf4f106b010fbf25726d3dc1caddfe3cb5f92f0f8c40d9750ee.mp3,https://degqpiiddkxcuzwombwp.supabase.co/storage/v1/object/public/tts-audio/3c/3c2d4ec566bc3cf4f106b010fbf25726d3dc1caddfe3cb5f92f0f8c40d9750ee.mp3,src/data/primaryHub/grade6.json,g6v1_u1#vocab[0].chunks[2],chunks.en
elevenlabs|el:lily|0.85||go to the museum,go to the museum,el:lily,0.85,https://audio.bigmooneducation.com/75/75ce99a6b68074f103917bc821dd67d6474559c491a9cb2a7839e78e2bb99cc9.mp3,https://degqpiiddkxcuzwombwp.supabase.co/storage/v1/object/public/tts-audio/75/75ce99a6b68074f103917bc821dd67d6474559c491a9cb2a7839e78e2bb99cc9.mp3,src/data/primaryHub/grade6.json,g6v1_u1#vocab[1].chunks[1],chunks.en
elevenlabs|el:lily|0.85||visit a museum,visit a museum,el:lily,0.85,https://audio.bigmooneducation.com/83/83f573cafb648b47a5b71034e6f4d2c8c006f081873217048ad09b6dd377cbc1.mp3,https://degqpiiddkxcuzwombwp.supabase.co/storage/v1/object/public/tts-audio/83/83f573cafb648b47a5b71034e6f4d2c8c006f081873217048ad09b6dd377cbc1.mp3,src/data/primaryHub/grade6.json,g6v1_u1#vocab[1].chunks[2],chunks.en
elevenlabs|el:lily|0.85||go to the post office,go to the post office,el:lily,0.85,https://audio.bigmooneducation.com/37/376ca7e0f4b0ed8660645ba419bbdb6ccb61c54d7254338b3d80965e716f4718.mp3,https://degqpiiddkxcuzwombwp.supabase.co/storage/v1/object/public/tts-audio/37/376ca7e0f4b0ed8660645ba419bbdb6ccb61c54d7254338b3d80965e716f4718.mp3,src/data/primaryHub/grade6.json,g6v1_u1#vocab[2].chunks[0],chunks.en
elevenlabs|el:lily|0.85||near the post office,near the post office,el:lily,0.85,https://audio.bigmooneducation.com/b8/b8b21d0cffa418e1976d2b7267aa38f8c857984022e40907be1d7e0941becd50.mp3,https://degqpiiddkxcuzwombwp.supabase.co/storage/v1/object/public/tts-audio/b8/b8b21d0cffa418e1976d2b7267aa38f8c857984022e40907be1d7e0941becd50.mp3,src/data/primaryHub/grade6.json,g6v1_u1#vocab[2].chunks[1],chunks.en
elevenlabs|el:lily|0.85||buy books at the bookstore,buy books at the bookstore,el:lily,0.85,https://audio.bigmooneducation.com/3b/3beb7fc2f754c742c06fc640683c50a7d22051339d051dc80d2daaad5a53f9ce.mp3,https://degqpiiddkxcuzwombwp.supabase.co/storage/v1/object/public/tts-audio/3b/3beb7fc2f754c742c06fc640683c50a7d22051339d051dc80d2daaad5a53f9ce.mp3,src/data/primaryHub/grade6.json,g6v1_u1#vocab[3].chunks[1],chunks.en
elevenlabs|el:lily|0.85||go to the cinema,go to the cinema,el:lily,0.85,https://audio.bigmooneducation.com/70/709ecde04fa732808233c822da1db07c422bfd87f4ca8c7c47e4e7ad68009669.mp3,https://degqpiiddkxcuzwombwp.supabase.co/storage/v1/object/public/tts-audio/70/709ecde04fa732808233c822da1db07c422bfd87f4ca8c7c47e4e7ad68009669.mp3,src/data/primaryHub/grade6.json,g6v1_u1#vocab[4].chunks[0],chunks.en
elevenlabs|el:lily|0.85||a big cinema,a big cinema,el:lily,0.85,https://audio.bigmooneducation.com/4c/4c879ee2ac4136249ed0282992e26baf459a0e83a7cd3bd6e6ffaed4d7fa241e.mp3,https://degqpiiddkxcuzwombwp.supabase.co/storage/v1/object/public/tts-audio/4c/4c879ee2ac4136249ed0282992e26baf459a0e83a7cd3bd6e6ffaed4d7fa241e.mp3,src/data/primaryHub/grade6.json,g6v1_u1#vocab[4].chunks[1],chunks.en
elevenlabs|el:lily|0.85||go to the hospital,go to the hospital,el:lily,0.85,https://audio.bigmooneducation.com/53/53b359d42b748e78851016d4eaeb37b9154e3d718e790a04af1733f7cc4dead2.mp3,https://degqpiiddkxcuzwombwp.supabase.co/storage/v1/object/public/tts-audio/53/53b359d42b748e78851016d4eaeb37b9154e3d718e790a04af1733f7cc4dead2.mp3,src/data/primaryHub/grade6.json,g6v1_u1#vocab[5].chunks[0],chunks.en
elevenlabs|el:lily|0.85||a children's hospital,a children's hospital,el:lily,0.85,https://audio.bigmooneducation.com/47/471e567c706f77778055d05160058e491f09c1236d9272dc85ed0189db1c9a23.mp3,https://degqpiiddkxcuzwombwp.supabase.co/storage/v1/object/public/tts-audio/47/471e567c706f77778055d05160058e491f09c1236d9272dc85ed0189db1c9a23.mp3,src/data/primaryHub/grade6.json,g6v1_u1#vocab[5].chunks[1],chunks.en
elevenlabs|el:lily|0.85||work in a hospital,work in a hospital,el:lily,0.85,https://audio.bigmooneducation.com/79/7967180b5754826c17dca296dd3e4f8c0f625c75d69a736de7e45a3600c20583.mp3,https://degqpiiddkxcuzwombwp.supabase.co/storage/v1/object/public/tts-audio/79/7967180b5754826c17dca296dd3e4f8c0f625c75d69a736de7e45a3600c20583.mp3,src/data/primaryHub/grade6.json,g6v1_u1#vocab[5].chunks[2],chunks.en
elevenlabs|el:lily|0.85||at the crossing,at the crossing,el:lily,0.85,https://audio.bigmooneducation.com/66/66e11469e7ba8d22fb14326bd4ed282da7a13baa28659581320b55392d3453d1.mp3,https://degqpiiddkxcuzwombwp.supabase.co/storage/v1/object/public/tts-audio/66/66e11469e7ba8d22fb14326bd4ed282da7a13baa28659581320b55392d3453d1.mp3,src/data/primaryHub/grade6.json,g6v1_u1#vocab[6].chunks[0],chunks.en
elevenlabs|el:lily|0.85||turn left at the crossing,turn left at the crossing,el:lily,0.85,https://audio.bigmooneducation.com/6f/6f0d90043e899d0a7e2fe5f7a4360b307a1ce5df071a56933dbc75293447aef1.mp3,https://degqpiiddkxcuzwombwp.supabase.co/storage/v1/object/public/tts-audio/6f/6f0d90043e899d0a7e2fe5f7a4360b307a1ce5df071a56933dbc75293447aef1.mp3,src/data/primaryHub/grade6.json,g6v1_u1#vocab[6].chunks[1],chunks.en
elevenlabs|el:lily|0.85||turn left,turn left,el:lily,0.85,https://audio.bigmooneducation.com/bb/bb26774df452f3bf3959ea4b6f243208989c2f8610a80a6171c7dacf5d752909.mp3,https://degqpiiddkxcuzwombwp.supabase.co/storage/v1/object/public/tts-audio/bb/bb26774df452f3bf3959ea4b6f243208989c2f8610a80a6171c7dacf5d752909.mp3,src/data/primaryHub/grade6.json,g6v1_u1#vocab[7].chunks[0],chunks.en
elevenlabs|el:lily|0.85||turn right,turn right,el:lily,0.85,https://audio.bigmooneducation.com/cd/cdd54b4b6e2624e1e01a32bfdd04c991cf4c07acf520a2578cc29c36f2ae6ece.mp3,https://degqpiiddkxcuzwombwp.supabase.co/storage/v1/object/public/tts-audio/cd/cdd54b4b6e2624e1e01a32bfdd04c991cf4c07acf520a2578cc29c36f2ae6ece.mp3,src/data/primaryHub/grade6.json,g6v1_u1#vocab[7].chunks[1],chunks.en
elevenlabs|el:lily|0.7||Where is the museum shop?,Where is the museum shop?,el:lily,0.7,https://audio.bigmooneducation.com/c8/c8b69e939e3b0eb59b4d1c936fca731ca4a1dded5485b2a83b420b49e5e55d7d.mp3,https://degqpiiddkxcuzwombwp.supabase.co/storage/v1/object/public/tts-audio/c8/c8b69e939e3b0eb59b4d1c936fca731ca4a1dded5485b2a83b420b49e5e55d7d.mp3,src/data/primaryHub/grade6.json,g6v1_u1#listening[0],listeningQuestions.audio@0.7
elevenlabs|el:lily|0.7||It's near the door.,It's near the door.,el:lily,0.7,https://audio.bigmooneducation.com/6e/6e6b4204799b68b7a6a3cbc0da0a2cfd8fff4bee61c58f7647d97e107da07919.mp3,https://degqpiiddkxcuzwombwp.supabase.co/storage/v1/object/public/tts-audio/6e/6e6b4204799b68b7a6a3cbc0da0a2cfd8fff4bee61c58f7647d97e107da07919.mp3,src/data/primaryHub/grade6.json,g6v1_u1#listening[1],listeningQuestions.audio@0.7
elevenlabs|el:lily|0.7||How can I get to the science museum?,How can I get to the science museum?,el:lily,0.7,https://audio.bigmooneducation.com/05/05430a5503b455c1830131ec83d4cdea8acd0964f07b76e439711c8da8b8f564.mp3,https://degqpiiddkxcuzwombwp.supabase.co/storage/v1/object/public/tts-audio/05/05430a5503b455c1830131ec83d4cdea8acd0964f07b76e439711c8da8b8f564.mp3,src/data/primaryHub/grade6.json,g6v1_u1#listening[2],listeningQuestions.audio@0.7
elevenlabs|el:lily|0.7||Turn left at the bookstore.,Turn left at the bookstore.,el:lily,0.7,https://audio.bigmooneducation.com/6a/6af1ff11ee004f4885323ae15d268aea5e57269d7171e50436023c4c5d57481a.mp3,https://degqpiiddkxcuzwombwp.supabase.co/storage/v1/object/public/tts-audio/6a/6af1ff11ee004f4885323ae15d268aea5e57269d7171e50436023c4c5d57481a.mp3,src/data/primaryHub/grade6.json,g6v1_u1#listening[3],listeningQuestions.audio@0.7
elevenlabs|el:lily|0.85||go to school on foot,go to school on foot,el:lily,0.85,https://audio.bigmooneducation.com/70/70b627ac36967c4680157eb243bc7e86d2960d480e033b13f34dd41e22f461bc.mp3,https://degqpiiddkxcuzwombwp.supabase.co/storage/v1/object/public/tts-audio/70/70b627ac36967c4680157eb243bc7e86d2960d480e033b13f34dd41e22f461bc.mp3,src/data/primaryHub/grade6.json,g6v1_u2#vocab[0].chunks[0],chunks.en
elevenlabs|el:lily|0.85||come home on foot,come home on foot,el:lily,0.85,https://audio.bigmooneducation.com/9d/9d4bcf686b0107b4b5209e79dcdd4ae0a25d7d1fc1fd3e45eb9fde58f877d97e.mp3,https://degqpiiddkxcuzwombwp.supabase.co/storage/v1/object/public/tts-audio/9d/9d4bcf686b0107b4b5209e79dcdd4ae0a25d7d1fc1fd3e45eb9fde58f877d97e.mp3,src/data/primaryHub/grade6.json,g6v1_u2#vocab[0].chunks[1],chunks.en
elevenlabs|el:lily|0.85||by bus,by bus,el:lily,0.85,https://audio.bigmooneducation.com/b0/b0ec0a45c6db4cd2ff85200c2658289dd76b71c250ea28e835fcecdb333a5611.mp3,https://degqpiiddkxcuzwombwp.supabase.co/storage/v1/object/public/tts-audio/b0/b0ec0a45c6db4cd2ff85200c2658289dd76b71c250ea28e835fcecdb333a5611.mp3,src/data/primaryHub/grade6.json,g6v1_u2#vocab[1].chunks[0],chunks.en
elevenlabs|el:lily|0.85||by train,by train,el:lily,0.85,https://audio.bigmooneducation.com/8a/8a9a4e505e625c5f5d48ccfe59a6961e320000c50f84c95ccfff7bb61e4cbe82.mp3,https://degqpiiddkxcuzwombwp.supabase.co/storage/v1/object/public/tts-audio/8a/8a9a4e505e625c5f5d48ccfe59a6961e320000c50f84c95ccfff7bb61e4cbe82.mp3,src/data/primaryHub/grade6.json,g6v1_u2#vocab[1].chunks[1],chunks.en
elevenlabs|el:lily|0.85||take the bus,take the bus,el:lily,0.85,https://audio.bigmooneducation.com/31/3111a90a6b28165c654d4ea65197f2fef294eae57a21438b402d135b25e9242f.mp3,https://degqpiiddkxcuzwombwp.supabase.co/storage/v1/object/public/tts-audio/31/3111a90a6b28165c654d4ea65197f2fef294eae57a21438b402d135b25e9242f.mp3,src/data/primaryHub/grade6.json,g6v1_u2#vocab[2].chunks[1],chunks.en
elevenlabs|el:lily|0.85||a school bus,a school bus,el:lily,0.85,https://audio.bigmooneducation.com/da/dac924294ad9154bad099a9430751abe9e3778951eddf15a18bd08abd8f80b6f.mp3,https://degqpiiddkxcuzwombwp.supabase.co/storage/v1/object/public/tts-audio/da/dac924294ad9154bad099a9430751abe9e3778951eddf15a18bd08abd8f80b6f.mp3,src/data/primaryHub/grade6.json,g6v1_u2#vocab[2].chunks[2],chunks.en
elevenlabs|el:lily|0.85||by plane,by plane,el:lily,0.85,https://audio.bigmooneducation.com/86/863f9dd7fc6cc3b30f17b2db6fa09ad9c1685ff4443f9e59c247443fad481b8c.mp3,https://degqpiiddkxcuzwombwp.supabase.co/storage/v1/object/public/tts-audio/86/863f9dd7fc6cc3b30f17b2db6fa09ad9c1685ff4443f9e59c247443fad481b8c.mp3,src/data/primaryHub/grade6.json,g6v1_u2#vocab[3].chunks[0],chunks.en
elevenlabs|el:lily|0.85||take a plane,take a plane,el:lily,0.85,https://audio.bigmooneducation.com/36/3694f38a0ddb2a6c4719c6b8e64d1ad336d59aa8d073de16977b375f77739bcc.mp3,https://degqpiiddkxcuzwombwp.supabase.co/storage/v1/object/public/tts-audio/36/3694f38a0ddb2a6c4719c6b8e64d1ad336d59aa8d073de16977b375f77739bcc.mp3,src/data/primaryHub/grade6.json,g6v1_u2#vocab[3].chunks[1],chunks.en
elevenlabs|el:lily|0.85||by taxi,by taxi,el:lily,0.85,https://audio.bigmooneducation.com/de/de6e33b43ffbf67761dc7dfb174149718de2b40913c17ebf2f47a4773ec37b73.mp3,https://degqpiiddkxcuzwombwp.supabase.co/storage/v1/object/public/tts-audio/de/de6e33b43ffbf67761dc7dfb174149718de2b40913c17ebf2f47a4773ec37b73.mp3,src/data/primaryHub/grade6.json,g6v1_u2#vocab[4].chunks[0],chunks.en
elevenlabs|el:lily|0.85||take a taxi,take a taxi,el:lily,0.85,https://audio.bigmooneducation.com/17/17d1526b11cb890b37a98d81308bcce4a908cbaf2521eab7c511d6e199ec3854.mp3,https://degqpiiddkxcuzwombwp.supabase.co/storage/v1/object/public/tts-audio/17/17d1526b11cb890b37a98d81308bcce4a908cbaf2521eab7c511d6e199ec3854.mp3,src/data/primaryHub/grade6.json,g6v1_u2#vocab[4].chunks[1],chunks.en
elevenlabs|el:lily|0.85||by ship,by ship,el:lily,0.85,https://audio.bigmooneducation.com/82/821f022f3af143c60c9bdec5ce8a2b01ccffbef4258cf5840f6570c70b500fb0.mp3,https://degqpiiddkxcuzwombwp.supabase.co/storage/v1/object/public/tts-audio/82/821f022f3af143c60c9bdec5ce8a2b01ccffbef4258cf5840f6570c70b500fb0.mp3,src/data/primaryHub/grade6.json,g6v1_u2#vocab[5].chunks[0],chunks.en
elevenlabs|el:lily|0.85||a big ship,a big ship,el:lily,0.85,https://audio.bigmooneducation.com/d0/d0a1417ff6616e92edd018e6e7404ae3582df9242f5be837610f6526b24a567d.mp3,https://degqpiiddkxcuzwombwp.supabase.co/storage/v1/object/public/tts-audio/d0/d0a1417ff6616e92edd018e6e7404ae3582df9242f5be837610f6526b24a567d.mp3,src/data/primaryHub/grade6.json,g6v1_u2#vocab[5].chunks[1],chunks.en
elevenlabs|el:lily|0.85||by subway,by subway,el:lily,0.85,https://audio.bigmooneducation.com/e8/e8b0e761cc30044b18b541f06eeec12d57e4a3f16efbb0668d3f372b9ef021c3.mp3,https://degqpiiddkxcuzwombwp.supabase.co/storage/v1/object/public/tts-audio/e8/e8b0e761cc30044b18b541f06eeec12d57e4a3f16efbb0668d3f372b9ef021c3.mp3,src/data/primaryHub/grade6.json,g6v1_u2#vocab[6].chunks[0],chunks.en
elevenlabs|el:lily|0.85||take the subway,take the subway,el:lily,0.85,https://audio.bigmooneducation.com/52/5218394999b03c6c34a9043a13fe5fea122ad01b36cfb2b876aa9dd06cfbe46d.mp3,https://degqpiiddkxcuzwombwp.supabase.co/storage/v1/object/public/tts-audio/52/5218394999b03c6c34a9043a13fe5fea122ad01b36cfb2b876aa9dd06cfbe46d.mp3,src/data/primaryHub/grade6.json,g6v1_u2#vocab[6].chunks[1],chunks.en
elevenlabs|el:lily|0.85||take a train,take a train,el:lily,0.85,https://audio.bigmooneducation.com/c5/c5504b03f1665d21796843408d409b1a0013fa28862530fc6f1a801e56ff0008.mp3,https://degqpiiddkxcuzwombwp.supabase.co/storage/v1/object/public/tts-audio/c5/c5504b03f1665d21796843408d409b1a0013fa28862530fc6f1a801e56ff0008.mp3,src/data/primaryHub/grade6.json,g6v1_u2#vocab[7].chunks[1],chunks.en
elevenlabs|el:lily|0.85||a fast train,a fast train,el:lily,0.85,https://audio.bigmooneducation.com/1c/1cb7359180e1f1facf205d9336de558c3824ae546ad25ea999501be8b0d00004.mp3,https://degqpiiddkxcuzwombwp.supabase.co/storage/v1/object/public/tts-audio/1c/1cb7359180e1f1facf205d9336de558c3824ae546ad25ea999501be8b0d00004.mp3,src/data/primaryHub/grade6.json,g6v1_u2#vocab[7].chunks[2],chunks.en
elevenlabs|el:lily|0.7||How do you come to school?,How do you come to school?,el:lily,0.7,https://audio.bigmooneducation.com/af/af71f74f73ea14433e49aa085aa2f557fbadad7d1dd91f3b66d87dd3169667d6.mp3,https://degqpiiddkxcuzwombwp.supabase.co/storage/v1/object/public/tts-audio/af/af71f74f73ea14433e49aa085aa2f557fbadad7d1dd91f3b66d87dd3169667d6.mp3,src/data/primaryHub/grade6.json,g6v1_u2#listening[0],listeningQuestions.audio@0.7
"elevenlabs|el:lily|0.7||Usually, I come on foot.","Usually, I come on foot.",el:lily,0.7,https://audio.bigmooneducation.com/2c/2c8c378293e0e1c56c1aaedab186e6b0c6c8748020bd88ea1420943b7a2cf9d0.mp3,https://degqpiiddkxcuzwombwp.supabase.co/storage/v1/object/public/tts-audio/2c/2c8c378293e0e1c56c1aaedab186e6b0c6c8748020bd88ea1420943b7a2cf9d0.mp3,src/data/primaryHub/grade6.json,g6v1_u2#listening[1],listeningQuestions.audio@0.7
elevenlabs|el:lily|0.7||Don't go at the red light!,Don't go at the red light!,el:lily,0.7,https://audio.bigmooneducation.com/6b/6b520d3da5b21e4562e90b75cc1a4641166bb1cf98890d6edb281531f29caf69.mp3,https://degqpiiddkxcuzwombwp.supabase.co/storage/v1/object/public/tts-audio/6b/6b520d3da5b21e4562e90b75cc1a4641166bb1cf98890d6edb281531f29caf69.mp3,src/data/primaryHub/grade6.json,g6v1_u2#listening[2],listeningQuestions.audio@0.7
elevenlabs|el:lily|0.7||I must pay attention to the traffic lights!,I must pay attention to the traffic lights!,el:lily,0.7,https://audio.bigmooneducation.com/1b/1bd6514e191d65a24233645498d39eaf50d30699b3b944ae85eebc1cd62477cf.mp3,https://degqpiiddkxcuzwombwp.supabase.co/storage/v1/object/public/tts-audio/1b/1bd6514e191d65a24233645498d39eaf50d30699b3b944ae85eebc1cd62477cf.mp3,src/data/primaryHub/grade6.json,g6v1_u2#listening[3],listeningQuestions.audio@0.7
elevenlabs|el:lily|0.85||visit my grandparents,visit my grandparents,el:lily,0.85,https://audio.bigmooneducation.com/d8/d86d70286bc3e0959bb1928ba4d156bef52dfe0ae99fee9f65cdbfc677bfcaf0.mp3,https://degqpiiddkxcuzwombwp.supabase.co/storage/v1/object/public/tts-audio/d8/d86d70286bc3e0959bb1928ba4d156bef52dfe0ae99fee9f65cdbfc677bfcaf0.mp3,src/data/primaryHub/grade6.json,g6v1_u3#vocab[0].chunks[0],chunks.en
elevenlabs|el:lily|0.85||a good film,a good film,el:lily,0.85,https://audio.bigmooneducation.com/f1/f1368d4f7d810d331d30d37d160b33128510fcbf225019fbe1ccb2aa2dd8e4b5.mp3,https://degqpiiddkxcuzwombwp.supabase.co/storage/v1/object/public/tts-audio/f1/f1368d4f7d810d331d30d37d160b33128510fcbf225019fbe1ccb2aa2dd8e4b5.mp3,src/data/primaryHub/grade6.json,g6v1_u3#vocab[1].chunks[0],chunks.en
elevenlabs|el:lily|0.85||watch a film,watch a film,el:lily,0.85,https://audio.bigmooneducation.com/e3/e366cd068d5a0e25038ccb88ae92dd7a51e8081e212a8437c7fce140b3908ae7.mp3,https://degqpiiddkxcuzwombwp.supabase.co/storage/v1/object/public/tts-audio/e3/e366cd068d5a0e25038ccb88ae92dd7a51e8081e212a8437c7fce140b3908ae7.mp3,src/data/primaryHub/grade6.json,g6v1_u3#vocab[1].chunks[1],chunks.en
elevenlabs|el:lily|0.85||see a film tonight,see a film tonight,el:lily,0.85,https://audio.bigmooneducation.com/9c/9c191e2689007f29039637235113384525e5f12e7df4eb8fb58c04018a3be495.mp3,https://degqpiiddkxcuzwombwp.supabase.co/storage/v1/object/public/tts-audio/9c/9c191e2689007f29039637235113384525e5f12e7df4eb8fb58c04018a3be495.mp3,src/data/primaryHub/grade6.json,g6v1_u3#vocab[2].chunks[0],chunks.en
elevenlabs|el:lily|0.85||go to see a film,go to see a film,el:lily,0.85,https://audio.bigmooneducation.com/7d/7db9ead951237b3d5cefa154972b5d3961c105b9d79a77cdc0cb16d0c57ca83b.mp3,https://degqpiiddkxcuzwombwp.supabase.co/storage/v1/object/public/tts-audio/7d/7db9ead951237b3d5cefa154972b5d3961c105b9d79a77cdc0cb16d0c57ca83b.mp3,src/data/primaryHub/grade6.json,g6v1_u3#vocab[2].chunks[1],chunks.en
elevenlabs|el:lily|0.85||a school trip,a school trip,el:lily,0.85,https://audio.bigmooneducation.com/9f/9fbe6cdad337fc8bf334799e2c2541cc2f604ff4bd8a9ff989052bb4792e4867.mp3,https://degqpiiddkxcuzwombwp.supabase.co/storage/v1/object/public/tts-audio/9f/9fbe6cdad337fc8bf334799e2c2541cc2f604ff4bd8a9ff989052bb4792e4867.mp3,src/data/primaryHub/grade6.json,g6v1_u3#vocab[3].chunks[0],chunks.en
elevenlabs|el:lily|0.85||a trip to Beijing,a trip to Beijing,el:lily,0.85,https://audio.bigmooneducation.com/a8/a843415d92bfea5bd1e25e1308e5798723388a65790564571a16f0a72b50bc86.mp3,https://degqpiiddkxcuzwombwp.supabase.co/storage/v1/object/public/tts-audio/a8/a843415d92bfea5bd1e25e1308e5798723388a65790564571a16f0a72b50bc86.mp3,src/data/primaryHub/grade6.json,g6v1_u3#vocab[3].chunks[1],chunks.en
elevenlabs|el:lily|0.85||take a trip this weekend,take a trip this weekend,el:lily,0.85,https://audio.bigmooneducation.com/6c/6caf62e21b448c3e6196a45948a1b12e24240dcd5787a10a45f5772a9f84d755.mp3,https://degqpiiddkxcuzwombwp.supabase.co/storage/v1/object/public/tts-audio/6c/6caf62e21b448c3e6196a45948a1b12e24240dcd5787a10a45f5772a9f84d755.mp3,src/data/primaryHub/grade6.json,g6v1_u3#vocab[4].chunks[0],chunks.en
elevenlabs|el:lily|0.85||take a trip to the sea,take a trip to the sea,el:lily,0.85,https://audio.bigmooneducation.com/93/93f5536d6dd61f04668df8df4679aa53492e2d97640be72871102e3748fc8ec6.mp3,https://degqpiiddkxcuzwombwp.supabase.co/storage/v1/object/public/tts-audio/93/93f5536d6dd61f04668df8df4679aa53492e2d97640be72871102e3748fc8ec6.mp3,src/data/primaryHub/grade6.json,g6v1_u3#vocab[4].chunks[1],chunks.en
elevenlabs|el:lily|0.85||go to the supermarket,go to the supermarket,el:lily,0.85,https://audio.bigmooneducation.com/b9/b97b475fab59abc6f97caa117b1526b444f7f0ba1c95efb7a9958401f85bcf1e.mp3,https://degqpiiddkxcuzwombwp.supabase.co/storage/v1/object/public/tts-audio/b9/b97b475fab59abc6f97caa117b1526b444f7f0ba1c95efb7a9958401f85bcf1e.mp3,src/data/primaryHub/grade6.json,g6v1_u3#vocab[5].chunks[0],chunks.en
elevenlabs|el:lily|0.85||a big supermarket,a big supermarket,el:lily,0.85,https://audio.bigmooneducation.com/fb/fb54c2a24e76ca9c2790e922fa17d2134a570d3020bc49d2eb0944031b314bea.mp3,https://degqpiiddkxcuzwombwp.supabase.co/storage/v1/object/public/tts-audio/fb/fb54c2a24e76ca9c2790e922fa17d2134a570d3020bc49d2eb0944031b314bea.mp3,src/data/primaryHub/grade6.json,g6v1_u3#vocab[5].chunks[1],chunks.en
elevenlabs|el:lily|0.85||in the evening,in the evening,el:lily,0.85,https://audio.bigmooneducation.com/f8/f809b620909dde09e0d0b401d708eb4a5bcf89ff717fafdba391b17ab792ab17.mp3,https://degqpiiddkxcuzwombwp.supabase.co/storage/v1/object/public/tts-audio/f8/f809b620909dde09e0d0b401d708eb4a5bcf89ff717fafdba391b17ab792ab17.mp3,src/data/primaryHub/grade6.json,g6v1_u3#vocab[6].chunks[0],chunks.en
elevenlabs|el:lily|0.85||this evening,this evening,el:lily,0.85,https://audio.bigmooneducation.com/11/11d3805c9b4a3a500c489e5247a9381116a1c55ab96ba6dc03ad37b9213e1b0d.mp3,https://degqpiiddkxcuzwombwp.supabase.co/storage/v1/object/public/tts-audio/11/11d3805c9b4a3a500c489e5247a9381116a1c55ab96ba6dc03ad37b9213e1b0d.mp3,src/data/primaryHub/grade6.json,g6v1_u3#vocab[6].chunks[1],chunks.en
elevenlabs|el:lily|0.85||a nice evening,a nice evening,el:lily,0.85,https://audio.bigmooneducation.com/f6/f6a5a8443a5151a6fd49ecf70a4fa3a64501128233c0887479a253172e77ccec.mp3,https://degqpiiddkxcuzwombwp.supabase.co/storage/v1/object/public/tts-audio/f6/f6a5a8443a5151a6fd49ecf70a4fa3a64501128233c0887479a253172e77ccec.mp3,src/data/primaryHub/grade6.json,g6v1_u3#vocab[6].chunks[2],chunks.en
elevenlabs|el:lily|0.85||study tonight,study tonight,el:lily,0.85,https://audio.bigmooneducation.com/0d/0dd91e3444823314fc2a24695c97c160462d210b7248ca5e05254620e28d6654.mp3,https://degqpiiddkxcuzwombwp.supabase.co/storage/v1/object/public/tts-audio/0d/0dd91e3444823314fc2a24695c97c160462d210b7248ca5e05254620e28d6654.mp3,src/data/primaryHub/grade6.json,g6v1_u3#vocab[7].chunks[1],chunks.en
elevenlabs|el:lily|0.85||What are you going to do tomorrow?,What are you going to do tomorrow?,el:lily,0.85,https://audio.bigmooneducation.com/58/58bbbadeda23595f365a68897cdfd9c00ea7367d79f550cca6db544cf0e0f942.mp3,https://degqpiiddkxcuzwombwp.supabase.co/storage/v1/object/public/tts-audio/58/58bbbadeda23595f365a68897cdfd9c00ea7367d79f550cca6db544cf0e0f942.mp3,src/data/primaryHub/grade6.json,g6v1_u3#dialogue.A Let's talk.q0,dialogues.lines.text
elevenlabs|el:lily|0.85||I'm going to have an art lesson.,I'm going to have an art lesson.,el:lily,0.85,https://audio.bigmooneducation.com/82/82670a2064ee608fbacb179ccc5fce072a893e49230aa7e3ed338d4e28e6827e.mp3,https://degqpiiddkxcuzwombwp.supabase.co/storage/v1/object/public/tts-audio/82/82670a2064ee608fbacb179ccc5fce072a893e49230aa7e3ed338d4e28e6827e.mp3,src/data/primaryHub/grade6.json,g6v1_u3#dialogue.A Let's talk.a1,dialogues.lines.text
elevenlabs|el:lily|0.85||When are you going?,When are you going?,el:lily,0.85,https://audio.bigmooneducation.com/ee/ee674ad15b0d35b837c087d8229425694ea4594937a5bfec375b52a3636977fa.mp3,https://degqpiiddkxcuzwombwp.supabase.co/storage/v1/object/public/tts-audio/ee/ee674ad15b0d35b837c087d8229425694ea4594937a5bfec375b52a3636977fa.mp3,src/data/primaryHub/grade6.json,g6v1_u3#dialogue.B Let's talk.q0,dialogues.lines.text
elevenlabs|el:lily|0.85||At 3 o'clock.,At 3 o'clock.,el:lily,0.85,https://audio.bigmooneducation.com/1f/1f6457f811b8bd8b7af7bc2b4b2837e5b86bc07808c5d76665c47603cc6576ea.mp3,https://degqpiiddkxcuzwombwp.supabase.co/storage/v1/object/public/tts-audio/1f/1f6457f811b8bd8b7af7bc2b4b2837e5b86bc07808c5d76665c47603cc6576ea.mp3,src/data/primaryHub/grade6.json,g6v1_u3#dialogue.B Let's talk.a1,dialogues.lines.text
elevenlabs|el:lily|0.7||What are you going to do tomorrow?,What are you going to do tomorrow?,el:lily,0.7,https://audio.bigmooneducation.com/a3/a3509dfde55632715e2c51da487d514bbbe5c78b8a062c9cab1b3dcab7e61246.mp3,https://degqpiiddkxcuzwombwp.supabase.co/storage/v1/object/public/tts-audio/a3/a3509dfde55632715e2c51da487d514bbbe5c78b8a062c9cab1b3dcab7e61246.mp3,src/data/primaryHub/grade6.json,g6v1_u3#listening[0],listeningQuestions.audio@0.7
elevenlabs|el:lily|0.7||I'm going to have an art lesson.,I'm going to have an art lesson.,el:lily,0.7,https://audio.bigmooneducation.com/68/68fece5b1e0f8b89d6edac373e80fe69a5482f800fa9e26fda50e5012897affa.mp3,https://degqpiiddkxcuzwombwp.supabase.co/storage/v1/object/public/tts-audio/68/68fece5b1e0f8b89d6edac373e80fe69a5482f800fa9e26fda50e5012897affa.mp3,src/data/primaryHub/grade6.json,g6v1_u3#listening[1],listeningQuestions.audio@0.7
elevenlabs|el:lily|0.7||When are you going?,When are you going?,el:lily,0.7,https://audio.bigmooneducation.com/d1/d1d34bef7bde4173957cd50306b6bc01fd03212903a6c028e45b3e0828af2be2.mp3,https://degqpiiddkxcuzwombwp.supabase.co/storage/v1/object/public/tts-audio/d1/d1d34bef7bde4173957cd50306b6bc01fd03212903a6c028e45b3e0828af2be2.mp3,src/data/primaryHub/grade6.json,g6v1_u3#listening[2],listeningQuestions.audio@0.7
elevenlabs|el:lily|0.7||At 3 o'clock.,At 3 o'clock.,el:lily,0.7,https://audio.bigmooneducation.com/fe/feeb9be4b537b81412654ff013ff00baff8528a4556286fc471fa63c344078f3.mp3,https://degqpiiddkxcuzwombwp.supabase.co/storage/v1/object/public/tts-audio/fe/feeb9be4b537b81412654ff013ff00baff8528a4556286fc471fa63c344078f3.mp3,src/data/primaryHub/grade6.json,g6v1_u3#listening[3],listeningQuestions.audio@0.7
elevenlabs|el:lily|0.85||he studies English,he studies English,el:lily,0.85,https://audio.bigmooneducation.com/aa/aa34627f3a75c5c4d0546ad8f0dfd43150379381519a8bcf1d6c91d6c15f078f.mp3,https://degqpiiddkxcuzwombwp.supabase.co/storage/v1/object/public/tts-audio/aa/aa34627f3a75c5c4d0546ad8f0dfd43150379381519a8bcf1d6c91d6c15f078f.mp3,src/data/primaryHub/grade6.json,g6v1_u4#vocab[0].chunks[0],chunks.en
elevenlabs|el:lily|0.85||she studies hard,she studies hard,el:lily,0.85,https://audio.bigmooneducation.com/54/54d6be537889ceeeb4b8dd781e00803e0b4019a2aea1ceb5dedf76c6de0cb2d2.mp3,https://degqpiiddkxcuzwombwp.supabase.co/storage/v1/object/public/tts-audio/54/54d6be537889ceeeb4b8dd781e00803e0b4019a2aea1ceb5dedf76c6de0cb2d2.mp3,src/data/primaryHub/grade6.json,g6v1_u4#vocab[0].chunks[1],chunks.en
elevenlabs|el:lily|0.85||do a puzzle,do a puzzle,el:lily,0.85,https://audio.bigmooneducation.com/bd/bdccb7b791ce3e847d7fb628c74211b20d9ddd8d09710d406993467999b49219.mp3,https://degqpiiddkxcuzwombwp.supabase.co/storage/v1/object/public/tts-audio/bd/bdccb7b791ce3e847d7fb628c74211b20d9ddd8d09710d406993467999b49219.mp3,src/data/primaryHub/grade6.json,g6v1_u4#vocab[1].chunks[0],chunks.en
elevenlabs|el:lily|0.85||a word puzzle,a word puzzle,el:lily,0.85,https://audio.bigmooneducation.com/a2/a27baac6f4ca23ee9aaf09bb884a75ff740744074b3b18f07c314e36f7db628b.mp3,https://degqpiiddkxcuzwombwp.supabase.co/storage/v1/object/public/tts-audio/a2/a27baac6f4ca23ee9aaf09bb884a75ff740744074b3b18f07c314e36f7db628b.mp3,src/data/primaryHub/grade6.json,g6v1_u4#vocab[1].chunks[1],chunks.en
elevenlabs|el:lily|0.85||like hiking,like hiking,el:lily,0.85,https://audio.bigmooneducation.com/eb/eb5890fbd6f78438bbce8f686a2fa4c4149a9a35df22607450bb8ad336071865.mp3,https://degqpiiddkxcuzwombwp.supabase.co/storage/v1/object/public/tts-audio/eb/eb5890fbd6f78438bbce8f686a2fa4c4149a9a35df22607450bb8ad336071865.mp3,src/data/primaryHub/grade6.json,g6v1_u4#vocab[2].chunks[1],chunks.en
elevenlabs|el:lily|0.85||my pen pal,my pen pal,el:lily,0.85,https://audio.bigmooneducation.com/91/91e2d7e1d022e8ddb8898f679d67181f8f2546deb34fc748c1ac55c0238dc912.mp3,https://degqpiiddkxcuzwombwp.supabase.co/storage/v1/object/public/tts-audio/91/91e2d7e1d022e8ddb8898f679d67181f8f2546deb34fc748c1ac55c0238dc912.mp3,src/data/primaryHub/grade6.json,g6v1_u4#vocab[3].chunks[0],chunks.en
elevenlabs|el:lily|0.85||write to a pen pal,write to a pen pal,el:lily,0.85,https://audio.bigmooneducation.com/21/21573a3cca728d68401a7c2a248392c935d814e682413538b77913d4e895d9c1.mp3,https://degqpiiddkxcuzwombwp.supabase.co/storage/v1/object/public/tts-audio/21/21573a3cca728d68401a7c2a248392c935d814e682413538b77913d4e895d9c1.mp3,src/data/primaryHub/grade6.json,g6v1_u4#vocab[3].chunks[1],chunks.en
elevenlabs|el:lily|0.85||my favourite hobby,my favourite hobby,el:lily,0.85,https://audio.bigmooneducation.com/58/58376e2ed6ace8b4dd822a92e17bec184d78d0f5a8dcf718708367b2ac491845.mp3,https://degqpiiddkxcuzwombwp.supabase.co/storage/v1/object/public/tts-audio/58/58376e2ed6ace8b4dd822a92e17bec184d78d0f5a8dcf718708367b2ac491845.mp3,src/data/primaryHub/grade6.json,g6v1_u4#vocab[4].chunks[0],chunks.en
elevenlabs|el:lily|0.85||a fun hobby,a fun hobby,el:lily,0.85,https://audio.bigmooneducation.com/2e/2edf939cf51fe1491224c7b38b2be6faf3d505153b656f38ba5f5c959561c4ce.mp3,https://degqpiiddkxcuzwombwp.supabase.co/storage/v1/object/public/tts-audio/2e/2edf939cf51fe1491224c7b38b2be6faf3d505153b656f38ba5f5c959561c4ce.mp3,src/data/primaryHub/grade6.json,g6v1_u4#vocab[4].chunks[1],chunks.en
elevenlabs|el:lily|0.85||jasmine tea,jasmine tea,el:lily,0.85,https://audio.bigmooneducation.com/11/11866b85c25c67c8c40fbee875db1a286a4e8621112eeebdc0e5cb1a6d74a813.mp3,https://degqpiiddkxcuzwombwp.supabase.co/storage/v1/object/public/tts-audio/11/11866b85c25c67c8c40fbee875db1a286a4e8621112eeebdc0e5cb1a6d74a813.mp3,src/data/primaryHub/grade6.json,g6v1_u4#vocab[5].chunks[0],chunks.en
elevenlabs|el:lily|0.85||a jasmine flower,a jasmine flower,el:lily,0.85,https://audio.bigmooneducation.com/91/9108929b4e447168f1e657ae87ec26dd51cf44b836f81f0685ddfd1aaba5da98.mp3,https://degqpiiddkxcuzwombwp.supabase.co/storage/v1/object/public/tts-audio/91/9108929b4e447168f1e657ae87ec26dd51cf44b836f81f0685ddfd1aaba5da98.mp3,src/data/primaryHub/grade6.json,g6v1_u4#vocab[5].chunks[1],chunks.en
elevenlabs|el:lily|0.85||live in Canberra,live in Canberra,el:lily,0.85,https://audio.bigmooneducation.com/df/df80ae672a8a89f2a3a794abd38b03dbd90af33637eff2e6cb26516d451dc0ec.mp3,https://degqpiiddkxcuzwombwp.supabase.co/storage/v1/object/public/tts-audio/df/df80ae672a8a89f2a3a794abd38b03dbd90af33637eff2e6cb26516d451dc0ec.mp3,src/data/primaryHub/grade6.json,g6v1_u4#vocab[7].chunks[0],chunks.en
elevenlabs|el:lily|0.7||What are your hobbies?,What are your hobbies?,el:lily,0.7,https://audio.bigmooneducation.com/be/bef686f6b753e2864acd010e5e32247096e8686bfe02cf360467e0ea3eb98fa8.mp3,https://degqpiiddkxcuzwombwp.supabase.co/storage/v1/object/public/tts-audio/be/bef686f6b753e2864acd010e5e32247096e8686bfe02cf360467e0ea3eb98fa8.mp3,src/data/primaryHub/grade6.json,g6v1_u4#listening[0],listeningQuestions.audio@0.7
elevenlabs|el:lily|0.7||I like singing and doing kung fu.,I like singing and doing kung fu.,el:lily,0.7,https://audio.bigmooneducation.com/61/61725becc22db5b6fd6f96f326966246a4d1b4c3b047accfb6428b2ef92ccd2d.mp3,https://degqpiiddkxcuzwombwp.supabase.co/storage/v1/object/public/tts-audio/61/61725becc22db5b6fd6f96f326966246a4d1b4c3b047accfb6428b2ef92ccd2d.mp3,src/data/primaryHub/grade6.json,g6v1_u4#listening[1],listeningQuestions.audio@0.7
elevenlabs|el:lily|0.7||Does he live in Sydney?,Does he live in Sydney?,el:lily,0.7,https://audio.bigmooneducation.com/f3/f3a5b74f52a45fd0acf14c0613ae902e751deab19225134e095acb666212d056.mp3,https://degqpiiddkxcuzwombwp.supabase.co/storage/v1/object/public/tts-audio/f3/f3a5b74f52a45fd0acf14c0613ae902e751deab19225134e095acb666212d056.mp3,src/data/primaryHub/grade6.json,g6v1_u4#listening[2],listeningQuestions.audio@0.7
"elevenlabs|el:lily|0.7||No, he doesn't.","No, he doesn't.",el:lily,0.7,https://audio.bigmooneducation.com/ee/ee0fb6c1673c8fba1e0c98ed1b6f0578057de9632216c9e3e9faec9e06e68d7c.mp3,https://degqpiiddkxcuzwombwp.supabase.co/storage/v1/object/public/tts-audio/ee/ee0fb6c1673c8fba1e0c98ed1b6f0578057de9632216c9e3e9faec9e06e68d7c.mp3,src/data/primaryHub/grade6.json,g6v1_u4#listening[3],listeningQuestions.audio@0.7
elevenlabs|el:lily|0.85||work in a factory,work in a factory,el:lily,0.85,https://audio.bigmooneducation.com/72/72438595d2450208ffe54ff88840fe916b8d25b3cf0ed3fff16f744bb3aef992.mp3,https://degqpiiddkxcuzwombwp.supabase.co/storage/v1/object/public/tts-audio/72/72438595d2450208ffe54ff88840fe916b8d25b3cf0ed3fff16f744bb3aef992.mp3,src/data/primaryHub/grade6.json,g6v1_u5#vocab[0].chunks[0],chunks.en
elevenlabs|el:lily|0.85||a car factory,a car factory,el:lily,0.85,https://audio.bigmooneducation.com/ef/efcf09e75c9dc6bb90131528466b528490696838c51f08cbefeb883227ac93f9.mp3,https://degqpiiddkxcuzwombwp.supabase.co/storage/v1/object/public/tts-audio/ef/efcf09e75c9dc6bb90131528466b528490696838c51f08cbefeb883227ac93f9.mp3,src/data/primaryHub/grade6.json,g6v1_u5#vocab[0].chunks[1],chunks.en
elevenlabs|el:lily|0.85||a factory worker,a factory worker,el:lily,0.85,https://audio.bigmooneducation.com/25/25bbfc6eb745856c07b2f24fbabb163443d6f5517c6ed20a5cc18504b72d1271.mp3,https://degqpiiddkxcuzwombwp.supabase.co/storage/v1/object/public/tts-audio/25/25bbfc6eb745856c07b2f24fbabb163443d6f5517c6ed20a5cc18504b72d1271.mp3,src/data/primaryHub/grade6.json,g6v1_u5#vocab[1].chunks[0],chunks.en
elevenlabs|el:lily|0.85||a hard worker,a hard worker,el:lily,0.85,https://audio.bigmooneducation.com/4f/4fb5644c645db406b434ee148adf90c9d7b46c31237c2cafb9ac435a97f05a9d.mp3,https://degqpiiddkxcuzwombwp.supabase.co/storage/v1/object/public/tts-audio/4f/4fb5644c645db406b434ee148adf90c9d7b46c31237c2cafb9ac435a97f05a9d.mp3,src/data/primaryHub/grade6.json,g6v1_u5#vocab[1].chunks[1],chunks.en
elevenlabs|el:lily|0.85||a busy postman,a busy postman,el:lily,0.85,https://audio.bigmooneducation.com/74/74cddd849e97731cf18ea7e5a46eab7e6132910835c78d7c8fb8cabcbfc6713e.mp3,https://degqpiiddkxcuzwombwp.supabase.co/storage/v1/object/public/tts-audio/74/74cddd849e97731cf18ea7e5a46eab7e6132910835c78d7c8fb8cabcbfc6713e.mp3,src/data/primaryHub/grade6.json,g6v1_u5#vocab[2].chunks[0],chunks.en
elevenlabs|el:lily|0.85||the postman comes,the postman comes,el:lily,0.85,https://audio.bigmooneducation.com/5e/5e385817f61d58c835432ae2b68476fed2d2406169478b352fa8c5398b81b30c.mp3,https://degqpiiddkxcuzwombwp.supabase.co/storage/v1/object/public/tts-audio/5e/5e385817f61d58c835432ae2b68476fed2d2406169478b352fa8c5398b81b30c.mp3,src/data/primaryHub/grade6.json,g6v1_u5#vocab[2].chunks[1],chunks.en
elevenlabs|el:lily|0.85||a busy businessman,a busy businessman,el:lily,0.85,https://audio.bigmooneducation.com/6c/6c6c558fbdea846e786e98f1a7778392cf6cb75767f01743b806b3944b7cde3a.mp3,https://degqpiiddkxcuzwombwp.supabase.co/storage/v1/object/public/tts-audio/6c/6c6c558fbdea846e786e98f1a7778392cf6cb75767f01743b806b3944b7cde3a.mp3,src/data/primaryHub/grade6.json,g6v1_u5#vocab[3].chunks[0],chunks.en
elevenlabs|el:lily|0.85||my father is a businessman,my father is a businessman,el:lily,0.85,https://audio.bigmooneducation.com/2e/2e85938b68bc07060d6cf3799faec855dd546d7c2a5a99194472e8e2274d627b.mp3,https://degqpiiddkxcuzwombwp.supabase.co/storage/v1/object/public/tts-audio/2e/2e85938b68bc07060d6cf3799faec855dd546d7c2a5a99194472e8e2274d627b.mp3,src/data/primaryHub/grade6.json,g6v1_u5#vocab[3].chunks[1],chunks.en
elevenlabs|el:lily|0.85||a brave police officer,a brave police officer,el:lily,0.85,https://audio.bigmooneducation.com/74/74b242af1f103a3222404899cd687b3ae082d3fbc27478e9eebacdeb7d64ab13.mp3,https://degqpiiddkxcuzwombwp.supabase.co/storage/v1/object/public/tts-audio/74/74b242af1f103a3222404899cd687b3ae082d3fbc27478e9eebacdeb7d64ab13.mp3,src/data/primaryHub/grade6.json,g6v1_u5#vocab[4].chunks[0],chunks.en
elevenlabs|el:lily|0.85||ask a police officer,ask a police officer,el:lily,0.85,https://audio.bigmooneducation.com/da/dabf3298f043969a886b703d09699748701a8cd5492e845a60ac72c81470ff70.mp3,https://degqpiiddkxcuzwombwp.supabase.co/storage/v1/object/public/tts-audio/da/dabf3298f043969a886b703d09699748701a8cd5492e845a60ac72c81470ff70.mp3,src/data/primaryHub/grade6.json,g6v1_u5#vocab[4].chunks[1],chunks.en
elevenlabs|el:lily|0.85||an old fisherman,an old fisherman,el:lily,0.85,https://audio.bigmooneducation.com/e8/e81adcf591344e2555a9d5634d01909185517e9098e537650312eae71208beb4.mp3,https://degqpiiddkxcuzwombwp.supabase.co/storage/v1/object/public/tts-audio/e8/e81adcf591344e2555a9d5634d01909185517e9098e537650312eae71208beb4.mp3,src/data/primaryHub/grade6.json,g6v1_u5#vocab[5].chunks[0],chunks.en
elevenlabs|el:lily|0.85||the fisherman works at sea,the fisherman works at sea,el:lily,0.85,https://audio.bigmooneducation.com/8c/8c3d23cc048644f633b9409986555aa1d5e955002683bf0f58d1d07e47b638b1.mp3,https://degqpiiddkxcuzwombwp.supabase.co/storage/v1/object/public/tts-audio/8c/8c3d23cc048644f633b9409986555aa1d5e955002683bf0f58d1d07e47b638b1.mp3,src/data/primaryHub/grade6.json,g6v1_u5#vocab[5].chunks[1],chunks.en
elevenlabs|el:lily|0.85||a famous scientist,a famous scientist,el:lily,0.85,https://audio.bigmooneducation.com/77/77f5302320971e2afbcecb026f2b480e41ac9182c7e9736432206f4604401f07.mp3,https://degqpiiddkxcuzwombwp.supabase.co/storage/v1/object/public/tts-audio/77/77f5302320971e2afbcecb026f2b480e41ac9182c7e9736432206f4604401f07.mp3,src/data/primaryHub/grade6.json,g6v1_u5#vocab[6].chunks[0],chunks.en
elevenlabs|el:lily|0.85||a plane pilot,a plane pilot,el:lily,0.85,https://audio.bigmooneducation.com/4b/4b75b70acb078a8f524484a70ec108c6d91d36ad3e0f8abeb4bf32dd2ac4d0e2.mp3,https://degqpiiddkxcuzwombwp.supabase.co/storage/v1/object/public/tts-audio/4b/4b75b70acb078a8f524484a70ec108c6d91d36ad3e0f8abeb4bf32dd2ac4d0e2.mp3,src/data/primaryHub/grade6.json,g6v1_u5#vocab[7].chunks[0],chunks.en
elevenlabs|el:lily|0.85||want to be a pilot,want to be a pilot,el:lily,0.85,https://audio.bigmooneducation.com/ed/ede368d491e2a7299ab10c83edf4800f2bcc521924d00f9a3d0abd6a7617c76e.mp3,https://degqpiiddkxcuzwombwp.supabase.co/storage/v1/object/public/tts-audio/ed/ede368d491e2a7299ab10c83edf4800f2bcc521924d00f9a3d0abd6a7617c76e.mp3,src/data/primaryHub/grade6.json,g6v1_u5#vocab[7].chunks[1],chunks.en
elevenlabs|el:lily|0.85||What does he do?,What does he do?,el:lily,0.85,https://audio.bigmooneducation.com/b6/b67dccda6a59ec23bc6353071514596bcfa9b80fb779cd53323cb5a5a32b0835.mp3,https://degqpiiddkxcuzwombwp.supabase.co/storage/v1/object/public/tts-audio/b6/b67dccda6a59ec23bc6353071514596bcfa9b80fb779cd53323cb5a5a32b0835.mp3,src/data/primaryHub/grade6.json,g6v1_u5#dialogue.A Let's talk.q0,dialogues.lines.text
elevenlabs|el:lily|0.85||He's a businessman.,He's a businessman.,el:lily,0.85,https://audio.bigmooneducation.com/b3/b38599cbe34be06f4fb62f3c8060fc58ac2cc55c877eccd7ba139fd24071ff95.mp3,https://degqpiiddkxcuzwombwp.supabase.co/storage/v1/object/public/tts-audio/b3/b38599cbe34be06f4fb62f3c8060fc58ac2cc55c877eccd7ba139fd24071ff95.mp3,src/data/primaryHub/grade6.json,g6v1_u5#dialogue.A Let's talk.a1,dialogues.lines.text
elevenlabs|el:lily|0.85||Where does he work?,Where does he work?,el:lily,0.85,https://audio.bigmooneducation.com/54/54c6f9425abce045eaac5e80ca5e7aea90233b18d99e1b109eb3a05b27651a5f.mp3,https://degqpiiddkxcuzwombwp.supabase.co/storage/v1/object/public/tts-audio/54/54c6f9425abce045eaac5e80ca5e7aea90233b18d99e1b109eb3a05b27651a5f.mp3,src/data/primaryHub/grade6.json,g6v1_u5#dialogue.B Let's talk.q0,dialogues.lines.text
elevenlabs|el:lily|0.85||He works at sea.,He works at sea.,el:lily,0.85,https://audio.bigmooneducation.com/00/00ff02dd38ebe5844d76dedf6369f0f75b53e310c3db221a3b3886fc6464963e.mp3,https://degqpiiddkxcuzwombwp.supabase.co/storage/v1/object/public/tts-audio/00/00ff02dd38ebe5844d76dedf6369f0f75b53e310c3db221a3b3886fc6464963e.mp3,src/data/primaryHub/grade6.json,g6v1_u5#dialogue.B Let's talk.a1,dialogues.lines.text
elevenlabs|el:lily|0.7||What does he do?,What does he do?,el:lily,0.7,https://audio.bigmooneducation.com/07/077e216cc2d3ec413c7857701a37bf8bb88845299a253130520c73f17500d1e8.mp3,https://degqpiiddkxcuzwombwp.supabase.co/storage/v1/object/public/tts-audio/07/077e216cc2d3ec413c7857701a37bf8bb88845299a253130520c73f17500d1e8.mp3,src/data/primaryHub/grade6.json,g6v1_u5#listening[0],listeningQuestions.audio@0.7
elevenlabs|el:lily|0.7||He's a businessman.,He's a businessman.,el:lily,0.7,https://audio.bigmooneducation.com/5f/5f3294d7f57555e5440de880b5f9f5c3ce193546beeeb2802b866d95c0d5709f.mp3,https://degqpiiddkxcuzwombwp.supabase.co/storage/v1/object/public/tts-audio/5f/5f3294d7f57555e5440de880b5f9f5c3ce193546beeeb2802b866d95c0d5709f.mp3,src/data/primaryHub/grade6.json,g6v1_u5#listening[1],listeningQuestions.audio@0.7
elevenlabs|el:lily|1||He's a businessman.,He's a businessman.,el:lily,1,https://audio.bigmooneducation.com/cb/cb63809d57af71dd0c16ebca640d8c4c81bbd13df35f71cc415fdae8b26b7837.mp3,https://degqpiiddkxcuzwombwp.supabase.co/storage/v1/object/public/tts-audio/cb/cb63809d57af71dd0c16ebca640d8c4c81bbd13df35f71cc415fdae8b26b7837.mp3,src/data/primaryHub/grade6.json,g6v1_u5#listening[1],listeningQuestions.audio@1
elevenlabs|el:lily|0.7||Where does he work?,Where does he work?,el:lily,0.7,https://audio.bigmooneducation.com/f7/f7fb9c6d0468a5b3013fba16ace4a44cd31321f3abdb38bddb076e2410907b30.mp3,https://degqpiiddkxcuzwombwp.supabase.co/storage/v1/object/public/tts-audio/f7/f7fb9c6d0468a5b3013fba16ace4a44cd31321f3abdb38bddb076e2410907b30.mp3,src/data/primaryHub/grade6.json,g6v1_u5#listening[2],listeningQuestions.audio@0.7
elevenlabs|el:lily|1||Where does he work?,Where does he work?,el:lily,1,https://audio.bigmooneducation.com/14/14650a4bb4df230dfc4e816dbac99d2ad127a49ef27e4016d894697443f5941e.mp3,https://degqpiiddkxcuzwombwp.supabase.co/storage/v1/object/public/tts-audio/14/14650a4bb4df230dfc4e816dbac99d2ad127a49ef27e4016d894697443f5941e.mp3,src/data/primaryHub/grade6.json,g6v1_u5#listening[2],listeningQuestions.audio@1
elevenlabs|el:lily|0.7||He works at sea.,He works at sea.,el:lily,0.7,https://audio.bigmooneducation.com/08/08ec97e6ea6b511bf660e430e13fbc925d8674a81e6d79dcd02c1f05c9149786.mp3,https://degqpiiddkxcuzwombwp.supabase.co/storage/v1/object/public/tts-audio/08/08ec97e6ea6b511bf660e430e13fbc925d8674a81e6d79dcd02c1f05c9149786.mp3,src/data/primaryHub/grade6.json,g6v1_u5#listening[3],listeningQuestions.audio@0.7
elevenlabs|el:lily|1||He works at sea.,He works at sea.,el:lily,1,https://audio.bigmooneducation.com/9c/9c833caf1e945e4b57d3dffa42c308897471d79e3c49fab1e35a91538b85fb55.mp3,https://degqpiiddkxcuzwombwp.supabase.co/storage/v1/object/public/tts-audio/9c/9c833caf1e945e4b57d3dffa42c308897471d79e3c49fab1e35a91538b85fb55.mp3,src/data/primaryHub/grade6.json,g6v1_u5#listening[3],listeningQuestions.audio@1
elevenlabs|el:lily|0.85||feel angry,feel angry,el:lily,0.85,https://audio.bigmooneducation.com/5a/5abdacafbf93485576d7bc3d54248e0ec59d718d22b18f72a0fea7a0613969da.mp3,https://degqpiiddkxcuzwombwp.supabase.co/storage/v1/object/public/tts-audio/5a/5abdacafbf93485576d7bc3d54248e0ec59d718d22b18f72a0fea7a0613969da.mp3,src/data/primaryHub/grade6.json,g6v1_u6#vocab[0].chunks[0],chunks.en
elevenlabs|el:lily|0.85||an angry face,an angry face,el:lily,0.85,https://audio.bigmooneducation.com/c1/c1f94b1c44384c108c6b21215ee4ee5be657fcf65f2723989f4a87d27a298952.mp3,https://degqpiiddkxcuzwombwp.supabase.co/storage/v1/object/public/tts-audio/c1/c1f94b1c44384c108c6b21215ee4ee5be657fcf65f2723989f4a87d27a298952.mp3,src/data/primaryHub/grade6.json,g6v1_u6#vocab[0].chunks[1],chunks.en
elevenlabs|el:lily|0.85||afraid of dogs,afraid of dogs,el:lily,0.85,https://audio.bigmooneducation.com/8a/8a2c0a08e4ddfd2171f5f1cc45de7a5e22bb123d756776242ba5f495536d4409.mp3,https://degqpiiddkxcuzwombwp.supabase.co/storage/v1/object/public/tts-audio/8a/8a2c0a08e4ddfd2171f5f1cc45de7a5e22bb123d756776242ba5f495536d4409.mp3,src/data/primaryHub/grade6.json,g6v1_u6#vocab[1].chunks[0],chunks.en
elevenlabs|el:lily|0.85||feel afraid,feel afraid,el:lily,0.85,https://audio.bigmooneducation.com/14/147c972c1bd9b3746e76992a9d8cf7c182796ee0af634ec23340ec5c6e1f2284.mp3,https://degqpiiddkxcuzwombwp.supabase.co/storage/v1/object/public/tts-audio/14/147c972c1bd9b3746e76992a9d8cf7c182796ee0af634ec23340ec5c6e1f2284.mp3,src/data/primaryHub/grade6.json,g6v1_u6#vocab[1].chunks[1],chunks.en
elevenlabs|el:lily|0.85||feel sad,feel sad,el:lily,0.85,https://audio.bigmooneducation.com/e6/e61a8b304a897af990be8f2b30162485b0054b5fb757944bc2c44c31386d8fae.mp3,https://degqpiiddkxcuzwombwp.supabase.co/storage/v1/object/public/tts-audio/e6/e61a8b304a897af990be8f2b30162485b0054b5fb757944bc2c44c31386d8fae.mp3,src/data/primaryHub/grade6.json,g6v1_u6#vocab[2].chunks[0],chunks.en
elevenlabs|el:lily|0.85||a sad story,a sad story,el:lily,0.85,https://audio.bigmooneducation.com/26/268fc482d68736629be1c3b64ea70f8f5d8bc14c8f1b142044c67e327ecda06c.mp3,https://degqpiiddkxcuzwombwp.supabase.co/storage/v1/object/public/tts-audio/26/268fc482d68736629be1c3b64ea70f8f5d8bc14c8f1b142044c67e327ecda06c.mp3,src/data/primaryHub/grade6.json,g6v1_u6#vocab[2].chunks[1],chunks.en
elevenlabs|el:lily|0.85||feel worried,feel worried,el:lily,0.85,https://audio.bigmooneducation.com/35/356e830b02cbd0fd043135bca7d1ad6b4beada76c00896e7990077fb2629c903.mp3,https://degqpiiddkxcuzwombwp.supabase.co/storage/v1/object/public/tts-audio/35/356e830b02cbd0fd043135bca7d1ad6b4beada76c00896e7990077fb2629c903.mp3,src/data/primaryHub/grade6.json,g6v1_u6#vocab[3].chunks[0],chunks.en
elevenlabs|el:lily|0.85||worried about the test,worried about the test,el:lily,0.85,https://audio.bigmooneducation.com/dd/dd81da2d8816fff9383a477073ab0fc4c9094af982ea8ec37f96b0763be9eeb5.mp3,https://degqpiiddkxcuzwombwp.supabase.co/storage/v1/object/public/tts-audio/dd/dd81da2d8816fff9383a477073ab0fc4c9094af982ea8ec37f96b0763be9eeb5.mp3,src/data/primaryHub/grade6.json,g6v1_u6#vocab[3].chunks[1],chunks.en
elevenlabs|el:lily|0.85||feel happy,feel happy,el:lily,0.85,https://audio.bigmooneducation.com/8a/8a827bd08c094df2fc98dcaca43c4ed5f5e832fe6e304e3d02351ecf4c297df7.mp3,https://degqpiiddkxcuzwombwp.supabase.co/storage/v1/object/public/tts-audio/8a/8a827bd08c094df2fc98dcaca43c4ed5f5e832fe6e304e3d02351ecf4c297df7.mp3,src/data/primaryHub/grade6.json,g6v1_u6#vocab[4].chunks[0],chunks.en
elevenlabs|el:lily|0.85||a happy day,a happy day,el:lily,0.85,https://audio.bigmooneducation.com/d0/d05c76e4fc050e4c15b45016b256b940fa48faa69b899d5c829184f34d02ab65.mp3,https://degqpiiddkxcuzwombwp.supabase.co/storage/v1/object/public/tts-audio/d0/d05c76e4fc050e4c15b45016b256b940fa48faa69b899d5c829184f34d02ab65.mp3,src/data/primaryHub/grade6.json,g6v1_u6#vocab[4].chunks[1],chunks.en
elevenlabs|el:lily|0.85||very happy,very happy,el:lily,0.85,https://audio.bigmooneducation.com/9e/9e6ed5c0f951da86bb4c10b4961785df304b3e1d51613985d7da8d265a8d04c3.mp3,https://degqpiiddkxcuzwombwp.supabase.co/storage/v1/object/public/tts-audio/9e/9e6ed5c0f951da86bb4c10b4961785df304b3e1d51613985d7da8d265a8d04c3.mp3,src/data/primaryHub/grade6.json,g6v1_u6#vocab[4].chunks[2],chunks.en
elevenlabs|el:lily|0.85||go to see a doctor,go to see a doctor,el:lily,0.85,https://audio.bigmooneducation.com/ac/ac50ab2b4321665edabdde5003d3fdf6b67d2a951d8a58b50adaa86d4d66b46e.mp3,https://degqpiiddkxcuzwombwp.supabase.co/storage/v1/object/public/tts-audio/ac/ac50ab2b4321665edabdde5003d3fdf6b67d2a951d8a58b50adaa86d4d66b46e.mp3,src/data/primaryHub/grade6.json,g6v1_u6#vocab[5].chunks[0],chunks.en
elevenlabs|el:lily|0.85||see a doctor today,see a doctor today,el:lily,0.85,https://audio.bigmooneducation.com/a4/a4476ede4520377951c412a3fc54fd5c1a8beccaa2dcbf98c8ab01f8b8330106.mp3,https://degqpiiddkxcuzwombwp.supabase.co/storage/v1/object/public/tts-audio/a4/a4476ede4520377951c412a3fc54fd5c1a8beccaa2dcbf98c8ab01f8b8330106.mp3,src/data/primaryHub/grade6.json,g6v1_u6#vocab[5].chunks[1],chunks.en
elevenlabs|el:lily|0.85||wear a coat,wear a coat,el:lily,0.85,https://audio.bigmooneducation.com/ec/ecf74660ceacc236396755d6525d5e2c22f7a161bb8bf1692b1b615c4fc86d8a.mp3,https://degqpiiddkxcuzwombwp.supabase.co/storage/v1/object/public/tts-audio/ec/ecf74660ceacc236396755d6525d5e2c22f7a161bb8bf1692b1b615c4fc86d8a.mp3,src/data/primaryHub/grade6.json,g6v1_u6#vocab[6].chunks[0],chunks.en
elevenlabs|el:lily|0.85||wear warm clothes,wear warm clothes,el:lily,0.85,https://audio.bigmooneducation.com/ed/edf0da8e28eba0513b391d44397ae519edfbd3434fc366d44ca47dbf9ebcf124.mp3,https://degqpiiddkxcuzwombwp.supabase.co/storage/v1/object/public/tts-audio/ed/edf0da8e28eba0513b391d44397ae519edfbd3434fc366d44ca47dbf9ebcf124.mp3,src/data/primaryHub/grade6.json,g6v1_u6#vocab[6].chunks[1],chunks.en
elevenlabs|el:lily|0.85||more water,more water,el:lily,0.85,https://audio.bigmooneducation.com/ba/babc05194bdd982e1d5955186443ca6a18181090770d0ba7d403771e81483b5b.mp3,https://degqpiiddkxcuzwombwp.supabase.co/storage/v1/object/public/tts-audio/ba/babc05194bdd982e1d5955186443ca6a18181090770d0ba7d403771e81483b5b.mp3,src/data/primaryHub/grade6.json,g6v1_u6#vocab[7].chunks[0],chunks.en
elevenlabs|el:lily|0.85||drink more water,drink more water,el:lily,0.85,https://audio.bigmooneducation.com/ff/ff3735e32825c3ff77b550f6c2bcff371072ae631f0b59f1a8bef01941b5b71b.mp3,https://degqpiiddkxcuzwombwp.supabase.co/storage/v1/object/public/tts-audio/ff/ff3735e32825c3ff77b550f6c2bcff371072ae631f0b59f1a8bef01941b5b71b.mp3,src/data/primaryHub/grade6.json,g6v1_u6#vocab[7].chunks[1],chunks.en
elevenlabs|el:lily|0.85||one more time,one more time,el:lily,0.85,https://audio.bigmooneducation.com/8d/8d64d0a897e8efd2daa4527ed3c9ae2154d00607ad0d00028e9534d8c7b94ada.mp3,https://degqpiiddkxcuzwombwp.supabase.co/storage/v1/object/public/tts-audio/8d/8d64d0a897e8efd2daa4527ed3c9ae2154d00607ad0d00028e9534d8c7b94ada.mp3,src/data/primaryHub/grade6.json,g6v1_u6#vocab[7].chunks[2],chunks.en
elevenlabs|el:lily|0.85||How do you feel?,How do you feel?,el:lily,0.85,https://audio.bigmooneducation.com/bd/bd7627437a95669fe06f571edad814ff05b24b224588acc46144e43b53fe69c6.mp3,https://degqpiiddkxcuzwombwp.supabase.co/storage/v1/object/public/tts-audio/bd/bd7627437a95669fe06f571edad814ff05b24b224588acc46144e43b53fe69c6.mp3,src/data/primaryHub/grade6.json,g6v1_u6#dialogue.A Let's talk.q0,dialogues.lines.text
elevenlabs|el:lily|0.85||I'm happy.,I'm happy.,el:lily,0.85,https://audio.bigmooneducation.com/7e/7e793d58bf457531a91548a12776c5780f450fd60a6b76014e65414d84a58cf9.mp3,https://degqpiiddkxcuzwombwp.supabase.co/storage/v1/object/public/tts-audio/7e/7e793d58bf457531a91548a12776c5780f450fd60a6b76014e65414d84a58cf9.mp3,src/data/primaryHub/grade6.json,g6v1_u6#dialogue.A Let's talk.a1,dialogues.lines.text
elevenlabs|el:lily|0.85||What's wrong?,What's wrong?,el:lily,0.85,https://audio.bigmooneducation.com/a8/a801899ec12b36a19a618112be64e6e346f2f27621b3c0271d7f1497c6becaed.mp3,https://degqpiiddkxcuzwombwp.supabase.co/storage/v1/object/public/tts-audio/a8/a801899ec12b36a19a618112be64e6e346f2f27621b3c0271d7f1497c6becaed.mp3,src/data/primaryHub/grade6.json,g6v1_u6#dialogue.B Let's talk.q0,dialogues.lines.text
elevenlabs|el:lily|0.85||I have a cold.,I have a cold.,el:lily,0.85,https://audio.bigmooneducation.com/74/74628e3f96ccd348b64e125e26d3cc32999f7eb04eca2a254e36ae83362f1f61.mp3,https://degqpiiddkxcuzwombwp.supabase.co/storage/v1/object/public/tts-audio/74/74628e3f96ccd348b64e125e26d3cc32999f7eb04eca2a254e36ae83362f1f61.mp3,src/data/primaryHub/grade6.json,g6v1_u6#dialogue.B Let's talk.a1,dialogues.lines.text
elevenlabs|el:lily|0.7||How do you feel?,How do you feel?,el:lily,0.7,https://audio.bigmooneducation.com/46/46c234143b99ba5f04cca778d8b8897e109341ffb2240dc230880c901afdca23.mp3,https://degqpiiddkxcuzwombwp.supabase.co/storage/v1/object/public/tts-audio/46/46c234143b99ba5f04cca778d8b8897e109341ffb2240dc230880c901afdca23.mp3,src/data/primaryHub/grade6.json,g6v1_u6#listening[0],listeningQuestions.audio@0.7
elevenlabs|el:lily|0.7||I'm happy.,I'm happy.,el:lily,0.7,https://audio.bigmooneducation.com/8b/8b318d93efdf8f67bd99bcd53f17896c4f4c8020e275f6e74037979dce857961.mp3,https://degqpiiddkxcuzwombwp.supabase.co/storage/v1/object/public/tts-audio/8b/8b318d93efdf8f67bd99bcd53f17896c4f4c8020e275f6e74037979dce857961.mp3,src/data/primaryHub/grade6.json,g6v1_u6#listening[1],listeningQuestions.audio@0.7
elevenlabs|el:lily|1||I'm happy.,I'm happy.,el:lily,1,https://audio.bigmooneducation.com/0a/0a99daee2d2340e0d5bbf2d7a92e2821fae3df96e7de5e533922f886edb4a866.mp3,https://degqpiiddkxcuzwombwp.supabase.co/storage/v1/object/public/tts-audio/0a/0a99daee2d2340e0d5bbf2d7a92e2821fae3df96e7de5e533922f886edb4a866.mp3,src/data/primaryHub/grade6.json,g6v1_u6#listening[1],listeningQuestions.audio@1
elevenlabs|el:lily|0.7||What's wrong?,What's wrong?,el:lily,0.7,https://audio.bigmooneducation.com/d7/d73db832d236a4fc6a75a48516ba46cad42a5f534abb367ffc68db3b7e9bafac.mp3,https://degqpiiddkxcuzwombwp.supabase.co/storage/v1/object/public/tts-audio/d7/d73db832d236a4fc6a75a48516ba46cad42a5f534abb367ffc68db3b7e9bafac.mp3,src/data/primaryHub/grade6.json,g6v1_u6#listening[2],listeningQuestions.audio@0.7
elevenlabs|el:lily|1||What's wrong?,What's wrong?,el:lily,1,https://audio.bigmooneducation.com/4a/4adf4e8a948367382d17dd5031bf83ed938d0a880487149554073d9140d3fd21.mp3,https://degqpiiddkxcuzwombwp.supabase.co/storage/v1/object/public/tts-audio/4a/4adf4e8a948367382d17dd5031bf83ed938d0a880487149554073d9140d3fd21.mp3,src/data/primaryHub/grade6.json,g6v1_u6#listening[2],listeningQuestions.audio@1
elevenlabs|el:lily|0.7||I have a cold.,I have a cold.,el:lily,0.7,https://audio.bigmooneducation.com/be/be66b7d240a959e86e8727f71c052f53e84b08610aefa46111ec0e1cf20fb952.mp3,https://degqpiiddkxcuzwombwp.supabase.co/storage/v1/object/public/tts-audio/be/be66b7d240a959e86e8727f71c052f53e84b08610aefa46111ec0e1cf20fb952.mp3,src/data/primaryHub/grade6.json,g6v1_u6#listening[3],listeningQuestions.audio@0.7
elevenlabs|el:lily|1||I have a cold.,I have a cold.,el:lily,1,https://audio.bigmooneducation.com/35/35ad6886bf21005ec70fcc3b1a24560a1796e36f738f9d69282d6dc834b1afbe.mp3,https://degqpiiddkxcuzwombwp.supabase.co/storage/v1/object/public/tts-audio/35/35ad6886bf21005ec70fcc3b1a24560a1796e36f738f9d69282d6dc834b1afbe.mp3,src/data/primaryHub/grade6.json,g6v1_u6#listening[3],listeningQuestions.audio@1
elevenlabs|el:lily|0.85||younger than me,younger than me,el:lily,0.85,https://audio.bigmooneducation.com/12/122e734cd36d925c8ae6b3d9e0e9705bcd42df426728c896f813be47c95b9598.mp3,https://degqpiiddkxcuzwombwp.supabase.co/storage/v1/object/public/tts-audio/12/122e734cd36d925c8ae6b3d9e0e9705bcd42df426728c896f813be47c95b9598.mp3,src/data/primaryHub/grade6.json,g6v2_u1#vocab[0].chunks[0],chunks.en
elevenlabs|el:lily|0.85||older than you,older than you,el:lily,0.85,https://audio.bigmooneducation.com/3b/3bbc4cc780ca3d3d3a3729bc2cc0f68bf961354db2c901c883d61ed4186ef5f2.mp3,https://degqpiiddkxcuzwombwp.supabase.co/storage/v1/object/public/tts-audio/3b/3bbc4cc780ca3d3d3a3729bc2cc0f68bf961354db2c901c883d61ed4186ef5f2.mp3,src/data/primaryHub/grade6.json,g6v2_u1#vocab[1].chunks[0],chunks.en
elevenlabs|el:lily|0.85||my older brother,my older brother,el:lily,0.85,https://audio.bigmooneducation.com/9d/9d6613ee64cceb656169a086f298595dab13874311b44ff75330fafb025940ab.mp3,https://degqpiiddkxcuzwombwp.supabase.co/storage/v1/object/public/tts-audio/9d/9d6613ee64cceb656169a086f298595dab13874311b44ff75330fafb025940ab.mp3,src/data/primaryHub/grade6.json,g6v2_u1#vocab[1].chunks[1],chunks.en
elevenlabs|el:lily|0.85||two years older,two years older,el:lily,0.85,https://audio.bigmooneducation.com/0a/0a254c1ba2d9cbc39b47f5e13d62971cc17e1ce4c65872f75779d233695a1608.mp3,https://degqpiiddkxcuzwombwp.supabase.co/storage/v1/object/public/tts-audio/0a/0a254c1ba2d9cbc39b47f5e13d62971cc17e1ce4c65872f75779d233695a1608.mp3,src/data/primaryHub/grade6.json,g6v2_u1#vocab[1].chunks[2],chunks.en
elevenlabs|el:lily|0.85||taller than me,taller than me,el:lily,0.85,https://audio.bigmooneducation.com/39/399ec0dc85fd7e728f8bec59cb67d082a31f0613fe53feaaefeee29d1f9cb664.mp3,https://degqpiiddkxcuzwombwp.supabase.co/storage/v1/object/public/tts-audio/39/399ec0dc85fd7e728f8bec59cb67d082a31f0613fe53feaaefeee29d1f9cb664.mp3,src/data/primaryHub/grade6.json,g6v2_u1#vocab[2].chunks[0],chunks.en
elevenlabs|el:lily|0.85||much taller,much taller,el:lily,0.85,https://audio.bigmooneducation.com/87/87ea1facc0647c79d46b5bf80d97e85c15edd2448fe89d7c2bca9845c40fb61b.mp3,https://degqpiiddkxcuzwombwp.supabase.co/storage/v1/object/public/tts-audio/87/87ea1facc0647c79d46b5bf80d97e85c15edd2448fe89d7c2bca9845c40fb61b.mp3,src/data/primaryHub/grade6.json,g6v2_u1#vocab[2].chunks[1],chunks.en
elevenlabs|el:lily|0.85||the tallest in class,the tallest in class,el:lily,0.85,https://audio.bigmooneducation.com/30/30f5e484b7f8102c2e9ea802c763f90729ef3a1df9d27de3b750681214dc4f25.mp3,https://degqpiiddkxcuzwombwp.supabase.co/storage/v1/object/public/tts-audio/30/30f5e484b7f8102c2e9ea802c763f90729ef3a1df9d27de3b750681214dc4f25.mp3,src/data/primaryHub/grade6.json,g6v2_u1#vocab[2].chunks[2],chunks.en
elevenlabs|el:lily|0.85||shorter than him,shorter than him,el:lily,0.85,https://audio.bigmooneducation.com/1e/1e9f9c5c95e3ce7a246684a6b1173c4bd2a07950580823b9f3232f84ea68196f.mp3,https://degqpiiddkxcuzwombwp.supabase.co/storage/v1/object/public/tts-audio/1e/1e9f9c5c95e3ce7a246684a6b1173c4bd2a07950580823b9f3232f84ea68196f.mp3,src/data/primaryHub/grade6.json,g6v2_u1#vocab[3].chunks[0],chunks.en
elevenlabs|el:lily|0.85||a bit shorter,a bit shorter,el:lily,0.85,https://audio.bigmooneducation.com/59/598f242f3552461d15b35264f69975385d3d21e95d7b7c914734ee3d4388069b.mp3,https://degqpiiddkxcuzwombwp.supabase.co/storage/v1/object/public/tts-audio/59/598f242f3552461d15b35264f69975385d3d21e95d7b7c914734ee3d4388069b.mp3,src/data/primaryHub/grade6.json,g6v2_u1#vocab[3].chunks[1],chunks.en
elevenlabs|el:lily|0.85||shorter hair,shorter hair,el:lily,0.85,https://audio.bigmooneducation.com/a0/a0b04fbd131c8f84f0b83950c8d99e873f37e8cd555fb704c4a2c75093b917db.mp3,https://degqpiiddkxcuzwombwp.supabase.co/storage/v1/object/public/tts-audio/a0/a0b04fbd131c8f84f0b83950c8d99e873f37e8cd555fb704c4a2c75093b917db.mp3,src/data/primaryHub/grade6.json,g6v2_u1#vocab[3].chunks[2],chunks.en
elevenlabs|el:lily|0.85||longer than that one,longer than that one,el:lily,0.85,https://audio.bigmooneducation.com/7a/7a3c4b504131d5251e567b386ae84c2e89a9dc6681f4e1f3eb2b064c6e80e84a.mp3,https://degqpiiddkxcuzwombwp.supabase.co/storage/v1/object/public/tts-audio/7a/7a3c4b504131d5251e567b386ae84c2e89a9dc6681f4e1f3eb2b064c6e80e84a.mp3,src/data/primaryHub/grade6.json,g6v2_u1#vocab[4].chunks[0],chunks.en
elevenlabs|el:lily|0.85||a longer tail,a longer tail,el:lily,0.85,https://audio.bigmooneducation.com/d1/d118dd16ee1818632a96094c6adb4d3c7577fb5eafb9836f039bd7b566517b3b.mp3,https://degqpiiddkxcuzwombwp.supabase.co/storage/v1/object/public/tts-audio/d1/d118dd16ee1818632a96094c6adb4d3c7577fb5eafb9836f039bd7b566517b3b.mp3,src/data/primaryHub/grade6.json,g6v2_u1#vocab[4].chunks[1],chunks.en
elevenlabs|el:lily|0.85||much longer,much longer,el:lily,0.85,https://audio.bigmooneducation.com/7a/7a3425ca26c4b3d4263378c522612ba832f8fc5dd4b6d73fa94554490d05fffd.mp3,https://degqpiiddkxcuzwombwp.supabase.co/storage/v1/object/public/tts-audio/7a/7a3425ca26c4b3d4263378c522612ba832f8fc5dd4b6d73fa94554490d05fffd.mp3,src/data/primaryHub/grade6.json,g6v2_u1#vocab[4].chunks[2],chunks.en
elevenlabs|el:lily|0.85||thinner than before,thinner than before,el:lily,0.85,https://audio.bigmooneducation.com/26/2682fd05ae0143f316587a63e01c2c34331aa0e3d150eedeea431e05e6b30ce6.mp3,https://degqpiiddkxcuzwombwp.supabase.co/storage/v1/object/public/tts-audio/26/2682fd05ae0143f316587a63e01c2c34331aa0e3d150eedeea431e05e6b30ce6.mp3,src/data/primaryHub/grade6.json,g6v2_u1#vocab[5].chunks[0],chunks.en
elevenlabs|el:lily|0.85||a bit thinner,a bit thinner,el:lily,0.85,https://audio.bigmooneducation.com/0d/0d4a7ab64a40f058f9363dc5ba261e008de0a7ecaaf63f0ff0024933ea161923.mp3,https://degqpiiddkxcuzwombwp.supabase.co/storage/v1/object/public/tts-audio/0d/0d4a7ab64a40f058f9363dc5ba261e008de0a7ecaaf63f0ff0024933ea161923.mp3,src/data/primaryHub/grade6.json,g6v2_u1#vocab[5].chunks[1],chunks.en
elevenlabs|el:lily|0.85||thinner and taller,thinner and taller,el:lily,0.85,https://audio.bigmooneducation.com/85/85e6d0de3dab22c192950359ce4fc72c382eab34713ad43d282a9059f25d894d.mp3,https://degqpiiddkxcuzwombwp.supabase.co/storage/v1/object/public/tts-audio/85/85e6d0de3dab22c192950359ce4fc72c382eab34713ad43d282a9059f25d894d.mp3,src/data/primaryHub/grade6.json,g6v2_u1#vocab[5].chunks[2],chunks.en
elevenlabs|el:lily|0.85||heavier than me,heavier than me,el:lily,0.85,https://audio.bigmooneducation.com/f6/f6684d2eef3259eaa09fca82d244613e47dc39f79ea8bc07ecf34513c89ac4f7.mp3,https://degqpiiddkxcuzwombwp.supabase.co/storage/v1/object/public/tts-audio/f6/f6684d2eef3259eaa09fca82d244613e47dc39f79ea8bc07ecf34513c89ac4f7.mp3,src/data/primaryHub/grade6.json,g6v2_u1#vocab[6].chunks[0],chunks.en
elevenlabs|el:lily|0.85||five kilos heavier,five kilos heavier,el:lily,0.85,https://audio.bigmooneducation.com/de/ded3b05af8efef1c5b1e3e0bf959073b0ce6c4967978b9127aacf3d3422acfe5.mp3,https://degqpiiddkxcuzwombwp.supabase.co/storage/v1/object/public/tts-audio/de/ded3b05af8efef1c5b1e3e0bf959073b0ce6c4967978b9127aacf3d3422acfe5.mp3,src/data/primaryHub/grade6.json,g6v2_u1#vocab[6].chunks[1],chunks.en
elevenlabs|el:lily|0.85||much heavier,much heavier,el:lily,0.85,https://audio.bigmooneducation.com/fc/fcd57ec94b24f14bd8c6596f2fea9ea21bd4acf809362b670c1dd6aa29c95268.mp3,https://degqpiiddkxcuzwombwp.supabase.co/storage/v1/object/public/tts-audio/fc/fcd57ec94b24f14bd8c6596f2fea9ea21bd4acf809362b670c1dd6aa29c95268.mp3,src/data/primaryHub/grade6.json,g6v2_u1#vocab[6].chunks[2],chunks.en
elevenlabs|el:lily|0.85||bigger than yours,bigger than yours,el:lily,0.85,https://audio.bigmooneducation.com/b4/b47f3bdf42269fe13e3b32449627e5095680c0dbae02f572ace094755f8d1861.mp3,https://degqpiiddkxcuzwombwp.supabase.co/storage/v1/object/public/tts-audio/b4/b47f3bdf42269fe13e3b32449627e5095680c0dbae02f572ace094755f8d1861.mp3,src/data/primaryHub/grade6.json,g6v2_u1#vocab[7].chunks[0],chunks.en
elevenlabs|el:lily|0.85||a bigger size,a bigger size,el:lily,0.85,https://audio.bigmooneducation.com/5c/5cb969feeb0df0f7355cfec1f50ccf88e4410377d2573cf702437671e5c9201b.mp3,https://degqpiiddkxcuzwombwp.supabase.co/storage/v1/object/public/tts-audio/5c/5cb969feeb0df0f7355cfec1f50ccf88e4410377d2573cf702437671e5c9201b.mp3,src/data/primaryHub/grade6.json,g6v2_u1#vocab[7].chunks[1],chunks.en
elevenlabs|el:lily|0.85||much bigger,much bigger,el:lily,0.85,https://audio.bigmooneducation.com/b9/b9af1af5a82467cb0391216669553e176d0c97ae15d39aa6e42a1e4bb161eb79.mp3,https://degqpiiddkxcuzwombwp.supabase.co/storage/v1/object/public/tts-audio/b9/b9af1af5a82467cb0391216669553e176d0c97ae15d39aa6e42a1e4bb161eb79.mp3,src/data/primaryHub/grade6.json,g6v2_u1#vocab[7].chunks[2],chunks.en
elevenlabs|el:lily|0.85||How tall are you?,How tall are you?,el:lily,0.85,https://audio.bigmooneducation.com/e7/e7d90a5fdc470935050a294e86ac619645e54510a3e92b5a8dbc3ec9c3a74592.mp3,https://degqpiiddkxcuzwombwp.supabase.co/storage/v1/object/public/tts-audio/e7/e7d90a5fdc470935050a294e86ac619645e54510a3e92b5a8dbc3ec9c3a74592.mp3,src/data/primaryHub/grade6.json,g6v2_u1#dialogue.A Let's talk.q0,dialogues.lines.text
elevenlabs|el:lily|0.85||I'm 1.65 metres.,I'm 1.65 metres.,el:lily,0.85,https://audio.bigmooneducation.com/1a/1a2cc56b6166536021505ef146a61b83d9854a061c093cfa8992e714aaad8b72.mp3,https://degqpiiddkxcuzwombwp.supabase.co/storage/v1/object/public/tts-audio/1a/1a2cc56b6166536021505ef146a61b83d9854a061c093cfa8992e714aaad8b72.mp3,src/data/primaryHub/grade6.json,g6v2_u1#dialogue.A Let's talk.a1,dialogues.lines.text
elevenlabs|el:lily|0.85||What size are your shoes?,What size are your shoes?,el:lily,0.85,https://audio.bigmooneducation.com/be/be3ae9615a140a54d3ca51ed0faa0de99e8b5f3f06f49fb8d09b91b53b1ce717.mp3,https://degqpiiddkxcuzwombwp.supabase.co/storage/v1/object/public/tts-audio/be/be3ae9615a140a54d3ca51ed0faa0de99e8b5f3f06f49fb8d09b91b53b1ce717.mp3,src/data/primaryHub/grade6.json,g6v2_u1#dialogue.B Let's talk.q0,dialogues.lines.text
elevenlabs|el:lily|0.85||Size 7.,Size 7.,el:lily,0.85,https://audio.bigmooneducation.com/68/68e4ee2cebca6af8e50e8f95f59f760cb6df0b55f95c81b1ae63aed76a22718f.mp3,https://degqpiiddkxcuzwombwp.supabase.co/storage/v1/object/public/tts-audio/68/68e4ee2cebca6af8e50e8f95f59f760cb6df0b55f95c81b1ae63aed76a22718f.mp3,src/data/primaryHub/grade6.json,g6v2_u1#dialogue.B Let's talk.a1,dialogues.lines.text
elevenlabs|el:lily|0.7||How tall are you?,How tall are you?,el:lily,0.7,https://audio.bigmooneducation.com/18/186ff2a1c2dd97979d531fce2adb8a56fca92194672478d44e7c2c59286179db.mp3,https://degqpiiddkxcuzwombwp.supabase.co/storage/v1/object/public/tts-audio/18/186ff2a1c2dd97979d531fce2adb8a56fca92194672478d44e7c2c59286179db.mp3,src/data/primaryHub/grade6.json,g6v2_u1#listening[0],listeningQuestions.audio@0.7
elevenlabs|el:lily|0.7||I'm 1.65 metres.,I'm 1.65 metres.,el:lily,0.7,https://audio.bigmooneducation.com/6f/6f5dbb60a3649d763198c87217d28f21b6d8492f9fb8905927fe790c3e3cb5f4.mp3,https://degqpiiddkxcuzwombwp.supabase.co/storage/v1/object/public/tts-audio/6f/6f5dbb60a3649d763198c87217d28f21b6d8492f9fb8905927fe790c3e3cb5f4.mp3,src/data/primaryHub/grade6.json,g6v2_u1#listening[1],listeningQuestions.audio@0.7
elevenlabs|el:lily|1||I'm 1.65 metres.,I'm 1.65 metres.,el:lily,1,https://audio.bigmooneducation.com/db/dbef90b0e36f2038399fb653fb75f2a5c7e968388dbf1b5ae0845b220ed7ce01.mp3,https://degqpiiddkxcuzwombwp.supabase.co/storage/v1/object/public/tts-audio/db/dbef90b0e36f2038399fb653fb75f2a5c7e968388dbf1b5ae0845b220ed7ce01.mp3,src/data/primaryHub/grade6.json,g6v2_u1#listening[1],listeningQuestions.audio@1
elevenlabs|el:lily|0.7||What size are your shoes?,What size are your shoes?,el:lily,0.7,https://audio.bigmooneducation.com/47/475ceb92eace6330b7eba4f154cf86d681cb3284a37e33e4fc08d141400e474b.mp3,https://degqpiiddkxcuzwombwp.supabase.co/storage/v1/object/public/tts-audio/47/475ceb92eace6330b7eba4f154cf86d681cb3284a37e33e4fc08d141400e474b.mp3,src/data/primaryHub/grade6.json,g6v2_u1#listening[2],listeningQuestions.audio@0.7
elevenlabs|el:lily|1||What size are your shoes?,What size are your shoes?,el:lily,1,https://audio.bigmooneducation.com/61/618c4671ea78b4373ca97eb5801fbcc1060d1bf9b593ace24de5fe860ade70ae.mp3,https://degqpiiddkxcuzwombwp.supabase.co/storage/v1/object/public/tts-audio/61/618c4671ea78b4373ca97eb5801fbcc1060d1bf9b593ace24de5fe860ade70ae.mp3,src/data/primaryHub/grade6.json,g6v2_u1#listening[2],listeningQuestions.audio@1
elevenlabs|el:lily|0.7||Size 7.,Size 7.,el:lily,0.7,https://audio.bigmooneducation.com/be/bedef56f29a8922723600b3a37c3f51059a67903ad80ed29c604f9c857287441.mp3,https://degqpiiddkxcuzwombwp.supabase.co/storage/v1/object/public/tts-audio/be/bedef56f29a8922723600b3a37c3f51059a67903ad80ed29c604f9c857287441.mp3,src/data/primaryHub/grade6.json,g6v2_u1#listening[3],listeningQuestions.audio@0.7
elevenlabs|el:lily|1||Size 7.,Size 7.,el:lily,1,https://audio.bigmooneducation.com/f6/f6ceb4a51ef9190e047025bf37edab1e231fe30156f9462bfc8b2529fa3c115d.mp3,https://degqpiiddkxcuzwombwp.supabase.co/storage/v1/object/public/tts-audio/f6/f6ceb4a51ef9190e047025bf37edab1e231fe30156f9462bfc8b2529fa3c115d.mp3,src/data/primaryHub/grade6.json,g6v2_u1#listening[3],listeningQuestions.audio@1
elevenlabs|el:lily|0.85||cleaned my room,cleaned my room,el:lily,0.85,https://audio.bigmooneducation.com/2c/2c2abd0528943bc39b457370f7d7f9d06fcdc7ab3e647a0e5b26c3f28e1c943a.mp3,https://degqpiiddkxcuzwombwp.supabase.co/storage/v1/object/public/tts-audio/2c/2c2abd0528943bc39b457370f7d7f9d06fcdc7ab3e647a0e5b26c3f28e1c943a.mp3,src/data/primaryHub/grade6.json,g6v2_u2#vocab[0].chunks[0],chunks.en
elevenlabs|el:lily|0.85||cleaned the window,cleaned the window,el:lily,0.85,https://audio.bigmooneducation.com/32/32460916982a742e74627fefa7eb728de1b424acdfde48d98033eb1b60f5d43e.mp3,https://degqpiiddkxcuzwombwp.supabase.co/storage/v1/object/public/tts-audio/32/32460916982a742e74627fefa7eb728de1b424acdfde48d98033eb1b60f5d43e.mp3,src/data/primaryHub/grade6.json,g6v2_u2#vocab[0].chunks[1],chunks.en
elevenlabs|el:lily|0.85||cleaned the floor,cleaned the floor,el:lily,0.85,https://audio.bigmooneducation.com/db/dbf58c2209dcab51ee38d92ac8f65b93ba709788898ca8d02f9597b103f7e198.mp3,https://degqpiiddkxcuzwombwp.supabase.co/storage/v1/object/public/tts-audio/db/dbf58c2209dcab51ee38d92ac8f65b93ba709788898ca8d02f9597b103f7e198.mp3,src/data/primaryHub/grade6.json,g6v2_u2#vocab[0].chunks[2],chunks.en
elevenlabs|el:lily|0.85||stayed at home,stayed at home,el:lily,0.85,https://audio.bigmooneducation.com/07/071bcd8f099a8030da383355a8792c42655007cc705b29d7136e47a9693df5cd.mp3,https://degqpiiddkxcuzwombwp.supabase.co/storage/v1/object/public/tts-audio/07/071bcd8f099a8030da383355a8792c42655007cc705b29d7136e47a9693df5cd.mp3,src/data/primaryHub/grade6.json,g6v2_u2#vocab[1].chunks[0],chunks.en
elevenlabs|el:lily|0.85||stayed in bed,stayed in bed,el:lily,0.85,https://audio.bigmooneducation.com/3e/3e3b054c63665dfc97d787108d980abffaa2ec25d1b4dc969ceeda2dabdcbcaa.mp3,https://degqpiiddkxcuzwombwp.supabase.co/storage/v1/object/public/tts-audio/3e/3e3b054c63665dfc97d787108d980abffaa2ec25d1b4dc969ceeda2dabdcbcaa.mp3,src/data/primaryHub/grade6.json,g6v2_u2#vocab[1].chunks[1],chunks.en
elevenlabs|el:lily|0.85||stayed with grandma,stayed with grandma,el:lily,0.85,https://audio.bigmooneducation.com/b6/b6911cd6ac3409a6f6e72828008abbd7a3a8b85ae6bdf25edeaafe88a5a123b3.mp3,https://degqpiiddkxcuzwombwp.supabase.co/storage/v1/object/public/tts-audio/b6/b6911cd6ac3409a6f6e72828008abbd7a3a8b85ae6bdf25edeaafe88a5a123b3.mp3,src/data/primaryHub/grade6.json,g6v2_u2#vocab[1].chunks[2],chunks.en
elevenlabs|el:lily|0.85||washed my clothes,washed my clothes,el:lily,0.85,https://audio.bigmooneducation.com/ca/ca06cfb785fc0784b5201e2bb791c6a7a41501eee9f88af125037f1812e3f179.mp3,https://degqpiiddkxcuzwombwp.supabase.co/storage/v1/object/public/tts-audio/ca/ca06cfb785fc0784b5201e2bb791c6a7a41501eee9f88af125037f1812e3f179.mp3,src/data/primaryHub/grade6.json,g6v2_u2#vocab[2].chunks[0],chunks.en
elevenlabs|el:lily|0.85||washed the dishes,washed the dishes,el:lily,0.85,https://audio.bigmooneducation.com/5a/5ab66021327487387cd3bcb03713b6e35f3e2e66dd955ffa3ff13173c79fd752.mp3,https://degqpiiddkxcuzwombwp.supabase.co/storage/v1/object/public/tts-audio/5a/5ab66021327487387cd3bcb03713b6e35f3e2e66dd955ffa3ff13173c79fd752.mp3,src/data/primaryHub/grade6.json,g6v2_u2#vocab[2].chunks[1],chunks.en
elevenlabs|el:lily|0.85||washed the car,washed the car,el:lily,0.85,https://audio.bigmooneducation.com/9c/9ce38ae9b89d615613ab2fc832f255f832929a7a2ba03a79ce274807679bedd0.mp3,https://degqpiiddkxcuzwombwp.supabase.co/storage/v1/object/public/tts-audio/9c/9ce38ae9b89d615613ab2fc832f255f832929a7a2ba03a79ce274807679bedd0.mp3,src/data/primaryHub/grade6.json,g6v2_u2#vocab[2].chunks[2],chunks.en
elevenlabs|el:lily|0.85||watched TV,watched TV,el:lily,0.85,https://audio.bigmooneducation.com/35/35fe815c4b9c3b43e810bcf3263dbea8cdb991af66069e830da3a8f6bc9c457c.mp3,https://degqpiiddkxcuzwombwp.supabase.co/storage/v1/object/public/tts-audio/35/35fe815c4b9c3b43e810bcf3263dbea8cdb991af66069e830da3a8f6bc9c457c.mp3,src/data/primaryHub/grade6.json,g6v2_u2#vocab[3].chunks[0],chunks.en
elevenlabs|el:lily|0.85||watched a film,watched a film,el:lily,0.85,https://audio.bigmooneducation.com/41/41dedd69ebb32f12f518894c92fdbc70e69b7c5d0f0410d6ce59b284c290bc3b.mp3,https://degqpiiddkxcuzwombwp.supabase.co/storage/v1/object/public/tts-audio/41/41dedd69ebb32f12f518894c92fdbc70e69b7c5d0f0410d6ce59b284c290bc3b.mp3,src/data/primaryHub/grade6.json,g6v2_u2#vocab[3].chunks[1],chunks.en
elevenlabs|el:lily|0.85||watched a game,watched a game,el:lily,0.85,https://audio.bigmooneducation.com/05/0571f6c75b3d59b711a8d58b06c635f1d2cb0a4c3c5944a74dd5bb607477bfbf.mp3,https://degqpiiddkxcuzwombwp.supabase.co/storage/v1/object/public/tts-audio/05/0571f6c75b3d59b711a8d58b06c635f1d2cb0a4c3c5944a74dd5bb607477bfbf.mp3,src/data/primaryHub/grade6.json,g6v2_u2#vocab[3].chunks[2],chunks.en
elevenlabs|el:lily|0.85||had a fever,had a fever,el:lily,0.85,https://audio.bigmooneducation.com/5b/5b32a90c5822253e2416c88cbb468dd081e476375815532f8fda86b937ab6ada.mp3,https://degqpiiddkxcuzwombwp.supabase.co/storage/v1/object/public/tts-audio/5b/5b32a90c5822253e2416c88cbb468dd081e476375815532f8fda86b937ab6ada.mp3,src/data/primaryHub/grade6.json,g6v2_u2#vocab[4].chunks[0],chunks.en
elevenlabs|el:lily|0.85||had a headache,had a headache,el:lily,0.85,https://audio.bigmooneducation.com/a8/a8c029df30b117acda488b89e510627fcbdcf797438381c77d6d0d625ad758ed.mp3,https://degqpiiddkxcuzwombwp.supabase.co/storage/v1/object/public/tts-audio/a8/a8c029df30b117acda488b89e510627fcbdcf797438381c77d6d0d625ad758ed.mp3,src/data/primaryHub/grade6.json,g6v2_u2#vocab[4].chunks[1],chunks.en
elevenlabs|el:lily|0.85||had a good time,had a good time,el:lily,0.85,https://audio.bigmooneducation.com/ca/caf7dedc6af201538e404e38f47f0a8f204589330aa83a0ffb58e0d71ea6ebaa.mp3,https://degqpiiddkxcuzwombwp.supabase.co/storage/v1/object/public/tts-audio/ca/caf7dedc6af201538e404e38f47f0a8f204589330aa83a0ffb58e0d71ea6ebaa.mp3,src/data/primaryHub/grade6.json,g6v2_u2#vocab[4].chunks[2],chunks.en
elevenlabs|el:lily|0.85||had a bad cold,had a bad cold,el:lily,0.85,https://audio.bigmooneducation.com/a3/a3ace7dda61465ff9fa57224e2461554747ac4060dd26c0619a782e5b60329df.mp3,https://degqpiiddkxcuzwombwp.supabase.co/storage/v1/object/public/tts-audio/a3/a3ace7dda61465ff9fa57224e2461554747ac4060dd26c0619a782e5b60329df.mp3,src/data/primaryHub/grade6.json,g6v2_u2#vocab[5].chunks[1],chunks.en
elevenlabs|el:lily|0.85||slept all day,slept all day,el:lily,0.85,https://audio.bigmooneducation.com/ec/ec8e76b699457cd2f789ec956c8c29ab1ab5a64b7a4f54f16eb0dff922f089a0.mp3,https://degqpiiddkxcuzwombwp.supabase.co/storage/v1/object/public/tts-audio/ec/ec8e76b699457cd2f789ec956c8c29ab1ab5a64b7a4f54f16eb0dff922f089a0.mp3,src/data/primaryHub/grade6.json,g6v2_u2#vocab[6].chunks[0],chunks.en
elevenlabs|el:lily|0.85||slept late,slept late,el:lily,0.85,https://audio.bigmooneducation.com/b3/b37bc82831be7029654276bc49aa08c238bd4048f5cd9f09175b54894c12e9f5.mp3,https://degqpiiddkxcuzwombwp.supabase.co/storage/v1/object/public/tts-audio/b3/b37bc82831be7029654276bc49aa08c238bd4048f5cd9f09175b54894c12e9f5.mp3,src/data/primaryHub/grade6.json,g6v2_u2#vocab[6].chunks[1],chunks.en
elevenlabs|el:lily|0.85||slept well,slept well,el:lily,0.85,https://audio.bigmooneducation.com/6c/6c0ad8ea0389e47ce7bfb6dffece3cb0a498b18d62991d144242cf434de79057.mp3,https://degqpiiddkxcuzwombwp.supabase.co/storage/v1/object/public/tts-audio/6c/6c0ad8ea0389e47ce7bfb6dffece3cb0a498b18d62991d144242cf434de79057.mp3,src/data/primaryHub/grade6.json,g6v2_u2#vocab[6].chunks[2],chunks.en
elevenlabs|el:lily|0.85||read a story,read a story,el:lily,0.85,https://audio.bigmooneducation.com/a0/a01eea10c7e1439960e86975b3988b14643eb385ce1c719e27aebbe353e0e942.mp3,https://degqpiiddkxcuzwombwp.supabase.co/storage/v1/object/public/tts-audio/a0/a01eea10c7e1439960e86975b3988b14643eb385ce1c719e27aebbe353e0e942.mp3,src/data/primaryHub/grade6.json,g6v2_u2#vocab[7].chunks[1],chunks.en
elevenlabs|el:lily|0.85||read every day,read every day,el:lily,0.85,https://audio.bigmooneducation.com/aa/aa3e0afe1b6a6885c4d94fdd11c2ded4673ac2990cae09bc7720b72371296918.mp3,https://degqpiiddkxcuzwombwp.supabase.co/storage/v1/object/public/tts-audio/aa/aa3e0afe1b6a6885c4d94fdd11c2ded4673ac2990cae09bc7720b72371296918.mp3,src/data/primaryHub/grade6.json,g6v2_u2#vocab[7].chunks[2],chunks.en
elevenlabs|el:lily|0.85||What did you do last weekend?,What did you do last weekend?,el:lily,0.85,https://audio.bigmooneducation.com/a1/a1dd02011f0cc6465d9006bad275195193349553426185d82c34ea12b1100620.mp3,https://degqpiiddkxcuzwombwp.supabase.co/storage/v1/object/public/tts-audio/a1/a1dd02011f0cc6465d9006bad275195193349553426185d82c34ea12b1100620.mp3,src/data/primaryHub/grade6.json,g6v2_u2#dialogue.A Let's talk.q0,dialogues.lines.text
elevenlabs|el:lily|0.85||I cleaned my room.,I cleaned my room.,el:lily,0.85,https://audio.bigmooneducation.com/21/21c7d6b3930684e42cc8bf166b4457164e91511248d8d543a6cb932ffa2a42cd.mp3,https://degqpiiddkxcuzwombwp.supabase.co/storage/v1/object/public/tts-audio/21/21c7d6b3930684e42cc8bf166b4457164e91511248d8d543a6cb932ffa2a42cd.mp3,src/data/primaryHub/grade6.json,g6v2_u2#dialogue.A Let's talk.a1,dialogues.lines.text
elevenlabs|el:lily|0.85||Did you see a film?,Did you see a film?,el:lily,0.85,https://audio.bigmooneducation.com/c2/c23ee3ef6e73815e5f6ad93dde3c74481bc85fb4b3b1ad65f8e4edac4d2beaef.mp3,https://degqpiiddkxcuzwombwp.supabase.co/storage/v1/object/public/tts-audio/c2/c23ee3ef6e73815e5f6ad93dde3c74481bc85fb4b3b1ad65f8e4edac4d2beaef.mp3,src/data/primaryHub/grade6.json,g6v2_u2#dialogue.B Let's talk.q0,dialogues.lines.text
"elevenlabs|el:lily|0.85||Yes, I did.","Yes, I did.",el:lily,0.85,https://audio.bigmooneducation.com/b6/b6f8fcb94c9f70190635399467a1bde8ca5cfa2a06ae3efcf90ce1a295c52f0f.mp3,https://degqpiiddkxcuzwombwp.supabase.co/storage/v1/object/public/tts-audio/b6/b6f8fcb94c9f70190635399467a1bde8ca5cfa2a06ae3efcf90ce1a295c52f0f.mp3,src/data/primaryHub/grade6.json,g6v2_u2#dialogue.B Let's talk.a1,dialogues.lines.text
elevenlabs|el:lily|0.7||What did you do last weekend?,What did you do last weekend?,el:lily,0.7,https://audio.bigmooneducation.com/47/47c7c52c52154ef73eecc14434f10a014f244c0d99a1c06f6d0c38d4e5f8e558.mp3,https://degqpiiddkxcuzwombwp.supabase.co/storage/v1/object/public/tts-audio/47/47c7c52c52154ef73eecc14434f10a014f244c0d99a1c06f6d0c38d4e5f8e558.mp3,src/data/primaryHub/grade6.json,g6v2_u2#listening[0],listeningQuestions.audio@0.7
elevenlabs|el:lily|0.7||I cleaned my room.,I cleaned my room.,el:lily,0.7,https://audio.bigmooneducation.com/9b/9b3f896e57cf63a5cf2eb3c53604bfd04c14d1ce170e08faf7c60807e65f52a0.mp3,https://degqpiiddkxcuzwombwp.supabase.co/storage/v1/object/public/tts-audio/9b/9b3f896e57cf63a5cf2eb3c53604bfd04c14d1ce170e08faf7c60807e65f52a0.mp3,src/data/primaryHub/grade6.json,g6v2_u2#listening[1],listeningQuestions.audio@0.7
elevenlabs|el:lily|1||I cleaned my room.,I cleaned my room.,el:lily,1,https://audio.bigmooneducation.com/38/3871a5068eec69555d51cbc16a3dfae96dda87c8290e264e6be213f8f7667bad.mp3,https://degqpiiddkxcuzwombwp.supabase.co/storage/v1/object/public/tts-audio/38/3871a5068eec69555d51cbc16a3dfae96dda87c8290e264e6be213f8f7667bad.mp3,src/data/primaryHub/grade6.json,g6v2_u2#listening[1],listeningQuestions.audio@1
elevenlabs|el:lily|0.7||Did you see a film?,Did you see a film?,el:lily,0.7,https://audio.bigmooneducation.com/80/80ed648918dc73494d5bcb601b362a8e7cce428139ffdbbf542f1ddef37e73b9.mp3,https://degqpiiddkxcuzwombwp.supabase.co/storage/v1/object/public/tts-audio/80/80ed648918dc73494d5bcb601b362a8e7cce428139ffdbbf542f1ddef37e73b9.mp3,src/data/primaryHub/grade6.json,g6v2_u2#listening[2],listeningQuestions.audio@0.7
elevenlabs|el:lily|1||Did you see a film?,Did you see a film?,el:lily,1,https://audio.bigmooneducation.com/2e/2e1b67880d162dd6be6f780c38405264e0cc5a9c1d3eb05afa28fbc017720f5a.mp3,https://degqpiiddkxcuzwombwp.supabase.co/storage/v1/object/public/tts-audio/2e/2e1b67880d162dd6be6f780c38405264e0cc5a9c1d3eb05afa28fbc017720f5a.mp3,src/data/primaryHub/grade6.json,g6v2_u2#listening[2],listeningQuestions.audio@1
"elevenlabs|el:lily|0.7||Yes, I did.","Yes, I did.",el:lily,0.7,https://audio.bigmooneducation.com/49/49aecb97068b52bf2380001f4ec36a4d701c2eb7283c718ef7b89cac04b2551c.mp3,https://degqpiiddkxcuzwombwp.supabase.co/storage/v1/object/public/tts-audio/49/49aecb97068b52bf2380001f4ec36a4d701c2eb7283c718ef7b89cac04b2551c.mp3,src/data/primaryHub/grade6.json,g6v2_u2#listening[3],listeningQuestions.audio@0.7
"elevenlabs|el:lily|1||Yes, I did.","Yes, I did.",el:lily,1,https://audio.bigmooneducation.com/47/47f47a7379133a907b276bb49dffeabf6308fbd1e727672599a41f140495472d.mp3,https://degqpiiddkxcuzwombwp.supabase.co/storage/v1/object/public/tts-audio/47/47f47a7379133a907b276bb49dffeabf6308fbd1e727672599a41f140495472d.mp3,src/data/primaryHub/grade6.json,g6v2_u2#listening[3],listeningQuestions.audio@1
elevenlabs|el:lily|0.85||went to the park,went to the park,el:lily,0.85,https://audio.bigmooneducation.com/35/3519e70e94fe7cb6a7cbd2230aec973bbe90dfb8315c72e06ab0effff5cd5edd.mp3,https://degqpiiddkxcuzwombwp.supabase.co/storage/v1/object/public/tts-audio/35/3519e70e94fe7cb6a7cbd2230aec973bbe90dfb8315c72e06ab0effff5cd5edd.mp3,src/data/primaryHub/grade6.json,g6v2_u3#vocab[0].chunks[0],chunks.en
elevenlabs|el:lily|0.85||went home,went home,el:lily,0.85,https://audio.bigmooneducation.com/0b/0b827ee67367615bab0e29f67a481584a5a1ac1520f9619f2cf4d692576600e8.mp3,https://degqpiiddkxcuzwombwp.supabase.co/storage/v1/object/public/tts-audio/0b/0b827ee67367615bab0e29f67a481584a5a1ac1520f9619f2cf4d692576600e8.mp3,src/data/primaryHub/grade6.json,g6v2_u3#vocab[0].chunks[1],chunks.en
elevenlabs|el:lily|0.85||went shopping,went shopping,el:lily,0.85,https://audio.bigmooneducation.com/e8/e89fea54a9c5ec7555a5f3ce090556395a05fab7673840df0553c92b64d1096a.mp3,https://degqpiiddkxcuzwombwp.supabase.co/storage/v1/object/public/tts-audio/e8/e89fea54a9c5ec7555a5f3ce090556395a05fab7673840df0553c92b64d1096a.mp3,src/data/primaryHub/grade6.json,g6v2_u3#vocab[0].chunks[2],chunks.en
elevenlabs|el:lily|0.85||set up a camp,set up a camp,el:lily,0.85,https://audio.bigmooneducation.com/20/20f0cd3f07d52823d15f8256e29b0925286182aa195e8554d80b04f2aed67911.mp3,https://degqpiiddkxcuzwombwp.supabase.co/storage/v1/object/public/tts-audio/20/20f0cd3f07d52823d15f8256e29b0925286182aa195e8554d80b04f2aed67911.mp3,src/data/primaryHub/grade6.json,g6v2_u3#vocab[1].chunks[1],chunks.en
elevenlabs|el:lily|0.85||a camp by the lake,a camp by the lake,el:lily,0.85,https://audio.bigmooneducation.com/4a/4a8ed5f3f2fdb3fe0473d93583b4b5509f8ad80a95c95f31a437e74d8d8b9f4e.mp3,https://degqpiiddkxcuzwombwp.supabase.co/storage/v1/object/public/tts-audio/4a/4a8ed5f3f2fdb3fe0473d93583b4b5509f8ad80a95c95f31a437e74d8d8b9f4e.mp3,src/data/primaryHub/grade6.json,g6v2_u3#vocab[1].chunks[2],chunks.en
elevenlabs|el:lily|0.85||went camping last summer,went camping last summer,el:lily,0.85,https://audio.bigmooneducation.com/0d/0dda0e328a540222c637bff1128c13a897c8637e7cd618b56f2bcaa657712a71.mp3,https://degqpiiddkxcuzwombwp.supabase.co/storage/v1/object/public/tts-audio/0d/0dda0e328a540222c637bff1128c13a897c8637e7cd618b56f2bcaa657712a71.mp3,src/data/primaryHub/grade6.json,g6v2_u3#vocab[2].chunks[0],chunks.en
elevenlabs|el:lily|0.85||went camping in the mountains,went camping in the mountains,el:lily,0.85,https://audio.bigmooneducation.com/1c/1cb7bc59c3163af049d06f8f20efd3f91ffd72c5bc1c13b2a5ae9800b3d82195.mp3,https://degqpiiddkxcuzwombwp.supabase.co/storage/v1/object/public/tts-audio/1c/1cb7bc59c3163af049d06f8f20efd3f91ffd72c5bc1c13b2a5ae9800b3d82195.mp3,src/data/primaryHub/grade6.json,g6v2_u3#vocab[2].chunks[1],chunks.en
elevenlabs|el:lily|0.85||a big fish,a big fish,el:lily,0.85,https://audio.bigmooneducation.com/dd/dd6cfe0cce4de4cdb1609d70d0b14af452c960cbdb5a4627664a6d9c8d7855b3.mp3,https://degqpiiddkxcuzwombwp.supabase.co/storage/v1/object/public/tts-audio/dd/dd6cfe0cce4de4cdb1609d70d0b14af452c960cbdb5a4627664a6d9c8d7855b3.mp3,src/data/primaryHub/grade6.json,g6v2_u3#vocab[3].chunks[1],chunks.en
elevenlabs|el:lily|0.85||fish in the river,fish in the river,el:lily,0.85,https://audio.bigmooneducation.com/0f/0f09514c24dd5f48a65b3664e31b0591bb7070b9be67cab5edcd43224896b612.mp3,https://degqpiiddkxcuzwombwp.supabase.co/storage/v1/object/public/tts-audio/0f/0f09514c24dd5f48a65b3664e31b0591bb7070b9be67cab5edcd43224896b612.mp3,src/data/primaryHub/grade6.json,g6v2_u3#vocab[3].chunks[2],chunks.en
elevenlabs|el:lily|0.85||went fishing with dad,went fishing with dad,el:lily,0.85,https://audio.bigmooneducation.com/42/42c08b35f6a6950e7cca91733d7b5e59a04a5fbbcb61322396c5e5d8c2c6b37e.mp3,https://degqpiiddkxcuzwombwp.supabase.co/storage/v1/object/public/tts-audio/42/42c08b35f6a6950e7cca91733d7b5e59a04a5fbbcb61322396c5e5d8c2c6b37e.mp3,src/data/primaryHub/grade6.json,g6v2_u3#vocab[4].chunks[0],chunks.en
elevenlabs|el:lily|0.85||went fishing by the lake,went fishing by the lake,el:lily,0.85,https://audio.bigmooneducation.com/39/399ee13b91eebd19803aa61f95dccc28739b18f5b00db45bec15680df2048c6a.mp3,https://degqpiiddkxcuzwombwp.supabase.co/storage/v1/object/public/tts-audio/39/399ee13b91eebd19803aa61f95dccc28739b18f5b00db45bec15680df2048c6a.mp3,src/data/primaryHub/grade6.json,g6v2_u3#vocab[4].chunks[1],chunks.en
elevenlabs|el:lily|0.85||rode a bike,rode a bike,el:lily,0.85,https://audio.bigmooneducation.com/0a/0a8b15c5066feb1f1ad2bf276b6eb996d8bda720255e8c5975b5e3c855f9dc74.mp3,https://degqpiiddkxcuzwombwp.supabase.co/storage/v1/object/public/tts-audio/0a/0a8b15c5066feb1f1ad2bf276b6eb996d8bda720255e8c5975b5e3c855f9dc74.mp3,src/data/primaryHub/grade6.json,g6v2_u3#vocab[5].chunks[1],chunks.en
elevenlabs|el:lily|0.85||rode to school,rode to school,el:lily,0.85,https://audio.bigmooneducation.com/de/de6dc33d531cd45abee95d9029001fe7c8916a5225c10ce9f5e01faa0a4aefff.mp3,https://degqpiiddkxcuzwombwp.supabase.co/storage/v1/object/public/tts-audio/de/de6dc33d531cd45abee95d9029001fe7c8916a5225c10ce9f5e01faa0a4aefff.mp3,src/data/primaryHub/grade6.json,g6v2_u3#vocab[5].chunks[2],chunks.en
elevenlabs|el:lily|0.85||hurt my foot,hurt my foot,el:lily,0.85,https://audio.bigmooneducation.com/c6/c6b615f6e5b3dafd79c7afbc3f1cde513cc2ebf8ef0ce8b65b4b3cbf94d522f8.mp3,https://degqpiiddkxcuzwombwp.supabase.co/storage/v1/object/public/tts-audio/c6/c6b615f6e5b3dafd79c7afbc3f1cde513cc2ebf8ef0ce8b65b4b3cbf94d522f8.mp3,src/data/primaryHub/grade6.json,g6v2_u3#vocab[6].chunks[0],chunks.en
elevenlabs|el:lily|0.85||hurt my arm,hurt my arm,el:lily,0.85,https://audio.bigmooneducation.com/da/dadb110c389da6b14290cba6f349ccd359f1152ec287dea677521ffcdbacb593.mp3,https://degqpiiddkxcuzwombwp.supabase.co/storage/v1/object/public/tts-audio/da/dadb110c389da6b14290cba6f349ccd359f1152ec287dea677521ffcdbacb593.mp3,src/data/primaryHub/grade6.json,g6v2_u3#vocab[6].chunks[1],chunks.en
elevenlabs|el:lily|0.85||it hurt a lot,it hurt a lot,el:lily,0.85,https://audio.bigmooneducation.com/38/380976c6af95bdd99272bfb74522874f5900ff9309e43a514529db6d2d33e6f2.mp3,https://degqpiiddkxcuzwombwp.supabase.co/storage/v1/object/public/tts-audio/38/380976c6af95bdd99272bfb74522874f5900ff9309e43a514529db6d2d33e6f2.mp3,src/data/primaryHub/grade6.json,g6v2_u3#vocab[6].chunks[2],chunks.en
elevenlabs|el:lily|0.85||ate too much,ate too much,el:lily,0.85,https://audio.bigmooneducation.com/23/2336ec4d0997560b843835a45fb7f64c90addb9989dc82860c4ee0bf78056de8.mp3,https://degqpiiddkxcuzwombwp.supabase.co/storage/v1/object/public/tts-audio/23/2336ec4d0997560b843835a45fb7f64c90addb9989dc82860c4ee0bf78056de8.mp3,src/data/primaryHub/grade6.json,g6v2_u3#vocab[7].chunks[0],chunks.en
elevenlabs|el:lily|0.85||ate fresh fish,ate fresh fish,el:lily,0.85,https://audio.bigmooneducation.com/6f/6f9c1abfc95a68beecbbb90b8a2a2d5bb6266ddd95d3cf53c78925a0c66af772.mp3,https://degqpiiddkxcuzwombwp.supabase.co/storage/v1/object/public/tts-audio/6f/6f9c1abfc95a68beecbbb90b8a2a2d5bb6266ddd95d3cf53c78925a0c66af772.mp3,src/data/primaryHub/grade6.json,g6v2_u3#vocab[7].chunks[1],chunks.en
elevenlabs|el:lily|0.85||ate breakfast,ate breakfast,el:lily,0.85,https://audio.bigmooneducation.com/fc/fc043ceb5d29f737b620780c56d2ea176c4651561f12f8411c8d2a5492ce341e.mp3,https://degqpiiddkxcuzwombwp.supabase.co/storage/v1/object/public/tts-audio/fc/fc043ceb5d29f737b620780c56d2ea176c4651561f12f8411c8d2a5492ce341e.mp3,src/data/primaryHub/grade6.json,g6v2_u3#vocab[7].chunks[2],chunks.en
elevenlabs|el:lily|0.85||Where did you go?,Where did you go?,el:lily,0.85,https://audio.bigmooneducation.com/a1/a1aac381043a8b9f9e85f4693968f9958a2fda93cc0ce56a8d015add1fad4237.mp3,https://degqpiiddkxcuzwombwp.supabase.co/storage/v1/object/public/tts-audio/a1/a1aac381043a8b9f9e85f4693968f9958a2fda93cc0ce56a8d015add1fad4237.mp3,src/data/primaryHub/grade6.json,g6v2_u3#dialogue.A Let's talk.q0,dialogues.lines.text
elevenlabs|el:lily|0.85||We went to Sanya.,We went to Sanya.,el:lily,0.85,https://audio.bigmooneducation.com/bf/bf33d50651fa1f9f0515b66daeb6a217e9a5117f1a5eeafe0024816ee40fc271.mp3,https://degqpiiddkxcuzwombwp.supabase.co/storage/v1/object/public/tts-audio/bf/bf33d50651fa1f9f0515b66daeb6a217e9a5117f1a5eeafe0024816ee40fc271.mp3,src/data/primaryHub/grade6.json,g6v2_u3#dialogue.A Let's talk.a1,dialogues.lines.text
elevenlabs|el:lily|0.85||How did you go there?,How did you go there?,el:lily,0.85,https://audio.bigmooneducation.com/23/23425406315d06f8d0863f5d150661faffbbee7b40fc6aea3cc1ae8b37f0cc28.mp3,https://degqpiiddkxcuzwombwp.supabase.co/storage/v1/object/public/tts-audio/23/23425406315d06f8d0863f5d150661faffbbee7b40fc6aea3cc1ae8b37f0cc28.mp3,src/data/primaryHub/grade6.json,g6v2_u3#dialogue.B Let's talk.q0,dialogues.lines.text
elevenlabs|el:lily|0.85||We went there by plane.,We went there by plane.,el:lily,0.85,https://audio.bigmooneducation.com/3c/3cf162308530f3809ec9d9deeb0f79b0db9ef2c7376c53b82e5a71fc820f7175.mp3,https://degqpiiddkxcuzwombwp.supabase.co/storage/v1/object/public/tts-audio/3c/3cf162308530f3809ec9d9deeb0f79b0db9ef2c7376c53b82e5a71fc820f7175.mp3,src/data/primaryHub/grade6.json,g6v2_u3#dialogue.B Let's talk.a1,dialogues.lines.text
elevenlabs|el:lily|0.7||Where did you go?,Where did you go?,el:lily,0.7,https://audio.bigmooneducation.com/7f/7fe8da19c7d855fb09337b094e4175ed593854f9075c9308fb83fd01d41ae730.mp3,https://degqpiiddkxcuzwombwp.supabase.co/storage/v1/object/public/tts-audio/7f/7fe8da19c7d855fb09337b094e4175ed593854f9075c9308fb83fd01d41ae730.mp3,src/data/primaryHub/grade6.json,g6v2_u3#listening[0],listeningQuestions.audio@0.7
elevenlabs|el:lily|1||Where did you go?,Where did you go?,el:lily,1,https://audio.bigmooneducation.com/10/10636431218269202d592d661c5a0ae82d4927b6e893ce5678140ac975a537f4.mp3,https://degqpiiddkxcuzwombwp.supabase.co/storage/v1/object/public/tts-audio/10/10636431218269202d592d661c5a0ae82d4927b6e893ce5678140ac975a537f4.mp3,src/data/primaryHub/grade6.json,g6v2_u3#listening[0],listeningQuestions.audio@1
elevenlabs|el:lily|0.7||We went to Sanya.,We went to Sanya.,el:lily,0.7,https://audio.bigmooneducation.com/9b/9b3e7911ad7a55e9e9d15c0f94c8e1d70cbe147bde7043aefb2c706e8445cfe8.mp3,https://degqpiiddkxcuzwombwp.supabase.co/storage/v1/object/public/tts-audio/9b/9b3e7911ad7a55e9e9d15c0f94c8e1d70cbe147bde7043aefb2c706e8445cfe8.mp3,src/data/primaryHub/grade6.json,g6v2_u3#listening[1],listeningQuestions.audio@0.7
elevenlabs|el:lily|1||We went to Sanya.,We went to Sanya.,el:lily,1,https://audio.bigmooneducation.com/79/79330c39a1548c18fcea396a7be5d87b8dd1c4901ebe341c4dbf8594f7dbfa7f.mp3,https://degqpiiddkxcuzwombwp.supabase.co/storage/v1/object/public/tts-audio/79/79330c39a1548c18fcea396a7be5d87b8dd1c4901ebe341c4dbf8594f7dbfa7f.mp3,src/data/primaryHub/grade6.json,g6v2_u3#listening[1],listeningQuestions.audio@1
elevenlabs|el:lily|0.7||How did you go there?,How did you go there?,el:lily,0.7,https://audio.bigmooneducation.com/d1/d1e9a3668ed100ac591d188de40d60239d6a934ea90b5ca3af10ffef3faa20bf.mp3,https://degqpiiddkxcuzwombwp.supabase.co/storage/v1/object/public/tts-audio/d1/d1e9a3668ed100ac591d188de40d60239d6a934ea90b5ca3af10ffef3faa20bf.mp3,src/data/primaryHub/grade6.json,g6v2_u3#listening[2],listeningQuestions.audio@0.7
elevenlabs|el:lily|0.7||We went there by plane.,We went there by plane.,el:lily,0.7,https://audio.bigmooneducation.com/5d/5df0d8feea4bcc71927caa6ad06067bd99e85d390703f08b80cb11f094b096d4.mp3,https://degqpiiddkxcuzwombwp.supabase.co/storage/v1/object/public/tts-audio/5d/5df0d8feea4bcc71927caa6ad06067bd99e85d390703f08b80cb11f094b096d4.mp3,src/data/primaryHub/grade6.json,g6v2_u3#listening[3],listeningQuestions.audio@0.7
elevenlabs|el:lily|1||We went there by plane.,We went there by plane.,el:lily,1,https://audio.bigmooneducation.com/aa/aa26b73cee51e5bd877c8ad110289ab003a48c6d59bea4fabffb44865e7e5a65.mp3,https://degqpiiddkxcuzwombwp.supabase.co/storage/v1/object/public/tts-audio/aa/aa26b73cee51e5bd877c8ad110289ab003a48c6d59bea4fabffb44865e7e5a65.mp3,src/data/primaryHub/grade6.json,g6v2_u3#listening[3],listeningQuestions.audio@1
elevenlabs|el:lily|0.85||in the dining hall,in the dining hall,el:lily,0.85,https://audio.bigmooneducation.com/78/7825eb0b1236bd7dd5979b96949221f7691c5d6ef6a46284a3485dc5d8ddc151.mp3,https://degqpiiddkxcuzwombwp.supabase.co/storage/v1/object/public/tts-audio/78/7825eb0b1236bd7dd5979b96949221f7691c5d6ef6a46284a3485dc5d8ddc151.mp3,src/data/primaryHub/grade6.json,g6v2_u4#vocab[0].chunks[0],chunks.en
elevenlabs|el:lily|0.85||a big dining hall,a big dining hall,el:lily,0.85,https://audio.bigmooneducation.com/d9/d96d5728c6fee5a4237462621e14baf58a7c12b2c17f3afffafdc3f61c0c21e0.mp3,https://degqpiiddkxcuzwombwp.supabase.co/storage/v1/object/public/tts-audio/d9/d96d5728c6fee5a4237462621e14baf58a7c12b2c17f3afffafdc3f61c0c21e0.mp3,src/data/primaryHub/grade6.json,g6v2_u4#vocab[0].chunks[1],chunks.en
elevenlabs|el:lily|0.85||eat in the dining hall,eat in the dining hall,el:lily,0.85,https://audio.bigmooneducation.com/69/6918caaa0c9408b1490af5dfca0a58a4b3f8c3907d5d79d53f3db89ea9829c4e.mp3,https://degqpiiddkxcuzwombwp.supabase.co/storage/v1/object/public/tts-audio/69/6918caaa0c9408b1490af5dfca0a58a4b3f8c3907d5d79d53f3db89ea9829c4e.mp3,src/data/primaryHub/grade6.json,g6v2_u4#vocab[0].chunks[2],chunks.en
elevenlabs|el:lily|0.85||sit on the grass,sit on the grass,el:lily,0.85,https://audio.bigmooneducation.com/d6/d6b08d3a67fbdd87d696b972dcfd8b7216387a9382f47ec04fe1eb9ed81903aa.mp3,https://degqpiiddkxcuzwombwp.supabase.co/storage/v1/object/public/tts-audio/d6/d6b08d3a67fbdd87d696b972dcfd8b7216387a9382f47ec04fe1eb9ed81903aa.mp3,src/data/primaryHub/grade6.json,g6v2_u4#vocab[1].chunks[1],chunks.en
elevenlabs|el:lily|0.85||cut the grass,cut the grass,el:lily,0.85,https://audio.bigmooneducation.com/f5/f52f25c16e5a3e7fe1029f7d66d6d339931c94139c9e49beba1062c220aa913e.mp3,https://degqpiiddkxcuzwombwp.supabase.co/storage/v1/object/public/tts-audio/f5/f52f25c16e5a3e7fe1029f7d66d6d339931c94139c9e49beba1062c220aa913e.mp3,src/data/primaryHub/grade6.json,g6v2_u4#vocab[1].chunks[2],chunks.en
elevenlabs|el:lily|0.85||in the gym,in the gym,el:lily,0.85,https://audio.bigmooneducation.com/43/43dec1da28927734dc704aa1d94d52e76752fdb8c45e8f2895763ff5ed7356cf.mp3,https://degqpiiddkxcuzwombwp.supabase.co/storage/v1/object/public/tts-audio/43/43dec1da28927734dc704aa1d94d52e76752fdb8c45e8f2895763ff5ed7356cf.mp3,src/data/primaryHub/grade6.json,g6v2_u4#vocab[2].chunks[0],chunks.en
elevenlabs|el:lily|0.85||go to the gym,go to the gym,el:lily,0.85,https://audio.bigmooneducation.com/cf/cffed4a446ea0692900a7b0f2b2a4f217e882ead0f4c86c5e5dc1c6a14747f7a.mp3,https://degqpiiddkxcuzwombwp.supabase.co/storage/v1/object/public/tts-audio/cf/cffed4a446ea0692900a7b0f2b2a4f217e882ead0f4c86c5e5dc1c6a14747f7a.mp3,src/data/primaryHub/grade6.json,g6v2_u4#vocab[2].chunks[1],chunks.en
elevenlabs|el:lily|0.85||a new gym,a new gym,el:lily,0.85,https://audio.bigmooneducation.com/bf/bf0e72f037c57c315dbbc04bb1b4c154ffe63e69fcbbbf75c38cb89a9604433e.mp3,https://degqpiiddkxcuzwombwp.supabase.co/storage/v1/object/public/tts-audio/bf/bf0e72f037c57c315dbbc04bb1b4c154ffe63e69fcbbbf75c38cb89a9604433e.mp3,src/data/primaryHub/grade6.json,g6v2_u4#vocab[2].chunks[2],chunks.en
elevenlabs|el:lily|0.85||a long time ago,a long time ago,el:lily,0.85,https://audio.bigmooneducation.com/5b/5bfe8873246ec38ca76a164767755e4d71bc5912737e7781e44ea6eddcc4a0dc.mp3,https://degqpiiddkxcuzwombwp.supabase.co/storage/v1/object/public/tts-audio/5b/5bfe8873246ec38ca76a164767755e4d71bc5912737e7781e44ea6eddcc4a0dc.mp3,src/data/primaryHub/grade6.json,g6v2_u4#vocab[3].chunks[0],chunks.en
elevenlabs|el:lily|0.85||two years ago,two years ago,el:lily,0.85,https://audio.bigmooneducation.com/af/af9bc602a0d071000ed6ea51ed4f34ddee5c09de641afab2cc53ba7ce44e83c6.mp3,https://degqpiiddkxcuzwombwp.supabase.co/storage/v1/object/public/tts-audio/af/af9bc602a0d071000ed6ea51ed4f34ddee5c09de641afab2cc53ba7ce44e83c6.mp3,src/data/primaryHub/grade6.json,g6v2_u4#vocab[3].chunks[1],chunks.en
elevenlabs|el:lily|0.85||a moment ago,a moment ago,el:lily,0.85,https://audio.bigmooneducation.com/94/9414fb73e6f74c4738ac410a62ea2bf670e0fd8ad2f37cab6945eab1605849a4.mp3,https://degqpiiddkxcuzwombwp.supabase.co/storage/v1/object/public/tts-audio/94/9414fb73e6f74c4738ac410a62ea2bf670e0fd8ad2f37cab6945eab1605849a4.mp3,src/data/primaryHub/grade6.json,g6v2_u4#vocab[3].chunks[2],chunks.en
elevenlabs|el:lily|0.85||like cycling,like cycling,el:lily,0.85,https://audio.bigmooneducation.com/c5/c5867b12b69f8e20d46fdfdfbb943a9df9929c2d35a8388566e4c184034f3eba.mp3,https://degqpiiddkxcuzwombwp.supabase.co/storage/v1/object/public/tts-audio/c5/c5867b12b69f8e20d46fdfdfbb943a9df9929c2d35a8388566e4c184034f3eba.mp3,src/data/primaryHub/grade6.json,g6v2_u4#vocab[4].chunks[0],chunks.en
elevenlabs|el:lily|0.85||good at cycling,good at cycling,el:lily,0.85,https://audio.bigmooneducation.com/a8/a86d59633a4bddb2a5211a8f111a253348aa4c275291c1a4ded86a4274806d45.mp3,https://degqpiiddkxcuzwombwp.supabase.co/storage/v1/object/public/tts-audio/a8/a86d59633a4bddb2a5211a8f111a253348aa4c275291c1a4ded86a4274806d45.mp3,src/data/primaryHub/grade6.json,g6v2_u4#vocab[4].chunks[1],chunks.en
elevenlabs|el:lily|0.85||cycling every weekend,cycling every weekend,el:lily,0.85,https://audio.bigmooneducation.com/98/9840ace3ad90c7f89d7ee6db1a48458198154664d0eb5015b4174349e635439b.mp3,https://degqpiiddkxcuzwombwp.supabase.co/storage/v1/object/public/tts-audio/98/9840ace3ad90c7f89d7ee6db1a48458198154664d0eb5015b4174349e635439b.mp3,src/data/primaryHub/grade6.json,g6v2_u4#vocab[4].chunks[2],chunks.en
elevenlabs|el:lily|0.85||go cycling on Sundays,go cycling on Sundays,el:lily,0.85,https://audio.bigmooneducation.com/1c/1cd8d1140498036cc4f688968a09dcd0cbe1d85592935a55cfdc6371d02c7f75.mp3,https://degqpiiddkxcuzwombwp.supabase.co/storage/v1/object/public/tts-audio/1c/1cd8d1140498036cc4f688968a09dcd0cbe1d85592935a55cfdc6371d02c7f75.mp3,src/data/primaryHub/grade6.json,g6v2_u4#vocab[5].chunks[0],chunks.en
elevenlabs|el:lily|0.85||go cycling in the park,go cycling in the park,el:lily,0.85,https://audio.bigmooneducation.com/fc/fcd29ff0b96b3ace124db4f594731facf519020033a95106f2194d59d14910b1.mp3,https://degqpiiddkxcuzwombwp.supabase.co/storage/v1/object/public/tts-audio/fc/fcd29ff0b96b3ace124db4f594731facf519020033a95106f2194d59d14910b1.mp3,src/data/primaryHub/grade6.json,g6v2_u4#vocab[5].chunks[1],chunks.en
elevenlabs|el:lily|0.85||learn to ice-skate,learn to ice-skate,el:lily,0.85,https://audio.bigmooneducation.com/cf/cf4b22c242a570f818f225dfef4956ed00426861e7393917ed20a6051afca0de.mp3,https://degqpiiddkxcuzwombwp.supabase.co/storage/v1/object/public/tts-audio/cf/cf4b22c242a570f818f225dfef4956ed00426861e7393917ed20a6051afca0de.mp3,src/data/primaryHub/grade6.json,g6v2_u4#vocab[6].chunks[0],chunks.en
elevenlabs|el:lily|0.85||ice-skate in winter,ice-skate in winter,el:lily,0.85,https://audio.bigmooneducation.com/ce/cec60b0dbe115e2f24db61add68a5c1fa21868ff5bddc9e9658bc3e676a95db7.mp3,https://degqpiiddkxcuzwombwp.supabase.co/storage/v1/object/public/tts-audio/ce/cec60b0dbe115e2f24db61add68a5c1fa21868ff5bddc9e9658bc3e676a95db7.mp3,src/data/primaryHub/grade6.json,g6v2_u4#vocab[6].chunks[1],chunks.en
elevenlabs|el:lily|0.85||ice-skate on the lake,ice-skate on the lake,el:lily,0.85,https://audio.bigmooneducation.com/32/3285498bf445c5330745fa4877caff6f01e5d645690bb910340b304d5702061a.mp3,https://degqpiiddkxcuzwombwp.supabase.co/storage/v1/object/public/tts-audio/32/3285498bf445c5330745fa4877caff6f01e5d645690bb910340b304d5702061a.mp3,src/data/primaryHub/grade6.json,g6v2_u4#vocab[6].chunks[2],chunks.en
elevenlabs|el:lily|0.85||play badminton,play badminton,el:lily,0.85,https://audio.bigmooneducation.com/d0/d0e3b9c3f3eeba564c491d1cd85905e94d97031f947b258089b1377317b1612b.mp3,https://degqpiiddkxcuzwombwp.supabase.co/storage/v1/object/public/tts-audio/d0/d0e3b9c3f3eeba564c491d1cd85905e94d97031f947b258089b1377317b1612b.mp3,src/data/primaryHub/grade6.json,g6v2_u4#vocab[7].chunks[0],chunks.en
elevenlabs|el:lily|0.85||a badminton game,a badminton game,el:lily,0.85,https://audio.bigmooneducation.com/80/80e40b5afdeb860bc54460a1509f926a62d9fc968b937837201388ac8034256e.mp3,https://degqpiiddkxcuzwombwp.supabase.co/storage/v1/object/public/tts-audio/80/80e40b5afdeb860bc54460a1509f926a62d9fc968b937837201388ac8034256e.mp3,src/data/primaryHub/grade6.json,g6v2_u4#vocab[7].chunks[1],chunks.en
elevenlabs|el:lily|0.85||good at badminton,good at badminton,el:lily,0.85,https://audio.bigmooneducation.com/36/361ac391439f629a237d9d86f4f450c40920a73f2d84cba6efba9dcc21a8064d.mp3,https://degqpiiddkxcuzwombwp.supabase.co/storage/v1/object/public/tts-audio/36/361ac391439f629a237d9d86f4f450c40920a73f2d84cba6efba9dcc21a8064d.mp3,src/data/primaryHub/grade6.json,g6v2_u4#vocab[7].chunks[2],chunks.en
elevenlabs|el:lily|0.7||There was no library in my old school.,There was no library in my old school.,el:lily,0.7,https://audio.bigmooneducation.com/2f/2f17a76b436072a620c4184a64431cdf488af30d725f0b782d468def9ec9f8f6.mp3,https://degqpiiddkxcuzwombwp.supabase.co/storage/v1/object/public/tts-audio/2f/2f17a76b436072a620c4184a64431cdf488af30d725f0b782d468def9ec9f8f6.mp3,src/data/primaryHub/grade6.json,g6v2_u4#listening[0],listeningQuestions.audio@0.7
elevenlabs|el:lily|1||There was no library in my old school.,There was no library in my old school.,el:lily,1,https://audio.bigmooneducation.com/fb/fbbd004dbaf0b41fe806f70cc059c37d0d9f8628577a7583e34f4c51c0a22a3c.mp3,https://degqpiiddkxcuzwombwp.supabase.co/storage/v1/object/public/tts-audio/fb/fbbd004dbaf0b41fe806f70cc059c37d0d9f8628577a7583e34f4c51c0a22a3c.mp3,src/data/primaryHub/grade6.json,g6v2_u4#listening[0],listeningQuestions.audio@1
elevenlabs|el:lily|0.7||There is one now.,There is one now.,el:lily,0.7,https://audio.bigmooneducation.com/b5/b58d9e306263d002384efc1a9e762f36582d37e1d314614f805f3ad038dc4e74.mp3,https://degqpiiddkxcuzwombwp.supabase.co/storage/v1/object/public/tts-audio/b5/b58d9e306263d002384efc1a9e762f36582d37e1d314614f805f3ad038dc4e74.mp3,src/data/primaryHub/grade6.json,g6v2_u4#listening[1],listeningQuestions.audio@0.7
elevenlabs|el:lily|1||There is one now.,There is one now.,el:lily,1,https://audio.bigmooneducation.com/c3/c374c3f60432e2335fe13a886e611ba7e58ea4b45e255a2e672cc82d86d8d6be.mp3,https://degqpiiddkxcuzwombwp.supabase.co/storage/v1/object/public/tts-audio/c3/c374c3f60432e2335fe13a886e611ba7e58ea4b45e255a2e672cc82d86d8d6be.mp3,src/data/primaryHub/grade6.json,g6v2_u4#listening[1],listeningQuestions.audio@1
elevenlabs|el:lily|0.7||I was short.,I was short.,el:lily,0.7,https://audio.bigmooneducation.com/4e/4e9c5a0464bd533812db1d3b656c90a373aa1b71a5b59044225ad6a11c7f9bb8.mp3,https://degqpiiddkxcuzwombwp.supabase.co/storage/v1/object/public/tts-audio/4e/4e9c5a0464bd533812db1d3b656c90a373aa1b71a5b59044225ad6a11c7f9bb8.mp3,src/data/primaryHub/grade6.json,g6v2_u4#listening[2],listeningQuestions.audio@0.7
elevenlabs|el:lily|1||I was short.,I was short.,el:lily,1,https://audio.bigmooneducation.com/68/687b67a09f2dd6da6ebebbc9462316cd5160dbf1e88ba241f3e1358f27f55cb7.mp3,https://degqpiiddkxcuzwombwp.supabase.co/storage/v1/object/public/tts-audio/68/687b67a09f2dd6da6ebebbc9462316cd5160dbf1e88ba241f3e1358f27f55cb7.mp3,src/data/primaryHub/grade6.json,g6v2_u4#listening[2],listeningQuestions.audio@1
elevenlabs|el:lily|0.7||Now I'm tall.,Now I'm tall.,el:lily,0.7,https://audio.bigmooneducation.com/d0/d0b9acc8cf0c2a10333ad801b9494d9dc41f250c57a7beea41bf51779040c031.mp3,https://degqpiiddkxcuzwombwp.supabase.co/storage/v1/object/public/tts-audio/d0/d0b9acc8cf0c2a10333ad801b9494d9dc41f250c57a7beea41bf51779040c031.mp3,src/data/primaryHub/grade6.json,g6v2_u4#listening[3],listeningQuestions.audio@0.7
elevenlabs|el:lily|1||Now I'm tall.,Now I'm tall.,el:lily,1,https://audio.bigmooneducation.com/dd/dde5cd55945bcc32716482b460f3ecc93f150ee043b8061b761b1b39b8e5114b.mp3,https://degqpiiddkxcuzwombwp.supabase.co/storage/v1/object/public/tts-audio/dd/dde5cd55945bcc32716482b460f3ecc93f150ee043b8061b761b1b39b8e5114b.mp3,src/data/primaryHub/grade6.json,g6v2_u4#listening[3],listeningQuestions.audio@1
elevenlabs|el:lily|0.7||I have a new pencil box.,I have a new pencil box.,el:lily,0.7,https://audio.bigmooneducation.com/60/60c1287e973d62e89af02f3a58f09aeb5fbe3b0ad16ce18d85959d7aec062fbc.mp3,https://degqpiiddkxcuzwombwp.supabase.co/storage/v1/object/public/tts-audio/60/60c1287e973d62e89af02f3a58f09aeb5fbe3b0ad16ce18d85959d7aec062fbc.mp3,src/data/primaryHub/sentence/g3v1_u1_grammar.json,g3v1_u1_grammar#B.B1,question.en@0.7
elevenlabs|el:lily|0.7||I have a new pen.,I have a new pen.,el:lily,0.7,https://audio.bigmooneducation.com/c6/c65299f09f5e39bfdbde654da3618d265b61b617774b6e469c91bc718b24b443.mp3,https://degqpiiddkxcuzwombwp.supabase.co/storage/v1/object/public/tts-audio/c6/c65299f09f5e39bfdbde654da3618d265b61b617774b6e469c91bc718b24b443.mp3,src/data/primaryHub/sentence/g3v1_u1_grammar.json,g3v1_u1_grammar#B.B2,question.en@0.7
elevenlabs|el:lily|0.7||I have a new bag.,I have a new bag.,el:lily,0.7,https://audio.bigmooneducation.com/f2/f21ebfaf528695d475f90abb04290d08d428552f099b808187399ffdbe1f8949.mp3,https://degqpiiddkxcuzwombwp.supabase.co/storage/v1/object/public/tts-audio/f2/f21ebfaf528695d475f90abb04290d08d428552f099b808187399ffdbe1f8949.mp3,src/data/primaryHub/sentence/g3v1_u1_grammar.json,g3v1_u1_grammar#B.B3,question.en@0.7
"elevenlabs|el:lily|0.7||Hello, hello! What's in your bag?","Hello, hello! What's in your bag?",el:lily,0.7,https://audio.bigmooneducation.com/50/5055d3ed9e6f77e570bd5f656ba65298697a7ddd86796459d2cc490ce9a9a6f8.mp3,https://degqpiiddkxcuzwombwp.supabase.co/storage/v1/object/public/tts-audio/50/5055d3ed9e6f77e570bd5f656ba65298697a7ddd86796459d2cc490ce9a9a6f8.mp3,src/data/primaryHub/sentence/g3v1_u1_grammar.json,g3v1_u1_grammar#B.B4,question.en@0.7
"elevenlabs|el:lily|0.7||A pen, a ruler and a crayon!","A pen, a ruler and a crayon!",el:lily,0.7,https://audio.bigmooneducation.com/7a/7a84515b713b833ff1637035916bf2e55eeebf426374de86e16865bb7cd038fc.mp3,https://degqpiiddkxcuzwombwp.supabase.co/storage/v1/object/public/tts-audio/7a/7a84515b713b833ff1637035916bf2e55eeebf426374de86e16865bb7cd038fc.mp3,src/data/primaryHub/sentence/g3v1_u1_grammar.json,g3v1_u1_grammar#B.B4,answer.en@0.7
elevenlabs|el:lily|0.7||This is my face.,This is my face.,el:lily,0.7,https://audio.bigmooneducation.com/9d/9d39a11a6bb550da21a0cd6d3801ecba208eb27ecbe6376b1eef7533c3ca9535.mp3,https://degqpiiddkxcuzwombwp.supabase.co/storage/v1/object/public/tts-audio/9d/9d39a11a6bb550da21a0cd6d3801ecba208eb27ecbe6376b1eef7533c3ca9535.mp3,src/data/primaryHub/sentence/g3v1_u3_grammar.json,g3v1_u3_grammar#A.A3,question.en@0.7
elevenlabs|el:lily|0.7||This is my eye.,This is my eye.,el:lily,0.7,https://audio.bigmooneducation.com/a1/a181d33184038a6ab4a4808a131f2bb4074893bf5a6d82b54116638c1eacda73.mp3,https://degqpiiddkxcuzwombwp.supabase.co/storage/v1/object/public/tts-audio/a1/a181d33184038a6ab4a4808a131f2bb4074893bf5a6d82b54116638c1eacda73.mp3,src/data/primaryHub/sentence/g3v1_u3_grammar.json,g3v1_u3_grammar#A.A4,question.en@0.7
elevenlabs|el:lily|0.7||Look at my face.,Look at my face.,el:lily,0.7,https://audio.bigmooneducation.com/e6/e682df788c3f306556b5db72ca6100da3abf1eabba43727d2642e5ab53899879.mp3,https://degqpiiddkxcuzwombwp.supabase.co/storage/v1/object/public/tts-audio/e6/e682df788c3f306556b5db72ca6100da3abf1eabba43727d2642e5ab53899879.mp3,src/data/primaryHub/sentence/g3v1_u3_grammar.json,g3v1_u3_grammar#B.B2,question.en@0.7
elevenlabs|el:lily|0.7||Touch your nose.,Touch your nose.,el:lily,0.7,https://audio.bigmooneducation.com/a8/a8facae76d35a2a6960a502b69325fe487674ba5986b89c592c8a04ed310b262.mp3,https://degqpiiddkxcuzwombwp.supabase.co/storage/v1/object/public/tts-audio/a8/a8facae76d35a2a6960a502b69325fe487674ba5986b89c592c8a04ed310b262.mp3,src/data/primaryHub/sentence/g3v1_u3_grammar.json,g3v1_u3_grammar#B.B3,question.en@0.7
"elevenlabs|el:lily|0.7||Touch your face, touch your eye,","Touch your face, touch your eye,",el:lily,0.7,https://audio.bigmooneducation.com/25/251d8a6340eae7b93f90d456f8e8c95ef40a3a3486a300b11749476a42563ee5.mp3,https://degqpiiddkxcuzwombwp.supabase.co/storage/v1/object/public/tts-audio/25/251d8a6340eae7b93f90d456f8e8c95ef40a3a3486a300b11749476a42563ee5.mp3,src/data/primaryHub/sentence/g3v1_u3_grammar.json,g3v1_u3_grammar#B.B4,question.en@0.7
"elevenlabs|el:lily|0.7||Touch your nose, and say goodbye!","Touch your nose, and say goodbye!",el:lily,0.7,https://audio.bigmooneducation.com/6d/6d7d92533e89f203c9aa3418cd6191843f31d9fc4982cb8d8718577319d51bb8.mp3,https://degqpiiddkxcuzwombwp.supabase.co/storage/v1/object/public/tts-audio/6d/6d7d92533e89f203c9aa3418cd6191843f31d9fc4982cb8d8718577319d51bb8.mp3,src/data/primaryHub/sentence/g3v1_u3_grammar.json,g3v1_u3_grammar#B.B4,answer.en@0.7
elevenlabs|el:lily|0.7||It's a bear.,It's a bear.,el:lily,0.7,https://audio.bigmooneducation.com/6e/6efd380727bbb9a8330f90fa60c54e53314d98277af51c96136b95f5e1e77d50.mp3,https://degqpiiddkxcuzwombwp.supabase.co/storage/v1/object/public/tts-audio/6e/6efd380727bbb9a8330f90fa60c54e53314d98277af51c96136b95f5e1e77d50.mp3,src/data/primaryHub/sentence/g3v1_u4_grammar.json,g3v1_u4_grammar#B.B2,question.en@0.7
elevenlabs|el:lily|0.7||It's a pig.,It's a pig.,el:lily,0.7,https://audio.bigmooneducation.com/24/2434696ad2da90b67ec250b0d6bf4492d7154c6124e7677335bfd676c653a8dd.mp3,https://degqpiiddkxcuzwombwp.supabase.co/storage/v1/object/public/tts-audio/24/2434696ad2da90b67ec250b0d6bf4492d7154c6124e7677335bfd676c653a8dd.mp3,src/data/primaryHub/sentence/g3v1_u4_grammar.json,g3v1_u4_grammar#B.B3,question.en@0.7
"elevenlabs|el:lily|0.7||What's this? A cat, a cat!","What's this? A cat, a cat!",el:lily,0.7,https://audio.bigmooneducation.com/69/691475c2409afb4bed40b63f927900de111d4bec83d4de5386aa072cbe9ec314.mp3,https://degqpiiddkxcuzwombwp.supabase.co/storage/v1/object/public/tts-audio/69/691475c2409afb4bed40b63f927900de111d4bec83d4de5386aa072cbe9ec314.mp3,src/data/primaryHub/sentence/g3v1_u4_grammar.json,g3v1_u4_grammar#B.B4,question.en@0.7
"elevenlabs|el:lily|0.7||What's that? A dog, a dog!","What's that? A dog, a dog!",el:lily,0.7,https://audio.bigmooneducation.com/7a/7a6054604372e1120e5a8c58627eadc4e8272ac586a96d115b566e475b6de973.mp3,https://degqpiiddkxcuzwombwp.supabase.co/storage/v1/object/public/tts-audio/7a/7a6054604372e1120e5a8c58627eadc4e8272ac586a96d115b566e475b6de973.mp3,src/data/primaryHub/sentence/g3v1_u4_grammar.json,g3v1_u4_grammar#B.B4,answer.en@0.7
"elevenlabs|el:lily|0.7||I'd like some milk, please.","I'd like some milk, please.",el:lily,0.7,https://audio.bigmooneducation.com/02/02fa54952935d25ebab8ca40fa5442be38f53671ce9bd4fe7f35c02a4515a236.mp3,https://degqpiiddkxcuzwombwp.supabase.co/storage/v1/object/public/tts-audio/02/02fa54952935d25ebab8ca40fa5442be38f53671ce9bd4fe7f35c02a4515a236.mp3,src/data/primaryHub/sentence/g3v1_u5_grammar.json,g3v1_u5_grammar#A.A3,question.en@0.7
"elevenlabs|el:lily|0.7||Can I have some cake, please?","Can I have some cake, please?",el:lily,0.7,https://audio.bigmooneducation.com/64/64a316ef6b73a87a20be5219c971d8e0d77994856aeae7435b63c7270cb499e0.mp3,https://degqpiiddkxcuzwombwp.supabase.co/storage/v1/object/public/tts-audio/64/64a316ef6b73a87a20be5219c971d8e0d77994856aeae7435b63c7270cb499e0.mp3,src/data/primaryHub/sentence/g3v1_u5_grammar.json,g3v1_u5_grammar#B.B2,question.en@0.7
"elevenlabs|el:lily|0.7||Can I have some rice, please?","Can I have some rice, please?",el:lily,0.7,https://audio.bigmooneducation.com/e2/e29e7c77264dcef8f5007fadbcafe48b1b9d36fcce0bde3a429f1e124c3464e2.mp3,https://degqpiiddkxcuzwombwp.supabase.co/storage/v1/object/public/tts-audio/e2/e29e7c77264dcef8f5007fadbcafe48b1b9d36fcce0bde3a429f1e124c3464e2.mp3,src/data/primaryHub/sentence/g3v1_u5_grammar.json,g3v1_u5_grammar#B.B3,question.en@0.7
"elevenlabs|el:lily|0.7||Bread and rice, fish and cake,","Bread and rice, fish and cake,",el:lily,0.7,https://audio.bigmooneducation.com/c1/c13682cf232252098adcb79017918db71d96bd8013ae01286e68b7cad9753c0d.mp3,https://degqpiiddkxcuzwombwp.supabase.co/storage/v1/object/public/tts-audio/c1/c13682cf232252098adcb79017918db71d96bd8013ae01286e68b7cad9753c0d.mp3,src/data/primaryHub/sentence/g3v1_u5_grammar.json,g3v1_u5_grammar#B.B4,question.en@0.7
"elevenlabs|el:lily|0.7||I'd like some, please. Here you are!","I'd like some, please. Here you are!",el:lily,0.7,https://audio.bigmooneducation.com/18/18fd405ee1cd844c5cd582db59cacb5bdc70148fb1c1f181486ec6fa5305015f.mp3,https://degqpiiddkxcuzwombwp.supabase.co/storage/v1/object/public/tts-audio/18/18fd405ee1cd844c5cd582db59cacb5bdc70148fb1c1f181486ec6fa5305015f.mp3,src/data/primaryHub/sentence/g3v1_u5_grammar.json,g3v1_u5_grammar#B.B4,answer.en@0.7
elevenlabs|el:lily|0.7||How many?,How many?,el:lily,0.7,https://audio.bigmooneducation.com/0d/0dcc91c4ab000c38bdad223f9ea4bed53af4f4145d83004a4b1e82108dfefd46.mp3,https://degqpiiddkxcuzwombwp.supabase.co/storage/v1/object/public/tts-audio/0d/0dcc91c4ab000c38bdad223f9ea4bed53af4f4145d83004a4b1e82108dfefd46.mp3,src/data/primaryHub/sentence/g3v1_u6_grammar.json,g3v1_u6_grammar#A.A4,question.en@0.7
elevenlabs|el:lily|0.7||I see six plates.,I see six plates.,el:lily,0.7,https://audio.bigmooneducation.com/9e/9ef835a6b038309056f1e2fd35184aa4c98e8938136e1825a831e5704cf5d495.mp3,https://degqpiiddkxcuzwombwp.supabase.co/storage/v1/object/public/tts-audio/9e/9ef835a6b038309056f1e2fd35184aa4c98e8938136e1825a831e5704cf5d495.mp3,src/data/primaryHub/sentence/g3v1_u6_grammar.json,g3v1_u6_grammar#B.B3,question.en@0.7
"elevenlabs|el:lily|0.7||One, two, three, candles for me!","One, two, three, candles for me!",el:lily,0.7,https://audio.bigmooneducation.com/ff/ff8f2821bd7297def9eb7f03cb1406c9f712af6ba39439eee2ff01987d43120c.mp3,https://degqpiiddkxcuzwombwp.supabase.co/storage/v1/object/public/tts-audio/ff/ff8f2821bd7297def9eb7f03cb1406c9f712af6ba39439eee2ff01987d43120c.mp3,src/data/primaryHub/sentence/g3v1_u6_grammar.json,g3v1_u6_grammar#B.B4,question.en@0.7
"elevenlabs|el:lily|0.7||Four, five, six, happy birthday!","Four, five, six, happy birthday!",el:lily,0.7,https://audio.bigmooneducation.com/fd/fdb989c2db3b2673b058725e73765eb8fa7132f0eab4218a37875a026b42192a.mp3,https://degqpiiddkxcuzwombwp.supabase.co/storage/v1/object/public/tts-audio/fd/fdb989c2db3b2673b058725e73765eb8fa7132f0eab4218a37875a026b42192a.mp3,src/data/primaryHub/sentence/g3v1_u6_grammar.json,g3v1_u6_grammar#B.B4,answer.en@0.7
elevenlabs|el:lily|0.7||Thank you!,Thank you!,el:lily,0.7,https://audio.bigmooneducation.com/46/460b0ed4f22347886e0c8fb513234ecc866a4bbbd718c88c8aecd7cc781ed700.mp3,https://degqpiiddkxcuzwombwp.supabase.co/storage/v1/object/public/tts-audio/46/460b0ed4f22347886e0c8fb513234ecc866a4bbbd718c88c8aecd7cc781ed700.mp3,src/data/primaryHub/sentence/g3v2_u1_grammar.json,g3v2_u1_grammar#A.A1,answer.en@0.7
elevenlabs|el:lily|0.85||Thank you!,Thank you!,el:lily,0.85,https://audio.bigmooneducation.com/cf/cf88f12fe12e3ab895c4c9a5ace41c45eb15c2cf94e342409c704479c4a72edc.mp3,https://degqpiiddkxcuzwombwp.supabase.co/storage/v1/object/public/tts-audio/cf/cf88f12fe12e3ab895c4c9a5ace41c45eb15c2cf94e342409c704479c4a72edc.mp3,src/data/primaryHub/sentence/g3v2_u1_grammar.json,g3v2_u1_grammar#A.A1,answer.en@0.85
elevenlabs|el:lily|0.7||She's a student.,She's a student.,el:lily,0.7,https://audio.bigmooneducation.com/3a/3a6f97d8a3164005d59a8cb1ada5508ccbda7ee60c38531f661ed2cb1e038645.mp3,https://degqpiiddkxcuzwombwp.supabase.co/storage/v1/object/public/tts-audio/3a/3a6f97d8a3164005d59a8cb1ada5508ccbda7ee60c38531f661ed2cb1e038645.mp3,src/data/primaryHub/sentence/g3v2_u1_grammar.json,g3v2_u1_grammar#A.A3,question.en@0.7
elevenlabs|el:lily|0.85||She's a student.,She's a student.,el:lily,0.85,https://audio.bigmooneducation.com/38/38fee47bc1903fc3a0ff9cab715c774367ca64df8ed19eb443a87f0d2a86133f.mp3,https://degqpiiddkxcuzwombwp.supabase.co/storage/v1/object/public/tts-audio/38/38fee47bc1903fc3a0ff9cab715c774367ca64df8ed19eb443a87f0d2a86133f.mp3,src/data/primaryHub/sentence/g3v2_u1_grammar.json,g3v2_u1_grammar#A.A3,question.en@0.85
"elevenlabs|el:lily|0.7||Welcome back, welcome back! Where are you from?","Welcome back, welcome back! Where are you from?",el:lily,0.7,https://audio.bigmooneducation.com/2f/2f65f1f3c77df830ad9084215c9f92fb9d156389c06349420b558012816248ed.mp3,https://degqpiiddkxcuzwombwp.supabase.co/storage/v1/object/public/tts-audio/2f/2f65f1f3c77df830ad9084215c9f92fb9d156389c06349420b558012816248ed.mp3,src/data/primaryHub/sentence/g3v2_u1_grammar.json,g3v2_u1_grammar#B.B4,question.en@0.7
"elevenlabs|el:lily|0.7||From China, from Canada, welcome, welcome all!","From China, from Canada, welcome, welcome all!",el:lily,0.7,https://audio.bigmooneducation.com/d8/d83b616024c331485218539d91528a0a9346d7b3860b5a5a63849624b3acf1bf.mp3,https://degqpiiddkxcuzwombwp.supabase.co/storage/v1/object/public/tts-audio/d8/d83b616024c331485218539d91528a0a9346d7b3860b5a5a63849624b3acf1bf.mp3,src/data/primaryHub/sentence/g3v2_u1_grammar.json,g3v2_u1_grammar#B.B4,answer.en@0.7
"elevenlabs|el:lily|0.85||Welcome back, welcome back! Where are you from?","Welcome back, welcome back! Where are you from?",el:lily,0.85,https://audio.bigmooneducation.com/9f/9fc7a6e17be1041c7b1afa31313ba09e4c2cd330e5cd152fca38bc27419163b4.mp3,https://degqpiiddkxcuzwombwp.supabase.co/storage/v1/object/public/tts-audio/9f/9fc7a6e17be1041c7b1afa31313ba09e4c2cd330e5cd152fca38bc27419163b4.mp3,src/data/primaryHub/sentence/g3v2_u1_grammar.json,g3v2_u1_grammar#B.B4,question.en@0.85
"elevenlabs|el:lily|0.85||From China, from Canada, welcome, welcome all!","From China, from Canada, welcome, welcome all!",el:lily,0.85,https://audio.bigmooneducation.com/35/35dbaae470f40f88a21bbe0b390c5015de404ff77849833f48f0db04908f298b.mp3,https://degqpiiddkxcuzwombwp.supabase.co/storage/v1/object/public/tts-audio/35/35dbaae470f40f88a21bbe0b390c5015de404ff77849833f48f0db04908f298b.mp3,src/data/primaryHub/sentence/g3v2_u1_grammar.json,g3v2_u1_grammar#B.B4,answer.en@0.85
elevenlabs|el:lily|0.7||Who's that man? Who's that woman?,Who's that man? Who's that woman?,el:lily,0.7,https://audio.bigmooneducation.com/d2/d2dcc3a6b7368513857dfb6c14a46f42682e84683649f80bccf32999c765ea4b.mp3,https://degqpiiddkxcuzwombwp.supabase.co/storage/v1/object/public/tts-audio/d2/d2dcc3a6b7368513857dfb6c14a46f42682e84683649f80bccf32999c765ea4b.mp3,src/data/primaryHub/sentence/g3v2_u2_grammar.json,g3v2_u2_grammar#B.B4,question.en@0.7
"elevenlabs|el:lily|0.7||He's my father, she's my mother!","He's my father, she's my mother!",el:lily,0.7,https://audio.bigmooneducation.com/f5/f55a96c7e0d23b121d2bba6306a024ce45b8faa653c01cb5c8b699381bde2c09.mp3,https://degqpiiddkxcuzwombwp.supabase.co/storage/v1/object/public/tts-audio/f5/f55a96c7e0d23b121d2bba6306a024ce45b8faa653c01cb5c8b699381bde2c09.mp3,src/data/primaryHub/sentence/g3v2_u2_grammar.json,g3v2_u2_grammar#B.B4,answer.en@0.7
elevenlabs|el:lily|0.85||Who's that man? Who's that woman?,Who's that man? Who's that woman?,el:lily,0.85,https://audio.bigmooneducation.com/f8/f807e72dd8ae41e8b432223b09ad2cb6cc34cde3b7024e1568493af7bdaab265.mp3,https://degqpiiddkxcuzwombwp.supabase.co/storage/v1/object/public/tts-audio/f8/f807e72dd8ae41e8b432223b09ad2cb6cc34cde3b7024e1568493af7bdaab265.mp3,src/data/primaryHub/sentence/g3v2_u2_grammar.json,g3v2_u2_grammar#B.B4,question.en@0.85
"elevenlabs|el:lily|0.85||He's my father, she's my mother!","He's my father, she's my mother!",el:lily,0.85,https://audio.bigmooneducation.com/9b/9bafd59c0b58cfe1daadf5ba2862ca13865fd3883bb748fa5b12418c7e3ff7c3.mp3,https://degqpiiddkxcuzwombwp.supabase.co/storage/v1/object/public/tts-audio/9b/9bafd59c0b58cfe1daadf5ba2862ca13865fd3883bb748fa5b12418c7e3ff7c3.mp3,src/data/primaryHub/sentence/g3v2_u2_grammar.json,g3v2_u2_grammar#B.B4,answer.en@0.85
elevenlabs|el:lily|0.7||Look at the animals.,Look at the animals.,el:lily,0.7,https://audio.bigmooneducation.com/22/223edc23600a1767cf05ea9b45355a665fa61fcded4b13b3a57a1efc03040d35.mp3,https://degqpiiddkxcuzwombwp.supabase.co/storage/v1/object/public/tts-audio/22/223edc23600a1767cf05ea9b45355a665fa61fcded4b13b3a57a1efc03040d35.mp3,src/data/primaryHub/sentence/g3v2_u3_grammar.json,g3v2_u3_grammar#A.A4,question.en@0.7
elevenlabs|el:lily|0.85||Look at the animals.,Look at the animals.,el:lily,0.85,https://audio.bigmooneducation.com/c7/c7ebde5f2bf7073b60ed795998477dfc47e7a5b976a0ac0b8114d12a6817b36a.mp3,https://degqpiiddkxcuzwombwp.supabase.co/storage/v1/object/public/tts-audio/c7/c7ebde5f2bf7073b60ed795998477dfc47e7a5b976a0ac0b8114d12a6817b36a.mp3,src/data/primaryHub/sentence/g3v2_u3_grammar.json,g3v2_u3_grammar#A.A4,question.en@0.85
elevenlabs|el:lily|0.7||It's so fat!,It's so fat!,el:lily,0.7,https://audio.bigmooneducation.com/ae/ae2b3703a3981be2656ea7d034ce36bfbfefcdd58ed28e9c262a276f3489a053.mp3,https://degqpiiddkxcuzwombwp.supabase.co/storage/v1/object/public/tts-audio/ae/ae2b3703a3981be2656ea7d034ce36bfbfefcdd58ed28e9c262a276f3489a053.mp3,src/data/primaryHub/sentence/g3v2_u3_grammar.json,g3v2_u3_grammar#B.B2,question.en@0.7
elevenlabs|el:lily|0.85||It's so fat!,It's so fat!,el:lily,0.85,https://audio.bigmooneducation.com/c3/c395a35131bc9a9b24de8327edaa51b77b8c58712c429fd11b905b1efd9b9945.mp3,https://degqpiiddkxcuzwombwp.supabase.co/storage/v1/object/public/tts-audio/c3/c395a35131bc9a9b24de8327edaa51b77b8c58712c429fd11b905b1efd9b9945.mp3,src/data/primaryHub/sentence/g3v2_u3_grammar.json,g3v2_u3_grammar#B.B2,question.en@0.85
"elevenlabs|el:lily|0.7||Thin and fat, long and short,","Thin and fat, long and short,",el:lily,0.7,https://audio.bigmooneducation.com/de/dec342ebe966ddf9770518d97ce87c5957c9c26d6bfa0659ea476f7fe82001a6.mp3,https://degqpiiddkxcuzwombwp.supabase.co/storage/v1/object/public/tts-audio/de/dec342ebe966ddf9770518d97ce87c5957c9c26d6bfa0659ea476f7fe82001a6.mp3,src/data/primaryHub/sentence/g3v2_u3_grammar.json,g3v2_u3_grammar#B.B4,question.en@0.7
"elevenlabs|el:lily|0.7||Big and small, look at them all!","Big and small, look at them all!",el:lily,0.7,https://audio.bigmooneducation.com/95/952629327c3adf37709c705321bf02f7f6785d4fbb480377d7599e82ebd43c57.mp3,https://degqpiiddkxcuzwombwp.supabase.co/storage/v1/object/public/tts-audio/95/952629327c3adf37709c705321bf02f7f6785d4fbb480377d7599e82ebd43c57.mp3,src/data/primaryHub/sentence/g3v2_u3_grammar.json,g3v2_u3_grammar#B.B4,answer.en@0.7
"elevenlabs|el:lily|0.85||Thin and fat, long and short,","Thin and fat, long and short,",el:lily,0.85,https://audio.bigmooneducation.com/be/be140d8e6ee99ad712f5c7f79add137f240ec08db9fd8c34e0f36b694dac9b8c.mp3,https://degqpiiddkxcuzwombwp.supabase.co/storage/v1/object/public/tts-audio/be/be140d8e6ee99ad712f5c7f79add137f240ec08db9fd8c34e0f36b694dac9b8c.mp3,src/data/primaryHub/sentence/g3v2_u3_grammar.json,g3v2_u3_grammar#B.B4,question.en@0.85
"elevenlabs|el:lily|0.85||Big and small, look at them all!","Big and small, look at them all!",el:lily,0.85,https://audio.bigmooneducation.com/7f/7f294761f2b0c3739a69e3630366287e3d3d177cfca93d3e89ddca4b0b9c17e7.mp3,https://degqpiiddkxcuzwombwp.supabase.co/storage/v1/object/public/tts-audio/7f/7f294761f2b0c3739a69e3630366287e3d3d177cfca93d3e89ddca4b0b9c17e7.mp3,src/data/primaryHub/sentence/g3v2_u3_grammar.json,g3v2_u3_grammar#B.B4,answer.en@0.85
elevenlabs|el:lily|0.7||Where is my car?,Where is my car?,el:lily,0.7,https://audio.bigmooneducation.com/49/4996e07a96e0e496dd08845b9ab25d30b889a545bd7c7525b4c8bc20455da3f1.mp3,https://degqpiiddkxcuzwombwp.supabase.co/storage/v1/object/public/tts-audio/49/4996e07a96e0e496dd08845b9ab25d30b889a545bd7c7525b4c8bc20455da3f1.mp3,src/data/primaryHub/sentence/g3v2_u4_grammar.json,g3v2_u4_grammar#A.A2,question.en@0.7
elevenlabs|el:lily|0.85||Where is my car?,Where is my car?,el:lily,0.85,https://audio.bigmooneducation.com/83/8395a2d3dde0414402f819897702e50ff501f18d328047993fa9295dd879034b.mp3,https://degqpiiddkxcuzwombwp.supabase.co/storage/v1/object/public/tts-audio/83/8395a2d3dde0414402f819897702e50ff501f18d328047993fa9295dd879034b.mp3,src/data/primaryHub/sentence/g3v2_u4_grammar.json,g3v2_u4_grammar#A.A2,question.en@0.85
elevenlabs|el:lily|0.7||Where is my cap?,Where is my cap?,el:lily,0.7,https://audio.bigmooneducation.com/1f/1fe448e965495f74496a58fe9934df208ddf671b3227ff5a104529782f40bea2.mp3,https://degqpiiddkxcuzwombwp.supabase.co/storage/v1/object/public/tts-audio/1f/1fe448e965495f74496a58fe9934df208ddf671b3227ff5a104529782f40bea2.mp3,src/data/primaryHub/sentence/g3v2_u4_grammar.json,g3v2_u4_grammar#A.A3,question.en@0.7
elevenlabs|el:lily|0.85||Where is my cap?,Where is my cap?,el:lily,0.85,https://audio.bigmooneducation.com/19/194aa6c52c3575b823e79163da67cd50b7ae14ce017a093cbeba12e169c7d6a1.mp3,https://degqpiiddkxcuzwombwp.supabase.co/storage/v1/object/public/tts-audio/19/194aa6c52c3575b823e79163da67cd50b7ae14ce017a093cbeba12e169c7d6a1.mp3,src/data/primaryHub/sentence/g3v2_u4_grammar.json,g3v2_u4_grammar#A.A3,question.en@0.85
elevenlabs|el:lily|0.7||The ball is under the chair.,The ball is under the chair.,el:lily,0.7,https://audio.bigmooneducation.com/ad/adcf30176802f21083bf9d742c277fe7465eaa318a659780849a9af57cb5bb41.mp3,https://degqpiiddkxcuzwombwp.supabase.co/storage/v1/object/public/tts-audio/ad/adcf30176802f21083bf9d742c277fe7465eaa318a659780849a9af57cb5bb41.mp3,src/data/primaryHub/sentence/g3v2_u4_grammar.json,g3v2_u4_grammar#B.B2,question.en@0.7
elevenlabs|el:lily|0.85||The ball is under the chair.,The ball is under the chair.,el:lily,0.85,https://audio.bigmooneducation.com/48/48dddb2d85a6f29860cce1d036bb58d3518f6cd23139f3088eb6908d4241f5d6.mp3,https://degqpiiddkxcuzwombwp.supabase.co/storage/v1/object/public/tts-audio/48/48dddb2d85a6f29860cce1d036bb58d3518f6cd23139f3088eb6908d4241f5d6.mp3,src/data/primaryHub/sentence/g3v2_u4_grammar.json,g3v2_u4_grammar#B.B2,question.en@0.85
elevenlabs|el:lily|0.7||Where is my ball?,Where is my ball?,el:lily,0.7,https://audio.bigmooneducation.com/63/63d19d8831c8b0d3e8f87df64e81eab28fcf9ba03c7765908d3421cf9e5ae960.mp3,https://degqpiiddkxcuzwombwp.supabase.co/storage/v1/object/public/tts-audio/63/63d19d8831c8b0d3e8f87df64e81eab28fcf9ba03c7765908d3421cf9e5ae960.mp3,src/data/primaryHub/sentence/g3v2_u4_grammar.json,g3v2_u4_grammar#B.B3,question.en@0.7
elevenlabs|el:lily|0.85||Where is my ball?,Where is my ball?,el:lily,0.85,https://audio.bigmooneducation.com/63/6337feb94f2fd7542a33db8232d68779d7e50170bfb5f0167f384183657270c1.mp3,https://degqpiiddkxcuzwombwp.supabase.co/storage/v1/object/public/tts-audio/63/6337feb94f2fd7542a33db8232d68779d7e50170bfb5f0167f384183657270c1.mp3,src/data/primaryHub/sentence/g3v2_u4_grammar.json,g3v2_u4_grammar#B.B3,question.en@0.85
"elevenlabs|el:lily|0.7||On the desk, in the desk,","On the desk, in the desk,",el:lily,0.7,https://audio.bigmooneducation.com/e5/e5c148e14b4b272dff9a156f8b82985a2ffd4a85f56344cafc761e1c668c07aa.mp3,https://degqpiiddkxcuzwombwp.supabase.co/storage/v1/object/public/tts-audio/e5/e5c148e14b4b272dff9a156f8b82985a2ffd4a85f56344cafc761e1c668c07aa.mp3,src/data/primaryHub/sentence/g3v2_u4_grammar.json,g3v2_u4_grammar#B.B4,question.en@0.7
elevenlabs|el:lily|0.7||Under the chair — where is my car?,Under the chair — where is my car?,el:lily,0.7,https://audio.bigmooneducation.com/71/7164e8a6f552857ec4dfaf908d276f27e699278d9187aa71a67d2add38a925d4.mp3,https://degqpiiddkxcuzwombwp.supabase.co/storage/v1/object/public/tts-audio/71/7164e8a6f552857ec4dfaf908d276f27e699278d9187aa71a67d2add38a925d4.mp3,src/data/primaryHub/sentence/g3v2_u4_grammar.json,g3v2_u4_grammar#B.B4,answer.en@0.7
"elevenlabs|el:lily|0.85||On the desk, in the desk,","On the desk, in the desk,",el:lily,0.85,https://audio.bigmooneducation.com/98/983f678d69bfefd849b2dc0a7ae57fd46405addb411bf2cb130826cf39187ad6.mp3,https://degqpiiddkxcuzwombwp.supabase.co/storage/v1/object/public/tts-audio/98/983f678d69bfefd849b2dc0a7ae57fd46405addb411bf2cb130826cf39187ad6.mp3,src/data/primaryHub/sentence/g3v2_u4_grammar.json,g3v2_u4_grammar#B.B4,question.en@0.85
elevenlabs|el:lily|0.85||Under the chair — where is my car?,Under the chair — where is my car?,el:lily,0.85,https://audio.bigmooneducation.com/1b/1bfe0c661780642e3b4f42b9bad597bc85bcd1f48dce78950681f4d675bec61a.mp3,https://degqpiiddkxcuzwombwp.supabase.co/storage/v1/object/public/tts-audio/1b/1bfe0c661780642e3b4f42b9bad597bc85bcd1f48dce78950681f4d675bec61a.mp3,src/data/primaryHub/sentence/g3v2_u4_grammar.json,g3v2_u4_grammar#B.B4,answer.en@0.85
elevenlabs|el:lily|0.85||I like bananas.,I like bananas.,el:lily,0.85,https://audio.bigmooneducation.com/96/96e1c0bcdc76e32c08740cb4b077e5b3ce4a807ecaf2c49cb89702eae9915eb6.mp3,https://degqpiiddkxcuzwombwp.supabase.co/storage/v1/object/public/tts-audio/96/96e1c0bcdc76e32c08740cb4b077e5b3ce4a807ecaf2c49cb89702eae9915eb6.mp3,src/data/primaryHub/sentence/g3v2_u5_grammar.json,g3v2_u5_grammar#B.B3,question.en@0.85
"elevenlabs|el:lily|0.85||Apples, pears, do you like?","Apples, pears, do you like?",el:lily,0.85,https://audio.bigmooneducation.com/ac/acd1426f5b5c75e5e2ff44b168aa5cbebad6129b3821f98555b35fb22bdcb390.mp3,https://degqpiiddkxcuzwombwp.supabase.co/storage/v1/object/public/tts-audio/ac/acd1426f5b5c75e5e2ff44b168aa5cbebad6129b3821f98555b35fb22bdcb390.mp3,src/data/primaryHub/sentence/g3v2_u5_grammar.json,g3v2_u5_grammar#B.B4,question.en@0.85
"elevenlabs|el:lily|0.85||Grapes and oranges, yes, I like!","Grapes and oranges, yes, I like!",el:lily,0.85,https://audio.bigmooneducation.com/a3/a31af3e19ffd32612e2650a1356a324dac2d230784d537bea899838a9d6b3eb3.mp3,https://degqpiiddkxcuzwombwp.supabase.co/storage/v1/object/public/tts-audio/a3/a31af3e19ffd32612e2650a1356a324dac2d230784d537bea899838a9d6b3eb3.mp3,src/data/primaryHub/sentence/g3v2_u5_grammar.json,g3v2_u5_grammar#B.B4,answer.en@0.85
elevenlabs|el:lily|0.7||I see twelve.,I see twelve.,el:lily,0.7,https://audio.bigmooneducation.com/53/534f06504a233ea39b7b348f5ae395d23fa180b55c93470e559bf1ea3e0ad6f2.mp3,https://degqpiiddkxcuzwombwp.supabase.co/storage/v1/object/public/tts-audio/53/534f06504a233ea39b7b348f5ae395d23fa180b55c93470e559bf1ea3e0ad6f2.mp3,src/data/primaryHub/sentence/g3v2_u6_grammar.json,g3v2_u6_grammar#A.A1,answer.en@0.7
elevenlabs|el:lily|0.85||I see twelve.,I see twelve.,el:lily,0.85,https://audio.bigmooneducation.com/e1/e1545b4eb9a3b77efbe2e9451c63426a845cf3c3cf39a1fb2efcd89c95a190aa.mp3,https://degqpiiddkxcuzwombwp.supabase.co/storage/v1/object/public/tts-audio/e1/e1545b4eb9a3b77efbe2e9451c63426a845cf3c3cf39a1fb2efcd89c95a190aa.mp3,src/data/primaryHub/sentence/g3v2_u6_grammar.json,g3v2_u6_grammar#A.A1,answer.en@0.85
elevenlabs|el:lily|0.7||I see thirteen kites.,I see thirteen kites.,el:lily,0.7,https://audio.bigmooneducation.com/f2/f2ad05e7085d342c78f72ade8fe416d42f5696c39cb43c0ccd81c5b5727ec3eb.mp3,https://degqpiiddkxcuzwombwp.supabase.co/storage/v1/object/public/tts-audio/f2/f2ad05e7085d342c78f72ade8fe416d42f5696c39cb43c0ccd81c5b5727ec3eb.mp3,src/data/primaryHub/sentence/g3v2_u6_grammar.json,g3v2_u6_grammar#A.A3,question.en@0.7
elevenlabs|el:lily|0.85||I see thirteen kites.,I see thirteen kites.,el:lily,0.85,https://audio.bigmooneducation.com/6e/6ec639aca8867cc6d7a5608a2c5a754865105eab328369788a36cd5b9020f7eb.mp3,https://degqpiiddkxcuzwombwp.supabase.co/storage/v1/object/public/tts-audio/6e/6ec639aca8867cc6d7a5608a2c5a754865105eab328369788a36cd5b9020f7eb.mp3,src/data/primaryHub/sentence/g3v2_u6_grammar.json,g3v2_u6_grammar#A.A3,question.en@0.85
elevenlabs|el:lily|0.7||How many do you see?,How many do you see?,el:lily,0.7,https://audio.bigmooneducation.com/01/01033e2e9f41b7059086dc0272c81f6d1f061bd87553c4841572d9a8f1580ac2.mp3,https://degqpiiddkxcuzwombwp.supabase.co/storage/v1/object/public/tts-audio/01/01033e2e9f41b7059086dc0272c81f6d1f061bd87553c4841572d9a8f1580ac2.mp3,src/data/primaryHub/sentence/g3v2_u6_grammar.json,g3v2_u6_grammar#A.A4,question.en@0.7
elevenlabs|el:lily|0.85||How many do you see?,How many do you see?,el:lily,0.85,https://audio.bigmooneducation.com/e7/e7bd8c81841cdafdb2d136499810eadf4efc70d63d3cf3447eb04a672b5ceefe.mp3,https://degqpiiddkxcuzwombwp.supabase.co/storage/v1/object/public/tts-audio/e7/e7bd8c81841cdafdb2d136499810eadf4efc70d63d3cf3447eb04a672b5ceefe.mp3,src/data/primaryHub/sentence/g3v2_u6_grammar.json,g3v2_u6_grammar#A.A4,question.en@0.85
elevenlabs|el:lily|0.7||I have sixteen.,I have sixteen.,el:lily,0.7,https://audio.bigmooneducation.com/28/2857e0c844f00b6df02c81cc8767dd8434a9e36657040c56bf7eefc7f64e2de7.mp3,https://degqpiiddkxcuzwombwp.supabase.co/storage/v1/object/public/tts-audio/28/2857e0c844f00b6df02c81cc8767dd8434a9e36657040c56bf7eefc7f64e2de7.mp3,src/data/primaryHub/sentence/g3v2_u6_grammar.json,g3v2_u6_grammar#B.B1,answer.en@0.7
elevenlabs|el:lily|0.85||I have sixteen.,I have sixteen.,el:lily,0.85,https://audio.bigmooneducation.com/bb/bba28b57124860a10971ae6931121a22653f963e9bb831f634629a5b119f90c9.mp3,https://degqpiiddkxcuzwombwp.supabase.co/storage/v1/object/public/tts-audio/bb/bba28b57124860a10971ae6931121a22653f963e9bb831f634629a5b119f90c9.mp3,src/data/primaryHub/sentence/g3v2_u6_grammar.json,g3v2_u6_grammar#B.B1,answer.en@0.85
elevenlabs|el:lily|0.7||I have eighteen crayons.,I have eighteen crayons.,el:lily,0.7,https://audio.bigmooneducation.com/b7/b70b1a9834aebdb5ba6c1a1a02a9e40f410c103fa6bf43fee34560e0e1b4d2fb.mp3,https://degqpiiddkxcuzwombwp.supabase.co/storage/v1/object/public/tts-audio/b7/b70b1a9834aebdb5ba6c1a1a02a9e40f410c103fa6bf43fee34560e0e1b4d2fb.mp3,src/data/primaryHub/sentence/g3v2_u6_grammar.json,g3v2_u6_grammar#B.B3,question.en@0.7
elevenlabs|el:lily|0.85||I have eighteen crayons.,I have eighteen crayons.,el:lily,0.85,https://audio.bigmooneducation.com/df/df1b3cfbc32eb8de2c50b0e60b9e81e12a23b424f50be672c95c595e377f30bc.mp3,https://degqpiiddkxcuzwombwp.supabase.co/storage/v1/object/public/tts-audio/df/df1b3cfbc32eb8de2c50b0e60b9e81e12a23b424f50be672c95c595e377f30bc.mp3,src/data/primaryHub/sentence/g3v2_u6_grammar.json,g3v2_u6_grammar#B.B3,question.en@0.85
"elevenlabs|el:lily|0.7||Eleven, twelve, thirteen, fourteen,","Eleven, twelve, thirteen, fourteen,",el:lily,0.7,https://audio.bigmooneducation.com/3c/3c8e59f84e35cc9c86ceb69c9e829160dbad21a93dab2347eb0d68f871122650.mp3,https://degqpiiddkxcuzwombwp.supabase.co/storage/v1/object/public/tts-audio/3c/3c8e59f84e35cc9c86ceb69c9e829160dbad21a93dab2347eb0d68f871122650.mp3,src/data/primaryHub/sentence/g3v2_u6_grammar.json,g3v2_u6_grammar#B.B4,question.en@0.7
"elevenlabs|el:lily|0.7||Fifteen, sixteen, count some more!","Fifteen, sixteen, count some more!",el:lily,0.7,https://audio.bigmooneducation.com/f1/f14c2e7b10da62ff2ed135141f741b1faa54e92b46acab737ac2b15f1a7a3f2b.mp3,https://degqpiiddkxcuzwombwp.supabase.co/storage/v1/object/public/tts-audio/f1/f14c2e7b10da62ff2ed135141f741b1faa54e92b46acab737ac2b15f1a7a3f2b.mp3,src/data/primaryHub/sentence/g3v2_u6_grammar.json,g3v2_u6_grammar#B.B4,answer.en@0.7
"elevenlabs|el:lily|0.85||Eleven, twelve, thirteen, fourteen,","Eleven, twelve, thirteen, fourteen,",el:lily,0.85,https://audio.bigmooneducation.com/5e/5e99c39aa2a64387f52d9073285470996990a1aec6e0c06df824fb0a36f00120.mp3,https://degqpiiddkxcuzwombwp.supabase.co/storage/v1/object/public/tts-audio/5e/5e99c39aa2a64387f52d9073285470996990a1aec6e0c06df824fb0a36f00120.mp3,src/data/primaryHub/sentence/g3v2_u6_grammar.json,g3v2_u6_grammar#B.B4,question.en@0.85
"elevenlabs|el:lily|0.85||Fifteen, sixteen, count some more!","Fifteen, sixteen, count some more!",el:lily,0.85,https://audio.bigmooneducation.com/36/361da78cbc77f6ff602416505073709a771d01d31f0d803c39d4962609d40c35.mp3,https://degqpiiddkxcuzwombwp.supabase.co/storage/v1/object/public/tts-audio/36/361da78cbc77f6ff602416505073709a771d01d31f0d803c39d4962609d40c35.mp3,src/data/primaryHub/sentence/g3v2_u6_grammar.json,g3v2_u6_grammar#B.B4,answer.en@0.85
elevenlabs|el:lily|0.7||Really? What's in your schoolbag?,Really? What's in your schoolbag?,el:lily,0.7,https://audio.bigmooneducation.com/c2/c24e035146d025ecb0dae13f86dfb3a09a146e095e528661f9f567fe74ffc7b2.mp3,https://degqpiiddkxcuzwombwp.supabase.co/storage/v1/object/public/tts-audio/c2/c24e035146d025ecb0dae13f86dfb3a09a146e095e528661f9f567fe74ffc7b2.mp3,src/data/primaryHub/sentence/g4v1_u2_grammar.json,g4v1_u2_grammar#A.A1,answer.en@0.7
"elevenlabs|el:lily|0.7||An English book, a maths book and three storybooks.","An English book, a maths book and three storybooks.",el:lily,0.7,https://audio.bigmooneducation.com/e7/e72e17d5685f13cadf9bf5d897b8cf24a355531754763f3aab7a4f30abb3720e.mp3,https://degqpiiddkxcuzwombwp.supabase.co/storage/v1/object/public/tts-audio/e7/e72e17d5685f13cadf9bf5d897b8cf24a355531754763f3aab7a4f30abb3720e.mp3,src/data/primaryHub/sentence/g4v1_u2_grammar.json,g4v1_u2_grammar#A.A2,question.en@0.7
"elevenlabs|el:lily|0.7||An English book, two toys and a key.","An English book, two toys and a key.",el:lily,0.7,https://audio.bigmooneducation.com/84/84ab13d694b5e6244bd4a83af50fc59d0665c7971e41b9c60aaf18846de0f572.mp3,https://degqpiiddkxcuzwombwp.supabase.co/storage/v1/object/public/tts-audio/84/84ab13d694b5e6244bd4a83af50fc59d0665c7971e41b9c60aaf18846de0f572.mp3,src/data/primaryHub/sentence/g4v1_u2_grammar.json,g4v1_u2_grammar#B.B3,question.en@0.7
elevenlabs|el:lily|0.7||Here it is!,Here it is!,el:lily,0.7,https://audio.bigmooneducation.com/7a/7a8853802196f1c6d626431d314f11a1704ad2c441516503a224ecf4368bea87.mp3,https://degqpiiddkxcuzwombwp.supabase.co/storage/v1/object/public/tts-audio/7a/7a8853802196f1c6d626431d314f11a1704ad2c441516503a224ecf4368bea87.mp3,src/data/primaryHub/sentence/g4v1_u2_grammar.json,g4v1_u2_grammar#B.B3,answer.en@0.7
elevenlabs|el:lily|0.7||What do you have in your schoolbag?,What do you have in your schoolbag?,el:lily,0.7,https://audio.bigmooneducation.com/dd/dda279285efa03968151ca14f6bde6e9bfdc4b9bb18f775e3101de5697a47b28.mp3,https://degqpiiddkxcuzwombwp.supabase.co/storage/v1/object/public/tts-audio/dd/dda279285efa03968151ca14f6bde6e9bfdc4b9bb18f775e3101de5697a47b28.mp3,src/data/primaryHub/sentence/g4v1_u2_grammar.json,g4v1_u2_grammar#B.C2,question.en@0.7
elevenlabs|el:lily|0.7||I have a friend.,I have a friend.,el:lily,0.7,https://audio.bigmooneducation.com/fc/fc59c3c9e3958a9fe89e899b9d13276eb6cddc85be9fd391ac23cbe4049a1acd.mp3,https://degqpiiddkxcuzwombwp.supabase.co/storage/v1/object/public/tts-audio/fc/fc59c3c9e3958a9fe89e899b9d13276eb6cddc85be9fd391ac23cbe4049a1acd.mp3,src/data/primaryHub/sentence/g4v1_u3_grammar.json,g4v1_u3_grammar#A.A1,question.en@0.7
elevenlabs|el:lily|0.7||A boy or girl?,A boy or girl?,el:lily,0.7,https://audio.bigmooneducation.com/b7/b7a1ab89667fe52c0f62c6625bb915d7ea50859b79ad5e8f643ad7937fa45d4f.mp3,https://degqpiiddkxcuzwombwp.supabase.co/storage/v1/object/public/tts-audio/b7/b7a1ab89667fe52c0f62c6625bb915d7ea50859b79ad5e8f643ad7937fa45d4f.mp3,src/data/primaryHub/sentence/g4v1_u3_grammar.json,g4v1_u3_grammar#A.A1,answer.en@0.7
elevenlabs|el:lily|0.7||A boy. He's tall and strong.,A boy. He's tall and strong.,el:lily,0.7,https://audio.bigmooneducation.com/ad/ad407d4002290d9b1ef9b0d3cf5aee8ba9a9eb624db4b02bb620c11b0d86ba22.mp3,https://degqpiiddkxcuzwombwp.supabase.co/storage/v1/object/public/tts-audio/ad/ad407d4002290d9b1ef9b0d3cf5aee8ba9a9eb624db4b02bb620c11b0d86ba22.mp3,src/data/primaryHub/sentence/g4v1_u3_grammar.json,g4v1_u3_grammar#A.A2,question.en@0.7
elevenlabs|el:lily|0.7||Who is he?,Who is he?,el:lily,0.7,https://audio.bigmooneducation.com/2a/2aef2bdd4f3545521d864d440e9f7924fd2e946a051b602f558a8f4db0d02dd4.mp3,https://degqpiiddkxcuzwombwp.supabase.co/storage/v1/object/public/tts-audio/2a/2aef2bdd4f3545521d864d440e9f7924fd2e946a051b602f558a8f4db0d02dd4.mp3,src/data/primaryHub/sentence/g4v1_u3_grammar.json,g4v1_u3_grammar#A.A2,answer.en@0.7
elevenlabs|el:lily|0.7||Is he friendly?,Is he friendly?,el:lily,0.7,https://audio.bigmooneducation.com/c8/c8a0f2476a61367904df1da4aadfd162aa0bdcb1d65eb1f3b8f17e255a012d08.mp3,https://degqpiiddkxcuzwombwp.supabase.co/storage/v1/object/public/tts-audio/c8/c8a0f2476a61367904df1da4aadfd162aa0bdcb1d65eb1f3b8f17e255a012d08.mp3,src/data/primaryHub/sentence/g4v1_u3_grammar.json,g4v1_u3_grammar#A.A3,question.en@0.7
"elevenlabs|el:lily|0.7||My friend is quiet, but she's friendly.","My friend is quiet, but she's friendly.",el:lily,0.7,https://audio.bigmooneducation.com/82/82d6d8152c4da7b1c0ecdb3cac3f6c4a1ab4333dadf5b29e446176a20373b87e.mp3,https://degqpiiddkxcuzwombwp.supabase.co/storage/v1/object/public/tts-audio/82/82d6d8152c4da7b1c0ecdb3cac3f6c4a1ab4333dadf5b29e446176a20373b87e.mp3,src/data/primaryHub/sentence/g4v1_u3_grammar.json,g4v1_u3_grammar#A.A4,question.en@0.7
elevenlabs|el:lily|0.7||He has glasses and his shoes are blue.,He has glasses and his shoes are blue.,el:lily,0.7,https://audio.bigmooneducation.com/20/200d5f741a6b5eb6f31ef075f1ad8c873129b6affc7d0c1c85df8cca334d59fe.mp3,https://degqpiiddkxcuzwombwp.supabase.co/storage/v1/object/public/tts-audio/20/200d5f741a6b5eb6f31ef075f1ad8c873129b6affc7d0c1c85df8cca334d59fe.mp3,src/data/primaryHub/sentence/g4v1_u3_grammar.json,g4v1_u3_grammar#B.B1,question.en@0.7
elevenlabs|el:lily|0.7||What's his name?,What's his name?,el:lily,0.7,https://audio.bigmooneducation.com/f2/f25f77699da658bd973439d09d388f5f2132ce4774b226f30165db79b5a0e0d4.mp3,https://degqpiiddkxcuzwombwp.supabase.co/storage/v1/object/public/tts-audio/f2/f25f77699da658bd973439d09d388f5f2132ce4774b226f30165db79b5a0e0d4.mp3,src/data/primaryHub/sentence/g4v1_u3_grammar.json,g4v1_u3_grammar#B.B4,question.en@0.7
elevenlabs|el:lily|0.7||Where's the cat?,Where's the cat?,el:lily,0.7,https://audio.bigmooneducation.com/f4/f4706fd7b5303729e1dd5ce9f4282a1b4e7e0918de2f2b64e6c255174dc48be5.mp3,https://degqpiiddkxcuzwombwp.supabase.co/storage/v1/object/public/tts-audio/f4/f4706fd7b5303729e1dd5ce9f4282a1b4e7e0918de2f2b64e6c255174dc48be5.mp3,src/data/primaryHub/sentence/g4v1_u4_grammar.json,g4v1_u4_grammar#A.A1,question.en@0.7
"elevenlabs|el:lily|0.7||No, she isn't.","No, she isn't.",el:lily,0.7,https://audio.bigmooneducation.com/2a/2a6f9a7cd59e7f91fb62a53bb1a0c6ee22a40866cdb9a754ab83f2edfb060c2b.mp3,https://degqpiiddkxcuzwombwp.supabase.co/storage/v1/object/public/tts-audio/2a/2a6f9a7cd59e7f91fb62a53bb1a0c6ee22a40866cdb9a754ab83f2edfb060c2b.mp3,src/data/primaryHub/sentence/g4v1_u4_grammar.json,g4v1_u4_grammar#A.A2,answer.en@0.7
elevenlabs|el:lily|0.7||Where's the dog?,Where's the dog?,el:lily,0.7,https://audio.bigmooneducation.com/8c/8cd1fc1fa57b8e8605e8226e3c04c282009f05a9c23c57577e28d63728fd3294.mp3,https://degqpiiddkxcuzwombwp.supabase.co/storage/v1/object/public/tts-audio/8c/8cd1fc1fa57b8e8605e8226e3c04c282009f05a9c23c57577e28d63728fd3294.mp3,src/data/primaryHub/sentence/g4v1_u4_grammar.json,g4v1_u4_grammar#A.A3,question.en@0.7
elevenlabs|el:lily|0.7||It's in the bedroom.,It's in the bedroom.,el:lily,0.7,https://audio.bigmooneducation.com/41/419da155e98632d64cb48062c996f3a63bd0617fcb0992cecdf87f6aa203c5f6.mp3,https://degqpiiddkxcuzwombwp.supabase.co/storage/v1/object/public/tts-audio/41/419da155e98632d64cb48062c996f3a63bd0617fcb0992cecdf87f6aa203c5f6.mp3,src/data/primaryHub/sentence/g4v1_u4_grammar.json,g4v1_u4_grammar#A.A3,answer.en@0.7
elevenlabs|el:lily|0.7||Is he in the study?,Is he in the study?,el:lily,0.7,https://audio.bigmooneducation.com/94/9461b8d667ead8d507d07e1f759907effcc842ae27766765ec4d8f167fa0c8ab.mp3,https://degqpiiddkxcuzwombwp.supabase.co/storage/v1/object/public/tts-audio/94/9461b8d667ead8d507d07e1f759907effcc842ae27766765ec4d8f167fa0c8ab.mp3,src/data/primaryHub/sentence/g4v1_u4_grammar.json,g4v1_u4_grammar#A.A4,question.en@0.7
elevenlabs|el:lily|0.7||Where's Mum?,Where's Mum?,el:lily,0.7,https://audio.bigmooneducation.com/3a/3a4804051f4fd2b9204e1e60364cd9286b6540b44404c5e752d5b431d247bc40.mp3,https://degqpiiddkxcuzwombwp.supabase.co/storage/v1/object/public/tts-audio/3a/3a4804051f4fd2b9204e1e60364cd9286b6540b44404c5e752d5b431d247bc40.mp3,src/data/primaryHub/sentence/g4v1_u4_grammar.json,g4v1_u4_grammar#A.A5,question.en@0.7
elevenlabs|el:lily|0.7||She's in the bathroom.,She's in the bathroom.,el:lily,0.7,https://audio.bigmooneducation.com/26/26b31804e794b6abc932f478b50fef8a7926dd6929814c760d79105a09599936.mp3,https://degqpiiddkxcuzwombwp.supabase.co/storage/v1/object/public/tts-audio/26/26b31804e794b6abc932f478b50fef8a7926dd6929814c760d79105a09599936.mp3,src/data/primaryHub/sentence/g4v1_u4_grammar.json,g4v1_u4_grammar#A.A5,answer.en@0.7
elevenlabs|el:lily|0.7||Where are the keys?,Where are the keys?,el:lily,0.7,https://audio.bigmooneducation.com/16/16d655d63566a6aacff5ed5c3afacaae3a65ce4133ca333823af2c61b7be0b5a.mp3,https://degqpiiddkxcuzwombwp.supabase.co/storage/v1/object/public/tts-audio/16/16d655d63566a6aacff5ed5c3afacaae3a65ce4133ca333823af2c61b7be0b5a.mp3,src/data/primaryHub/sentence/g4v1_u4_grammar.json,g4v1_u4_grammar#B.B1,question.en@0.7
elevenlabs|el:lily|0.7||They're on the fridge.,They're on the fridge.,el:lily,0.7,https://audio.bigmooneducation.com/4d/4db9c5c831ca08a442f2c11f91342c93160e1b872060d000b893326d450a0379.mp3,https://degqpiiddkxcuzwombwp.supabase.co/storage/v1/object/public/tts-audio/4d/4db9c5c831ca08a442f2c11f91342c93160e1b872060d000b893326d450a0379.mp3,src/data/primaryHub/sentence/g4v1_u4_grammar.json,g4v1_u4_grammar#B.B1,answer.en@0.7
elevenlabs|el:lily|0.7||Are they on the table?,Are they on the table?,el:lily,0.7,https://audio.bigmooneducation.com/d1/d14f9fa8a65ad3d28bf72c870d7921f203d5330a8b29706e748a1ba1ec5ea26c.mp3,https://degqpiiddkxcuzwombwp.supabase.co/storage/v1/object/public/tts-audio/d1/d14f9fa8a65ad3d28bf72c870d7921f203d5330a8b29706e748a1ba1ec5ea26c.mp3,src/data/primaryHub/sentence/g4v1_u4_grammar.json,g4v1_u4_grammar#B.B2,question.en@0.7
"elevenlabs|el:lily|0.7||No, they aren't.","No, they aren't.",el:lily,0.7,https://audio.bigmooneducation.com/5c/5c346b36714ec98eabdbd2db1203d0f48676f1951eaec9471c801193c1c9c7eb.mp3,https://degqpiiddkxcuzwombwp.supabase.co/storage/v1/object/public/tts-audio/5c/5c346b36714ec98eabdbd2db1203d0f48676f1951eaec9471c801193c1c9c7eb.mp3,src/data/primaryHub/sentence/g4v1_u4_grammar.json,g4v1_u4_grammar#B.B2,answer.en@0.7
elevenlabs|el:lily|0.7||Where's the phone?,Where's the phone?,el:lily,0.7,https://audio.bigmooneducation.com/7f/7f1542b08032c28d56cf5c4bdfab17353e0ffce987cea16eabe075f71c8bceea.mp3,https://degqpiiddkxcuzwombwp.supabase.co/storage/v1/object/public/tts-audio/7f/7f1542b08032c28d56cf5c4bdfab17353e0ffce987cea16eabe075f71c8bceea.mp3,src/data/primaryHub/sentence/g4v1_u4_grammar.json,g4v1_u4_grammar#B.B3,question.en@0.7
elevenlabs|el:lily|0.7||It's on the sofa.,It's on the sofa.,el:lily,0.7,https://audio.bigmooneducation.com/38/387109a5648eec17e70ee79e61fc7ac058bad78b6996d48cb6e954e1fc0eb08f.mp3,https://degqpiiddkxcuzwombwp.supabase.co/storage/v1/object/public/tts-audio/38/387109a5648eec17e70ee79e61fc7ac058bad78b6996d48cb6e954e1fc0eb08f.mp3,src/data/primaryHub/sentence/g4v1_u4_grammar.json,g4v1_u4_grammar#B.B3,answer.en@0.7
elevenlabs|el:lily|0.7||Is the cat under the bed?,Is the cat under the bed?,el:lily,0.7,https://audio.bigmooneducation.com/ad/ad31d4bb098f4e7fff7bf96438df4744f840b627e5da0ae9129bb26d7c98b132.mp3,https://degqpiiddkxcuzwombwp.supabase.co/storage/v1/object/public/tts-audio/ad/ad31d4bb098f4e7fff7bf96438df4744f840b627e5da0ae9129bb26d7c98b132.mp3,src/data/primaryHub/sentence/g4v1_u4_grammar.json,g4v1_u4_grammar#B.B4,question.en@0.7
"elevenlabs|el:lily|0.7||Yes, it is.","Yes, it is.",el:lily,0.7,https://audio.bigmooneducation.com/fc/fcfab36a962a3a93cd6f14dc9614a551357c05153130a158ac6c3dc5fdbd34c3.mp3,https://degqpiiddkxcuzwombwp.supabase.co/storage/v1/object/public/tts-audio/fc/fcfab36a962a3a93cd6f14dc9614a551357c05153130a158ac6c3dc5fdbd34c3.mp3,src/data/primaryHub/sentence/g4v1_u4_grammar.json,g4v1_u4_grammar#B.B4,answer.en@0.7
elevenlabs|el:lily|0.7||Dinner's ready. Help yourself.,Dinner's ready. Help yourself.,el:lily,0.7,https://audio.bigmooneducation.com/2e/2eef5d54622324d09d552d5c93828e867788f5afbd9878c648bfc979d8076824.mp3,https://degqpiiddkxcuzwombwp.supabase.co/storage/v1/object/public/tts-audio/2e/2eef5d54622324d09d552d5c93828e867788f5afbd9878c648bfc979d8076824.mp3,src/data/primaryHub/sentence/g4v1_u5_grammar.json,g4v1_u5_grammar#A.A1,question.en@0.7
elevenlabs|el:lily|0.7||Thank you. I'd like some beef and noodles.,Thank you. I'd like some beef and noodles.,el:lily,0.7,https://audio.bigmooneducation.com/22/22e15a28d370173216fa29c94d58f35c971f4d28a323f211cf08961b26b619f8.mp3,https://degqpiiddkxcuzwombwp.supabase.co/storage/v1/object/public/tts-audio/22/22e15a28d370173216fa29c94d58f35c971f4d28a323f211cf08961b26b619f8.mp3,src/data/primaryHub/sentence/g4v1_u5_grammar.json,g4v1_u5_grammar#A.A1,answer.en@0.7
"elevenlabs|el:lily|0.7||Yes, please.","Yes, please.",el:lily,0.7,https://audio.bigmooneducation.com/21/21933540962b08923002f566bc562650405669c1ff80e6a75f50d7f9afe669a1.mp3,https://degqpiiddkxcuzwombwp.supabase.co/storage/v1/object/public/tts-audio/21/21933540962b08923002f566bc562650405669c1ff80e6a75f50d7f9afe669a1.mp3,src/data/primaryHub/sentence/g4v1_u5_grammar.json,g4v1_u5_grammar#A.A2,answer.en@0.7
elevenlabs|el:lily|0.7||What would you like?,What would you like?,el:lily,0.7,https://audio.bigmooneducation.com/10/10851eff77d10f957c90f059a24a1db8a5384e2f63230f85eaef4a2dc004383d.mp3,https://degqpiiddkxcuzwombwp.supabase.co/storage/v1/object/public/tts-audio/10/10851eff77d10f957c90f059a24a1db8a5384e2f63230f85eaef4a2dc004383d.mp3,src/data/primaryHub/sentence/g4v1_u5_grammar.json,g4v1_u5_grammar#A.A3,question.en@0.7
elevenlabs|el:lily|0.7||I'd like some chicken and vegetables.,I'd like some chicken and vegetables.,el:lily,0.7,https://audio.bigmooneducation.com/02/02a3a4e45da0cfb10f26b9c9125cf9c0a470d59535edcf1dd46436b56df0fb28.mp3,https://degqpiiddkxcuzwombwp.supabase.co/storage/v1/object/public/tts-audio/02/02a3a4e45da0cfb10f26b9c9125cf9c0a470d59535edcf1dd46436b56df0fb28.mp3,src/data/primaryHub/sentence/g4v1_u5_grammar.json,g4v1_u5_grammar#A.A3,answer.en@0.7
elevenlabs|el:lily|0.7||Would you like some chicken?,Would you like some chicken?,el:lily,0.7,https://audio.bigmooneducation.com/a5/a58f1e5635d9335d2571d8560b7bc1537f7db491e60e7b193b7d7a5d4815d50b.mp3,https://degqpiiddkxcuzwombwp.supabase.co/storage/v1/object/public/tts-audio/a5/a58f1e5635d9335d2571d8560b7bc1537f7db491e60e7b193b7d7a5d4815d50b.mp3,src/data/primaryHub/sentence/g4v1_u5_grammar.json,g4v1_u5_grammar#A.A4,question.en@0.7
"elevenlabs|el:lily|0.7||No, thanks.","No, thanks.",el:lily,0.7,https://audio.bigmooneducation.com/2f/2f32b64e3767faa2ddbf9119268dd694c2d236f39657b88841ec999eadf5f798.mp3,https://degqpiiddkxcuzwombwp.supabase.co/storage/v1/object/public/tts-audio/2f/2f32b64e3767faa2ddbf9119268dd694c2d236f39657b88841ec999eadf5f798.mp3,src/data/primaryHub/sentence/g4v1_u5_grammar.json,g4v1_u5_grammar#A.A4,answer.en@0.7
"elevenlabs|el:lily|0.7||Pass me the bowl, please.","Pass me the bowl, please.",el:lily,0.7,https://audio.bigmooneducation.com/d7/d7da89ce95d90b9639cb64a9281661cae1866f33ad4d10fa7e49046dbac20ef1.mp3,https://degqpiiddkxcuzwombwp.supabase.co/storage/v1/object/public/tts-audio/d7/d7da89ce95d90b9639cb64a9281661cae1866f33ad4d10fa7e49046dbac20ef1.mp3,src/data/primaryHub/sentence/g4v1_u5_grammar.json,g4v1_u5_grammar#B.B2,question.en@0.7
"elevenlabs|el:lily|0.7||Pass me the chopsticks, please.","Pass me the chopsticks, please.",el:lily,0.7,https://audio.bigmooneducation.com/f8/f8d38775805532b58c61cfed96602a392591c1462ee3a2f81734bb55ade57369.mp3,https://degqpiiddkxcuzwombwp.supabase.co/storage/v1/object/public/tts-audio/f8/f8d38775805532b58c61cfed96602a392591c1462ee3a2f81734bb55ade57369.mp3,src/data/primaryHub/sentence/g4v1_u5_grammar.json,g4v1_u5_grammar#B.B3,question.en@0.7
"elevenlabs|el:lily|0.7||Pass me a spoon, please.","Pass me a spoon, please.",el:lily,0.7,https://audio.bigmooneducation.com/86/868652537bf6b58bcecfd3233740a4b69dfb39b13019415ab8979362e5cf1a7c.mp3,https://degqpiiddkxcuzwombwp.supabase.co/storage/v1/object/public/tts-audio/86/868652537bf6b58bcecfd3233740a4b69dfb39b13019415ab8979362e5cf1a7c.mp3,src/data/primaryHub/sentence/g4v1_u5_grammar.json,g4v1_u5_grammar#B.B4,question.en@0.7
elevenlabs|el:lily|0.7||How many people are there in your family?,How many people are there in your family?,el:lily,0.7,https://audio.bigmooneducation.com/75/75234177f7602c4b1ab633f5882d0e58cc6afda516a26849e29f53c05eac0d6d.mp3,https://degqpiiddkxcuzwombwp.supabase.co/storage/v1/object/public/tts-audio/75/75234177f7602c4b1ab633f5882d0e58cc6afda516a26849e29f53c05eac0d6d.mp3,src/data/primaryHub/sentence/g4v1_u6_grammar.json,g4v1_u6_grammar#A.A1,question.en@0.7
"elevenlabs|el:lily|0.7||Yes, it is. He's a football player.","Yes, it is. He's a football player.",el:lily,0.7,https://audio.bigmooneducation.com/d8/d821afa3051eebf33687b88872e4cf78b02cba068555b8e4ef7e818bf1e47cfb.mp3,https://degqpiiddkxcuzwombwp.supabase.co/storage/v1/object/public/tts-audio/d8/d821afa3051eebf33687b88872e4cf78b02cba068555b8e4ef7e818bf1e47cfb.mp3,src/data/primaryHub/sentence/g4v1_u6_grammar.json,g4v1_u6_grammar#A.A2,answer.en@0.7
elevenlabs|el:lily|0.7||Who are they?,Who are they?,el:lily,0.7,https://audio.bigmooneducation.com/d9/d975f424644dd3825bbc63170311f985d0cb8151ea47e9615d8fad16e19b96de.mp3,https://degqpiiddkxcuzwombwp.supabase.co/storage/v1/object/public/tts-audio/d9/d975f424644dd3825bbc63170311f985d0cb8151ea47e9615d8fad16e19b96de.mp3,src/data/primaryHub/sentence/g4v1_u6_grammar.json,g4v1_u6_grammar#A.A3,question.en@0.7
elevenlabs|el:lily|0.7||They're my parents.,They're my parents.,el:lily,0.7,https://audio.bigmooneducation.com/28/285f0b4323ee1de74a7b19176b9029e397274e413ddf57cfeb751f9aefc4af90.mp3,https://degqpiiddkxcuzwombwp.supabase.co/storage/v1/object/public/tts-audio/28/285f0b4323ee1de74a7b19176b9029e397274e413ddf57cfeb751f9aefc4af90.mp3,src/data/primaryHub/sentence/g4v1_u6_grammar.json,g4v1_u6_grammar#A.A3,answer.en@0.7
elevenlabs|el:lily|0.7||Is this your cousin?,Is this your cousin?,el:lily,0.7,https://audio.bigmooneducation.com/75/754e9618931c6fb881217ebc14fe2eeab93fa24f251a66478a512cf8246183e0.mp3,https://degqpiiddkxcuzwombwp.supabase.co/storage/v1/object/public/tts-audio/75/754e9618931c6fb881217ebc14fe2eeab93fa24f251a66478a512cf8246183e0.mp3,src/data/primaryHub/sentence/g4v1_u6_grammar.json,g4v1_u6_grammar#A.A4,question.en@0.7
elevenlabs|el:lily|0.7||This is my baby brother.,This is my baby brother.,el:lily,0.7,https://audio.bigmooneducation.com/95/95d66d5eb4e3345f05313d2540c7a00aeb21e7592c97bfd4ed33477ed7f8c6de.mp3,https://degqpiiddkxcuzwombwp.supabase.co/storage/v1/object/public/tts-audio/95/95d66d5eb4e3345f05313d2540c7a00aeb21e7592c97bfd4ed33477ed7f8c6de.mp3,src/data/primaryHub/sentence/g4v1_u6_grammar.json,g4v1_u6_grammar#A.A5,question.en@0.7
elevenlabs|el:lily|0.7||He's one year old.,He's one year old.,el:lily,0.7,https://audio.bigmooneducation.com/7e/7e2cf3c977d320073f669ba7bea3002e2df3c61e62f5ffa360cc298076a9a020.mp3,https://degqpiiddkxcuzwombwp.supabase.co/storage/v1/object/public/tts-audio/7e/7e2cf3c977d320073f669ba7bea3002e2df3c61e62f5ffa360cc298076a9a020.mp3,src/data/primaryHub/sentence/g4v1_u6_grammar.json,g4v1_u6_grammar#A.A5,answer.en@0.7
elevenlabs|el:lily|0.7||What's your aunt's job?,What's your aunt's job?,el:lily,0.7,https://audio.bigmooneducation.com/32/323d318b19001bd1f86177abbfcc8da0a9d408410be2a157f8f992c5b9efdee8.mp3,https://degqpiiddkxcuzwombwp.supabase.co/storage/v1/object/public/tts-audio/32/323d318b19001bd1f86177abbfcc8da0a9d408410be2a157f8f992c5b9efdee8.mp3,src/data/primaryHub/sentence/g4v1_u6_grammar.json,g4v1_u6_grammar#B.B1,question.en@0.7
elevenlabs|el:lily|0.7||What's your father's job?,What's your father's job?,el:lily,0.7,https://audio.bigmooneducation.com/9b/9b8db60a142c42c8d56b6cb465104430331603ab2cc5fde921bd1a26f26882b1.mp3,https://degqpiiddkxcuzwombwp.supabase.co/storage/v1/object/public/tts-audio/9b/9b8db60a142c42c8d56b6cb465104430331603ab2cc5fde921bd1a26f26882b1.mp3,src/data/primaryHub/sentence/g4v1_u6_grammar.json,g4v1_u6_grammar#B.B2,question.en@0.7
elevenlabs|el:lily|0.7||He's a doctor.,He's a doctor.,el:lily,0.7,https://audio.bigmooneducation.com/9f/9f9d050cdc64360719ac5f6aa494cc0bbfb193127abcb8da95db187a08e3238d.mp3,https://degqpiiddkxcuzwombwp.supabase.co/storage/v1/object/public/tts-audio/9f/9f9d050cdc64360719ac5f6aa494cc0bbfb193127abcb8da95db187a08e3238d.mp3,src/data/primaryHub/sentence/g4v1_u6_grammar.json,g4v1_u6_grammar#B.B2,answer.en@0.7
elevenlabs|el:lily|0.7||What's your mother's job?,What's your mother's job?,el:lily,0.7,https://audio.bigmooneducation.com/45/45ecc1d58f876b87f5e6c76916683a750a6ae9dc7e730695f4ccb1846f269f79.mp3,https://degqpiiddkxcuzwombwp.supabase.co/storage/v1/object/public/tts-audio/45/45ecc1d58f876b87f5e6c76916683a750a6ae9dc7e730695f4ccb1846f269f79.mp3,src/data/primaryHub/sentence/g4v1_u6_grammar.json,g4v1_u6_grammar#B.B3,question.en@0.7
elevenlabs|el:lily|0.7||She's a cook.,She's a cook.,el:lily,0.7,https://audio.bigmooneducation.com/ed/ed835eadd837f141c2a6c40b036bb626d90c5b5c6f22637e7065bdb1a4df9a41.mp3,https://degqpiiddkxcuzwombwp.supabase.co/storage/v1/object/public/tts-audio/ed/ed835eadd837f141c2a6c40b036bb626d90c5b5c6f22637e7065bdb1a4df9a41.mp3,src/data/primaryHub/sentence/g4v1_u6_grammar.json,g4v1_u6_grammar#B.B3,answer.en@0.7
elevenlabs|el:lily|0.7||What's your uncle's job?,What's your uncle's job?,el:lily,0.7,https://audio.bigmooneducation.com/a6/a6501a0d53c8e1ff2dc8691ab880849533c77512c3924e8de3c18937a4a6e5ad.mp3,https://degqpiiddkxcuzwombwp.supabase.co/storage/v1/object/public/tts-audio/a6/a6501a0d53c8e1ff2dc8691ab880849533c77512c3924e8de3c18937a4a6e5ad.mp3,src/data/primaryHub/sentence/g4v1_u6_grammar.json,g4v1_u6_grammar#B.B4,question.en@0.7
elevenlabs|el:lily|0.7||He's a driver.,He's a driver.,el:lily,0.7,https://audio.bigmooneducation.com/3b/3b892484d13add2d3d90fa83039e5e2b7d44914541357d6bcbb166e1dc534a67.mp3,https://degqpiiddkxcuzwombwp.supabase.co/storage/v1/object/public/tts-audio/3b/3b892484d13add2d3d90fa83039e5e2b7d44914541357d6bcbb166e1dc534a67.mp3,src/data/primaryHub/sentence/g4v1_u6_grammar.json,g4v1_u6_grammar#B.B4,answer.en@0.7
elevenlabs|el:lily|0.7||What's your cousin's job?,What's your cousin's job?,el:lily,0.7,https://audio.bigmooneducation.com/5f/5f0e786c298dbe179fd272ea9a80269d4ccad4744e92fa3a40e6ff5a398034aa.mp3,https://degqpiiddkxcuzwombwp.supabase.co/storage/v1/object/public/tts-audio/5f/5f0e786c298dbe179fd272ea9a80269d4ccad4744e92fa3a40e6ff5a398034aa.mp3,src/data/primaryHub/sentence/g4v1_u6_grammar.json,g4v1_u6_grammar#B.B5,question.en@0.7
elevenlabs|el:lily|0.7||He's a farmer.,He's a farmer.,el:lily,0.7,https://audio.bigmooneducation.com/7a/7a8651ff21ec3bdf1af52eac9a513ca9bef6c0e80c326127aebfc89a1657e02f.mp3,https://degqpiiddkxcuzwombwp.supabase.co/storage/v1/object/public/tts-audio/7a/7a8651ff21ec3bdf1af52eac9a513ca9bef6c0e80c326127aebfc89a1657e02f.mp3,src/data/primaryHub/sentence/g4v1_u6_grammar.json,g4v1_u6_grammar#B.B5,answer.en@0.7
elevenlabs|el:lily|0.7||No.,No.,el:lily,0.7,https://audio.bigmooneducation.com/75/7515f373befab208456146b441cf63246d2fad06d029bdd488b556bd2c648484.mp3,https://degqpiiddkxcuzwombwp.supabase.co/storage/v1/object/public/tts-audio/75/7515f373befab208456146b441cf63246d2fad06d029bdd488b556bd2c648484.mp3,src/data/primaryHub/sentence/g4v2_u4_grammar.json,g4v2_u4_grammar#A.A1,answer.en@0.7
elevenlabs|el:lily|0.7||Try some! They're good.,Try some! They're good.,el:lily,0.7,https://audio.bigmooneducation.com/c1/c1a99e493781ba71cad21731a0fbdd444a15a394648e3e8df7351c518aa35f61.mp3,https://degqpiiddkxcuzwombwp.supabase.co/storage/v1/object/public/tts-audio/c1/c1a99e493781ba71cad21731a0fbdd444a15a394648e3e8df7351c518aa35f61.mp3,src/data/primaryHub/sentence/g4v2_u4_grammar.json,g4v2_u4_grammar#A.A3,question.en@0.7
elevenlabs|el:lily|0.7||Thanks. Yum.,Thanks. Yum.,el:lily,0.7,https://audio.bigmooneducation.com/42/42f114df99f66bacdc30d948f5d3247132a07236f1449242a19cddc0f04b6965.mp3,https://degqpiiddkxcuzwombwp.supabase.co/storage/v1/object/public/tts-audio/42/42f114df99f66bacdc30d948f5d3247132a07236f1449242a19cddc0f04b6965.mp3,src/data/primaryHub/sentence/g4v2_u4_grammar.json,g4v2_u4_grammar#A.A3,answer.en@0.7
elevenlabs|el:lily|0.7||Are they horses?,Are they horses?,el:lily,0.7,https://audio.bigmooneducation.com/a2/a2515dfa43ea9d364b07b5348b5f482e9fb3b1ce18b8e1ecf368c6984d951e52.mp3,https://degqpiiddkxcuzwombwp.supabase.co/storage/v1/object/public/tts-audio/a2/a2515dfa43ea9d364b07b5348b5f482e9fb3b1ce18b8e1ecf368c6984d951e52.mp3,src/data/primaryHub/sentence/g4v2_u4_grammar.json,g4v2_u4_grammar#B.B1,answer.en@0.7
elevenlabs|el:lily|0.7||I like tomatoes. I like potatoes.,I like tomatoes. I like potatoes.,el:lily,0.7,https://audio.bigmooneducation.com/57/579ce85a936d0cbf128017c14a7aee80db089f15bf2a457f92ae78615b1ed1c6.mp3,https://degqpiiddkxcuzwombwp.supabase.co/storage/v1/object/public/tts-audio/57/579ce85a936d0cbf128017c14a7aee80db089f15bf2a457f92ae78615b1ed1c6.mp3,src/data/primaryHub/sentence/g4v2_u4_grammar.json,g4v2_u4_grammar#B.C1,question.en@0.7
elevenlabs|el:lily|0.7||Carrots I will try.,Carrots I will try.,el:lily,0.7,https://audio.bigmooneducation.com/6e/6e714e1ef6331bfda41bbf16f6ea1373e0e7585380f6ab63d153712feb8b7f87.mp3,https://degqpiiddkxcuzwombwp.supabase.co/storage/v1/object/public/tts-audio/6e/6e714e1ef6331bfda41bbf16f6ea1373e0e7585380f6ab63d153712feb8b7f87.mp3,src/data/primaryHub/sentence/g4v2_u4_grammar.json,g4v2_u4_grammar#B.C1,answer.en@0.7
elevenlabs|el:lily|0.7||But onions make me cry.,But onions make me cry.,el:lily,0.7,https://audio.bigmooneducation.com/f6/f67fc2af2dccce2ef5ef48c0f15155ae6feefabc173e9c96044289d9e7b75d39.mp3,https://degqpiiddkxcuzwombwp.supabase.co/storage/v1/object/public/tts-audio/f6/f67fc2af2dccce2ef5ef48c0f15155ae6feefabc173e9c96044289d9e7b75d39.mp3,src/data/primaryHub/sentence/g4v2_u4_grammar.json,g4v2_u4_grammar#B.C2,question.en@0.7
elevenlabs|el:lily|0.7||She's very kind.,She's very kind.,el:lily,0.7,https://audio.bigmooneducation.com/1a/1a00f9166ae981fe8722a0d6c9dd258fb2c78f5d6ed37adafe59e302700d05e3.mp3,https://degqpiiddkxcuzwombwp.supabase.co/storage/v1/object/public/tts-audio/1a/1a00f9166ae981fe8722a0d6c9dd258fb2c78f5d6ed37adafe59e302700d05e3.mp3,src/data/primaryHub/sentence/g5v1_u1_grammar.json,g5v1_u1_grammar#A.A4,question.en@0.7
elevenlabs|el:lily|0.7||Who's your art teacher? What's he like?,Who's your art teacher? What's he like?,el:lily,0.7,https://audio.bigmooneducation.com/7b/7b402760e9bd8a9a7952bfba0574004a4817ad5b35e01ab73204a73d8f47a73d.mp3,https://degqpiiddkxcuzwombwp.supabase.co/storage/v1/object/public/tts-audio/7b/7b402760e9bd8a9a7952bfba0574004a4817ad5b35e01ab73204a73d8f47a73d.mp3,src/data/primaryHub/sentence/g5v1_u1_grammar.json,g5v1_u1_grammar#A.A5,question.en@0.7
elevenlabs|el:lily|0.7||Is your maths teacher strict?,Is your maths teacher strict?,el:lily,0.7,https://audio.bigmooneducation.com/99/992e13c19ed87c63865657a961ae31f333ba0a114f4e492da6e971d2ddd7b226.mp3,https://degqpiiddkxcuzwombwp.supabase.co/storage/v1/object/public/tts-audio/99/992e13c19ed87c63865657a961ae31f333ba0a114f4e492da6e971d2ddd7b226.mp3,src/data/primaryHub/sentence/g5v1_u1_grammar.json,g5v1_u1_grammar#B.B1,question.en@0.7
"elevenlabs|el:lily|0.7||Yes, he is. But he's very kind.","Yes, he is. But he's very kind.",el:lily,0.7,https://audio.bigmooneducation.com/63/6359ab61159120982b70a07788077c5be17ef75f1342dbe89a219eacc8e4a2a3.mp3,https://degqpiiddkxcuzwombwp.supabase.co/storage/v1/object/public/tts-audio/63/6359ab61159120982b70a07788077c5be17ef75f1342dbe89a219eacc8e4a2a3.mp3,src/data/primaryHub/sentence/g5v1_u1_grammar.json,g5v1_u1_grammar#B.B1,answer.en@0.7
elevenlabs|el:lily|0.7||Is she funny?,Is she funny?,el:lily,0.7,https://audio.bigmooneducation.com/b7/b7a5099ab51d1ab15026fe045c57c53059cd6d79592a110c0e8668914b00f179.mp3,https://degqpiiddkxcuzwombwp.supabase.co/storage/v1/object/public/tts-audio/b7/b7a5099ab51d1ab15026fe045c57c53059cd6d79592a110c0e8668914b00f179.mp3,src/data/primaryHub/sentence/g5v1_u1_grammar.json,g5v1_u1_grammar#B.B2,question.en@0.7
"elevenlabs|el:lily|0.7||No, she isn't. She's quiet.","No, she isn't. She's quiet.",el:lily,0.7,https://audio.bigmooneducation.com/58/58fd1cb07bec375f72153017e2fdcd2527f4785883c4d1514ad04d4bcd4c6a79.mp3,https://degqpiiddkxcuzwombwp.supabase.co/storage/v1/object/public/tts-audio/58/58fd1cb07bec375f72153017e2fdcd2527f4785883c4d1514ad04d4bcd4c6a79.mp3,src/data/primaryHub/sentence/g5v1_u1_grammar.json,g5v1_u1_grammar#B.B2,answer.en@0.7
elevenlabs|el:lily|0.7||Our English teacher is hard-working.,Our English teacher is hard-working.,el:lily,0.7,https://audio.bigmooneducation.com/e1/e1556d0ceee8d05e4c021976073b9a87f0535750292f65e6d6f9140847bbf22a.mp3,https://degqpiiddkxcuzwombwp.supabase.co/storage/v1/object/public/tts-audio/e1/e1556d0ceee8d05e4c021976073b9a87f0535750292f65e6d6f9140847bbf22a.mp3,src/data/primaryHub/sentence/g5v1_u1_grammar.json,g5v1_u1_grammar#B.B3,question.en@0.7
elevenlabs|el:lily|0.7||Is he strict?,Is he strict?,el:lily,0.7,https://audio.bigmooneducation.com/a7/a7b3335c83771ae60a53b4b6a4a3aabd622ec86a9c5931be95756820f974a070.mp3,https://degqpiiddkxcuzwombwp.supabase.co/storage/v1/object/public/tts-audio/a7/a7b3335c83771ae60a53b4b6a4a3aabd622ec86a9c5931be95756820f974a070.mp3,src/data/primaryHub/sentence/g5v1_u1_grammar.json,g5v1_u1_grammar#B.B3b,question.en@0.7
elevenlabs|el:lily|0.7||Young or old? Tall or short?,Young or old? Tall or short?,el:lily,0.7,https://audio.bigmooneducation.com/cb/cb92cbd7e1a625fc0bd14e211e151b44c996f6dc11956538062b00eb82ed21de.mp3,https://degqpiiddkxcuzwombwp.supabase.co/storage/v1/object/public/tts-audio/cb/cb92cbd7e1a625fc0bd14e211e151b44c996f6dc11956538062b00eb82ed21de.mp3,src/data/primaryHub/sentence/g5v1_u1_grammar.json,g5v1_u1_grammar#B.B4,question.en@0.7
elevenlabs|el:lily|0.7||Strict or kind? Tell me more!,Strict or kind? Tell me more!,el:lily,0.7,https://audio.bigmooneducation.com/63/63dc6be43db847204c7889fd1c0d5a233e5f6a0f4d597fabc8c29b585545edb7.mp3,https://degqpiiddkxcuzwombwp.supabase.co/storage/v1/object/public/tts-audio/63/63dc6be43db847204c7889fd1c0d5a233e5f6a0f4d597fabc8c29b585545edb7.mp3,src/data/primaryHub/sentence/g5v1_u1_grammar.json,g5v1_u1_grammar#B.B4,answer.en@0.7
elevenlabs|el:lily|0.7||What do you have on Fridays?,What do you have on Fridays?,el:lily,0.7,https://audio.bigmooneducation.com/59/5965237cd1284d931a02a4d2cb859f681bc9d2b41f28bd9a686d021355b4c706.mp3,https://degqpiiddkxcuzwombwp.supabase.co/storage/v1/object/public/tts-audio/59/5965237cd1284d931a02a4d2cb859f681bc9d2b41f28bd9a686d021355b4c706.mp3,src/data/primaryHub/sentence/g5v1_u2_grammar.json,g5v1_u2_grammar#A.A2,question.en@0.7
elevenlabs|el:lily|0.7||I have art on Thursdays.,I have art on Thursdays.,el:lily,0.7,https://audio.bigmooneducation.com/74/74e26c3028c850a77af9170880452909ecd842cf89bbabb8d714a7461f5beac3.mp3,https://degqpiiddkxcuzwombwp.supabase.co/storage/v1/object/public/tts-audio/74/74e26c3028c850a77af9170880452909ecd842cf89bbabb8d714a7461f5beac3.mp3,src/data/primaryHub/sentence/g5v1_u2_grammar.json,g5v1_u2_grammar#A.A3,question.en@0.7
elevenlabs|el:lily|0.7||Do you have PE on Mondays?,Do you have PE on Mondays?,el:lily,0.7,https://audio.bigmooneducation.com/2e/2ec5d26a3c7ba0a7ab59a7a14622d1a0dfd9d708116e3be45900fb9659686ef0.mp3,https://degqpiiddkxcuzwombwp.supabase.co/storage/v1/object/public/tts-audio/2e/2ec5d26a3c7ba0a7ab59a7a14622d1a0dfd9d708116e3be45900fb9659686ef0.mp3,src/data/primaryHub/sentence/g5v1_u2_grammar.json,g5v1_u2_grammar#B.B2,question.en@0.7
elevenlabs|el:lily|0.7||I read books on the weekend.,I read books on the weekend.,el:lily,0.7,https://audio.bigmooneducation.com/af/afa230d6847c2504e3b7a6ad895ba0f92a203f1584ecef4b1d163fdbcc1f4dd4.mp3,https://degqpiiddkxcuzwombwp.supabase.co/storage/v1/object/public/tts-audio/af/afa230d6847c2504e3b7a6ad895ba0f92a203f1584ecef4b1d163fdbcc1f4dd4.mp3,src/data/primaryHub/sentence/g5v1_u2_grammar.json,g5v1_u2_grammar#B.B3,question.en@0.7
"elevenlabs|el:lily|0.7||Monday, Tuesday, what do you do?","Monday, Tuesday, what do you do?",el:lily,0.7,https://audio.bigmooneducation.com/2e/2e51c16f99c8c238b948dfa7936dd0b6db77122c9d0359414c471173cd056fa9.mp3,https://degqpiiddkxcuzwombwp.supabase.co/storage/v1/object/public/tts-audio/2e/2e51c16f99c8c238b948dfa7936dd0b6db77122c9d0359414c471173cd056fa9.mp3,src/data/primaryHub/sentence/g5v1_u2_grammar.json,g5v1_u2_grammar#B.B4,question.en@0.7
"elevenlabs|el:lily|0.7||Wednesday, Thursday, school is fun too!","Wednesday, Thursday, school is fun too!",el:lily,0.7,https://audio.bigmooneducation.com/56/567f90589387fa4a633400813286cb373089b7f04c125c016cadc62511dad4f1.mp3,https://degqpiiddkxcuzwombwp.supabase.co/storage/v1/object/public/tts-audio/56/567f90589387fa4a633400813286cb373089b7f04c125c016cadc62511dad4f1.mp3,src/data/primaryHub/sentence/g5v1_u2_grammar.json,g5v1_u2_grammar#B.B4,answer.en@0.7
elevenlabs|el:lily|0.7||The salad is fresh.,The salad is fresh.,el:lily,0.7,https://audio.bigmooneducation.com/7e/7e9174cf0d485dbeb9c7eb9c169b0b87c850cd5efe26e3fb7c51596268b670ba.mp3,https://degqpiiddkxcuzwombwp.supabase.co/storage/v1/object/public/tts-audio/7e/7e9174cf0d485dbeb9c7eb9c169b0b87c850cd5efe26e3fb7c51596268b670ba.mp3,src/data/primaryHub/sentence/g5v1_u3_grammar.json,g5v1_u3_grammar#A.A3,question.en@0.7
elevenlabs|el:lily|0.85||The salad is fresh.,The salad is fresh.,el:lily,0.85,https://audio.bigmooneducation.com/01/0124f1660c28585efca955a0eea8fcc0ef6d9c920a2579550e5d7191d65b7ade.mp3,https://degqpiiddkxcuzwombwp.supabase.co/storage/v1/object/public/tts-audio/01/0124f1660c28585efca955a0eea8fcc0ef6d9c920a2579550e5d7191d65b7ade.mp3,src/data/primaryHub/sentence/g5v1_u3_grammar.json,g5v1_u3_grammar#A.A3,question.en@0.85
elevenlabs|el:lily|0.7||Would you like some ice cream?,Would you like some ice cream?,el:lily,0.7,https://audio.bigmooneducation.com/f8/f856c801cc3e0455645ff8770b4c18ce708bb0910aa30b3d0a078d3d5c67491c.mp3,https://degqpiiddkxcuzwombwp.supabase.co/storage/v1/object/public/tts-audio/f8/f856c801cc3e0455645ff8770b4c18ce708bb0910aa30b3d0a078d3d5c67491c.mp3,src/data/primaryHub/sentence/g5v1_u3_grammar.json,g5v1_u3_grammar#B.B1,question.en@0.7
elevenlabs|el:lily|0.85||Would you like some ice cream?,Would you like some ice cream?,el:lily,0.85,https://audio.bigmooneducation.com/f3/f3ff7d05eeed2ae452aa98dd91edaf47b376e9e47cf55238e553c7900c8596d0.mp3,https://degqpiiddkxcuzwombwp.supabase.co/storage/v1/object/public/tts-audio/f3/f3ff7d05eeed2ae452aa98dd91edaf47b376e9e47cf55238e553c7900c8596d0.mp3,src/data/primaryHub/sentence/g5v1_u3_grammar.json,g5v1_u3_grammar#B.B1,question.en@0.85
elevenlabs|el:lily|0.7||I'd like some tea.,I'd like some tea.,el:lily,0.7,https://audio.bigmooneducation.com/6c/6c770a615813893d3c46dcb26285056866d62c35f79ab6e18dc4d719f0cfe42a.mp3,https://degqpiiddkxcuzwombwp.supabase.co/storage/v1/object/public/tts-audio/6c/6c770a615813893d3c46dcb26285056866d62c35f79ab6e18dc4d719f0cfe42a.mp3,src/data/primaryHub/sentence/g5v1_u3_grammar.json,g5v1_u3_grammar#B.B2,question.en@0.7
elevenlabs|el:lily|0.85||I'd like some tea.,I'd like some tea.,el:lily,0.85,https://audio.bigmooneducation.com/59/594751e6aa63dc586d257fa41ab3babf66b44380b8ca5d131bc2e188e918256b.mp3,https://degqpiiddkxcuzwombwp.supabase.co/storage/v1/object/public/tts-audio/59/594751e6aa63dc586d257fa41ab3babf66b44380b8ca5d131bc2e188e918256b.mp3,src/data/primaryHub/sentence/g5v1_u3_grammar.json,g5v1_u3_grammar#B.B2,question.en@0.85
elevenlabs|el:lily|0.7||The hamburger is delicious.,The hamburger is delicious.,el:lily,0.7,https://audio.bigmooneducation.com/ed/edfeb6de479338593df75993ed1d6a7607f988a1cfea76eb2d41290596221afd.mp3,https://degqpiiddkxcuzwombwp.supabase.co/storage/v1/object/public/tts-audio/ed/edfeb6de479338593df75993ed1d6a7607f988a1cfea76eb2d41290596221afd.mp3,src/data/primaryHub/sentence/g5v1_u3_grammar.json,g5v1_u3_grammar#B.B3,question.en@0.7
elevenlabs|el:lily|0.85||The hamburger is delicious.,The hamburger is delicious.,el:lily,0.85,https://audio.bigmooneducation.com/4b/4b564a8f47cd5c4cae5235ff5e77c8524ad23492ca97ab2216b4230e97f571f2.mp3,https://degqpiiddkxcuzwombwp.supabase.co/storage/v1/object/public/tts-audio/4b/4b564a8f47cd5c4cae5235ff5e77c8524ad23492ca97ab2216b4230e97f571f2.mp3,src/data/primaryHub/sentence/g5v1_u3_grammar.json,g5v1_u3_grammar#B.B3,question.en@0.85
"elevenlabs|el:lily|0.7||Sandwich, salad, what would you like?","Sandwich, salad, what would you like?",el:lily,0.7,https://audio.bigmooneducation.com/75/754d7a3fdcd60eee225c2db40bc55d2ffe4fb5b09cf43e7da59b4cb30503dfeb.mp3,https://degqpiiddkxcuzwombwp.supabase.co/storage/v1/object/public/tts-audio/75/754d7a3fdcd60eee225c2db40bc55d2ffe4fb5b09cf43e7da59b4cb30503dfeb.mp3,src/data/primaryHub/sentence/g5v1_u3_grammar.json,g5v1_u3_grammar#B.B4,question.en@0.7
"elevenlabs|el:lily|0.7||Ice cream, tea, on a sunny day!","Ice cream, tea, on a sunny day!",el:lily,0.7,https://audio.bigmooneducation.com/81/81092a441253c4df95533ce218c1240041fa39c42f1aead6069dd66ccb9d89df.mp3,https://degqpiiddkxcuzwombwp.supabase.co/storage/v1/object/public/tts-audio/81/81092a441253c4df95533ce218c1240041fa39c42f1aead6069dd66ccb9d89df.mp3,src/data/primaryHub/sentence/g5v1_u3_grammar.json,g5v1_u3_grammar#B.B4,answer.en@0.7
"elevenlabs|el:lily|0.85||Sandwich, salad, what would you like?","Sandwich, salad, what would you like?",el:lily,0.85,https://audio.bigmooneducation.com/8e/8ea730b52b19473e86051d55300ab2c47cd5304c2e71cfa2dc920662886b4746.mp3,https://degqpiiddkxcuzwombwp.supabase.co/storage/v1/object/public/tts-audio/8e/8ea730b52b19473e86051d55300ab2c47cd5304c2e71cfa2dc920662886b4746.mp3,src/data/primaryHub/sentence/g5v1_u3_grammar.json,g5v1_u3_grammar#B.B4,question.en@0.85
"elevenlabs|el:lily|0.85||Ice cream, tea, on a sunny day!","Ice cream, tea, on a sunny day!",el:lily,0.85,https://audio.bigmooneducation.com/77/77fc7ed0af90e7572b580f8db0de4cb06ae83dd4651b84c2687e2a388f4b2d2d.mp3,https://degqpiiddkxcuzwombwp.supabase.co/storage/v1/object/public/tts-audio/77/77fc7ed0af90e7572b580f8db0de4cb06ae83dd4651b84c2687e2a388f4b2d2d.mp3,src/data/primaryHub/sentence/g5v1_u3_grammar.json,g5v1_u3_grammar#B.B4,answer.en@0.85
elevenlabs|el:lily|0.7||What can you do for the party?,What can you do for the party?,el:lily,0.7,https://audio.bigmooneducation.com/0b/0b732f8dfc587147e15161d1eacd85b6ef07d9ba864095f5171435a58fd642f6.mp3,https://degqpiiddkxcuzwombwp.supabase.co/storage/v1/object/public/tts-audio/0b/0b732f8dfc587147e15161d1eacd85b6ef07d9ba864095f5171435a58fd642f6.mp3,src/data/primaryHub/sentence/g5v1_u4_grammar.json,g5v1_u4_grammar#A.A1,question.en@0.7
elevenlabs|el:lily|0.85||What can you do for the party?,What can you do for the party?,el:lily,0.85,https://audio.bigmooneducation.com/fb/fb4a1cd417dcc398cc60b233b4e96aa2ab670c440673a1be509168071900ffb1.mp3,https://degqpiiddkxcuzwombwp.supabase.co/storage/v1/object/public/tts-audio/fb/fb4a1cd417dcc398cc60b233b4e96aa2ab670c440673a1be509168071900ffb1.mp3,src/data/primaryHub/sentence/g5v1_u4_grammar.json,g5v1_u4_grammar#A.A1,question.en@0.85
elevenlabs|el:lily|0.7||Can you do any kung fu?,Can you do any kung fu?,el:lily,0.7,https://audio.bigmooneducation.com/23/23e20c67c70a928642397b7d39eac7ba8ae5b2bec1e4f30ad9cea5817683eb7c.mp3,https://degqpiiddkxcuzwombwp.supabase.co/storage/v1/object/public/tts-audio/23/23e20c67c70a928642397b7d39eac7ba8ae5b2bec1e4f30ad9cea5817683eb7c.mp3,src/data/primaryHub/sentence/g5v1_u4_grammar.json,g5v1_u4_grammar#A.A2,question.en@0.7
elevenlabs|el:lily|0.85||Can you do any kung fu?,Can you do any kung fu?,el:lily,0.85,https://audio.bigmooneducation.com/7e/7e01803e3e4224d08b0dc604c734ec86ddaf877ecf67110e9de16e622d0c62aa.mp3,https://degqpiiddkxcuzwombwp.supabase.co/storage/v1/object/public/tts-audio/7e/7e01803e3e4224d08b0dc604c734ec86ddaf877ecf67110e9de16e622d0c62aa.mp3,src/data/primaryHub/sentence/g5v1_u4_grammar.json,g5v1_u4_grammar#A.A2,question.en@0.85
elevenlabs|el:lily|0.7||I can dance.,I can dance.,el:lily,0.7,https://audio.bigmooneducation.com/8a/8aebd9c3c6cfa36ab2eb03c1f01d61fa3bc3c7ce3e6f5daa398b30cb0fd414fc.mp3,https://degqpiiddkxcuzwombwp.supabase.co/storage/v1/object/public/tts-audio/8a/8aebd9c3c6cfa36ab2eb03c1f01d61fa3bc3c7ce3e6f5daa398b30cb0fd414fc.mp3,src/data/primaryHub/sentence/g5v1_u4_grammar.json,g5v1_u4_grammar#A.A3,question.en@0.7
elevenlabs|el:lily|0.85||I can dance.,I can dance.,el:lily,0.85,https://audio.bigmooneducation.com/ab/abdbfe8652023f7185117c9279a677361d061152e7a7135d830ee763da8ee9e8.mp3,https://degqpiiddkxcuzwombwp.supabase.co/storage/v1/object/public/tts-audio/ab/abdbfe8652023f7185117c9279a677361d061152e7a7135d830ee763da8ee9e8.mp3,src/data/primaryHub/sentence/g5v1_u4_grammar.json,g5v1_u4_grammar#A.A3,question.en@0.85
elevenlabs|el:lily|0.7||What can you do?,What can you do?,el:lily,0.7,https://audio.bigmooneducation.com/0b/0b5196dc75212f8deff75b96ea57255ba6867fb290a2b4e86680553c5370b48a.mp3,https://degqpiiddkxcuzwombwp.supabase.co/storage/v1/object/public/tts-audio/0b/0b5196dc75212f8deff75b96ea57255ba6867fb290a2b4e86680553c5370b48a.mp3,src/data/primaryHub/sentence/g5v1_u4_grammar.json,g5v1_u4_grammar#A.A4,question.en@0.7
elevenlabs|el:lily|0.85||What can you do?,What can you do?,el:lily,0.85,https://audio.bigmooneducation.com/5e/5e63d820a51c23b5471f9a162a0ede65065a5dc8f6670d9f9aef4d1ca9aed531.mp3,https://degqpiiddkxcuzwombwp.supabase.co/storage/v1/object/public/tts-audio/5e/5e63d820a51c23b5471f9a162a0ede65065a5dc8f6670d9f9aef4d1ca9aed531.mp3,src/data/primaryHub/sentence/g5v1_u4_grammar.json,g5v1_u4_grammar#A.A4,question.en@0.85
elevenlabs|el:lily|0.7||I can draw.,I can draw.,el:lily,0.7,https://audio.bigmooneducation.com/de/dec6f9169067fd954c4c48400af97de3933a57fa6efa3d1fb693909b2c106332.mp3,https://degqpiiddkxcuzwombwp.supabase.co/storage/v1/object/public/tts-audio/de/dec6f9169067fd954c4c48400af97de3933a57fa6efa3d1fb693909b2c106332.mp3,src/data/primaryHub/sentence/g5v1_u4_grammar.json,g5v1_u4_grammar#B.B2,question.en@0.7
elevenlabs|el:lily|0.85||I can draw.,I can draw.,el:lily,0.85,https://audio.bigmooneducation.com/92/92477f1f1f004d6b5e708dec316a6f7266faeca8809f8f2d60712b2543fc91da.mp3,https://degqpiiddkxcuzwombwp.supabase.co/storage/v1/object/public/tts-audio/92/92477f1f1f004d6b5e708dec316a6f7266faeca8809f8f2d60712b2543fc91da.mp3,src/data/primaryHub/sentence/g5v1_u4_grammar.json,g5v1_u4_grammar#B.B2,question.en@0.85
elevenlabs|el:lily|0.7||I can sing songs.,I can sing songs.,el:lily,0.7,https://audio.bigmooneducation.com/e3/e3fb2dbb7fb56380d3acea7addf159b00e3538954512925b67b923406f76c000.mp3,https://degqpiiddkxcuzwombwp.supabase.co/storage/v1/object/public/tts-audio/e3/e3fb2dbb7fb56380d3acea7addf159b00e3538954512925b67b923406f76c000.mp3,src/data/primaryHub/sentence/g5v1_u4_grammar.json,g5v1_u4_grammar#B.B3,question.en@0.7
elevenlabs|el:lily|0.85||I can sing songs.,I can sing songs.,el:lily,0.85,https://audio.bigmooneducation.com/67/67e39f4994de4dffee166db782de52e5c207ae769adc4937f5e671acbd346498.mp3,https://degqpiiddkxcuzwombwp.supabase.co/storage/v1/object/public/tts-audio/67/67e39f4994de4dffee166db782de52e5c207ae769adc4937f5e671acbd346498.mp3,src/data/primaryHub/sentence/g5v1_u4_grammar.json,g5v1_u4_grammar#B.B3,question.en@0.85
elevenlabs|el:lily|0.7||Can you sing? Can you dance?,Can you sing? Can you dance?,el:lily,0.7,https://audio.bigmooneducation.com/1d/1d64101299df7f345ad55197de4df74b5bc743bcd8429de50df51f6f0d496a47.mp3,https://degqpiiddkxcuzwombwp.supabase.co/storage/v1/object/public/tts-audio/1d/1d64101299df7f345ad55197de4df74b5bc743bcd8429de50df51f6f0d496a47.mp3,src/data/primaryHub/sentence/g5v1_u4_grammar.json,g5v1_u4_grammar#B.B4,question.en@0.7
"elevenlabs|el:lily|0.7||Yes, we can! Let's have fun!","Yes, we can! Let's have fun!",el:lily,0.7,https://audio.bigmooneducation.com/dc/dc32b11d966f99ffed2baa8e07789850063eae0754af834dc6a87553205d43c2.mp3,https://degqpiiddkxcuzwombwp.supabase.co/storage/v1/object/public/tts-audio/dc/dc32b11d966f99ffed2baa8e07789850063eae0754af834dc6a87553205d43c2.mp3,src/data/primaryHub/sentence/g5v1_u4_grammar.json,g5v1_u4_grammar#B.B4,answer.en@0.7
elevenlabs|el:lily|0.85||Can you sing? Can you dance?,Can you sing? Can you dance?,el:lily,0.85,https://audio.bigmooneducation.com/fb/fbd6421960abfe10be4c83f87847435a87bade42ca0b3a236a18493169c90679.mp3,https://degqpiiddkxcuzwombwp.supabase.co/storage/v1/object/public/tts-audio/fb/fbd6421960abfe10be4c83f87847435a87bade42ca0b3a236a18493169c90679.mp3,src/data/primaryHub/sentence/g5v1_u4_grammar.json,g5v1_u4_grammar#B.B4,question.en@0.85
"elevenlabs|el:lily|0.85||Yes, we can! Let's have fun!","Yes, we can! Let's have fun!",el:lily,0.85,https://audio.bigmooneducation.com/35/35419e31b13598f005a87adcf64a58c01a6c033f79b37dda38feac9f90b492ff.mp3,https://degqpiiddkxcuzwombwp.supabase.co/storage/v1/object/public/tts-audio/35/35419e31b13598f005a87adcf64a58c01a6c033f79b37dda38feac9f90b492ff.mp3,src/data/primaryHub/sentence/g5v1_u4_grammar.json,g5v1_u4_grammar#B.B4,answer.en@0.85
elevenlabs|el:lily|0.7||What's in your bedroom?,What's in your bedroom?,el:lily,0.7,https://audio.bigmooneducation.com/82/8282458f8769579ecbd0a5f7598760cd4f9be314ca31ec35b07ff787afb87e88.mp3,https://degqpiiddkxcuzwombwp.supabase.co/storage/v1/object/public/tts-audio/82/8282458f8769579ecbd0a5f7598760cd4f9be314ca31ec35b07ff787afb87e88.mp3,src/data/primaryHub/sentence/g5v1_u5_grammar.json,g5v1_u5_grammar#A.A1,question.en@0.7
elevenlabs|el:lily|0.85||What's in your bedroom?,What's in your bedroom?,el:lily,0.85,https://audio.bigmooneducation.com/7b/7bbe8c980ff52a5ba8aa5e8c92723a4d1a4cfca8e5dc33f4ebca85fd56ffdfcf.mp3,https://degqpiiddkxcuzwombwp.supabase.co/storage/v1/object/public/tts-audio/7b/7bbe8c980ff52a5ba8aa5e8c92723a4d1a4cfca8e5dc33f4ebca85fd56ffdfcf.mp3,src/data/primaryHub/sentence/g5v1_u5_grammar.json,g5v1_u5_grammar#A.A1,question.en@0.85
elevenlabs|el:lily|0.7||There is a clock on the wall.,There is a clock on the wall.,el:lily,0.7,https://audio.bigmooneducation.com/c6/c6f07bbdcf1c9f59db04d425ec220a5ab96f7a1ba5adef4f33ff9e230d41feb3.mp3,https://degqpiiddkxcuzwombwp.supabase.co/storage/v1/object/public/tts-audio/c6/c6f07bbdcf1c9f59db04d425ec220a5ab96f7a1ba5adef4f33ff9e230d41feb3.mp3,src/data/primaryHub/sentence/g5v1_u5_grammar.json,g5v1_u5_grammar#A.A3,question.en@0.7
elevenlabs|el:lily|0.85||There is a clock on the wall.,There is a clock on the wall.,el:lily,0.85,https://audio.bigmooneducation.com/43/436692792f2f015a9c22a8fcf4c43c6dadfbad521c40bdd98ebd4e23f1cc3833.mp3,https://degqpiiddkxcuzwombwp.supabase.co/storage/v1/object/public/tts-audio/43/436692792f2f015a9c22a8fcf4c43c6dadfbad521c40bdd98ebd4e23f1cc3833.mp3,src/data/primaryHub/sentence/g5v1_u5_grammar.json,g5v1_u5_grammar#A.A3,question.en@0.85
elevenlabs|el:lily|0.7||Is there a bike in your room?,Is there a bike in your room?,el:lily,0.7,https://audio.bigmooneducation.com/73/73708690f78e3a62d25e91c150cd17b3769a1ccaaea25208792e72d90beb8cb6.mp3,https://degqpiiddkxcuzwombwp.supabase.co/storage/v1/object/public/tts-audio/73/73708690f78e3a62d25e91c150cd17b3769a1ccaaea25208792e72d90beb8cb6.mp3,src/data/primaryHub/sentence/g5v1_u5_grammar.json,g5v1_u5_grammar#B.B1,question.en@0.7
elevenlabs|el:lily|0.85||Is there a bike in your room?,Is there a bike in your room?,el:lily,0.85,https://audio.bigmooneducation.com/8b/8bda0f81a82cb24588b52616284d3ffa18b0fec665c26eb73c76ecd26adf29c2.mp3,https://degqpiiddkxcuzwombwp.supabase.co/storage/v1/object/public/tts-audio/8b/8bda0f81a82cb24588b52616284d3ffa18b0fec665c26eb73c76ecd26adf29c2.mp3,src/data/primaryHub/sentence/g5v1_u5_grammar.json,g5v1_u5_grammar#B.B1,question.en@0.85
elevenlabs|el:lily|0.7||Is there a clock?,Is there a clock?,el:lily,0.7,https://audio.bigmooneducation.com/66/66aec6801248a9c1f5441a5c25edd8d6034b5547ce3a3aa0801e043cf3ce8c82.mp3,https://degqpiiddkxcuzwombwp.supabase.co/storage/v1/object/public/tts-audio/66/66aec6801248a9c1f5441a5c25edd8d6034b5547ce3a3aa0801e043cf3ce8c82.mp3,src/data/primaryHub/sentence/g5v1_u5_grammar.json,g5v1_u5_grammar#B.B2,question.en@0.7
elevenlabs|el:lily|0.85||Is there a clock?,Is there a clock?,el:lily,0.85,https://audio.bigmooneducation.com/03/03ebdc647ba80b09ad41b96deea60fb9fabf467912f1b54e29f34c1101ae090e.mp3,https://degqpiiddkxcuzwombwp.supabase.co/storage/v1/object/public/tts-audio/03/03ebdc647ba80b09ad41b96deea60fb9fabf467912f1b54e29f34c1101ae090e.mp3,src/data/primaryHub/sentence/g5v1_u5_grammar.json,g5v1_u5_grammar#B.B2,question.en@0.85
elevenlabs|el:lily|0.7||The bike is in front of the bed.,The bike is in front of the bed.,el:lily,0.7,https://audio.bigmooneducation.com/23/23684eb75ac309bd08e3ce2cbe37d134ca90c7d41812ce3b5febc3e6e6df72d0.mp3,https://degqpiiddkxcuzwombwp.supabase.co/storage/v1/object/public/tts-audio/23/23684eb75ac309bd08e3ce2cbe37d134ca90c7d41812ce3b5febc3e6e6df72d0.mp3,src/data/primaryHub/sentence/g5v1_u5_grammar.json,g5v1_u5_grammar#B.B3,question.en@0.7
elevenlabs|el:lily|0.85||The bike is in front of the bed.,The bike is in front of the bed.,el:lily,0.85,https://audio.bigmooneducation.com/a5/a50b87561ba3fa0d1ae1390525f826cbfdea0800896a37169ff63ce922cd8bc5.mp3,https://degqpiiddkxcuzwombwp.supabase.co/storage/v1/object/public/tts-audio/a5/a50b87561ba3fa0d1ae1390525f826cbfdea0800896a37169ff63ce922cd8bc5.mp3,src/data/primaryHub/sentence/g5v1_u5_grammar.json,g5v1_u5_grammar#B.B3,question.en@0.85
"elevenlabs|el:lily|0.7||There is a bed, there is a chair,","There is a bed, there is a chair,",el:lily,0.7,https://audio.bigmooneducation.com/b0/b0c89c836fdb19dd5df3ecbbd416c1c22b63d106a2202aa1d980e395bd201309.mp3,https://degqpiiddkxcuzwombwp.supabase.co/storage/v1/object/public/tts-audio/b0/b0c89c836fdb19dd5df3ecbbd416c1c22b63d106a2202aa1d980e395bd201309.mp3,src/data/primaryHub/sentence/g5v1_u5_grammar.json,g5v1_u5_grammar#B.B4,question.en@0.7
"elevenlabs|el:lily|0.7||A clock, a plant, a bike right there!","A clock, a plant, a bike right there!",el:lily,0.7,https://audio.bigmooneducation.com/c5/c5defd99793f9e2970cdbb6730d07227cb6f2ead191ce1455251e56c0d04559f.mp3,https://degqpiiddkxcuzwombwp.supabase.co/storage/v1/object/public/tts-audio/c5/c5defd99793f9e2970cdbb6730d07227cb6f2ead191ce1455251e56c0d04559f.mp3,src/data/primaryHub/sentence/g5v1_u5_grammar.json,g5v1_u5_grammar#B.B4,answer.en@0.7
"elevenlabs|el:lily|0.85||There is a bed, there is a chair,","There is a bed, there is a chair,",el:lily,0.85,https://audio.bigmooneducation.com/ab/abc2d95dd95f9ddb0ba86696ffc79540d56666d503910e8f26f400773f759ebf.mp3,https://degqpiiddkxcuzwombwp.supabase.co/storage/v1/object/public/tts-audio/ab/abc2d95dd95f9ddb0ba86696ffc79540d56666d503910e8f26f400773f759ebf.mp3,src/data/primaryHub/sentence/g5v1_u5_grammar.json,g5v1_u5_grammar#B.B4,question.en@0.85
"elevenlabs|el:lily|0.85||A clock, a plant, a bike right there!","A clock, a plant, a bike right there!",el:lily,0.85,https://audio.bigmooneducation.com/c2/c2f27c103b7adc9a7609f86f4f573e56116da296d460e7d09954bb476898e1b6.mp3,https://degqpiiddkxcuzwombwp.supabase.co/storage/v1/object/public/tts-audio/c2/c2f27c103b7adc9a7609f86f4f573e56116da296d460e7d09954bb476898e1b6.mp3,src/data/primaryHub/sentence/g5v1_u5_grammar.json,g5v1_u5_grammar#B.B4,answer.en@0.85
elevenlabs|el:lily|0.7||Is there a bridge in the park?,Is there a bridge in the park?,el:lily,0.7,https://audio.bigmooneducation.com/2a/2a55e67ba07236416399d85fde97445ebbcc0ab410e92f7a861d6d8f50a0b2bc.mp3,https://degqpiiddkxcuzwombwp.supabase.co/storage/v1/object/public/tts-audio/2a/2a55e67ba07236416399d85fde97445ebbcc0ab410e92f7a861d6d8f50a0b2bc.mp3,src/data/primaryHub/sentence/g5v1_u6_grammar.json,g5v1_u6_grammar#A.A2,question.en@0.7
elevenlabs|el:lily|0.7||There is a high mountain in the park.,There is a high mountain in the park.,el:lily,0.7,https://audio.bigmooneducation.com/b1/b1b27376d2212879f5cfd64c536c2854501abb682cdb84a1bb957b0e98a1471f.mp3,https://degqpiiddkxcuzwombwp.supabase.co/storage/v1/object/public/tts-audio/b1/b1b27376d2212879f5cfd64c536c2854501abb682cdb84a1bb957b0e98a1471f.mp3,src/data/primaryHub/sentence/g5v1_u6_grammar.json,g5v1_u6_grammar#A.A3,question.en@0.7
elevenlabs|el:lily|0.7||Is there a river in the forest?,Is there a river in the forest?,el:lily,0.7,https://audio.bigmooneducation.com/e8/e8102a66f903b1b4e9abf9ae27cff3475472c006431378e62b604eb142864033.mp3,https://degqpiiddkxcuzwombwp.supabase.co/storage/v1/object/public/tts-audio/e8/e8102a66f903b1b4e9abf9ae27cff3475472c006431378e62b604eb142864033.mp3,src/data/primaryHub/sentence/g5v1_u6_grammar.json,g5v1_u6_grammar#A.A4,question.en@0.7
elevenlabs|el:lily|0.7||Are there any trees on the hill?,Are there any trees on the hill?,el:lily,0.7,https://audio.bigmooneducation.com/e7/e7eaae6da98ddfef09093a44374254fe3752e3363e493466af1d43f1e277a9d4.mp3,https://degqpiiddkxcuzwombwp.supabase.co/storage/v1/object/public/tts-audio/e7/e7eaae6da98ddfef09093a44374254fe3752e3363e493466af1d43f1e277a9d4.mp3,src/data/primaryHub/sentence/g5v1_u6_grammar.json,g5v1_u6_grammar#B.B2,question.en@0.7
elevenlabs|el:lily|0.7||Are there any tall buildings in the park?,Are there any tall buildings in the park?,el:lily,0.7,https://audio.bigmooneducation.com/50/500a4129c20f5237cd15407aa88bbf9c8122b63461e29ef35f76a63ebdf81590.mp3,https://degqpiiddkxcuzwombwp.supabase.co/storage/v1/object/public/tts-audio/50/500a4129c20f5237cd15407aa88bbf9c8122b63461e29ef35f76a63ebdf81590.mp3,src/data/primaryHub/sentence/g5v1_u6_grammar.json,g5v1_u6_grammar#B.B3,question.en@0.7
"elevenlabs|el:lily|0.7||River and lake, hill and tree,","River and lake, hill and tree,",el:lily,0.7,https://audio.bigmooneducation.com/af/af2e73d3862e3c208d540d3146e58a53022a7b9c9cbad6084505fc132a0d314d.mp3,https://degqpiiddkxcuzwombwp.supabase.co/storage/v1/object/public/tts-audio/af/af2e73d3862e3c208d540d3146e58a53022a7b9c9cbad6084505fc132a0d314d.mp3,src/data/primaryHub/sentence/g5v1_u6_grammar.json,g5v1_u6_grammar#B.B4,question.en@0.7
"elevenlabs|el:lily|0.7||In the nature park, come with me!","In the nature park, come with me!",el:lily,0.7,https://audio.bigmooneducation.com/c1/c1ee5ba726230bf290d1c03a42232ca2aef186ab29daa57cb7d6da02c152a7ed.mp3,https://degqpiiddkxcuzwombwp.supabase.co/storage/v1/object/public/tts-audio/c1/c1ee5ba726230bf290d1c03a42232ca2aef186ab29daa57cb7d6da02c152a7ed.mp3,src/data/primaryHub/sentence/g5v1_u6_grammar.json,g5v1_u6_grammar#B.B4,answer.en@0.7
elevenlabs|el:lily|0.7||I do morning exercises at seven.,I do morning exercises at seven.,el:lily,0.7,https://audio.bigmooneducation.com/e6/e6087096bcc8b0a9b013ec0f20827889c13855a76958a458c81856454a6ed12c.mp3,https://degqpiiddkxcuzwombwp.supabase.co/storage/v1/object/public/tts-audio/e6/e6087096bcc8b0a9b013ec0f20827889c13855a76958a458c81856454a6ed12c.mp3,src/data/primaryHub/sentence/g5v2_u1_grammar.json,g5v2_u1_grammar#A.A3,question.en@0.7
elevenlabs|el:lily|0.85||I do morning exercises at seven.,I do morning exercises at seven.,el:lily,0.85,https://audio.bigmooneducation.com/48/484d66411a964408a4fbb6e9093736122358daac9a7c3c12950e2fae73bebaa8.mp3,https://degqpiiddkxcuzwombwp.supabase.co/storage/v1/object/public/tts-audio/48/484d66411a964408a4fbb6e9093736122358daac9a7c3c12950e2fae73bebaa8.mp3,src/data/primaryHub/sentence/g5v2_u1_grammar.json,g5v2_u1_grammar#A.A3,question.en@0.85
elevenlabs|el:lily|0.7||I eat breakfast at six in the morning.,I eat breakfast at six in the morning.,el:lily,0.7,https://audio.bigmooneducation.com/73/73ba73b879553fe062a79ef6cd6135f2494b60af6cedbb76f157ca772615dba6.mp3,https://degqpiiddkxcuzwombwp.supabase.co/storage/v1/object/public/tts-audio/73/73ba73b879553fe062a79ef6cd6135f2494b60af6cedbb76f157ca772615dba6.mp3,src/data/primaryHub/sentence/g5v2_u1_grammar.json,g5v2_u1_grammar#B.B3,question.en@0.7
elevenlabs|el:lily|0.85||I eat breakfast at six in the morning.,I eat breakfast at six in the morning.,el:lily,0.85,https://audio.bigmooneducation.com/7e/7ea9097b6c2f7f9c7b9dd3a6a32150b2b31e2f70741f58af91177373fc68b9b2.mp3,https://degqpiiddkxcuzwombwp.supabase.co/storage/v1/object/public/tts-audio/7e/7ea9097b6c2f7f9c7b9dd3a6a32150b2b31e2f70741f58af91177373fc68b9b2.mp3,src/data/primaryHub/sentence/g5v2_u1_grammar.json,g5v2_u1_grammar#B.B3,question.en@0.85
"elevenlabs|el:lily|0.7||April, June, when is the day?","April, June, when is the day?",el:lily,0.7,https://audio.bigmooneducation.com/b6/b63200e89ad845f68c42b8893a4f5566d2fe49a28663f36c7265997271b00f1c.mp3,https://degqpiiddkxcuzwombwp.supabase.co/storage/v1/object/public/tts-audio/b6/b63200e89ad845f68c42b8893a4f5566d2fe49a28663f36c7265997271b00f1c.mp3,src/data/primaryHub/sentence/g5v2_u1_grammar.json,g5v2_u1_grammar#B.B4,question.en@0.7
"elevenlabs|el:lily|0.7||Eat, play and walk, come out to play!","Eat, play and walk, come out to play!",el:lily,0.7,https://audio.bigmooneducation.com/35/35e6792a0f6ed91e90a15a5ef590a26907f310b473ac2e2a436d6db1352a3834.mp3,https://degqpiiddkxcuzwombwp.supabase.co/storage/v1/object/public/tts-audio/35/35e6792a0f6ed91e90a15a5ef590a26907f310b473ac2e2a436d6db1352a3834.mp3,src/data/primaryHub/sentence/g5v2_u1_grammar.json,g5v2_u1_grammar#B.B4,answer.en@0.7
"elevenlabs|el:lily|0.85||April, June, when is the day?","April, June, when is the day?",el:lily,0.85,https://audio.bigmooneducation.com/82/8242144a4c3b2941931339ec8f170ab7c9f91f89d73e3d823b3a1ecdbbda36d9.mp3,https://degqpiiddkxcuzwombwp.supabase.co/storage/v1/object/public/tts-audio/82/8242144a4c3b2941931339ec8f170ab7c9f91f89d73e3d823b3a1ecdbbda36d9.mp3,src/data/primaryHub/sentence/g5v2_u1_grammar.json,g5v2_u1_grammar#B.B4,question.en@0.85
"elevenlabs|el:lily|0.85||Eat, play and walk, come out to play!","Eat, play and walk, come out to play!",el:lily,0.85,https://audio.bigmooneducation.com/e2/e26687bc72557ef70ea4f2d226feff95ce987e374c543478ccfa6d5605c5ef70.mp3,https://degqpiiddkxcuzwombwp.supabase.co/storage/v1/object/public/tts-audio/e2/e26687bc72557ef70ea4f2d226feff95ce987e374c543478ccfa6d5605c5ef70.mp3,src/data/primaryHub/sentence/g5v2_u1_grammar.json,g5v2_u1_grammar#B.B4,answer.en@0.85
elevenlabs|el:lily|0.7||Which season do you like best?,Which season do you like best?,el:lily,0.7,https://audio.bigmooneducation.com/bf/bfe4b333ca7c2e9d5d09da7bdc4c7a4fd8b1e4f83389fecfc6cb9e53ae14072e.mp3,https://degqpiiddkxcuzwombwp.supabase.co/storage/v1/object/public/tts-audio/bf/bfe4b333ca7c2e9d5d09da7bdc4c7a4fd8b1e4f83389fecfc6cb9e53ae14072e.mp3,src/data/primaryHub/sentence/g5v2_u2_grammar.json,g5v2_u2_grammar#A.A2,question.en@0.7
elevenlabs|el:lily|0.85||Which season do you like best?,Which season do you like best?,el:lily,0.85,https://audio.bigmooneducation.com/fc/fcc8624859ae5627d375f9958b17de165c1159897cbf28484f087d3b74fefe30.mp3,https://degqpiiddkxcuzwombwp.supabase.co/storage/v1/object/public/tts-audio/fc/fcc8624859ae5627d375f9958b17de165c1159897cbf28484f087d3b74fefe30.mp3,src/data/primaryHub/sentence/g5v2_u2_grammar.json,g5v2_u2_grammar#A.A2,question.en@0.85
elevenlabs|el:lily|0.7||I like spring best.,I like spring best.,el:lily,0.7,https://audio.bigmooneducation.com/78/78f83e4f76f30a46c1ecb0e14a2a2eec10b448ba4a9c83a11989af27630f0d1a.mp3,https://degqpiiddkxcuzwombwp.supabase.co/storage/v1/object/public/tts-audio/78/78f83e4f76f30a46c1ecb0e14a2a2eec10b448ba4a9c83a11989af27630f0d1a.mp3,src/data/primaryHub/sentence/g5v2_u2_grammar.json,g5v2_u2_grammar#A.A3,question.en@0.7
elevenlabs|el:lily|0.85||I like spring best.,I like spring best.,el:lily,0.85,https://audio.bigmooneducation.com/8e/8e4158fb254c9f03cfdb006df7acc17b20ad0a92e735aacfd0a485d6d2e3b7e9.mp3,https://degqpiiddkxcuzwombwp.supabase.co/storage/v1/object/public/tts-audio/8e/8e4158fb254c9f03cfdb006df7acc17b20ad0a92e735aacfd0a485d6d2e3b7e9.mp3,src/data/primaryHub/sentence/g5v2_u2_grammar.json,g5v2_u2_grammar#A.A3,question.en@0.85
elevenlabs|el:lily|0.7||Do you like autumn?,Do you like autumn?,el:lily,0.7,https://audio.bigmooneducation.com/c4/c461fe24e275f78eb54f4207cc8fdedc80fd7cb170f10b8549849d727e082793.mp3,https://degqpiiddkxcuzwombwp.supabase.co/storage/v1/object/public/tts-audio/c4/c461fe24e275f78eb54f4207cc8fdedc80fd7cb170f10b8549849d727e082793.mp3,src/data/primaryHub/sentence/g5v2_u2_grammar.json,g5v2_u2_grammar#B.B2,question.en@0.7
elevenlabs|el:lily|0.85||Do you like autumn?,Do you like autumn?,el:lily,0.85,https://audio.bigmooneducation.com/31/31c6a20fc62324b38a5566dd10ef1efce09b14f89a2ee4fc3e3aba759ca13126.mp3,https://degqpiiddkxcuzwombwp.supabase.co/storage/v1/object/public/tts-audio/31/31c6a20fc62324b38a5566dd10ef1efce09b14f89a2ee4fc3e3aba759ca13126.mp3,src/data/primaryHub/sentence/g5v2_u2_grammar.json,g5v2_u2_grammar#B.B2,question.en@0.85
elevenlabs|el:lily|0.7||We go on a picnic in spring.,We go on a picnic in spring.,el:lily,0.7,https://audio.bigmooneducation.com/da/da93f85b241c44b1360661460b1b6712460f32060020f89783693da77449e8d2.mp3,https://degqpiiddkxcuzwombwp.supabase.co/storage/v1/object/public/tts-audio/da/da93f85b241c44b1360661460b1b6712460f32060020f89783693da77449e8d2.mp3,src/data/primaryHub/sentence/g5v2_u2_grammar.json,g5v2_u2_grammar#B.B3,question.en@0.7
elevenlabs|el:lily|0.85||We go on a picnic in spring.,We go on a picnic in spring.,el:lily,0.85,https://audio.bigmooneducation.com/c9/c9610824235fc5c34ed8f730c4892130621e76c28d32d7b5a936a94dcc2785ba.mp3,https://degqpiiddkxcuzwombwp.supabase.co/storage/v1/object/public/tts-audio/c9/c9610824235fc5c34ed8f730c4892130621e76c28d32d7b5a936a94dcc2785ba.mp3,src/data/primaryHub/sentence/g5v2_u2_grammar.json,g5v2_u2_grammar#B.B3,question.en@0.85
"elevenlabs|el:lily|0.7||Spring, summer, which do you like?","Spring, summer, which do you like?",el:lily,0.7,https://audio.bigmooneducation.com/eb/eb721202b9f7405d293f666c5dd2cffdde80cad6ee24ba30bd9404710979e7ae.mp3,https://degqpiiddkxcuzwombwp.supabase.co/storage/v1/object/public/tts-audio/eb/eb721202b9f7405d293f666c5dd2cffdde80cad6ee24ba30bd9404710979e7ae.mp3,src/data/primaryHub/sentence/g5v2_u2_grammar.json,g5v2_u2_grammar#B.B4,question.en@0.7
"elevenlabs|el:lily|0.7||Autumn, winter, I like them all!","Autumn, winter, I like them all!",el:lily,0.7,https://audio.bigmooneducation.com/43/436062cd225a51d688c17a15ae162e97dbd2292b651a5193ce6e75f90f2f8fa2.mp3,https://degqpiiddkxcuzwombwp.supabase.co/storage/v1/object/public/tts-audio/43/436062cd225a51d688c17a15ae162e97dbd2292b651a5193ce6e75f90f2f8fa2.mp3,src/data/primaryHub/sentence/g5v2_u2_grammar.json,g5v2_u2_grammar#B.B4,answer.en@0.7
"elevenlabs|el:lily|0.85||Spring, summer, which do you like?","Spring, summer, which do you like?",el:lily,0.85,https://audio.bigmooneducation.com/44/4492fb2dd221f027609108139004ac3317c7341a22d121bcacbf257062a3615e.mp3,https://degqpiiddkxcuzwombwp.supabase.co/storage/v1/object/public/tts-audio/44/4492fb2dd221f027609108139004ac3317c7341a22d121bcacbf257062a3615e.mp3,src/data/primaryHub/sentence/g5v2_u2_grammar.json,g5v2_u2_grammar#B.B4,question.en@0.85
"elevenlabs|el:lily|0.85||Autumn, winter, I like them all!","Autumn, winter, I like them all!",el:lily,0.85,https://audio.bigmooneducation.com/08/0806e4ae7e81109e56f9711f404fae8660f735370e92e253f8ecc2012913b381.mp3,https://degqpiiddkxcuzwombwp.supabase.co/storage/v1/object/public/tts-audio/08/0806e4ae7e81109e56f9711f404fae8660f735370e92e253f8ecc2012913b381.mp3,src/data/primaryHub/sentence/g5v2_u2_grammar.json,g5v2_u2_grammar#B.B4,answer.en@0.85
"elevenlabs|el:lily|0.7||January, February, March and more,","January, February, March and more,",el:lily,0.7,https://audio.bigmooneducation.com/c9/c96d1d3faf658c72ac9ac3aea540c48cb070893c48a128ed2dfac95ae172ffb4.mp3,https://degqpiiddkxcuzwombwp.supabase.co/storage/v1/object/public/tts-audio/c9/c96d1d3faf658c72ac9ac3aea540c48cb070893c48a128ed2dfac95ae172ffb4.mp3,src/data/primaryHub/sentence/g5v2_u3_grammar.json,g5v2_u3_grammar#B.B4,question.en@0.7
"elevenlabs|el:lily|0.7||April, May, June, the calendar's full!","April, May, June, the calendar's full!",el:lily,0.7,https://audio.bigmooneducation.com/2a/2aab717dc11f343e5612f501e1d247c591ce4d6f562b3f49de4ab1100390f88c.mp3,https://degqpiiddkxcuzwombwp.supabase.co/storage/v1/object/public/tts-audio/2a/2aab717dc11f343e5612f501e1d247c591ce4d6f562b3f49de4ab1100390f88c.mp3,src/data/primaryHub/sentence/g5v2_u3_grammar.json,g5v2_u3_grammar#B.B4,answer.en@0.7
"elevenlabs|el:lily|0.85||January, February, March and more,","January, February, March and more,",el:lily,0.85,https://audio.bigmooneducation.com/50/50c9bb60d35c32ae52eeecffb11a7a15a8c081497bf596ce1c35250a6e2f293d.mp3,https://degqpiiddkxcuzwombwp.supabase.co/storage/v1/object/public/tts-audio/50/50c9bb60d35c32ae52eeecffb11a7a15a8c081497bf596ce1c35250a6e2f293d.mp3,src/data/primaryHub/sentence/g5v2_u3_grammar.json,g5v2_u3_grammar#B.B4,question.en@0.85
"elevenlabs|el:lily|0.85||April, May, June, the calendar's full!","April, May, June, the calendar's full!",el:lily,0.85,https://audio.bigmooneducation.com/d1/d1ef7c1622822fa366f454bcbb0f235c77a08581994818063a4d2bd70cd595a7.mp3,https://degqpiiddkxcuzwombwp.supabase.co/storage/v1/object/public/tts-audio/d1/d1ef7c1622822fa366f454bcbb0f235c77a08581994818063a4d2bd70cd595a7.mp3,src/data/primaryHub/sentence/g5v2_u3_grammar.json,g5v2_u3_grammar#B.B4,answer.en@0.85
elevenlabs|el:lily|0.7||Can I try these on?,Can I try these on?,el:lily,0.7,https://audio.bigmooneducation.com/55/551dd9c420adf48266e926d8b6e33cb325804d6d84086f8c858d6ec853e58932.mp3,https://degqpiiddkxcuzwombwp.supabase.co/storage/v1/object/public/tts-audio/55/551dd9c420adf48266e926d8b6e33cb325804d6d84086f8c858d6ec853e58932.mp3,src/data/primaryHub/sentence/g5v2_u4_grammar.json,g5v2_u4_grammar#A.A2,question.en@0.7
elevenlabs|el:lily|0.85||Can I try these on?,Can I try these on?,el:lily,0.85,https://audio.bigmooneducation.com/4a/4a5facb3ba6d5565b9996a9ee3e02f3be2f28256facb02ec5d845190be2d4b9b.mp3,https://degqpiiddkxcuzwombwp.supabase.co/storage/v1/object/public/tts-audio/4a/4a5facb3ba6d5565b9996a9ee3e02f3be2f28256facb02ec5d845190be2d4b9b.mp3,src/data/primaryHub/sentence/g5v2_u4_grammar.json,g5v2_u4_grammar#A.A2,question.en@0.85
elevenlabs|el:lily|0.7||The shoes are on the first floor.,The shoes are on the first floor.,el:lily,0.7,https://audio.bigmooneducation.com/31/31fd90cf0f02f4953242cd551a5fdde29c015139c4b6ef7ca8a362d02f189630.mp3,https://degqpiiddkxcuzwombwp.supabase.co/storage/v1/object/public/tts-audio/31/31fd90cf0f02f4953242cd551a5fdde29c015139c4b6ef7ca8a362d02f189630.mp3,src/data/primaryHub/sentence/g5v2_u4_grammar.json,g5v2_u4_grammar#A.A3,question.en@0.7
elevenlabs|el:lily|0.85||The shoes are on the first floor.,The shoes are on the first floor.,el:lily,0.85,https://audio.bigmooneducation.com/8a/8a0a44e55441b6d15b2f34a093d5d1c10142de7070ed79dc89ac27436a6a587a.mp3,https://degqpiiddkxcuzwombwp.supabase.co/storage/v1/object/public/tts-audio/8a/8a0a44e55441b6d15b2f34a093d5d1c10142de7070ed79dc89ac27436a6a587a.mp3,src/data/primaryHub/sentence/g5v2_u4_grammar.json,g5v2_u4_grammar#A.A3,question.en@0.85
elevenlabs|el:lily|0.7||The coats are on the twelfth floor.,The coats are on the twelfth floor.,el:lily,0.7,https://audio.bigmooneducation.com/d2/d22dbb471e1a9c070c15138239442cddd6b4ad17ca9b07b2d19b3c8a9be07baa.mp3,https://degqpiiddkxcuzwombwp.supabase.co/storage/v1/object/public/tts-audio/d2/d22dbb471e1a9c070c15138239442cddd6b4ad17ca9b07b2d19b3c8a9be07baa.mp3,src/data/primaryHub/sentence/g5v2_u4_grammar.json,g5v2_u4_grammar#B.B3,question.en@0.7
elevenlabs|el:lily|0.85||The coats are on the twelfth floor.,The coats are on the twelfth floor.,el:lily,0.85,https://audio.bigmooneducation.com/c4/c43cbb749a1829a0451244c9ceaf5cf6596bab911ec0f6742b6cfc28ec70f8a6.mp3,https://degqpiiddkxcuzwombwp.supabase.co/storage/v1/object/public/tts-audio/c4/c43cbb749a1829a0451244c9ceaf5cf6596bab911ec0f6742b6cfc28ec70f8a6.mp3,src/data/primaryHub/sentence/g5v2_u4_grammar.json,g5v2_u4_grammar#B.B3,question.en@0.85
"elevenlabs|el:lily|0.7||First, second, third, let's go and shop!","First, second, third, let's go and shop!",el:lily,0.7,https://audio.bigmooneducation.com/15/151ec73ff3d500d438b44cb8adec48189228da526d48ac84bca97185bbd9a440.mp3,https://degqpiiddkxcuzwombwp.supabase.co/storage/v1/object/public/tts-audio/15/151ec73ff3d500d438b44cb8adec48189228da526d48ac84bca97185bbd9a440.mp3,src/data/primaryHub/sentence/g5v2_u4_grammar.json,g5v2_u4_grammar#B.B4,question.en@0.7
"elevenlabs|el:lily|0.7||Fourth, fifth floor, the shoes are on top!","Fourth, fifth floor, the shoes are on top!",el:lily,0.7,https://audio.bigmooneducation.com/76/76aa4318be910ad89ec632e7572bc30e63d9e068a9f2b23605364557cc1c6295.mp3,https://degqpiiddkxcuzwombwp.supabase.co/storage/v1/object/public/tts-audio/76/76aa4318be910ad89ec632e7572bc30e63d9e068a9f2b23605364557cc1c6295.mp3,src/data/primaryHub/sentence/g5v2_u4_grammar.json,g5v2_u4_grammar#B.B4,answer.en@0.7
"elevenlabs|el:lily|0.85||First, second, third, let's go and shop!","First, second, third, let's go and shop!",el:lily,0.85,https://audio.bigmooneducation.com/5e/5e4dbc621a8fc19c3660fcfc62b61af9b681b75fe61a6294bef14b12776e58d8.mp3,https://degqpiiddkxcuzwombwp.supabase.co/storage/v1/object/public/tts-audio/5e/5e4dbc621a8fc19c3660fcfc62b61af9b681b75fe61a6294bef14b12776e58d8.mp3,src/data/primaryHub/sentence/g5v2_u4_grammar.json,g5v2_u4_grammar#B.B4,question.en@0.85
"elevenlabs|el:lily|0.85||Fourth, fifth floor, the shoes are on top!","Fourth, fifth floor, the shoes are on top!",el:lily,0.85,https://audio.bigmooneducation.com/23/23278e2b53ed3529224726def85af6189151c2736e2aa9baed1917e9deb57317.mp3,https://degqpiiddkxcuzwombwp.supabase.co/storage/v1/object/public/tts-audio/23/23278e2b53ed3529224726def85af6189151c2736e2aa9baed1917e9deb57317.mp3,src/data/primaryHub/sentence/g5v2_u4_grammar.json,g5v2_u4_grammar#B.B4,answer.en@0.85
elevenlabs|el:lily|0.7||Whose dog is it?,Whose dog is it?,el:lily,0.7,https://audio.bigmooneducation.com/c0/c0bf628bd1f6c36b3653a8cbc26655a07c2324f91831f539f8f14e21bd2388cb.mp3,https://degqpiiddkxcuzwombwp.supabase.co/storage/v1/object/public/tts-audio/c0/c0bf628bd1f6c36b3653a8cbc26655a07c2324f91831f539f8f14e21bd2388cb.mp3,src/data/primaryHub/sentence/g5v2_u5_grammar.json,g5v2_u5_grammar#A.A2,question.en@0.7
elevenlabs|el:lily|0.7||The book is mine.,The book is mine.,el:lily,0.7,https://audio.bigmooneducation.com/c7/c72441a4bdd6bea133624bc76fc9105b2ce049c4d84fc3225119cefb27105b26.mp3,https://degqpiiddkxcuzwombwp.supabase.co/storage/v1/object/public/tts-audio/c7/c72441a4bdd6bea133624bc76fc9105b2ce049c4d84fc3225119cefb27105b26.mp3,src/data/primaryHub/sentence/g5v2_u5_grammar.json,g5v2_u5_grammar#A.A3,question.en@0.7
elevenlabs|el:lily|0.7||The cat is climbing.,The cat is climbing.,el:lily,0.7,https://audio.bigmooneducation.com/9f/9f7160b91f86ba4016b40be9e6240d306dd866cc40fa1b121a22ea51011f4457.mp3,https://degqpiiddkxcuzwombwp.supabase.co/storage/v1/object/public/tts-audio/9f/9f7160b91f86ba4016b40be9e6240d306dd866cc40fa1b121a22ea51011f4457.mp3,src/data/primaryHub/sentence/g5v2_u5_grammar.json,g5v2_u5_grammar#B.B3,question.en@0.7
"elevenlabs|el:lily|0.7||Whose, whose, whose is it?","Whose, whose, whose is it?",el:lily,0.7,https://audio.bigmooneducation.com/9a/9a231c4230dc33a5a529686fd6b9f233319a384bdeac949cb80e922159778437.mp3,https://degqpiiddkxcuzwombwp.supabase.co/storage/v1/object/public/tts-audio/9a/9a231c4230dc33a5a529686fd6b9f233319a384bdeac949cb80e922159778437.mp3,src/data/primaryHub/sentence/g5v2_u5_grammar.json,g5v2_u5_grammar#B.B4,question.en@0.7
"elevenlabs|el:lily|0.7||Mine, yours, his — you guess it!","Mine, yours, his — you guess it!",el:lily,0.7,https://audio.bigmooneducation.com/4b/4b451dda45c0740bcb412744bc08cfef94807a70db03003d9f85c2a30a8eb69e.mp3,https://degqpiiddkxcuzwombwp.supabase.co/storage/v1/object/public/tts-audio/4b/4b451dda45c0740bcb412744bc08cfef94807a70db03003d9f85c2a30a8eb69e.mp3,src/data/primaryHub/sentence/g5v2_u5_grammar.json,g5v2_u5_grammar#B.B4,answer.en@0.7
elevenlabs|el:lily|0.7||What's the girl doing?,What's the girl doing?,el:lily,0.7,https://audio.bigmooneducation.com/9f/9f5d83d53d4710d8e218ce4406e78146027fcf334ca13fb7b9974a9f0f31ce0c.mp3,https://degqpiiddkxcuzwombwp.supabase.co/storage/v1/object/public/tts-audio/9f/9f5d83d53d4710d8e218ce4406e78146027fcf334ca13fb7b9974a9f0f31ce0c.mp3,src/data/primaryHub/sentence/g5v2_u6_grammar.json,g5v2_u6_grammar#A.A3,question.en@0.7
elevenlabs|el:lily|0.7||She's eating lunch.,She's eating lunch.,el:lily,0.7,https://audio.bigmooneducation.com/a9/a9902a9b34a9d4f8e67701b50fd134c13d3988fb5df42108194939b2ce004294.mp3,https://degqpiiddkxcuzwombwp.supabase.co/storage/v1/object/public/tts-audio/a9/a9902a9b34a9d4f8e67701b50fd134c13d3988fb5df42108194939b2ce004294.mp3,src/data/primaryHub/sentence/g5v2_u6_grammar.json,g5v2_u6_grammar#A.A3,answer.en@0.7
elevenlabs|el:lily|0.7||What's Sarah doing?,What's Sarah doing?,el:lily,0.7,https://audio.bigmooneducation.com/b6/b6ed5aa4df73f5c499ee09ae8955798ca5c9d2acb967fb1bdee4a8967f932c59.mp3,https://degqpiiddkxcuzwombwp.supabase.co/storage/v1/object/public/tts-audio/b6/b6ed5aa4df73f5c499ee09ae8955798ca5c9d2acb967fb1bdee4a8967f932c59.mp3,src/data/primaryHub/sentence/g5v2_u6_grammar.json,g5v2_u6_grammar#B.B1,question.en@0.7
elevenlabs|el:lily|0.7||She's reading a book.,She's reading a book.,el:lily,0.7,https://audio.bigmooneducation.com/22/2295c904d0e756e35efda7a986538ababea3cde65b519c42d02a9ec4e2bffe48.mp3,https://degqpiiddkxcuzwombwp.supabase.co/storage/v1/object/public/tts-audio/22/2295c904d0e756e35efda7a986538ababea3cde65b519c42d02a9ec4e2bffe48.mp3,src/data/primaryHub/sentence/g5v2_u6_grammar.json,g5v2_u6_grammar#B.B1,answer.en@0.7
elevenlabs|el:lily|0.7||She is reading a book.,She is reading a book.,el:lily,0.7,https://audio.bigmooneducation.com/d5/d53eae73dc1bc0be9e95a442d7f13b679e95beff9265059b4fe0bd0c825e9a33.mp3,https://degqpiiddkxcuzwombwp.supabase.co/storage/v1/object/public/tts-audio/d5/d53eae73dc1bc0be9e95a442d7f13b679e95beff9265059b4fe0bd0c825e9a33.mp3,src/data/primaryHub/sentence/g5v2_u6_grammar.json,g5v2_u6_grammar#B.B2,question.en@0.7
elevenlabs|el:lily|0.7||Please keep your desk clean.,Please keep your desk clean.,el:lily,0.7,https://audio.bigmooneducation.com/cb/cb2aeebf1f80eb6ecfec52bd9acb99562b7b0e24cec8ece0ba5aa3f4519be78f.mp3,https://degqpiiddkxcuzwombwp.supabase.co/storage/v1/object/public/tts-audio/cb/cb2aeebf1f80eb6ecfec52bd9acb99562b7b0e24cec8ece0ba5aa3f4519be78f.mp3,src/data/primaryHub/sentence/g5v2_u6_grammar.json,g5v2_u6_grammar#B.B3,question.en@0.7
"elevenlabs|el:lily|0.7||Keep quiet, keep your desk clean,","Keep quiet, keep your desk clean,",el:lily,0.7,https://audio.bigmooneducation.com/d8/d867480043d5eecb41eafe8d77fe212b7ba401b6452a12af0106a0b4dd694303.mp3,https://degqpiiddkxcuzwombwp.supabase.co/storage/v1/object/public/tts-audio/d8/d867480043d5eecb41eafe8d77fe212b7ba401b6452a12af0106a0b4dd694303.mp3,src/data/primaryHub/sentence/g5v2_u6_grammar.json,g5v2_u6_grammar#B.B4,question.en@0.7
"elevenlabs|el:lily|0.7||Read a book, learning is fun!","Read a book, learning is fun!",el:lily,0.7,https://audio.bigmooneducation.com/f6/f675bc6e60efc4a50f0f6a5c7eccdb408913311fc016c57926465f31ca9d060e.mp3,https://degqpiiddkxcuzwombwp.supabase.co/storage/v1/object/public/tts-audio/f6/f675bc6e60efc4a50f0f6a5c7eccdb408913311fc016c57926465f31ca9d060e.mp3,src/data/primaryHub/sentence/g5v2_u6_grammar.json,g5v2_u6_grammar#B.B4,answer.en@0.7
elevenlabs|el:lily|0.7||Where is the post office?,Where is the post office?,el:lily,0.7,https://audio.bigmooneducation.com/10/10e67fb3a95d8eaf4e04d112b888e2134cabe944c858383c342a95a1040ed2bc.mp3,https://degqpiiddkxcuzwombwp.supabase.co/storage/v1/object/public/tts-audio/10/10e67fb3a95d8eaf4e04d112b888e2134cabe944c858383c342a95a1040ed2bc.mp3,src/data/primaryHub/sentence/g6v1_u1_grammar.json,g6v1_u1_grammar#A.A2,question.en@0.7
elevenlabs|el:lily|0.7||The cinema is near the hospital.,The cinema is near the hospital.,el:lily,0.7,https://audio.bigmooneducation.com/75/75211f8b67b3526b9078d43428c92dbc41993291f02a546632a43619fc8da385.mp3,https://degqpiiddkxcuzwombwp.supabase.co/storage/v1/object/public/tts-audio/75/75211f8b67b3526b9078d43428c92dbc41993291f02a546632a43619fc8da385.mp3,src/data/primaryHub/sentence/g6v1_u1_grammar.json,g6v1_u1_grammar#A.A3,question.en@0.7
elevenlabs|el:lily|0.7||Where is the museum?,Where is the museum?,el:lily,0.7,https://audio.bigmooneducation.com/6a/6a713a02d6d00bb878546f2685bd9f43c3e51be86048597aef7143ea9ae7bb2d.mp3,https://degqpiiddkxcuzwombwp.supabase.co/storage/v1/object/public/tts-audio/6a/6a713a02d6d00bb878546f2685bd9f43c3e51be86048597aef7143ea9ae7bb2d.mp3,src/data/primaryHub/sentence/g6v1_u1_grammar.json,g6v1_u1_grammar#A.A4,question.en@0.7
elevenlabs|el:lily|0.7||How can I get to the hospital?,How can I get to the hospital?,el:lily,0.7,https://audio.bigmooneducation.com/f9/f9a82f1789d9206b67c7b56fa81903afc556397660f99866156801393f916c0a.mp3,https://degqpiiddkxcuzwombwp.supabase.co/storage/v1/object/public/tts-audio/f9/f9a82f1789d9206b67c7b56fa81903afc556397660f99866156801393f916c0a.mp3,src/data/primaryHub/sentence/g6v1_u1_grammar.json,g6v1_u1_grammar#B.B2,question.en@0.7
"elevenlabs|el:lily|0.7||Turn left, turn right, where do we go?","Turn left, turn right, where do we go?",el:lily,0.7,https://audio.bigmooneducation.com/4f/4fbfb14e42243113f65a4dbd0e793d69e909a62e0fdff2e419ee8ca7b3c5946b.mp3,https://degqpiiddkxcuzwombwp.supabase.co/storage/v1/object/public/tts-audio/4f/4fbfb14e42243113f65a4dbd0e793d69e909a62e0fdff2e419ee8ca7b3c5946b.mp3,src/data/primaryHub/sentence/g6v1_u1_grammar.json,g6v1_u1_grammar#B.B4,question.en@0.7
"elevenlabs|el:lily|0.7||To the museum, let's say hello!","To the museum, let's say hello!",el:lily,0.7,https://audio.bigmooneducation.com/75/754c51dad185c74a3d5d008d35c46946f6c78241cb201d82486bd804dbc4f365.mp3,https://degqpiiddkxcuzwombwp.supabase.co/storage/v1/object/public/tts-audio/75/754c51dad185c74a3d5d008d35c46946f6c78241cb201d82486bd804dbc4f365.mp3,src/data/primaryHub/sentence/g6v1_u1_grammar.json,g6v1_u1_grammar#B.B4,answer.en@0.7
elevenlabs|el:lily|0.7||I come to school by bus.,I come to school by bus.,el:lily,0.7,https://audio.bigmooneducation.com/81/8133750ad9a4a4c59f31fe15e631df68c1e5117b44efb8b7423bfa8d5b450ef1.mp3,https://degqpiiddkxcuzwombwp.supabase.co/storage/v1/object/public/tts-audio/81/8133750ad9a4a4c59f31fe15e631df68c1e5117b44efb8b7423bfa8d5b450ef1.mp3,src/data/primaryHub/sentence/g6v1_u2_grammar.json,g6v1_u2_grammar#A.A3,question.en@0.7
elevenlabs|el:lily|0.85||I come to school by bus.,I come to school by bus.,el:lily,0.85,https://audio.bigmooneducation.com/03/035b22280b7865a1b2aed3ce8a4c3bcca25a303a129cab9bd41743df6739719e.mp3,https://degqpiiddkxcuzwombwp.supabase.co/storage/v1/object/public/tts-audio/03/035b22280b7865a1b2aed3ce8a4c3bcca25a303a129cab9bd41743df6739719e.mp3,src/data/primaryHub/sentence/g6v1_u2_grammar.json,g6v1_u2_grammar#A.A3,question.en@0.85
elevenlabs|el:lily|1||I come to school by bus.,I come to school by bus.,el:lily,1,https://audio.bigmooneducation.com/c4/c47e17b505da1be519dc4a364e3e8089fdf0096c71b52dd293fcd139e381b226.mp3,https://degqpiiddkxcuzwombwp.supabase.co/storage/v1/object/public/tts-audio/c4/c47e17b505da1be519dc4a364e3e8089fdf0096c71b52dd293fcd139e381b226.mp3,src/data/primaryHub/sentence/g6v1_u2_grammar.json,g6v1_u2_grammar#A.A3,question.en@1
"elevenlabs|el:lily|0.7||Red light, red light, stop, stop, stop!","Red light, red light, stop, stop, stop!",el:lily,0.7,https://audio.bigmooneducation.com/18/18272403e5672ac9ad409d32123ca8e39e2a70935905c6ebc2d60bab64763f14.mp3,https://degqpiiddkxcuzwombwp.supabase.co/storage/v1/object/public/tts-audio/18/18272403e5672ac9ad409d32123ca8e39e2a70935905c6ebc2d60bab64763f14.mp3,src/data/primaryHub/sentence/g6v1_u2_grammar.json,g6v1_u2_grammar#B.B4,question.en@0.7
"elevenlabs|el:lily|0.7||Green light, green light, go, go, go!","Green light, green light, go, go, go!",el:lily,0.7,https://audio.bigmooneducation.com/f3/f33ab620aa939e094e0b596a36eb7c53f64460f52c042dcdb2a25bffa990b880.mp3,https://degqpiiddkxcuzwombwp.supabase.co/storage/v1/object/public/tts-audio/f3/f33ab620aa939e094e0b596a36eb7c53f64460f52c042dcdb2a25bffa990b880.mp3,src/data/primaryHub/sentence/g6v1_u2_grammar.json,g6v1_u2_grammar#B.B4,answer.en@0.7
"elevenlabs|el:lily|0.85||Red light, red light, stop, stop, stop!","Red light, red light, stop, stop, stop!",el:lily,0.85,https://audio.bigmooneducation.com/bf/bf1b1cab5446d9c5680acbc39ab7ac59dacef45a5e18ee3743096bfcfc632aea.mp3,https://degqpiiddkxcuzwombwp.supabase.co/storage/v1/object/public/tts-audio/bf/bf1b1cab5446d9c5680acbc39ab7ac59dacef45a5e18ee3743096bfcfc632aea.mp3,src/data/primaryHub/sentence/g6v1_u2_grammar.json,g6v1_u2_grammar#B.B4,question.en@0.85
"elevenlabs|el:lily|0.85||Green light, green light, go, go, go!","Green light, green light, go, go, go!",el:lily,0.85,https://audio.bigmooneducation.com/0b/0b2d021ba0f722c0583e1902890c43b58a3ce1ec4027a76f3110a66edc7c279c.mp3,https://degqpiiddkxcuzwombwp.supabase.co/storage/v1/object/public/tts-audio/0b/0b2d021ba0f722c0583e1902890c43b58a3ce1ec4027a76f3110a66edc7c279c.mp3,src/data/primaryHub/sentence/g6v1_u2_grammar.json,g6v1_u2_grammar#B.B4,answer.en@0.85
"elevenlabs|el:lily|1||Red light, red light, stop, stop, stop!","Red light, red light, stop, stop, stop!",el:lily,1,https://audio.bigmooneducation.com/35/35158cd2734d1119da169552eb7479baad94e09fa1ca36a343994e96f9f08eab.mp3,https://degqpiiddkxcuzwombwp.supabase.co/storage/v1/object/public/tts-audio/35/35158cd2734d1119da169552eb7479baad94e09fa1ca36a343994e96f9f08eab.mp3,src/data/primaryHub/sentence/g6v1_u2_grammar.json,g6v1_u2_grammar#B.B4,question.en@1
"elevenlabs|el:lily|1||Green light, green light, go, go, go!","Green light, green light, go, go, go!",el:lily,1,https://audio.bigmooneducation.com/5b/5bf8ca00c4348630e78641c4554132548de8bd6eb4dbf913fe82a32343212d26.mp3,https://degqpiiddkxcuzwombwp.supabase.co/storage/v1/object/public/tts-audio/5b/5bf8ca00c4348630e78641c4554132548de8bd6eb4dbf913fe82a32343212d26.mp3,src/data/primaryHub/sentence/g6v1_u2_grammar.json,g6v1_u2_grammar#B.B4,answer.en@1
elevenlabs|el:lily|0.7||I'm going to see a film.,I'm going to see a film.,el:lily,0.7,https://audio.bigmooneducation.com/6d/6d8f8f83c325f316e68cd05ec1bbe5bd97446e6c4bf9d478d5dd707f5a74260f.mp3,https://degqpiiddkxcuzwombwp.supabase.co/storage/v1/object/public/tts-audio/6d/6d8f8f83c325f316e68cd05ec1bbe5bd97446e6c4bf9d478d5dd707f5a74260f.mp3,src/data/primaryHub/sentence/g6v1_u3_grammar.json,g6v1_u3_grammar#A.A3,question.en@0.7
elevenlabs|el:lily|0.85||I'm going to see a film.,I'm going to see a film.,el:lily,0.85,https://audio.bigmooneducation.com/1a/1a05ebbfd1ba80966a26980d8b4c5288c7ff36fe77b2912f0b6b7443cf008c7a.mp3,https://degqpiiddkxcuzwombwp.supabase.co/storage/v1/object/public/tts-audio/1a/1a05ebbfd1ba80966a26980d8b4c5288c7ff36fe77b2912f0b6b7443cf008c7a.mp3,src/data/primaryHub/sentence/g6v1_u3_grammar.json,g6v1_u3_grammar#A.A3,question.en@0.85
elevenlabs|el:lily|0.7||I'm going to the supermarket tonight.,I'm going to the supermarket tonight.,el:lily,0.7,https://audio.bigmooneducation.com/3d/3d7e683d77124b81d2b8f2096c970e30ca4053618f6f4cdfe82130cfa09d7a8b.mp3,https://degqpiiddkxcuzwombwp.supabase.co/storage/v1/object/public/tts-audio/3d/3d7e683d77124b81d2b8f2096c970e30ca4053618f6f4cdfe82130cfa09d7a8b.mp3,src/data/primaryHub/sentence/g6v1_u3_grammar.json,g6v1_u3_grammar#A.A4,question.en@0.7
elevenlabs|el:lily|0.85||I'm going to the supermarket tonight.,I'm going to the supermarket tonight.,el:lily,0.85,https://audio.bigmooneducation.com/f7/f70a13ec9b2f41edcbba87f685aa0fbc54ccda51df5b87e3658155a8c73a49ac.mp3,https://degqpiiddkxcuzwombwp.supabase.co/storage/v1/object/public/tts-audio/f7/f70a13ec9b2f41edcbba87f685aa0fbc54ccda51df5b87e3658155a8c73a49ac.mp3,src/data/primaryHub/sentence/g6v1_u3_grammar.json,g6v1_u3_grammar#A.A4,question.en@0.85
elevenlabs|el:lily|1||I'm going to the supermarket tonight.,I'm going to the supermarket tonight.,el:lily,1,https://audio.bigmooneducation.com/1d/1d5a5461a71616f88c5ff119c5dba6cb92d1162187c16bb4a61ac24bac53f0e6.mp3,https://degqpiiddkxcuzwombwp.supabase.co/storage/v1/object/public/tts-audio/1d/1d5a5461a71616f88c5ff119c5dba6cb92d1162187c16bb4a61ac24bac53f0e6.mp3,src/data/primaryHub/sentence/g6v1_u3_grammar.json,g6v1_u3_grammar#A.A4,question.en@1
elevenlabs|el:lily|0.7||What are you going to do? When are you going?,What are you going to do? When are you going?,el:lily,0.7,https://audio.bigmooneducation.com/56/56b16f74b5735cc3f6ed419e00cd6230166abe3867aea0a220987684a39da9a3.mp3,https://degqpiiddkxcuzwombwp.supabase.co/storage/v1/object/public/tts-audio/56/56b16f74b5735cc3f6ed419e00cd6230166abe3867aea0a220987684a39da9a3.mp3,src/data/primaryHub/sentence/g6v1_u3_grammar.json,g6v1_u3_grammar#B.B3,question.en@0.7
elevenlabs|el:lily|0.85||What are you going to do? When are you going?,What are you going to do? When are you going?,el:lily,0.85,https://audio.bigmooneducation.com/8a/8a0455710446bd688922b732e2778a291026c324c7d1ecc7313a339a872374b0.mp3,https://degqpiiddkxcuzwombwp.supabase.co/storage/v1/object/public/tts-audio/8a/8a0455710446bd688922b732e2778a291026c324c7d1ecc7313a339a872374b0.mp3,src/data/primaryHub/sentence/g6v1_u3_grammar.json,g6v1_u3_grammar#B.B3,question.en@0.85
elevenlabs|el:lily|1||What are you going to do? When are you going?,What are you going to do? When are you going?,el:lily,1,https://audio.bigmooneducation.com/93/93bdd86b2a966174aa1b570dbcaa1109fbf4dc915ec657970bba8a3d743a9274.mp3,https://degqpiiddkxcuzwombwp.supabase.co/storage/v1/object/public/tts-audio/93/93bdd86b2a966174aa1b570dbcaa1109fbf4dc915ec657970bba8a3d743a9274.mp3,src/data/primaryHub/sentence/g6v1_u3_grammar.json,g6v1_u3_grammar#B.B3,question.en@1
"elevenlabs|el:lily|0.7||Tomorrow, tonight, what are you going to do?","Tomorrow, tonight, what are you going to do?",el:lily,0.7,https://audio.bigmooneducation.com/28/28a27b502d4a704cdc3cf58c4ec3a095617ac3d9bf561cea6e1bf27a83753c39.mp3,https://degqpiiddkxcuzwombwp.supabase.co/storage/v1/object/public/tts-audio/28/28a27b502d4a704cdc3cf58c4ec3a095617ac3d9bf561cea6e1bf27a83753c39.mp3,src/data/primaryHub/sentence/g6v1_u3_grammar.json,g6v1_u3_grammar#B.B4,question.en@0.7
"elevenlabs|el:lily|0.7||See a film, take a trip — fun things to do!","See a film, take a trip — fun things to do!",el:lily,0.7,https://audio.bigmooneducation.com/62/628665e9989193310dac0fa8bd54add17d6b6a312eadd5ba28984e9292b2d62f.mp3,https://degqpiiddkxcuzwombwp.supabase.co/storage/v1/object/public/tts-audio/62/628665e9989193310dac0fa8bd54add17d6b6a312eadd5ba28984e9292b2d62f.mp3,src/data/primaryHub/sentence/g6v1_u3_grammar.json,g6v1_u3_grammar#B.B4,answer.en@0.7
"elevenlabs|el:lily|0.85||Tomorrow, tonight, what are you going to do?","Tomorrow, tonight, what are you going to do?",el:lily,0.85,https://audio.bigmooneducation.com/dc/dc88a98f6a9e86d8f37c6f7cdb02c6be423186f2e9434f3be095c8044dcf9853.mp3,https://degqpiiddkxcuzwombwp.supabase.co/storage/v1/object/public/tts-audio/dc/dc88a98f6a9e86d8f37c6f7cdb02c6be423186f2e9434f3be095c8044dcf9853.mp3,src/data/primaryHub/sentence/g6v1_u3_grammar.json,g6v1_u3_grammar#B.B4,question.en@0.85
"elevenlabs|el:lily|0.85||See a film, take a trip — fun things to do!","See a film, take a trip — fun things to do!",el:lily,0.85,https://audio.bigmooneducation.com/7b/7bdfa22c0039ae61d6beca02a599caff3ba96560a921ef50311edfde5aea410c.mp3,https://degqpiiddkxcuzwombwp.supabase.co/storage/v1/object/public/tts-audio/7b/7bdfa22c0039ae61d6beca02a599caff3ba96560a921ef50311edfde5aea410c.mp3,src/data/primaryHub/sentence/g6v1_u3_grammar.json,g6v1_u3_grammar#B.B4,answer.en@0.85
"elevenlabs|el:lily|1||Tomorrow, tonight, what are you going to do?","Tomorrow, tonight, what are you going to do?",el:lily,1,https://audio.bigmooneducation.com/c5/c51a314dd6b3b7e2d2d44107d6eadda0211640537277efdd63ab8d64965a7313.mp3,https://degqpiiddkxcuzwombwp.supabase.co/storage/v1/object/public/tts-audio/c5/c51a314dd6b3b7e2d2d44107d6eadda0211640537277efdd63ab8d64965a7313.mp3,src/data/primaryHub/sentence/g6v1_u3_grammar.json,g6v1_u3_grammar#B.B4,question.en@1
"elevenlabs|el:lily|1||See a film, take a trip — fun things to do!","See a film, take a trip — fun things to do!",el:lily,1,https://audio.bigmooneducation.com/14/14eac0d127da3362d5fa638a5e502b5fceec06e956470fdb4bd26e57490118db.mp3,https://degqpiiddkxcuzwombwp.supabase.co/storage/v1/object/public/tts-audio/14/14eac0d127da3362d5fa638a5e502b5fceec06e956470fdb4bd26e57490118db.mp3,src/data/primaryHub/sentence/g6v1_u3_grammar.json,g6v1_u3_grammar#B.B4,answer.en@1
elevenlabs|el:lily|0.7||I like hiking.,I like hiking.,el:lily,0.7,https://audio.bigmooneducation.com/48/48402069248c97237524a2b10770bab1b04d179bdcf1914e2263d4c0105f622d.mp3,https://degqpiiddkxcuzwombwp.supabase.co/storage/v1/object/public/tts-audio/48/48402069248c97237524a2b10770bab1b04d179bdcf1914e2263d4c0105f622d.mp3,src/data/primaryHub/sentence/g6v1_u4_grammar.json,g6v1_u4_grammar#A.A3,question.en@0.7
elevenlabs|el:lily|0.85||I like hiking.,I like hiking.,el:lily,0.85,https://audio.bigmooneducation.com/e2/e227b1227163bfa2981fc5fe4e8e6eb7bdbb8b9593f96129bef0b6da5367a7a5.mp3,https://degqpiiddkxcuzwombwp.supabase.co/storage/v1/object/public/tts-audio/e2/e227b1227163bfa2981fc5fe4e8e6eb7bdbb8b9593f96129bef0b6da5367a7a5.mp3,src/data/primaryHub/sentence/g6v1_u4_grammar.json,g6v1_u4_grammar#A.A3,question.en@0.85
elevenlabs|el:lily|1||I like hiking.,I like hiking.,el:lily,1,https://audio.bigmooneducation.com/e1/e15b6ff99ecddfa347b705c71c639e69f6f6090297e310fdb8e79bb6892c209f.mp3,https://degqpiiddkxcuzwombwp.supabase.co/storage/v1/object/public/tts-audio/e1/e15b6ff99ecddfa347b705c71c639e69f6f6090297e310fdb8e79bb6892c209f.mp3,src/data/primaryHub/sentence/g6v1_u4_grammar.json,g6v1_u4_grammar#A.A3,question.en@1
elevenlabs|el:lily|0.7||He lives in Canberra.,He lives in Canberra.,el:lily,0.7,https://audio.bigmooneducation.com/65/6534588b67df5990c7bc63d2805185a49d783d77736b3809d26fed1239d3f39e.mp3,https://degqpiiddkxcuzwombwp.supabase.co/storage/v1/object/public/tts-audio/65/6534588b67df5990c7bc63d2805185a49d783d77736b3809d26fed1239d3f39e.mp3,src/data/primaryHub/sentence/g6v1_u4_grammar.json,g6v1_u4_grammar#B.B2,question.en@0.7
elevenlabs|el:lily|0.85||He lives in Canberra.,He lives in Canberra.,el:lily,0.85,https://audio.bigmooneducation.com/0f/0f65e9d357bb90f638b614e7632bb5acdbbf601b75b768cbcdd8948e4f59fbad.mp3,https://degqpiiddkxcuzwombwp.supabase.co/storage/v1/object/public/tts-audio/0f/0f65e9d357bb90f638b614e7632bb5acdbbf601b75b768cbcdd8948e4f59fbad.mp3,src/data/primaryHub/sentence/g6v1_u4_grammar.json,g6v1_u4_grammar#B.B2,question.en@0.85
elevenlabs|el:lily|1||He lives in Canberra.,He lives in Canberra.,el:lily,1,https://audio.bigmooneducation.com/3d/3d5010cc63e874f48ed9fb9fbabded83b23139229665338cf7a2f44ac2d2d1ab.mp3,https://degqpiiddkxcuzwombwp.supabase.co/storage/v1/object/public/tts-audio/3d/3d5010cc63e874f48ed9fb9fbabded83b23139229665338cf7a2f44ac2d2d1ab.mp3,src/data/primaryHub/sentence/g6v1_u4_grammar.json,g6v1_u4_grammar#B.B2,question.en@1
elevenlabs|el:lily|0.7||What are your hobbies? Do you like hiking?,What are your hobbies? Do you like hiking?,el:lily,0.7,https://audio.bigmooneducation.com/c5/c5208d2540b9d3f9ddda41b14d53090b5a86a09fee66741c80c3b169f93a7359.mp3,https://degqpiiddkxcuzwombwp.supabase.co/storage/v1/object/public/tts-audio/c5/c5208d2540b9d3f9ddda41b14d53090b5a86a09fee66741c80c3b169f93a7359.mp3,src/data/primaryHub/sentence/g6v1_u4_grammar.json,g6v1_u4_grammar#B.B4,question.en@0.7
"elevenlabs|el:lily|0.7||My pen pal likes singing, hiking too!","My pen pal likes singing, hiking too!",el:lily,0.7,https://audio.bigmooneducation.com/85/856fbe3ed643a7f161b6e1ef4d099c6e0de984702251d6036b21c795df736fa8.mp3,https://degqpiiddkxcuzwombwp.supabase.co/storage/v1/object/public/tts-audio/85/856fbe3ed643a7f161b6e1ef4d099c6e0de984702251d6036b21c795df736fa8.mp3,src/data/primaryHub/sentence/g6v1_u4_grammar.json,g6v1_u4_grammar#B.B4,answer.en@0.7
elevenlabs|el:lily|0.85||What are your hobbies? Do you like hiking?,What are your hobbies? Do you like hiking?,el:lily,0.85,https://audio.bigmooneducation.com/04/04799662db193b821cf24b086295bed84c16ff40e36ae27af65168b7993d9678.mp3,https://degqpiiddkxcuzwombwp.supabase.co/storage/v1/object/public/tts-audio/04/04799662db193b821cf24b086295bed84c16ff40e36ae27af65168b7993d9678.mp3,src/data/primaryHub/sentence/g6v1_u4_grammar.json,g6v1_u4_grammar#B.B4,question.en@0.85
"elevenlabs|el:lily|0.85||My pen pal likes singing, hiking too!","My pen pal likes singing, hiking too!",el:lily,0.85,https://audio.bigmooneducation.com/c4/c409ceb3db4c7564e6f2a2fdb03ebc22c77358db3f784b4878e0ffb5ce820f78.mp3,https://degqpiiddkxcuzwombwp.supabase.co/storage/v1/object/public/tts-audio/c4/c409ceb3db4c7564e6f2a2fdb03ebc22c77358db3f784b4878e0ffb5ce820f78.mp3,src/data/primaryHub/sentence/g6v1_u4_grammar.json,g6v1_u4_grammar#B.B4,answer.en@0.85
elevenlabs|el:lily|1||What are your hobbies? Do you like hiking?,What are your hobbies? Do you like hiking?,el:lily,1,https://audio.bigmooneducation.com/36/36cba094c481a426c3d138ca87de0bc4f9b6e76bcdf2098d5c09e0adc5203c0f.mp3,https://degqpiiddkxcuzwombwp.supabase.co/storage/v1/object/public/tts-audio/36/36cba094c481a426c3d138ca87de0bc4f9b6e76bcdf2098d5c09e0adc5203c0f.mp3,src/data/primaryHub/sentence/g6v1_u4_grammar.json,g6v1_u4_grammar#B.B4,question.en@1
"elevenlabs|el:lily|1||My pen pal likes singing, hiking too!","My pen pal likes singing, hiking too!",el:lily,1,https://audio.bigmooneducation.com/98/987402496c3c8374c2238e440095892dc601824fcbad67e99b05e815f4ecdef6.mp3,https://degqpiiddkxcuzwombwp.supabase.co/storage/v1/object/public/tts-audio/98/987402496c3c8374c2238e440095892dc601824fcbad67e99b05e815f4ecdef6.mp3,src/data/primaryHub/sentence/g6v1_u4_grammar.json,g6v1_u4_grammar#B.B4,answer.en@1
elevenlabs|el:lily|0.7||He's a scientist.,He's a scientist.,el:lily,0.7,https://audio.bigmooneducation.com/97/97b39e246c6b988599709888d76a040081f17a57201d6b21f8ff0f5d1245dc3e.mp3,https://degqpiiddkxcuzwombwp.supabase.co/storage/v1/object/public/tts-audio/97/97b39e246c6b988599709888d76a040081f17a57201d6b21f8ff0f5d1245dc3e.mp3,src/data/primaryHub/sentence/g6v1_u5_grammar.json,g6v1_u5_grammar#A.A3,question.en@0.7
elevenlabs|el:lily|0.85||He's a scientist.,He's a scientist.,el:lily,0.85,https://audio.bigmooneducation.com/34/3403857f633b36c3726877b4e929f76eb534af0f1905d97df1d8ae0bc1e1948d.mp3,https://degqpiiddkxcuzwombwp.supabase.co/storage/v1/object/public/tts-audio/34/3403857f633b36c3726877b4e929f76eb534af0f1905d97df1d8ae0bc1e1948d.mp3,src/data/primaryHub/sentence/g6v1_u5_grammar.json,g6v1_u5_grammar#A.A3,question.en@0.85
elevenlabs|el:lily|1||He's a scientist.,He's a scientist.,el:lily,1,https://audio.bigmooneducation.com/7a/7ad7f1b7ccf891eeb36133db7ba9cbe6944c7afead4794438943a0408674c553.mp3,https://degqpiiddkxcuzwombwp.supabase.co/storage/v1/object/public/tts-audio/7a/7ad7f1b7ccf891eeb36133db7ba9cbe6944c7afead4794438943a0408674c553.mp3,src/data/primaryHub/sentence/g6v1_u5_grammar.json,g6v1_u5_grammar#A.A3,question.en@1
elevenlabs|el:lily|0.7||He works in a factory.,He works in a factory.,el:lily,0.7,https://audio.bigmooneducation.com/f3/f3854c09cfaa0e1c01edeaf72e8bab18f4dadfdc4f2daa41b5363b08da93b079.mp3,https://degqpiiddkxcuzwombwp.supabase.co/storage/v1/object/public/tts-audio/f3/f3854c09cfaa0e1c01edeaf72e8bab18f4dadfdc4f2daa41b5363b08da93b079.mp3,src/data/primaryHub/sentence/g6v1_u5_grammar.json,g6v1_u5_grammar#B.B2,question.en@0.7
elevenlabs|el:lily|0.85||He works in a factory.,He works in a factory.,el:lily,0.85,https://audio.bigmooneducation.com/48/485d4d38bfdf2e2f432191125a3307ec62e45ed0fdf28beada643034990af20e.mp3,https://degqpiiddkxcuzwombwp.supabase.co/storage/v1/object/public/tts-audio/48/485d4d38bfdf2e2f432191125a3307ec62e45ed0fdf28beada643034990af20e.mp3,src/data/primaryHub/sentence/g6v1_u5_grammar.json,g6v1_u5_grammar#B.B2,question.en@0.85
elevenlabs|el:lily|1||He works in a factory.,He works in a factory.,el:lily,1,https://audio.bigmooneducation.com/a3/a3ca7ae214c3f5753e7d2e021334ce924b1a541102f1cde92d44e506e2ad4578.mp3,https://degqpiiddkxcuzwombwp.supabase.co/storage/v1/object/public/tts-audio/a3/a3ca7ae214c3f5753e7d2e021334ce924b1a541102f1cde92d44e506e2ad4578.mp3,src/data/primaryHub/sentence/g6v1_u5_grammar.json,g6v1_u5_grammar#B.B2,question.en@1
"elevenlabs|el:lily|0.7||Worker, postman, what does he do?","Worker, postman, what does he do?",el:lily,0.7,https://audio.bigmooneducation.com/3b/3b3d68268350621e5edc55a90bd42e258be46873e240c8b7d0010bc62629b401.mp3,https://degqpiiddkxcuzwombwp.supabase.co/storage/v1/object/public/tts-audio/3b/3b3d68268350621e5edc55a90bd42e258be46873e240c8b7d0010bc62629b401.mp3,src/data/primaryHub/sentence/g6v1_u5_grammar.json,g6v1_u5_grammar#B.B4,question.en@0.7
"elevenlabs|el:lily|0.7||Scientist, pilot, working for you!","Scientist, pilot, working for you!",el:lily,0.7,https://audio.bigmooneducation.com/af/af92efdeb4df7c1cb5187b8715db970d5effc14c4e8de0a4991720d483a44b0e.mp3,https://degqpiiddkxcuzwombwp.supabase.co/storage/v1/object/public/tts-audio/af/af92efdeb4df7c1cb5187b8715db970d5effc14c4e8de0a4991720d483a44b0e.mp3,src/data/primaryHub/sentence/g6v1_u5_grammar.json,g6v1_u5_grammar#B.B4,answer.en@0.7
"elevenlabs|el:lily|0.85||Worker, postman, what does he do?","Worker, postman, what does he do?",el:lily,0.85,https://audio.bigmooneducation.com/66/6604ee2071bb1a87adf82b804790f9d08f9b36e6534fbac954b98bb801671a67.mp3,https://degqpiiddkxcuzwombwp.supabase.co/storage/v1/object/public/tts-audio/66/6604ee2071bb1a87adf82b804790f9d08f9b36e6534fbac954b98bb801671a67.mp3,src/data/primaryHub/sentence/g6v1_u5_grammar.json,g6v1_u5_grammar#B.B4,question.en@0.85
"elevenlabs|el:lily|0.85||Scientist, pilot, working for you!","Scientist, pilot, working for you!",el:lily,0.85,https://audio.bigmooneducation.com/bd/bd8f8bcf6ec4c55644698a516af4f5255d08575793afd22c32ba9f7a86b98b57.mp3,https://degqpiiddkxcuzwombwp.supabase.co/storage/v1/object/public/tts-audio/bd/bd8f8bcf6ec4c55644698a516af4f5255d08575793afd22c32ba9f7a86b98b57.mp3,src/data/primaryHub/sentence/g6v1_u5_grammar.json,g6v1_u5_grammar#B.B4,answer.en@0.85
"elevenlabs|el:lily|1||Worker, postman, what does he do?","Worker, postman, what does he do?",el:lily,1,https://audio.bigmooneducation.com/3d/3d673bf8ac9042e6b60f63023af821f6d551af68bd36ca2cb281cfe3b7e42f85.mp3,https://degqpiiddkxcuzwombwp.supabase.co/storage/v1/object/public/tts-audio/3d/3d673bf8ac9042e6b60f63023af821f6d551af68bd36ca2cb281cfe3b7e42f85.mp3,src/data/primaryHub/sentence/g6v1_u5_grammar.json,g6v1_u5_grammar#B.B4,question.en@1
"elevenlabs|el:lily|1||Scientist, pilot, working for you!","Scientist, pilot, working for you!",el:lily,1,https://audio.bigmooneducation.com/15/15c1eef768df9be93ad9254bd126a8958c4c105ef7ea978f44d34d4b38240c28.mp3,https://degqpiiddkxcuzwombwp.supabase.co/storage/v1/object/public/tts-audio/15/15c1eef768df9be93ad9254bd126a8958c4c105ef7ea978f44d34d4b38240c28.mp3,src/data/primaryHub/sentence/g6v1_u5_grammar.json,g6v1_u5_grammar#B.B4,answer.en@1
elevenlabs|el:lily|0.7||I'm sad.,I'm sad.,el:lily,0.7,https://audio.bigmooneducation.com/86/866fa4d92f6ddc0f2653e8cbad36a6de2b472f31822778d6f38dfd4b4cde8959.mp3,https://degqpiiddkxcuzwombwp.supabase.co/storage/v1/object/public/tts-audio/86/866fa4d92f6ddc0f2653e8cbad36a6de2b472f31822778d6f38dfd4b4cde8959.mp3,src/data/primaryHub/sentence/g6v1_u6_grammar.json,g6v1_u6_grammar#A.A3,question.en@0.7
elevenlabs|el:lily|0.85||I'm sad.,I'm sad.,el:lily,0.85,https://audio.bigmooneducation.com/92/926a04f96a8916926d5b998a9d037efb809e573bc76a8db820fa63963c43b3c8.mp3,https://degqpiiddkxcuzwombwp.supabase.co/storage/v1/object/public/tts-audio/92/926a04f96a8916926d5b998a9d037efb809e573bc76a8db820fa63963c43b3c8.mp3,src/data/primaryHub/sentence/g6v1_u6_grammar.json,g6v1_u6_grammar#A.A3,question.en@0.85
elevenlabs|el:lily|1||I'm sad.,I'm sad.,el:lily,1,https://audio.bigmooneducation.com/88/8810e0b1504639fca35c118f07b9d0aaf12288791fab81b079181927960d742b.mp3,https://degqpiiddkxcuzwombwp.supabase.co/storage/v1/object/public/tts-audio/88/8810e0b1504639fca35c118f07b9d0aaf12288791fab81b079181927960d742b.mp3,src/data/primaryHub/sentence/g6v1_u6_grammar.json,g6v1_u6_grammar#A.A3,question.en@1
elevenlabs|el:lily|0.7||You should see a doctor.,You should see a doctor.,el:lily,0.7,https://audio.bigmooneducation.com/18/183bfb33c5fee8c36c87a0e941d34a5e02fa1594b7aa1a73ed7b9962911a6e7c.mp3,https://degqpiiddkxcuzwombwp.supabase.co/storage/v1/object/public/tts-audio/18/183bfb33c5fee8c36c87a0e941d34a5e02fa1594b7aa1a73ed7b9962911a6e7c.mp3,src/data/primaryHub/sentence/g6v1_u6_grammar.json,g6v1_u6_grammar#B.B2,question.en@0.7
elevenlabs|el:lily|0.85||You should see a doctor.,You should see a doctor.,el:lily,0.85,https://audio.bigmooneducation.com/68/687d99573efd90718f4d23bdd5882a9c29328ebacb6e0c5745e3cf65cfe25f34.mp3,https://degqpiiddkxcuzwombwp.supabase.co/storage/v1/object/public/tts-audio/68/687d99573efd90718f4d23bdd5882a9c29328ebacb6e0c5745e3cf65cfe25f34.mp3,src/data/primaryHub/sentence/g6v1_u6_grammar.json,g6v1_u6_grammar#B.B2,question.en@0.85
elevenlabs|el:lily|1||You should see a doctor.,You should see a doctor.,el:lily,1,https://audio.bigmooneducation.com/53/53afc1ded005f7750b15cf79eef52e7d282adad09e65fa7447a241a2a9714566.mp3,https://degqpiiddkxcuzwombwp.supabase.co/storage/v1/object/public/tts-audio/53/53afc1ded005f7750b15cf79eef52e7d282adad09e65fa7447a241a2a9714566.mp3,src/data/primaryHub/sentence/g6v1_u6_grammar.json,g6v1_u6_grammar#B.B2,question.en@1
"elevenlabs|el:lily|0.7||Happy, happy, how do you feel?","Happy, happy, how do you feel?",el:lily,0.7,https://audio.bigmooneducation.com/f6/f642614dbf230c7aeef21b99168006b719edcf73fa6f13ff66ed99c73b16c91e.mp3,https://degqpiiddkxcuzwombwp.supabase.co/storage/v1/object/public/tts-audio/f6/f642614dbf230c7aeef21b99168006b719edcf73fa6f13ff66ed99c73b16c91e.mp3,src/data/primaryHub/sentence/g6v1_u6_grammar.json,g6v1_u6_grammar#B.B4,question.en@0.7
"elevenlabs|el:lily|0.7||Sad or angry? Tell me, please!","Sad or angry? Tell me, please!",el:lily,0.7,https://audio.bigmooneducation.com/f1/f165b455f9df3677a65fc6dc9b17c1aa7a5019fb9da8dea476c106ffe20e8ecd.mp3,https://degqpiiddkxcuzwombwp.supabase.co/storage/v1/object/public/tts-audio/f1/f165b455f9df3677a65fc6dc9b17c1aa7a5019fb9da8dea476c106ffe20e8ecd.mp3,src/data/primaryHub/sentence/g6v1_u6_grammar.json,g6v1_u6_grammar#B.B4,answer.en@0.7
"elevenlabs|el:lily|0.85||Happy, happy, how do you feel?","Happy, happy, how do you feel?",el:lily,0.85,https://audio.bigmooneducation.com/09/097ee78ad4197eae8dc38a17401402c5e1058af46043b81f0d70dbe8dce2d715.mp3,https://degqpiiddkxcuzwombwp.supabase.co/storage/v1/object/public/tts-audio/09/097ee78ad4197eae8dc38a17401402c5e1058af46043b81f0d70dbe8dce2d715.mp3,src/data/primaryHub/sentence/g6v1_u6_grammar.json,g6v1_u6_grammar#B.B4,question.en@0.85
"elevenlabs|el:lily|0.85||Sad or angry? Tell me, please!","Sad or angry? Tell me, please!",el:lily,0.85,https://audio.bigmooneducation.com/41/411635ab70e60756f3497aace25b73c423a85ca4fa881e45533e288c922fd54a.mp3,https://degqpiiddkxcuzwombwp.supabase.co/storage/v1/object/public/tts-audio/41/411635ab70e60756f3497aace25b73c423a85ca4fa881e45533e288c922fd54a.mp3,src/data/primaryHub/sentence/g6v1_u6_grammar.json,g6v1_u6_grammar#B.B4,answer.en@0.85
"elevenlabs|el:lily|1||Happy, happy, how do you feel?","Happy, happy, how do you feel?",el:lily,1,https://audio.bigmooneducation.com/36/36cdd82eeba36335405b10483c34e479287b75676769c40120a04ad70d2d42b9.mp3,https://degqpiiddkxcuzwombwp.supabase.co/storage/v1/object/public/tts-audio/36/36cdd82eeba36335405b10483c34e479287b75676769c40120a04ad70d2d42b9.mp3,src/data/primaryHub/sentence/g6v1_u6_grammar.json,g6v1_u6_grammar#B.B4,question.en@1
"elevenlabs|el:lily|1||Sad or angry? Tell me, please!","Sad or angry? Tell me, please!",el:lily,1,https://audio.bigmooneducation.com/cb/cb8e126d714360dce0f2a28a819e95fe5dd2bad5408a11d86ae90848c8de4aa1.mp3,https://degqpiiddkxcuzwombwp.supabase.co/storage/v1/object/public/tts-audio/cb/cb8e126d714360dce0f2a28a819e95fe5dd2bad5408a11d86ae90848c8de4aa1.mp3,src/data/primaryHub/sentence/g6v1_u6_grammar.json,g6v1_u6_grammar#B.B4,answer.en@1
elevenlabs|el:lily|0.7||You're taller than me.,You're taller than me.,el:lily,0.7,https://audio.bigmooneducation.com/e9/e9b6e1cbfe74911c6f42255a54c75d7cbde797f67b8c5a96cb11ee4fc9b78d45.mp3,https://degqpiiddkxcuzwombwp.supabase.co/storage/v1/object/public/tts-audio/e9/e9b6e1cbfe74911c6f42255a54c75d7cbde797f67b8c5a96cb11ee4fc9b78d45.mp3,src/data/primaryHub/sentence/g6v2_u1_grammar.json,g6v2_u1_grammar#A.A3,question.en@0.7
elevenlabs|el:lily|0.85||You're taller than me.,You're taller than me.,el:lily,0.85,https://audio.bigmooneducation.com/f9/f9e81bc75f618c8167ca66e68bd63ce544c45011b6ad80f1378ddef6945810c0.mp3,https://degqpiiddkxcuzwombwp.supabase.co/storage/v1/object/public/tts-audio/f9/f9e81bc75f618c8167ca66e68bd63ce544c45011b6ad80f1378ddef6945810c0.mp3,src/data/primaryHub/sentence/g6v2_u1_grammar.json,g6v2_u1_grammar#A.A3,question.en@0.85
elevenlabs|el:lily|1||You're taller than me.,You're taller than me.,el:lily,1,https://audio.bigmooneducation.com/10/10fad4922e7f8415b5df70c1ba6a2435411974869b9d1dea8d79996b56f35005.mp3,https://degqpiiddkxcuzwombwp.supabase.co/storage/v1/object/public/tts-audio/10/10fad4922e7f8415b5df70c1ba6a2435411974869b9d1dea8d79996b56f35005.mp3,src/data/primaryHub/sentence/g6v2_u1_grammar.json,g6v2_u1_grammar#A.A3,question.en@1
elevenlabs|el:lily|0.7||I'm thinner than you.,I'm thinner than you.,el:lily,0.7,https://audio.bigmooneducation.com/b6/b6706101452a8304effdfb6e86ce343a6e6e7ecdf283edf323d82f320ecc0f7b.mp3,https://degqpiiddkxcuzwombwp.supabase.co/storage/v1/object/public/tts-audio/b6/b6706101452a8304effdfb6e86ce343a6e6e7ecdf283edf323d82f320ecc0f7b.mp3,src/data/primaryHub/sentence/g6v2_u1_grammar.json,g6v2_u1_grammar#B.B2,question.en@0.7
elevenlabs|el:lily|0.85||I'm thinner than you.,I'm thinner than you.,el:lily,0.85,https://audio.bigmooneducation.com/d1/d117bdd4af59c30e3c4e2a637bc0359d303734ef23ddc50e1b5a25f633654f8a.mp3,https://degqpiiddkxcuzwombwp.supabase.co/storage/v1/object/public/tts-audio/d1/d117bdd4af59c30e3c4e2a637bc0359d303734ef23ddc50e1b5a25f633654f8a.mp3,src/data/primaryHub/sentence/g6v2_u1_grammar.json,g6v2_u1_grammar#B.B2,question.en@0.85
elevenlabs|el:lily|1||I'm thinner than you.,I'm thinner than you.,el:lily,1,https://audio.bigmooneducation.com/85/85c5f30f396138b77c91fbb10c9250c43539897125670d02862e0a5795506c45.mp3,https://degqpiiddkxcuzwombwp.supabase.co/storage/v1/object/public/tts-audio/85/85c5f30f396138b77c91fbb10c9250c43539897125670d02862e0a5795506c45.mp3,src/data/primaryHub/sentence/g6v2_u1_grammar.json,g6v2_u1_grammar#B.B2,question.en@1
elevenlabs|el:lily|0.7||You're heavier than me.,You're heavier than me.,el:lily,0.7,https://audio.bigmooneducation.com/f0/f004872b26011e3aaf06451b28269e1dcaf58d061ee5f7c99f276f87443f6d17.mp3,https://degqpiiddkxcuzwombwp.supabase.co/storage/v1/object/public/tts-audio/f0/f004872b26011e3aaf06451b28269e1dcaf58d061ee5f7c99f276f87443f6d17.mp3,src/data/primaryHub/sentence/g6v2_u1_grammar.json,g6v2_u1_grammar#B.B3,question.en@0.7
elevenlabs|el:lily|0.85||You're heavier than me.,You're heavier than me.,el:lily,0.85,https://audio.bigmooneducation.com/40/4085d4e7e68382532c1fe57fdd8e0df3bc123cd1b9077c3d18ede5a46e75cf08.mp3,https://degqpiiddkxcuzwombwp.supabase.co/storage/v1/object/public/tts-audio/40/4085d4e7e68382532c1fe57fdd8e0df3bc123cd1b9077c3d18ede5a46e75cf08.mp3,src/data/primaryHub/sentence/g6v2_u1_grammar.json,g6v2_u1_grammar#B.B3,question.en@0.85
elevenlabs|el:lily|1||You're heavier than me.,You're heavier than me.,el:lily,1,https://audio.bigmooneducation.com/1b/1b16e7dea2062ebeb6bfbe9e80feab57aa6ac7224df18c204e30f722ff25346a.mp3,https://degqpiiddkxcuzwombwp.supabase.co/storage/v1/object/public/tts-audio/1b/1b16e7dea2062ebeb6bfbe9e80feab57aa6ac7224df18c204e30f722ff25346a.mp3,src/data/primaryHub/sentence/g6v2_u1_grammar.json,g6v2_u1_grammar#B.B3,question.en@1
"elevenlabs|el:lily|0.7||Taller, shorter, who is who?","Taller, shorter, who is who?",el:lily,0.7,https://audio.bigmooneducation.com/e6/e607aead9a2a80def0fc919d9bf4c9f52d8b882f3cbc7ee9734d715100e6e043.mp3,https://degqpiiddkxcuzwombwp.supabase.co/storage/v1/object/public/tts-audio/e6/e607aead9a2a80def0fc919d9bf4c9f52d8b882f3cbc7ee9734d715100e6e043.mp3,src/data/primaryHub/sentence/g6v2_u1_grammar.json,g6v2_u1_grammar#B.B4,question.en@0.7
"elevenlabs|el:lily|0.7||Heavier, thinner, me and you!","Heavier, thinner, me and you!",el:lily,0.7,https://audio.bigmooneducation.com/ca/ca2c180a4e7cc630ea9518001f975277f92123ef533ee2400ffc303a3eeb1d97.mp3,https://degqpiiddkxcuzwombwp.supabase.co/storage/v1/object/public/tts-audio/ca/ca2c180a4e7cc630ea9518001f975277f92123ef533ee2400ffc303a3eeb1d97.mp3,src/data/primaryHub/sentence/g6v2_u1_grammar.json,g6v2_u1_grammar#B.B4,answer.en@0.7
"elevenlabs|el:lily|0.85||Taller, shorter, who is who?","Taller, shorter, who is who?",el:lily,0.85,https://audio.bigmooneducation.com/eb/eb7af1d2583cf543822fe3bf7c6e92dcbcfc124ef54191ff33e1bb04f65795ef.mp3,https://degqpiiddkxcuzwombwp.supabase.co/storage/v1/object/public/tts-audio/eb/eb7af1d2583cf543822fe3bf7c6e92dcbcfc124ef54191ff33e1bb04f65795ef.mp3,src/data/primaryHub/sentence/g6v2_u1_grammar.json,g6v2_u1_grammar#B.B4,question.en@0.85
"elevenlabs|el:lily|0.85||Heavier, thinner, me and you!","Heavier, thinner, me and you!",el:lily,0.85,https://audio.bigmooneducation.com/62/62cb74bb5c94a1d00a2d12c988afed4a82216856581c1445a29aa04280b00f8a.mp3,https://degqpiiddkxcuzwombwp.supabase.co/storage/v1/object/public/tts-audio/62/62cb74bb5c94a1d00a2d12c988afed4a82216856581c1445a29aa04280b00f8a.mp3,src/data/primaryHub/sentence/g6v2_u1_grammar.json,g6v2_u1_grammar#B.B4,answer.en@0.85
"elevenlabs|el:lily|1||Taller, shorter, who is who?","Taller, shorter, who is who?",el:lily,1,https://audio.bigmooneducation.com/87/87bdb2c43c660e01060bfe03c3792a0ae0727279b6307e4ef983ae0bc73aa0c1.mp3,https://degqpiiddkxcuzwombwp.supabase.co/storage/v1/object/public/tts-audio/87/87bdb2c43c660e01060bfe03c3792a0ae0727279b6307e4ef983ae0bc73aa0c1.mp3,src/data/primaryHub/sentence/g6v2_u1_grammar.json,g6v2_u1_grammar#B.B4,question.en@1
"elevenlabs|el:lily|1||Heavier, thinner, me and you!","Heavier, thinner, me and you!",el:lily,1,https://audio.bigmooneducation.com/cc/cc33dbfb05f09760c2a89acb30f8ecc2ed36e0f6dd098a489f23abd68cc711b9.mp3,https://degqpiiddkxcuzwombwp.supabase.co/storage/v1/object/public/tts-audio/cc/cc33dbfb05f09760c2a89acb30f8ecc2ed36e0f6dd098a489f23abd68cc711b9.mp3,src/data/primaryHub/sentence/g6v2_u1_grammar.json,g6v2_u1_grammar#B.B4,answer.en@1
elevenlabs|el:lily|0.7||I watched TV last weekend.,I watched TV last weekend.,el:lily,0.7,https://audio.bigmooneducation.com/4f/4fac67e9be353c1ac324dc9eda275e8eb9854c5d4c42941b050a9d5660ad85ad.mp3,https://degqpiiddkxcuzwombwp.supabase.co/storage/v1/object/public/tts-audio/4f/4fac67e9be353c1ac324dc9eda275e8eb9854c5d4c42941b050a9d5660ad85ad.mp3,src/data/primaryHub/sentence/g6v2_u2_grammar.json,g6v2_u2_grammar#A.A3,question.en@0.7
elevenlabs|el:lily|0.85||I watched TV last weekend.,I watched TV last weekend.,el:lily,0.85,https://audio.bigmooneducation.com/7a/7a4c8bb7bfe211d1e4f3ef044538f96440acae8456303a4ac55e2c3889e83cdf.mp3,https://degqpiiddkxcuzwombwp.supabase.co/storage/v1/object/public/tts-audio/7a/7a4c8bb7bfe211d1e4f3ef044538f96440acae8456303a4ac55e2c3889e83cdf.mp3,src/data/primaryHub/sentence/g6v2_u2_grammar.json,g6v2_u2_grammar#A.A3,question.en@0.85
elevenlabs|el:lily|1||I watched TV last weekend.,I watched TV last weekend.,el:lily,1,https://audio.bigmooneducation.com/37/372b24ddb879ffc7fb91c2a593fb38a9caab21d34363eb3d444ff4b23f200267.mp3,https://degqpiiddkxcuzwombwp.supabase.co/storage/v1/object/public/tts-audio/37/372b24ddb879ffc7fb91c2a593fb38a9caab21d34363eb3d444ff4b23f200267.mp3,src/data/primaryHub/sentence/g6v2_u2_grammar.json,g6v2_u2_grammar#A.A3,question.en@1
elevenlabs|el:lily|0.7||Did you watch TV?,Did you watch TV?,el:lily,0.7,https://audio.bigmooneducation.com/fa/fa151062525ee0c9b63ac8c0a4a0e9837b58c5dd747c457b212fcd61aa0a230c.mp3,https://degqpiiddkxcuzwombwp.supabase.co/storage/v1/object/public/tts-audio/fa/fa151062525ee0c9b63ac8c0a4a0e9837b58c5dd747c457b212fcd61aa0a230c.mp3,src/data/primaryHub/sentence/g6v2_u2_grammar.json,g6v2_u2_grammar#B.B2,question.en@0.7
elevenlabs|el:lily|0.85||Did you watch TV?,Did you watch TV?,el:lily,0.85,https://audio.bigmooneducation.com/88/88472af8293f3954bfbb5229f40cd28f9b41447212cb5ce84e0f1fbb1d7e5d69.mp3,https://degqpiiddkxcuzwombwp.supabase.co/storage/v1/object/public/tts-audio/88/88472af8293f3954bfbb5229f40cd28f9b41447212cb5ce84e0f1fbb1d7e5d69.mp3,src/data/primaryHub/sentence/g6v2_u2_grammar.json,g6v2_u2_grammar#B.B2,question.en@0.85
elevenlabs|el:lily|1||Did you watch TV?,Did you watch TV?,el:lily,1,https://audio.bigmooneducation.com/08/08e80e40e0bc45ddb775f0fed29c64e9d75e9c86022e42aa78b787a785dfa019.mp3,https://degqpiiddkxcuzwombwp.supabase.co/storage/v1/object/public/tts-audio/08/08e80e40e0bc45ddb775f0fed29c64e9d75e9c86022e42aa78b787a785dfa019.mp3,src/data/primaryHub/sentence/g6v2_u2_grammar.json,g6v2_u2_grammar#B.B2,question.en@1
elevenlabs|el:lily|0.7||I had a cold last weekend.,I had a cold last weekend.,el:lily,0.7,https://audio.bigmooneducation.com/fa/fad4cdbb2654ea3e15cc29c2eda43d078989ac6cd6532aefa0bac7b04f76a6aa.mp3,https://degqpiiddkxcuzwombwp.supabase.co/storage/v1/object/public/tts-audio/fa/fad4cdbb2654ea3e15cc29c2eda43d078989ac6cd6532aefa0bac7b04f76a6aa.mp3,src/data/primaryHub/sentence/g6v2_u2_grammar.json,g6v2_u2_grammar#B.B3,question.en@0.7
elevenlabs|el:lily|0.85||I had a cold last weekend.,I had a cold last weekend.,el:lily,0.85,https://audio.bigmooneducation.com/88/88d6b2aef7f0b5aa4592e9ae12aa0091ccb03ad277f64ee7df39a68ca3915c23.mp3,https://degqpiiddkxcuzwombwp.supabase.co/storage/v1/object/public/tts-audio/88/88d6b2aef7f0b5aa4592e9ae12aa0091ccb03ad277f64ee7df39a68ca3915c23.mp3,src/data/primaryHub/sentence/g6v2_u2_grammar.json,g6v2_u2_grammar#B.B3,question.en@0.85
elevenlabs|el:lily|1||I had a cold last weekend.,I had a cold last weekend.,el:lily,1,https://audio.bigmooneducation.com/24/247b5b81e3151b7ee0c9295d1753d360747e23d40850a9cf2f75d2cbe5c9e786.mp3,https://degqpiiddkxcuzwombwp.supabase.co/storage/v1/object/public/tts-audio/24/247b5b81e3151b7ee0c9295d1753d360747e23d40850a9cf2f75d2cbe5c9e786.mp3,src/data/primaryHub/sentence/g6v2_u2_grammar.json,g6v2_u2_grammar#B.B3,question.en@1
"elevenlabs|el:lily|0.7||Cleaned and washed, watched and read,","Cleaned and washed, watched and read,",el:lily,0.7,https://audio.bigmooneducation.com/a5/a5bac27c74c74071af28126f1bd04d36d42771923174846dd6137b08e78265eb.mp3,https://degqpiiddkxcuzwombwp.supabase.co/storage/v1/object/public/tts-audio/a5/a5bac27c74c74071af28126f1bd04d36d42771923174846dd6137b08e78265eb.mp3,src/data/primaryHub/sentence/g6v2_u2_grammar.json,g6v2_u2_grammar#B.B4,question.en@0.7
"elevenlabs|el:lily|0.7||Last weekend, that's what I did!","Last weekend, that's what I did!",el:lily,0.7,https://audio.bigmooneducation.com/f4/f44ce621ac2b17870da9b54d2acd7077eceb56896136a5020951aced7d1b2d5e.mp3,https://degqpiiddkxcuzwombwp.supabase.co/storage/v1/object/public/tts-audio/f4/f44ce621ac2b17870da9b54d2acd7077eceb56896136a5020951aced7d1b2d5e.mp3,src/data/primaryHub/sentence/g6v2_u2_grammar.json,g6v2_u2_grammar#B.B4,answer.en@0.7
"elevenlabs|el:lily|0.85||Cleaned and washed, watched and read,","Cleaned and washed, watched and read,",el:lily,0.85,https://audio.bigmooneducation.com/8c/8c5438ec8fd92dbeb1a3a0e538b632b77b4432b444468239d0bd4b1335e7fb03.mp3,https://degqpiiddkxcuzwombwp.supabase.co/storage/v1/object/public/tts-audio/8c/8c5438ec8fd92dbeb1a3a0e538b632b77b4432b444468239d0bd4b1335e7fb03.mp3,src/data/primaryHub/sentence/g6v2_u2_grammar.json,g6v2_u2_grammar#B.B4,question.en@0.85
"elevenlabs|el:lily|0.85||Last weekend, that's what I did!","Last weekend, that's what I did!",el:lily,0.85,https://audio.bigmooneducation.com/38/38d608a6f65156b9da75441316d2e83f1e0f341252ab1c2f1eacf94830bfd44a.mp3,https://degqpiiddkxcuzwombwp.supabase.co/storage/v1/object/public/tts-audio/38/38d608a6f65156b9da75441316d2e83f1e0f341252ab1c2f1eacf94830bfd44a.mp3,src/data/primaryHub/sentence/g6v2_u2_grammar.json,g6v2_u2_grammar#B.B4,answer.en@0.85
"elevenlabs|el:lily|1||Cleaned and washed, watched and read,","Cleaned and washed, watched and read,",el:lily,1,https://audio.bigmooneducation.com/40/404f4124d2b6f8235410e5ecc677a7313aeea171b8c678f1968ef6953547bcd1.mp3,https://degqpiiddkxcuzwombwp.supabase.co/storage/v1/object/public/tts-audio/40/404f4124d2b6f8235410e5ecc677a7313aeea171b8c678f1968ef6953547bcd1.mp3,src/data/primaryHub/sentence/g6v2_u2_grammar.json,g6v2_u2_grammar#B.B4,question.en@1
"elevenlabs|el:lily|1||Last weekend, that's what I did!","Last weekend, that's what I did!",el:lily,1,https://audio.bigmooneducation.com/d0/d0b0424d12aca94540dfbaa5d669197cb292cec39f9e5215251b0bf38734b415.mp3,https://degqpiiddkxcuzwombwp.supabase.co/storage/v1/object/public/tts-audio/d0/d0b0424d12aca94540dfbaa5d669197cb292cec39f9e5215251b0bf38734b415.mp3,src/data/primaryHub/sentence/g6v2_u2_grammar.json,g6v2_u2_grammar#B.B4,answer.en@1
elevenlabs|el:lily|0.7||I rode a horse.,I rode a horse.,el:lily,0.7,https://audio.bigmooneducation.com/0e/0e2624e4e12ee1f7192e06877cec1f2efaaba0eb53b219a870f90ab390d24f95.mp3,https://degqpiiddkxcuzwombwp.supabase.co/storage/v1/object/public/tts-audio/0e/0e2624e4e12ee1f7192e06877cec1f2efaaba0eb53b219a870f90ab390d24f95.mp3,src/data/primaryHub/sentence/g6v2_u3_grammar.json,g6v2_u3_grammar#A.A3,question.en@0.7
elevenlabs|el:lily|0.85||I rode a horse.,I rode a horse.,el:lily,0.85,https://audio.bigmooneducation.com/b6/b66321e120ba37437ce45423ef985b3dc4960308d1f5013838cf91f8493635bf.mp3,https://degqpiiddkxcuzwombwp.supabase.co/storage/v1/object/public/tts-audio/b6/b66321e120ba37437ce45423ef985b3dc4960308d1f5013838cf91f8493635bf.mp3,src/data/primaryHub/sentence/g6v2_u3_grammar.json,g6v2_u3_grammar#A.A3,question.en@0.85
elevenlabs|el:lily|1||I rode a horse.,I rode a horse.,el:lily,1,https://audio.bigmooneducation.com/d5/d5d4b16259e424683159a48d078e1c71c62cc0c3de2ff31a69fd5ddb954137d6.mp3,https://degqpiiddkxcuzwombwp.supabase.co/storage/v1/object/public/tts-audio/d5/d5d4b16259e424683159a48d078e1c71c62cc0c3de2ff31a69fd5ddb954137d6.mp3,src/data/primaryHub/sentence/g6v2_u3_grammar.json,g6v2_u3_grammar#A.A3,question.en@1
elevenlabs|el:lily|0.7||Where did you go? How did you go there?,Where did you go? How did you go there?,el:lily,0.7,https://audio.bigmooneducation.com/d9/d989d727ea18f5ff5cd473674c0ab7e9fcb35b26065cdab14e9495695d2c92ca.mp3,https://degqpiiddkxcuzwombwp.supabase.co/storage/v1/object/public/tts-audio/d9/d989d727ea18f5ff5cd473674c0ab7e9fcb35b26065cdab14e9495695d2c92ca.mp3,src/data/primaryHub/sentence/g6v2_u3_grammar.json,g6v2_u3_grammar#A.A4,question.en@0.7
elevenlabs|el:lily|0.85||Where did you go? How did you go there?,Where did you go? How did you go there?,el:lily,0.85,https://audio.bigmooneducation.com/17/179e8efc3910e31cc0f9e9ae8a41abc1c0bd0e1145faf3a58b369e5198a9708a.mp3,https://degqpiiddkxcuzwombwp.supabase.co/storage/v1/object/public/tts-audio/17/179e8efc3910e31cc0f9e9ae8a41abc1c0bd0e1145faf3a58b369e5198a9708a.mp3,src/data/primaryHub/sentence/g6v2_u3_grammar.json,g6v2_u3_grammar#A.A4,question.en@0.85
elevenlabs|el:lily|1||Where did you go? How did you go there?,Where did you go? How did you go there?,el:lily,1,https://audio.bigmooneducation.com/31/318e6620d9d101e6d1ed4185d159491c5f2d352fafefba3f6337e85d1be2dae9.mp3,https://degqpiiddkxcuzwombwp.supabase.co/storage/v1/object/public/tts-audio/31/318e6620d9d101e6d1ed4185d159491c5f2d352fafefba3f6337e85d1be2dae9.mp3,src/data/primaryHub/sentence/g6v2_u3_grammar.json,g6v2_u3_grammar#A.A4,question.en@1
elevenlabs|el:lily|0.7||We went camping.,We went camping.,el:lily,0.7,https://audio.bigmooneducation.com/32/3246baeb4cd7cda4ae0e6d34b2506d8e1f6a08bb53387623497a8a17a305fdba.mp3,https://degqpiiddkxcuzwombwp.supabase.co/storage/v1/object/public/tts-audio/32/3246baeb4cd7cda4ae0e6d34b2506d8e1f6a08bb53387623497a8a17a305fdba.mp3,src/data/primaryHub/sentence/g6v2_u3_grammar.json,g6v2_u3_grammar#B.B3,question.en@0.7
elevenlabs|el:lily|0.85||We went camping.,We went camping.,el:lily,0.85,https://audio.bigmooneducation.com/2d/2d37391ed66ecb075e074e3af4c0770d239d7d470c91fb0816eb4d30cc2c0f65.mp3,https://degqpiiddkxcuzwombwp.supabase.co/storage/v1/object/public/tts-audio/2d/2d37391ed66ecb075e074e3af4c0770d239d7d470c91fb0816eb4d30cc2c0f65.mp3,src/data/primaryHub/sentence/g6v2_u3_grammar.json,g6v2_u3_grammar#B.B3,question.en@0.85
elevenlabs|el:lily|1||We went camping.,We went camping.,el:lily,1,https://audio.bigmooneducation.com/48/48e444d9e86b672388959319096ba0f2ebbf75d0025b9beda4e7a0170f303ab7.mp3,https://degqpiiddkxcuzwombwp.supabase.co/storage/v1/object/public/tts-audio/48/48e444d9e86b672388959319096ba0f2ebbf75d0025b9beda4e7a0170f303ab7.mp3,src/data/primaryHub/sentence/g6v2_u3_grammar.json,g6v2_u3_grammar#B.B3,question.en@1
elevenlabs|el:lily|0.7||Where did you go? We went camping!,Where did you go? We went camping!,el:lily,0.7,https://audio.bigmooneducation.com/78/78dfadbda9be7549d5937ceb40c685a9ea04db4fd887811b6fab29deb6392345.mp3,https://degqpiiddkxcuzwombwp.supabase.co/storage/v1/object/public/tts-audio/78/78dfadbda9be7549d5937ceb40c685a9ea04db4fd887811b6fab29deb6392345.mp3,src/data/primaryHub/sentence/g6v2_u3_grammar.json,g6v2_u3_grammar#B.B4,question.en@0.7
"elevenlabs|el:lily|0.7||We rode, we ate, we had a great day!","We rode, we ate, we had a great day!",el:lily,0.7,https://audio.bigmooneducation.com/b5/b56c80b9feabd3fe077a02bcbe2752a9881644d6d25c48b7ac2c9bc4ab9879d7.mp3,https://degqpiiddkxcuzwombwp.supabase.co/storage/v1/object/public/tts-audio/b5/b56c80b9feabd3fe077a02bcbe2752a9881644d6d25c48b7ac2c9bc4ab9879d7.mp3,src/data/primaryHub/sentence/g6v2_u3_grammar.json,g6v2_u3_grammar#B.B4,answer.en@0.7
elevenlabs|el:lily|0.85||Where did you go? We went camping!,Where did you go? We went camping!,el:lily,0.85,https://audio.bigmooneducation.com/10/10c867eb2045f4e8c025f533498d1c83a88973d0b0ea09346b0737adbd5aa208.mp3,https://degqpiiddkxcuzwombwp.supabase.co/storage/v1/object/public/tts-audio/10/10c867eb2045f4e8c025f533498d1c83a88973d0b0ea09346b0737adbd5aa208.mp3,src/data/primaryHub/sentence/g6v2_u3_grammar.json,g6v2_u3_grammar#B.B4,question.en@0.85
"elevenlabs|el:lily|0.85||We rode, we ate, we had a great day!","We rode, we ate, we had a great day!",el:lily,0.85,https://audio.bigmooneducation.com/f8/f8311099cf57fcad91f9f3ba68d07636f67ae5f96dc036d3bb23b78ea4e8315c.mp3,https://degqpiiddkxcuzwombwp.supabase.co/storage/v1/object/public/tts-audio/f8/f8311099cf57fcad91f9f3ba68d07636f67ae5f96dc036d3bb23b78ea4e8315c.mp3,src/data/primaryHub/sentence/g6v2_u3_grammar.json,g6v2_u3_grammar#B.B4,answer.en@0.85
elevenlabs|el:lily|1||Where did you go? We went camping!,Where did you go? We went camping!,el:lily,1,https://audio.bigmooneducation.com/f2/f2e99a3b29b4050211c8e051a6cabbff249c7278e775bcb6d051bf44b12b1b10.mp3,https://degqpiiddkxcuzwombwp.supabase.co/storage/v1/object/public/tts-audio/f2/f2e99a3b29b4050211c8e051a6cabbff249c7278e775bcb6d051bf44b12b1b10.mp3,src/data/primaryHub/sentence/g6v2_u3_grammar.json,g6v2_u3_grammar#B.B4,question.en@1
"elevenlabs|el:lily|1||We rode, we ate, we had a great day!","We rode, we ate, we had a great day!",el:lily,1,https://audio.bigmooneducation.com/8d/8d6143ff8abc8bbcff31ff3f7f2c1a4448542ce727d9fe286be1c545cee0fd27.mp3,https://degqpiiddkxcuzwombwp.supabase.co/storage/v1/object/public/tts-audio/8d/8d6143ff8abc8bbcff31ff3f7f2c1a4448542ce727d9fe286be1c545cee0fd27.mp3,src/data/primaryHub/sentence/g6v2_u3_grammar.json,g6v2_u3_grammar#B.B4,answer.en@1
elevenlabs|el:lily|0.7||There was no gym in my old school.,There was no gym in my old school.,el:lily,0.7,https://audio.bigmooneducation.com/ca/caa1e77ab096d5bec6eb898af63a56bfb085ae791b0524191b8f1880a69b47a3.mp3,https://degqpiiddkxcuzwombwp.supabase.co/storage/v1/object/public/tts-audio/ca/caa1e77ab096d5bec6eb898af63a56bfb085ae791b0524191b8f1880a69b47a3.mp3,src/data/primaryHub/sentence/g6v2_u4_grammar.json,g6v2_u4_grammar#A.A3,question.en@0.7
elevenlabs|el:lily|1||There was no gym in my old school.,There was no gym in my old school.,el:lily,1,https://audio.bigmooneducation.com/be/befcf295c44ad3f5e6dfd2cd6f3cd21888622e3094dab9fd067a4015450291f0.mp3,https://degqpiiddkxcuzwombwp.supabase.co/storage/v1/object/public/tts-audio/be/befcf295c44ad3f5e6dfd2cd6f3cd21888622e3094dab9fd067a4015450291f0.mp3,src/data/primaryHub/sentence/g6v2_u4_grammar.json,g6v2_u4_grammar#A.A3,question.en@1
elevenlabs|el:lily|0.7||There was no library in my old school. There is one now.,There was no library in my old school. There is one now.,el:lily,0.7,https://audio.bigmooneducation.com/50/50e74159325a9e92326f0b73547414ea6f996093861da0c24975c6e81ce03516.mp3,https://degqpiiddkxcuzwombwp.supabase.co/storage/v1/object/public/tts-audio/50/50e74159325a9e92326f0b73547414ea6f996093861da0c24975c6e81ce03516.mp3,src/data/primaryHub/sentence/g6v2_u4_grammar.json,g6v2_u4_grammar#A.A4,question.en@0.7
elevenlabs|el:lily|1||There was no library in my old school. There is one now.,There was no library in my old school. There is one now.,el:lily,1,https://audio.bigmooneducation.com/a7/a7400b4457422cb77a7aadad6d098eac09a4394688cc178ee7e047ed0507248b.mp3,https://degqpiiddkxcuzwombwp.supabase.co/storage/v1/object/public/tts-audio/a7/a7400b4457422cb77a7aadad6d098eac09a4394688cc178ee7e047ed0507248b.mp3,src/data/primaryHub/sentence/g6v2_u4_grammar.json,g6v2_u4_grammar#A.A4,question.en@1
elevenlabs|el:lily|0.7||I can go cycling.,I can go cycling.,el:lily,0.7,https://audio.bigmooneducation.com/06/0695b41fdb5f9c9ca6410fb0334448279a8ced5d4d9ab1358a30f801b82d30ba.mp3,https://degqpiiddkxcuzwombwp.supabase.co/storage/v1/object/public/tts-audio/06/0695b41fdb5f9c9ca6410fb0334448279a8ced5d4d9ab1358a30f801b82d30ba.mp3,src/data/primaryHub/sentence/g6v2_u4_grammar.json,g6v2_u4_grammar#B.B3,question.en@0.7
elevenlabs|el:lily|1||I can go cycling.,I can go cycling.,el:lily,1,https://audio.bigmooneducation.com/11/115ec9192f48f0414158ddb6bc5e10f8d5e6a1bbbaad189cbed819158e088a85.mp3,https://degqpiiddkxcuzwombwp.supabase.co/storage/v1/object/public/tts-audio/11/115ec9192f48f0414158ddb6bc5e10f8d5e6a1bbbaad189cbed819158e088a85.mp3,src/data/primaryHub/sentence/g6v2_u4_grammar.json,g6v2_u4_grammar#B.B3,question.en@1
"elevenlabs|el:lily|0.7||Then I was small, then I was slow,","Then I was small, then I was slow,",el:lily,0.7,https://audio.bigmooneducation.com/2d/2dacd568b1f0adb9de412ce69a1628b29a1e3bb39a82fbb9411bfcb97a5507e6.mp3,https://degqpiiddkxcuzwombwp.supabase.co/storage/v1/object/public/tts-audio/2d/2dacd568b1f0adb9de412ce69a1628b29a1e3bb39a82fbb9411bfcb97a5507e6.mp3,src/data/primaryHub/sentence/g6v2_u4_grammar.json,g6v2_u4_grammar#B.B4,question.en@0.7
"elevenlabs|el:lily|0.7||Now I'm tall, now watch me go!","Now I'm tall, now watch me go!",el:lily,0.7,https://audio.bigmooneducation.com/b7/b76b0386b535c9f22c7e24c68ce009807934732c9d43be3202732fc77acd813f.mp3,https://degqpiiddkxcuzwombwp.supabase.co/storage/v1/object/public/tts-audio/b7/b76b0386b535c9f22c7e24c68ce009807934732c9d43be3202732fc77acd813f.mp3,src/data/primaryHub/sentence/g6v2_u4_grammar.json,g6v2_u4_grammar#B.B4,answer.en@0.7
"elevenlabs|el:lily|1||Then I was small, then I was slow,","Then I was small, then I was slow,",el:lily,1,https://audio.bigmooneducation.com/52/5254bb7ad4713e37d42cb5071ee9f952e63feac6ab578d4d0318ce91d5e25258.mp3,https://degqpiiddkxcuzwombwp.supabase.co/storage/v1/object/public/tts-audio/52/5254bb7ad4713e37d42cb5071ee9f952e63feac6ab578d4d0318ce91d5e25258.mp3,src/data/primaryHub/sentence/g6v2_u4_grammar.json,g6v2_u4_grammar#B.B4,question.en@1
"elevenlabs|el:lily|1||Now I'm tall, now watch me go!","Now I'm tall, now watch me go!",el:lily,1,https://audio.bigmooneducation.com/f0/f0a72673162134759bc561eb16964177c36467a9b020b78967c9f3f08ad3b74a.mp3,https://degqpiiddkxcuzwombwp.supabase.co/storage/v1/object/public/tts-audio/f0/f0a72673162134759bc561eb16964177c36467a9b020b78967c9f3f08ad3b74a.mp3,src/data/primaryHub/sentence/g6v2_u4_grammar.json,g6v2_u4_grammar#B.B4,answer.en@1
elevenlabs|el:lily|1||TV,TV,el:lily,1,https://audio.bigmooneducation.com/cc/cc66c6b5600982a64a24c46c701a4ae4394807eeba2c700bedbdaf1af5c10c6a.mp3,https://degqpiiddkxcuzwombwp.supabase.co/storage/v1/object/public/tts-audio/cc/cc66c6b5600982a64a24c46c701a4ae4394807eeba2c700bedbdaf1af5c10c6a.mp3,src/data/primaryHub/finalChallenge/grade4_v1_seed.json,fc_g4v1_seed_06,options[answer]
elevenlabs|el:lily|1||pencil,pencil,el:lily,1,https://audio.bigmooneducation.com/67/6737a7a965e0f0271926ad216e34e9c3082674375fb8f50409c021b810ef2751.mp3,https://degqpiiddkxcuzwombwp.supabase.co/storage/v1/object/public/tts-audio/67/6737a7a965e0f0271926ad216e34e9c3082674375fb8f50409c021b810ef2751.mp3,src/data/primaryHub/finalChallenge/grade4_v1_seed.json,fc_g4v1_seed_07,options[answer]
elevenlabs|el:lily|1||chopsticks,chopsticks,el:lily,1,https://audio.bigmooneducation.com/24/248d7a2dd901c60f2c6a84dd719c4d95e7e885db38465dab64c06a74e2a3f58f.mp3,https://degqpiiddkxcuzwombwp.supabase.co/storage/v1/object/public/tts-audio/24/248d7a2dd901c60f2c6a84dd719c4d95e7e885db38465dab64c06a74e2a3f58f.mp3,src/data/primaryHub/finalChallenge/grade4_v1_seed.json,fc_g4v1_seed_09,options[answer]
elevenlabs|el:lily|1||play the pipa,play the pipa,el:lily,1,https://audio.bigmooneducation.com/38/3885c1cc2447a55fc4b0fd7daaaf1f36a40adc21495153fcea5f819656839e42.mp3,https://degqpiiddkxcuzwombwp.supabase.co/storage/v1/object/public/tts-audio/38/3885c1cc2447a55fc4b0fd7daaaf1f36a40adc21495153fcea5f819656839e42.mp3,src/data/primaryHub/finalChallenge/grade5_v1_seed.json,fc_g5v1_pmw_19,options[answer]
elevenlabs|el:lily|1||mountain,mountain,el:lily,1,https://audio.bigmooneducation.com/0e/0ed1f925982f0e3c52398d5acbc4862a2e39e23bd648176ac7c6d6661678a9cd.mp3,https://degqpiiddkxcuzwombwp.supabase.co/storage/v1/object/public/tts-audio/0e/0ed1f925982f0e3c52398d5acbc4862a2e39e23bd648176ac7c6d6661678a9cd.mp3,src/data/primaryHub/finalChallenge/grade5_v1_seed.json,fc_g5v1_pmw_20,options[answer]
elevenlabs|el:lily|1||sandwich,sandwich,el:lily,1,https://audio.bigmooneducation.com/cb/cbe94229fb3f47890e8430874036284c75243fce76c029277d74ae57e5206ce2.mp3,https://degqpiiddkxcuzwombwp.supabase.co/storage/v1/object/public/tts-audio/cb/cbe94229fb3f47890e8430874036284c75243fce76c029277d74ae57e5206ce2.mp3,src/data/primaryHub/finalChallenge/grade5_v1_seed.json,fc_g5v1_pmw_25,options[answer]
elevenlabs|el:lily|1||clock,clock,el:lily,1,https://audio.bigmooneducation.com/d3/d37825a0c984ad7b9f88f368dcc3e9f999e3fdf7bd36999b70d27c73cb7db125.mp3,https://degqpiiddkxcuzwombwp.supabase.co/storage/v1/object/public/tts-audio/d3/d37825a0c984ad7b9f88f368dcc3e9f999e3fdf7bd36999b70d27c73cb7db125.mp3,src/data/primaryHub/finalChallenge/grade5_v1_seed.json,fc_g5v1_pmw_26,options[answer]
elevenlabs|el:lily|1||do kung fu,do kung fu,el:lily,1,https://audio.bigmooneducation.com/cf/cf154cfebb4f6b2daf3ac8a3b0df6de1e01471aa5f103363c5df690f6912d592.mp3,https://degqpiiddkxcuzwombwp.supabase.co/storage/v1/object/public/tts-audio/cf/cf154cfebb4f6b2daf3ac8a3b0df6de1e01471aa5f103363c5df690f6912d592.mp3,src/data/primaryHub/finalChallenge/grade5_v1_seed.json,fc_g5v1_pmw_27,options[answer]
elevenlabs|el:lily|1||ice cream,ice cream,el:lily,1,https://audio.bigmooneducation.com/68/6882bc5b077c6bb5ea971218aeacc9094eb280de0bc902edd6b4a5a032ebca63.mp3,https://degqpiiddkxcuzwombwp.supabase.co/storage/v1/object/public/tts-audio/68/6882bc5b077c6bb5ea971218aeacc9094eb280de0bc902edd6b4a5a032ebca63.mp3,src/data/primaryHub/finalChallenge/grade5_v1_seed.json,fc_g5v1_pmw_30,options[answer]
elevenlabs|el:lily|1||bridge,bridge,el:lily,1,https://audio.bigmooneducation.com/e8/e87846aae59cb4bd71bf7b32925232f58e5b69700e60e3b34aabc42ae390353f.mp3,https://degqpiiddkxcuzwombwp.supabase.co/storage/v1/object/public/tts-audio/e8/e87846aae59cb4bd71bf7b32925232f58e5b69700e60e3b34aabc42ae390353f.mp3,src/data/primaryHub/finalChallenge/grade5_v1_seed.json,fc_g5v1_pmw_32,options[answer]
elevenlabs|el:lily|1||exercise,exercise,el:lily,1,https://audio.bigmooneducation.com/54/54763daa5978fea32b5c4d92ab17bb57a4b53b0f3b9dd29c1d4f3eb644e701fe.mp3,https://degqpiiddkxcuzwombwp.supabase.co/storage/v1/object/public/tts-audio/54/54763daa5978fea32b5c4d92ab17bb57a4b53b0f3b9dd29c1d4f3eb644e701fe.mp3,src/data/primaryHub/finalChallenge/grade5_v2_seed.json,fc_g5v2_pmw_20,options[answer]
elevenlabs|el:lily|1||autumn,autumn,el:lily,1,https://audio.bigmooneducation.com/f5/f554c4661aa3e014709b14ffd9d1e8c219ca388b1f8e95b571cf690a8b5a6790.mp3,https://degqpiiddkxcuzwombwp.supabase.co/storage/v1/object/public/tts-audio/f5/f554c4661aa3e014709b14ffd9d1e8c219ca388b1f8e95b571cf690a8b5a6790.mp3,src/data/primaryHub/finalChallenge/grade5_v2_seed.json,fc_g5v2_pmw_21,options[answer]
elevenlabs|el:lily|1||eat dinner,eat dinner,el:lily,1,https://audio.bigmooneducation.com/24/24ae6aa5be5cfe3d7d4038c2a10006606aab2343900d2e1e2d7f9298efede0c7.mp3,https://degqpiiddkxcuzwombwp.supabase.co/storage/v1/object/public/tts-audio/24/24ae6aa5be5cfe3d7d4038c2a10006606aab2343900d2e1e2d7f9298efede0c7.mp3,src/data/primaryHub/finalChallenge/grade5_v2_seed.json,fc_g5v2_pmw_23,options[answer]
elevenlabs|el:lily|1||summer,summer,el:lily,1,https://audio.bigmooneducation.com/e2/e20a849bea83d1234af338a3565ed0b879fcacbdf27854ac8b976b8f9a080e78.mp3,https://degqpiiddkxcuzwombwp.supabase.co/storage/v1/object/public/tts-audio/e2/e20a849bea83d1234af338a3565ed0b879fcacbdf27854ac8b976b8f9a080e78.mp3,src/data/primaryHub/finalChallenge/grade5_v2_seed.json,fc_g5v2_pmw_24,options[answer]
elevenlabs|el:lily|1||spring,spring,el:lily,1,https://audio.bigmooneducation.com/07/072daeea86d34b47cce396a45d41d6b0f6e5f5eb8327a1b8e1f79fa71c584027.mp3,https://degqpiiddkxcuzwombwp.supabase.co/storage/v1/object/public/tts-audio/07/072daeea86d34b47cce396a45d41d6b0f6e5f5eb8327a1b8e1f79fa71c584027.mp3,src/data/primaryHub/finalChallenge/grade5_v2_seed.json,fc_g5v2_pmw_27,options[answer]
elevenlabs|el:lily|1||eat breakfast,eat breakfast,el:lily,1,https://audio.bigmooneducation.com/bb/bb2533fefd86803448a093475471fb26f12dd9f9d325737647368310dc85dbf3.mp3,https://degqpiiddkxcuzwombwp.supabase.co/storage/v1/object/public/tts-audio/bb/bb2533fefd86803448a093475471fb26f12dd9f9d325737647368310dc85dbf3.mp3,src/data/primaryHub/finalChallenge/grade5_v2_seed.json,fc_g5v2_pmw_32,options[answer]
elevenlabs|el:lily|1||cinema,cinema,el:lily,1,https://audio.bigmooneducation.com/47/47523750d47b91a7a5b7e0c292f640ef4b16bcaf7b9e25c646292a69103b5011.mp3,https://degqpiiddkxcuzwombwp.supabase.co/storage/v1/object/public/tts-audio/47/47523750d47b91a7a5b7e0c292f640ef4b16bcaf7b9e25c646292a69103b5011.mp3,src/data/primaryHub/finalChallenge/grade6_v1_seed.json,fc_g6v1_pmw_02,options[answer]
elevenlabs|el:lily|1||bookstore,bookstore,el:lily,1,https://audio.bigmooneducation.com/5c/5c763539400403a27fd1b6066540f1c242357e78f90ed2150d96b0ee1221dd90.mp3,https://degqpiiddkxcuzwombwp.supabase.co/storage/v1/object/public/tts-audio/5c/5c763539400403a27fd1b6066540f1c242357e78f90ed2150d96b0ee1221dd90.mp3,src/data/primaryHub/finalChallenge/grade6_v1_seed.json,fc_g6v1_pmw_04,options[answer]
elevenlabs|el:lily|1||school,school,el:lily,1,https://audio.bigmooneducation.com/84/8495e8d6f82fbfa6653a57c7319d799c6af2e5b8c2b444d9a8a3e6d8ef412433.mp3,https://degqpiiddkxcuzwombwp.supabase.co/storage/v1/object/public/tts-audio/84/8495e8d6f82fbfa6653a57c7319d799c6af2e5b8c2b444d9a8a3e6d8ef412433.mp3,src/data/primaryHub/finalChallenge/grade6_v1_seed.json,fc_g6v1_pmw_05,options[answer]
elevenlabs|el:lily|1||by bus,by bus,el:lily,1,https://audio.bigmooneducation.com/ec/ecf9cee563e5fc1702699ce45b420c4586df691711474ee5b44e6c0d8d5fa4ef.mp3,https://degqpiiddkxcuzwombwp.supabase.co/storage/v1/object/public/tts-audio/ec/ecf9cee563e5fc1702699ce45b420c4586df691711474ee5b44e6c0d8d5fa4ef.mp3,src/data/primaryHub/finalChallenge/grade6_v1_seed.json,fc_g6v1_pmw_06,options[answer]
elevenlabs|el:lily|1||by bike,by bike,el:lily,1,https://audio.bigmooneducation.com/f7/f7c6f946d1d054391005c0d1aed792e46f7a6ca65b65f10e57b070566d348007.mp3,https://degqpiiddkxcuzwombwp.supabase.co/storage/v1/object/public/tts-audio/f7/f7c6f946d1d054391005c0d1aed792e46f7a6ca65b65f10e57b070566d348007.mp3,src/data/primaryHub/finalChallenge/grade6_v1_seed.json,fc_g6v1_pmw_07,options[answer]
elevenlabs|el:lily|1||by plane,by plane,el:lily,1,https://audio.bigmooneducation.com/21/2181f5d9b4054cb4aeb977fdc892a4b191c3366ce52aa8da419d45909827d790.mp3,https://degqpiiddkxcuzwombwp.supabase.co/storage/v1/object/public/tts-audio/21/2181f5d9b4054cb4aeb977fdc892a4b191c3366ce52aa8da419d45909827d790.mp3,src/data/primaryHub/finalChallenge/grade6_v1_seed.json,fc_g6v1_pmw_08,options[answer]
elevenlabs|el:lily|1||singer,singer,el:lily,1,https://audio.bigmooneducation.com/c6/c6055c488e3fe4b29d79f37f0562836a59e01a56c45bfac95ded061d5081b96c.mp3,https://degqpiiddkxcuzwombwp.supabase.co/storage/v1/object/public/tts-audio/c6/c6055c488e3fe4b29d79f37f0562836a59e01a56c45bfac95ded061d5081b96c.mp3,src/data/primaryHub/finalChallenge/grade6_v1_seed.json,fc_g6v1_pmw_15,options[answer]
elevenlabs|el:lily|1||sad,sad,el:lily,1,https://audio.bigmooneducation.com/ab/ab4fbf9bf8d34eed06e785cbbac0c0c8eb80a05bba1b9746659a56e5f687b4c9.mp3,https://degqpiiddkxcuzwombwp.supabase.co/storage/v1/object/public/tts-audio/ab/ab4fbf9bf8d34eed06e785cbbac0c0c8eb80a05bba1b9746659a56e5f687b4c9.mp3,src/data/primaryHub/finalChallenge/grade6_v1_seed.json,fc_g6v1_pmw_16,options[answer]
elevenlabs|el:lily|1||making kites,making kites,el:lily,1,https://audio.bigmooneducation.com/78/78f1d27b4f9c0aa883eec73cb32fb54e5aa5f8a3127ef1e8c4c19d3a5bfa95c5.mp3,https://degqpiiddkxcuzwombwp.supabase.co/storage/v1/object/public/tts-audio/78/78f1d27b4f9c0aa883eec73cb32fb54e5aa5f8a3127ef1e8c4c19d3a5bfa95c5.mp3,src/data/primaryHub/finalChallenge/grade6_v1_seed.json,fc_g6v1_pmw_18,options[answer]
elevenlabs|el:lily|1||Listen! They are singing in the music room.,Listen! They are singing in the music room.,el:lily,1,https://audio.bigmooneducation.com/cd/cd1fd3ba7453a202e7ab79a8acbe9a748735e329238b377813dfcf0caef1555d.mp3,https://degqpiiddkxcuzwombwp.supabase.co/storage/v1/object/public/tts-audio/cd/cd1fd3ba7453a202e7ab79a8acbe9a748735e329238b377813dfcf0caef1555d.mp3,src/data/primaryHub/finalChallenge/grade6_v1_seed.json,fc_g6v1_fic_02,audio
elevenlabs|el:lily|1||The girls are having breakfast now.,The girls are having breakfast now.,el:lily,1,https://audio.bigmooneducation.com/6a/6ad5337fe0416c25b1109b9d6584dacb70bc40b9632000982f688adec23537dd.mp3,https://degqpiiddkxcuzwombwp.supabase.co/storage/v1/object/public/tts-audio/6a/6ad5337fe0416c25b1109b9d6584dacb70bc40b9632000982f688adec23537dd.mp3,src/data/primaryHub/finalChallenge/grade6_v1_seed.json,fc_g6v1_fic_03,audio
elevenlabs|el:lily|1||I go to school from Monday to Friday.,I go to school from Monday to Friday.,el:lily,1,https://audio.bigmooneducation.com/04/04967d4299e2b23e8c57b5e53c5eafa9476aa79dae8b01c710975ff99ca1b3be.mp3,https://degqpiiddkxcuzwombwp.supabase.co/storage/v1/object/public/tts-audio/04/04967d4299e2b23e8c57b5e53c5eafa9476aa79dae8b01c710975ff99ca1b3be.mp3,src/data/primaryHub/finalChallenge/grade6_v1_seed.json,fc_g6v1_fic_09,audio
elevenlabs|el:lily|1||My mother is an English teacher.,My mother is an English teacher.,el:lily,1,https://audio.bigmooneducation.com/8d/8d09c13ce0da83d753167c7b8ad8b18acb0a1a53abea236db76d7db38aae90a8.mp3,https://degqpiiddkxcuzwombwp.supabase.co/storage/v1/object/public/tts-audio/8d/8d09c13ce0da83d753167c7b8ad8b18acb0a1a53abea236db76d7db38aae90a8.mp3,src/data/primaryHub/finalChallenge/grade6_v1_seed.json,fc_g6v1_fic_13,audio
elevenlabs|el:lily|1||There are twelve months in a year.,There are twelve months in a year.,el:lily,1,https://audio.bigmooneducation.com/5b/5b0ab3f8f236ab9245e753865d5bd3d08cb455d8cbcb16550695bd6ca22ff8b7.mp3,https://degqpiiddkxcuzwombwp.supabase.co/storage/v1/object/public/tts-audio/5b/5b0ab3f8f236ab9245e753865d5bd3d08cb455d8cbcb16550695bd6ca22ff8b7.mp3,src/data/primaryHub/finalChallenge/grade6_v1_seed.json,fc_g6v1_fic_16,audio
elevenlabs|el:lily|1||There are five photos on the table.,There are five photos on the table.,el:lily,1,https://audio.bigmooneducation.com/6b/6b369b6184bff55063ecf9f83fec81061d668e3a31f0ba9e7888b5c209d4ac80.mp3,https://degqpiiddkxcuzwombwp.supabase.co/storage/v1/object/public/tts-audio/6b/6b369b6184bff55063ecf9f83fec81061d668e3a31f0ba9e7888b5c209d4ac80.mp3,src/data/primaryHub/finalChallenge/grade6_v1_seed.json,fc_g6v1_fic_17,audio
elevenlabs|el:lily|1||She is going to visit her grandparents.,She is going to visit her grandparents.,el:lily,1,https://audio.bigmooneducation.com/ae/ae453bb23a07b1add3afbbc862bc289340fc5ea6611fd432bc184e27d7349e3e.mp3,https://degqpiiddkxcuzwombwp.supabase.co/storage/v1/object/public/tts-audio/ae/ae453bb23a07b1add3afbbc862bc289340fc5ea6611fd432bc184e27d7349e3e.mp3,src/data/primaryHub/finalChallenge/grade6_v1_seed.json,fc_g6v1_so_07,display
elevenlabs|el:lily|1||What is your hobby?,What is your hobby?,el:lily,1,https://audio.bigmooneducation.com/04/0488b0f3584cbdfcda85d5f0dbe60b81fedd4a576a26de84f06c1ec3e4ef3059.mp3,https://degqpiiddkxcuzwombwp.supabase.co/storage/v1/object/public/tts-audio/04/0488b0f3584cbdfcda85d5f0dbe60b81fedd4a576a26de84f06c1ec3e4ef3059.mp3,src/data/primaryHub/finalChallenge/grade6_v1_seed.json,fc_g6v1_so_08,display
elevenlabs|el:lily|1||I am going to the bookstore.,I am going to the bookstore.,el:lily,1,https://audio.bigmooneducation.com/07/07ea42a88ffd303b4ff034668838212b68caa723de0e851e6b769afbcee13103.mp3,https://degqpiiddkxcuzwombwp.supabase.co/storage/v1/object/public/tts-audio/07/07ea42a88ffd303b4ff034668838212b68caa723de0e851e6b769afbcee13103.mp3,src/data/primaryHub/finalChallenge/grade6_v1_seed.json,fc_g6v1_so_14,display
elevenlabs|el:lily|1||I went fishing yesterday.,I went fishing yesterday.,el:lily,1,https://audio.bigmooneducation.com/d4/d4f05b93f636184fd4cc8808f335baee9f2d6e7fb5dccaca267a5e7bdfb819f7.mp3,https://degqpiiddkxcuzwombwp.supabase.co/storage/v1/object/public/tts-audio/d4/d4f05b93f636184fd4cc8808f335baee9f2d6e7fb5dccaca267a5e7bdfb819f7.mp3,src/data/primaryHub/finalChallenge/grade6_v2_seed.json,fc_g6v2_fic_02,audio
elevenlabs|el:lily|1||My dad bought a new bike for me yesterday.,My dad bought a new bike for me yesterday.,el:lily,1,https://audio.bigmooneducation.com/04/042f61d0642f85e6cc614f56b12cc3f05f288768631157a78c4781be6365e254.mp3,https://degqpiiddkxcuzwombwp.supabase.co/storage/v1/object/public/tts-audio/04/042f61d0642f85e6cc614f56b12cc3f05f288768631157a78c4781be6365e254.mp3,src/data/primaryHub/finalChallenge/grade6_v2_seed.json,fc_g6v2_fic_03,audio
elevenlabs|el:lily|1||John had a cold last Sunday.,John had a cold last Sunday.,el:lily,1,https://audio.bigmooneducation.com/5a/5ae9c770de4522eec6ba4bbdc61e556708d575c9e21bef38db63f89c5ad950d3.mp3,https://degqpiiddkxcuzwombwp.supabase.co/storage/v1/object/public/tts-audio/5a/5ae9c770de4522eec6ba4bbdc61e556708d575c9e21bef38db63f89c5ad950d3.mp3,src/data/primaryHub/finalChallenge/grade6_v2_seed.json,fc_g6v2_fic_05,audio
elevenlabs|el:lily|1||I stayed at home and watched TV last Saturday.,I stayed at home and watched TV last Saturday.,el:lily,1,https://audio.bigmooneducation.com/90/90486565c42c0d29caa2736ce00774dbf1fe193a45ec6bf05ed668b4974c2b01.mp3,https://degqpiiddkxcuzwombwp.supabase.co/storage/v1/object/public/tts-audio/90/90486565c42c0d29caa2736ce00774dbf1fe193a45ec6bf05ed668b4974c2b01.mp3,src/data/primaryHub/finalChallenge/grade6_v2_seed.json,fc_g6v2_fic_06,audio
elevenlabs|el:lily|1||How was your holiday last month?,How was your holiday last month?,el:lily,1,https://audio.bigmooneducation.com/92/9240e3757362889dc504716e93fb6538e06d409bb6027df20e8bd26f2c1bfd69.mp3,https://degqpiiddkxcuzwombwp.supabase.co/storage/v1/object/public/tts-audio/92/9240e3757362889dc504716e93fb6538e06d409bb6027df20e8bd26f2c1bfd69.mp3,src/data/primaryHub/finalChallenge/grade6_v2_seed.json,fc_g6v2_fic_08,audio
elevenlabs|el:lily|1||My pencil is longer than yours.,My pencil is longer than yours.,el:lily,1,https://audio.bigmooneducation.com/38/383c3379e2dd23b47b2b95f77a3c2fbf4c408da44489ef105786ebfc43fc48f0.mp3,https://degqpiiddkxcuzwombwp.supabase.co/storage/v1/object/public/tts-audio/38/383c3379e2dd23b47b2b95f77a3c2fbf4c408da44489ef105786ebfc43fc48f0.mp3,src/data/primaryHub/finalChallenge/grade6_v2_seed.json,fc_g6v2_fic_09,audio
elevenlabs|el:lily|1||Tom is taller than John.,Tom is taller than John.,el:lily,1,https://audio.bigmooneducation.com/d9/d9de5687678329d71e4bb2114ae3258977bd01eebb61fad2f4276cc3aca090bd.mp3,https://degqpiiddkxcuzwombwp.supabase.co/storage/v1/object/public/tts-audio/d9/d9de5687678329d71e4bb2114ae3258977bd01eebb61fad2f4276cc3aca090bd.mp3,src/data/primaryHub/finalChallenge/grade6_v2_seed.json,fc_g6v2_fic_10,audio
elevenlabs|el:lily|1||My schoolbag is heavier than Sarah's.,My schoolbag is heavier than Sarah's.,el:lily,1,https://audio.bigmooneducation.com/8c/8c69426ef75f6bc9c2800285e56569cc2818133ad2fbfc6f5be21609cd51db82.mp3,https://degqpiiddkxcuzwombwp.supabase.co/storage/v1/object/public/tts-audio/8c/8c69426ef75f6bc9c2800285e56569cc2818133ad2fbfc6f5be21609cd51db82.mp3,src/data/primaryHub/finalChallenge/grade6_v2_seed.json,fc_g6v2_fic_12,audio
elevenlabs|el:lily|1||My brother is much younger than you.,My brother is much younger than you.,el:lily,1,https://audio.bigmooneducation.com/92/923e5bf5ea1413adb8fe6c190f18c5ab1e2fa4443e768b6d32f11983abf52864.mp3,https://degqpiiddkxcuzwombwp.supabase.co/storage/v1/object/public/tts-audio/92/923e5bf5ea1413adb8fe6c190f18c5ab1e2fa4443e768b6d32f11983abf52864.mp3,src/data/primaryHub/finalChallenge/grade6_v2_seed.json,fc_g6v2_fic_13,audio
elevenlabs|el:lily|1||Don't talk here. The students are sleeping.,Don't talk here. The students are sleeping.,el:lily,1,https://audio.bigmooneducation.com/85/8506a0c6be55c1bc13e14e5f3002e46c889f8ebf904b49927f83fad556cd2cf2.mp3,https://degqpiiddkxcuzwombwp.supabase.co/storage/v1/object/public/tts-audio/85/8506a0c6be55c1bc13e14e5f3002e46c889f8ebf904b49927f83fad556cd2cf2.mp3,src/data/primaryHub/finalChallenge/grade6_v2_seed.json,fc_g6v2_fic_16,audio
elevenlabs|el:lily|1||Mike did his homework after school yesterday.,Mike did his homework after school yesterday.,el:lily,1,https://audio.bigmooneducation.com/02/025b50448f8e6d11591aa8f7e756580243fc0f092d6697de576332d8b81cc917.mp3,https://degqpiiddkxcuzwombwp.supabase.co/storage/v1/object/public/tts-audio/02/025b50448f8e6d11591aa8f7e756580243fc0f092d6697de576332d8b81cc917.mp3,src/data/primaryHub/finalChallenge/grade6_v2_seed.json,fc_g6v2_fic_17,audio
elevenlabs|el:lily|1||I went swimming last weekend.,I went swimming last weekend.,el:lily,1,https://audio.bigmooneducation.com/9f/9f1f25c0f303ac8ba96c004e6b8c7cd8700df3c5046f5f14cb88e37bb5450289.mp3,https://degqpiiddkxcuzwombwp.supabase.co/storage/v1/object/public/tts-audio/9f/9f1f25c0f303ac8ba96c004e6b8c7cd8700df3c5046f5f14cb88e37bb5450289.mp3,src/data/primaryHub/finalChallenge/grade6_v2_seed.json,fc_g6v2_so_02,display
elevenlabs|el:lily|1||She watched TV yesterday.,She watched TV yesterday.,el:lily,1,https://audio.bigmooneducation.com/36/36befb4d11859070c9cca4e846b5615cd4f5da0d7acc3d6cc947b40ec122747a.mp3,https://degqpiiddkxcuzwombwp.supabase.co/storage/v1/object/public/tts-audio/36/36befb4d11859070c9cca4e846b5615cd4f5da0d7acc3d6cc947b40ec122747a.mp3,src/data/primaryHub/finalChallenge/grade6_v2_seed.json,fc_g6v2_so_04,display
elevenlabs|el:lily|1||Tom is taller than Jim.,Tom is taller than Jim.,el:lily,1,https://audio.bigmooneducation.com/90/904fabc03b5c818db148c813461fb8b3e8f23c0a84092b887a899135c41d9f58.mp3,https://degqpiiddkxcuzwombwp.supabase.co/storage/v1/object/public/tts-audio/90/904fabc03b5c818db148c813461fb8b3e8f23c0a84092b887a899135c41d9f58.mp3,src/data/primaryHub/finalChallenge/grade6_v2_seed.json,fc_g6v2_so_05,display
elevenlabs|el:lily|1||My bag is heavier than yours.,My bag is heavier than yours.,el:lily,1,https://audio.bigmooneducation.com/94/94afcee2a8de2d7e057763682f695bf723c44a7912f296ab99da38ff9cdeade3.mp3,https://degqpiiddkxcuzwombwp.supabase.co/storage/v1/object/public/tts-audio/94/94afcee2a8de2d7e057763682f695bf723c44a7912f296ab99da38ff9cdeade3.mp3,src/data/primaryHub/finalChallenge/grade6_v2_seed.json,fc_g6v2_so_06,display
elevenlabs|el:lily|1||I bought a gift for my mother.,I bought a gift for my mother.,el:lily,1,https://audio.bigmooneducation.com/ef/efb74d181ccf710f1cda467ba4517f9117f63f9fcf9e8e1f573c2b099087b9b2.mp3,https://degqpiiddkxcuzwombwp.supabase.co/storage/v1/object/public/tts-audio/ef/efb74d181ccf710f1cda467ba4517f9117f63f9fcf9e8e1f573c2b099087b9b2.mp3,src/data/primaryHub/finalChallenge/grade6_v2_seed.json,fc_g6v2_so_08,display
elevenlabs|el:lily|1||We went to the park by bus.,We went to the park by bus.,el:lily,1,https://audio.bigmooneducation.com/22/22f7b4755c964f3b3d8f0647e31b125bf2f000eded1c782e2023ceda4e8a4134.mp3,https://degqpiiddkxcuzwombwp.supabase.co/storage/v1/object/public/tts-audio/22/22f7b4755c964f3b3d8f0647e31b125bf2f000eded1c782e2023ceda4e8a4134.mp3,src/data/primaryHub/finalChallenge/grade6_v2_seed.json,fc_g6v2_so_09,display
elevenlabs|el:lily|1||The elephant is bigger than the cat.,The elephant is bigger than the cat.,el:lily,1,https://audio.bigmooneducation.com/c9/c92a3632bf693e74e837d14a0b01d55fa44579961ab5adb90e69eceefa31d1f9.mp3,https://degqpiiddkxcuzwombwp.supabase.co/storage/v1/object/public/tts-audio/c9/c92a3632bf693e74e837d14a0b01d55fa44579961ab5adb90e69eceefa31d1f9.mp3,src/data/primaryHub/finalChallenge/grade6_v2_seed.json,fc_g6v2_so_11,display
elevenlabs|el:lily|1||I visited my grandparents last weekend.,I visited my grandparents last weekend.,el:lily,1,https://audio.bigmooneducation.com/68/6829e2efca6488a2d8975f31f26b87e82943946b8149f5747a98f489464c15cc.mp3,https://degqpiiddkxcuzwombwp.supabase.co/storage/v1/object/public/tts-audio/68/6829e2efca6488a2d8975f31f26b87e82943946b8149f5747a98f489464c15cc.mp3,src/data/primaryHub/finalChallenge/grade6_v2_seed.json,fc_g6v2_so_13,display
elevenlabs|el:lily|1||He had a cold last Sunday.,He had a cold last Sunday.,el:lily,1,https://audio.bigmooneducation.com/b0/b0108dba6f37eb71dad49f7a5a89739dac49b703f98b2249911b5247b714d9f7.mp3,https://degqpiiddkxcuzwombwp.supabase.co/storage/v1/object/public/tts-audio/b0/b0108dba6f37eb71dad49f7a5a89739dac49b703f98b2249911b5247b714d9f7.mp3,src/data/primaryHub/finalChallenge/grade6_v2_seed.json,fc_g6v2_so_14,display
elevenlabs|el:lily|1||I took many pictures.,I took many pictures.,el:lily,1,https://audio.bigmooneducation.com/51/51ba50138a95f31df01005826e8933515ffaaa1e1bf6779388c1a2d230c228b1.mp3,https://degqpiiddkxcuzwombwp.supabase.co/storage/v1/object/public/tts-audio/51/51ba50138a95f31df01005826e8933515ffaaa1e1bf6779388c1a2d230c228b1.mp3,src/data/primaryHub/finalChallenge/grade6_v2_seed.json,fc_g6v2_so_15,display
elevenlabs|el:lily|1||Sarah is younger than me.,Sarah is younger than me.,el:lily,1,https://audio.bigmooneducation.com/b3/b37c7e39ebaab39c92c963ab40026a7489db04703074c8b8804725e2a20abd94.mp3,https://degqpiiddkxcuzwombwp.supabase.co/storage/v1/object/public/tts-audio/b3/b37c7e39ebaab39c92c963ab40026a7489db04703074c8b8804725e2a20abd94.mp3,src/data/primaryHub/finalChallenge/grade6_v2_seed.json,fc_g6v2_so_16,display
elevenlabs|el:lily|0.85||school,school,el:lily,0.85,https://audio.bigmooneducation.com/ad/ad26ce1c930bb4ecb8abbb223eb41f51c9a756c889a1a4c8fc1887b4c1154bac.mp3,https://degqpiiddkxcuzwombwp.supabase.co/storage/v1/object/public/tts-audio/ad/ad26ce1c930bb4ecb8abbb223eb41f51c9a756c889a1a4c8fc1887b4c1154bac.mp3,src/data/primaryHub/phonics/g4v2_u1_er.ts,g4v2_u1#challenge[3].school,stage_3_challenge.options
