why,cache_key,text,cdn_url,storage_url,record_id
整段对话(已改为按说话人切句),"elevenlabs|el:lily|0.8||What does this charity provide for people in need? It provides food, shelter and other practical help.","What does this charity provide for people in need? It provides food, shelter and other practical help.",https://audio.bigmooneducation.com/b5/b5f3995a9c5574b1a25eaeed7c2e8fc5465556c6fc554e53a577ca0c415eb3d1.mp3,https://degqpiiddkxcuzwombwp.supabase.co/storage/v1/object/public/tts-audio/b5/b5f3995a9c5574b1a25eaeed7c2e8fc5465556c6fc554e53a577ca0c415eb3d1.mp3,junior_listening_items:06527ecc-30d1-5885-f8fc-509fa5fee1e8
整段对话(已改为按说话人切句),"elevenlabs|el:lily|0.8||You look pale. Do you have a fever? No, but I have a runny nose and a cough.","You look pale. Do you have a fever? No, but I have a runny nose and a cough.",https://audio.bigmooneducation.com/a7/a7cca531f06af8e0ed458d2f69ac9309983b775911966ec6776f5948a7ef6578.mp3,https://degqpiiddkxcuzwombwp.supabase.co/storage/v1/object/public/tts-audio/a7/a7cca531f06af8e0ed458d2f69ac9309983b775911966ec6776f5948a7ef6578.mp3,junior_listening_items:111cb35c-83f0-4b9c-13bd-357e446e0813
整段对话(已改为按说话人切句),"elevenlabs|el:lily|0.8||I'm not sure which book to read. Did you consider this fantasy novel? It's based on an old kingdom. What happened in it? A brave girl defeated the enemy and saved her people. The climax was wonderful. Great, I'll read it first.",I'm not sure which book to read. Did you consider this fantasy novel? It's based on an old kingdom. What happened in it?,https://audio.bigmooneducation.com/9f/9f1aaf697d16a771d24de127387ca1edf4986572e983c33f53ff66e3e60182fc.mp3,https://degqpiiddkxcuzwombwp.supabase.co/storage/v1/object/public/tts-audio/9f/9f1aaf697d16a771d24de127387ca1edf4986572e983c33f53ff66e3e60182fc.mp3,junior_listening_items:259f6c6f-1eb6-d0c5-7e2c-e6372c9ae94a
整段对话(已改为按说话人切句),"elevenlabs|el:lily|0.8||How did you like the mystery book I lent you? It was great. The story had a strong effect on me. Which part did you like best? The hidden secret at the climax. I never guessed it. Yes, that part surprised me too.",How did you like the mystery book I lent you? It was great. The story had a strong effect on me. Which part did you like,https://audio.bigmooneducation.com/cb/cb2df2bcd8469fdb199f039a97ae6c5cb31a750ee9a4afdccc1fc4b04dd6e887.mp3,https://degqpiiddkxcuzwombwp.supabase.co/storage/v1/object/public/tts-audio/cb/cb2df2bcd8469fdb199f039a97ae6c5cb31a750ee9a4afdccc1fc4b04dd6e887.mp3,junior_listening_items:2b58ca82-abd3-e9ab-6e97-56001ee9e240
整段对话(已改为按说话人切句),elevenlabs|el:lily|0.8||Where is this beautiful coral reef located? It lies along the northeastern coast of Australia.,Where is this beautiful coral reef located? It lies along the northeastern coast of Australia.,https://audio.bigmooneducation.com/2f/2f6cc05399074688fdb043586268fef0814d6673d1c5bc9b70faae23703d498a.mp3,https://degqpiiddkxcuzwombwp.supabase.co/storage/v1/object/public/tts-audio/2f/2f6cc05399074688fdb043586268fef0814d6673d1c5bc9b70faae23703d498a.mp3,junior_listening_items:2ed8b76f-97a0-3b87-b0a2-302e55e1538a
整段对话(已改为按说话人切句),elevenlabs|el:lily|0.8||My grandpa says collecting stamps is old-fashioned. I don't think so. It allows him to relax and reduce stress.,My grandpa says collecting stamps is old-fashioned. I don't think so. It allows him to relax and reduce stress.,https://audio.bigmooneducation.com/28/28be4dda5dd829d02ebd51d783bfd494b471c4a6aabb3dc83ef8eeb9161f9530.mp3,https://degqpiiddkxcuzwombwp.supabase.co/storage/v1/object/public/tts-audio/28/28be4dda5dd829d02ebd51d783bfd494b471c4a6aabb3dc83ef8eeb9161f9530.mp3,junior_listening_items:35239aa0-e06e-a47e-5b9f-662b57d1337e
整段对话(已改为按说话人切句),"elevenlabs|el:lily|0.8||Is voluntary work paid? No, it's unpaid. But most of all, it lets you help people in need and feel its real value.","Is voluntary work paid? No, it's unpaid. But most of all, it lets you help people in need and feel its real value.",https://audio.bigmooneducation.com/3f/3fa19ae15130dd08c336a7db4d5074561909a07ddc7c6136f4e9b87498c89631.mp3,https://degqpiiddkxcuzwombwp.supabase.co/storage/v1/object/public/tts-audio/3f/3fa19ae15130dd08c336a7db4d5074561909a07ddc7c6136f4e9b87498c89631.mp3,junior_listening_items:3bfd4673-a50a-aae0-4b0d-896a473c674c
整段对话(已改为按说话人切句),elevenlabs|el:lily|0.8||Why should we protect these wonders of nature? Because some coral and turtles may die out. We must save them before it is too late.,Why should we protect these wonders of nature? Because some coral and turtles may die out. We must save them before it i,https://audio.bigmooneducation.com/1b/1b66622cca9a541c4cdf16121a1ac65b3ccbe969186d19a8d09ea46de07b1e23.mp3,https://degqpiiddkxcuzwombwp.supabase.co/storage/v1/object/public/tts-audio/1b/1b66622cca9a541c4cdf16121a1ac65b3ccbe969186d19a8d09ea46de07b1e23.mp3,junior_listening_items:3c7e32f9-b6c4-f3a7-c9ae-915b68164339
整段对话(已改为按说话人切句),elevenlabs|el:lily|0.8||Where did you go on vacation? I visited a beautiful old town and saw the famous landscape.,Where did you go on vacation? I visited a beautiful old town and saw the famous landscape.,https://audio.bigmooneducation.com/7c/7cad4a0a294675d9d7170834d1c60effbe94a21ab2b05fad9ff83660214fbafa.mp3,https://degqpiiddkxcuzwombwp.supabase.co/storage/v1/object/public/tts-audio/7c/7cad4a0a294675d9d7170834d1c60effbe94a21ab2b05fad9ff83660214fbafa.mp3,junior_listening_items:40c712c7-0b5c-5f12-987a-2e73954d9fdc
整段对话(已改为按说话人切句),"elevenlabs|el:lily|0.8||How does writing a program help you relax? When I manage to finish a single program, the achievement helps me forget my stress.","How does writing a program help you relax? When I manage to finish a single program, the achievement helps me forget my ",https://audio.bigmooneducation.com/51/516fcce0a66f47395f7834cf00c9a3611bb16a0f6c25a19f373ae0b675226450.mp3,https://degqpiiddkxcuzwombwp.supabase.co/storage/v1/object/public/tts-audio/51/516fcce0a66f47395f7834cf00c9a3611bb16a0f6c25a19f373ae0b675226450.mp3,junior_listening_items:471d8948-327c-3cd2-51a5-49c0ca778700
整段对话(已改为按说话人切句),"elevenlabs|el:lily|0.8||What kind of book did you read on the weekend? I read a science fiction book. The aliens in it tried to destroy the Earth, but the people fought back.",What kind of book did you read on the weekend? I read a science fiction book. The aliens in it tried to destroy the Eart,https://audio.bigmooneducation.com/48/483be90898f83e8b1b7bb51459ef0cb59094728df78654db2d0754a28c4129fd.mp3,https://degqpiiddkxcuzwombwp.supabase.co/storage/v1/object/public/tts-audio/48/483be90898f83e8b1b7bb51459ef0cb59094728df78654db2d0754a28c4129fd.mp3,junior_listening_items:47b652fb-cd8d-6d23-ec82-c40edde809d0
整段对话(已改为按说话人切句),"elevenlabs|el:lily|0.8||Did you buy anything? Yes, I got a silk scarf and some steamed fish.","Did you buy anything? Yes, I got a silk scarf and some steamed fish.",https://audio.bigmooneducation.com/9f/9fb8248b08eec7bae700b77d3f87a5274e93bac206bd181284d16580e17986bb.mp3,https://degqpiiddkxcuzwombwp.supabase.co/storage/v1/object/public/tts-audio/9f/9fb8248b08eec7bae700b77d3f87a5274e93bac206bd181284d16580e17986bb.mp3,junior_listening_items:4c56e7e1-be82-503f-b9fb-98e05ad3c696
整段对话(已改为按说话人切句),"elevenlabs|el:lily|0.8||How did you feel at the top of the mountain? Honestly, the view was so beautiful that it took my breath away. I'll never forget that moment.","How did you feel at the top of the mountain? Honestly, the view was so beautiful that it took my breath away. I'll never",https://audio.bigmooneducation.com/20/20e59a7dab2068191dca35bd3c1d56e64a90205d1f8c0b087f9defeaeaf14957.mp3,https://degqpiiddkxcuzwombwp.supabase.co/storage/v1/object/public/tts-audio/20/20e59a7dab2068191dca35bd3c1d56e64a90205d1f8c0b087f9defeaeaf14957.mp3,junior_listening_items:50459652-4831-5d7b-be33-89ba627e4012
整段对话(已改为按说话人切句),"elevenlabs|el:lily|0.8||I want to do something useful in my youth, but I'm just an ordinary student. Don't worry. Sign up for this organization, and even a small effort can make a difference.","I want to do something useful in my youth, but I'm just an ordinary student. Don't worry. Sign up for this organization,",https://audio.bigmooneducation.com/ac/ac33d537d136398ba127b1ae77ee80a41d83234f9074b003085c4fa2d5664aa4.mp3,https://degqpiiddkxcuzwombwp.supabase.co/storage/v1/object/public/tts-audio/ac/ac33d537d136398ba127b1ae77ee80a41d83234f9074b003085c4fa2d5664aa4.mp3,junior_listening_items:5668fcae-2307-8c2f-2bc2-88dd3f51eac9
整段对话(已改为按说话人切句),"elevenlabs|el:lily|0.8||When I travel, how can I avoid being rude to local people? Learn their customs first. A little respect goes a long way wherever you go.","When I travel, how can I avoid being rude to local people? Learn their customs first. A little respect goes a long way w",https://audio.bigmooneducation.com/3e/3eeb0896a3563898b5e4fc1863ff0169dc1c36467df83222d91674f7f9ead769.mp3,https://degqpiiddkxcuzwombwp.supabase.co/storage/v1/object/public/tts-audio/3e/3eeb0896a3563898b5e4fc1863ff0169dc1c36467df83222d91674f7f9ead769.mp3,junior_listening_items:57936dea-5cd1-77e2-3aba-835a15ccc47b
整段对话(已改为按说话人切句),"elevenlabs|el:lily|0.8||How deep can a submersible dive? Some can reach the very bottom of the sea, more than ten thousand metres down.","How deep can a submersible dive? Some can reach the very bottom of the sea, more than ten thousand metres down.",https://audio.bigmooneducation.com/da/da0dfa0448fff3be56d500e5655036af69c43a1ec2891e2602bad7201e5bd1dd.mp3,https://degqpiiddkxcuzwombwp.supabase.co/storage/v1/object/public/tts-audio/da/da0dfa0448fff3be56d500e5655036af69c43a1ec2891e2602bad7201e5bd1dd.mp3,junior_listening_items:57ce6bca-6bcd-4f82-50e0-d95c4ca280c5
整段对话(已改为按说话人切句),"elevenlabs|el:lily|0.8||You seem in low spirits these days. What's wrong? There is too much pressure, and I feel everybody is being hard on me.","You seem in low spirits these days. What's wrong? There is too much pressure, and I feel everybody is being hard on me.",https://audio.bigmooneducation.com/de/dea5fa9a743081b74cc50b7aec499448ab6b60651d45ca0bcfb781939cead80f.mp3,https://degqpiiddkxcuzwombwp.supabase.co/storage/v1/object/public/tts-audio/de/dea5fa9a743081b74cc50b7aec499448ab6b60651d45ca0bcfb781939cead80f.mp3,junior_listening_items:5c58d705-126e-395f-3a07-c52183854af9
整段对话(已改为按说话人切句),"elevenlabs|el:lily|0.8||When the tornado was coming closer, why weren't you screaming like the others? Thankfully, because of my knowledge, I was hiding in a safe corner while they were running outside.","When the tornado was coming closer, why weren't you screaming like the others? Thankfully, because of my knowledge, I wa",https://audio.bigmooneducation.com/b1/b1a78b1bbb0078876c0a4dd9e84eb3949c0cfcb458e6bf8a51da9a7bcdbc4742.mp3,https://degqpiiddkxcuzwombwp.supabase.co/storage/v1/object/public/tts-audio/b1/b1a78b1bbb0078876c0a4dd9e84eb3949c0cfcb458e6bf8a51da9a7bcdbc4742.mp3,junior_listening_items:5db32717-8ae4-b397-285f-20ff131463ee
整段对话(已改为按说话人切句),"elevenlabs|el:lily|0.8||How can an ordinary person be so successful at helping others? He is active and willing, and most of all, he values teamwork. That's what makes a difference.","How can an ordinary person be so successful at helping others? He is active and willing, and most of all, he values team",https://audio.bigmooneducation.com/0b/0b73f16b8dd3b15b4167ac5f678f4f4d20881e0632b864eee03bb991397478f2.mp3,https://degqpiiddkxcuzwombwp.supabase.co/storage/v1/object/public/tts-audio/0b/0b73f16b8dd3b15b4167ac5f678f4f4d20881e0632b864eee03bb991397478f2.mp3,junior_listening_items:5f2d73cf-8e99-96d9-4a08-066da84a03b8
整段对话(已改为按说话人切句),"elevenlabs|el:lily|0.8||This explorer measured the depth of the waterfall successfully. Right. With his teammate's help, he did it, even though the work was very risky.","This explorer measured the depth of the waterfall successfully. Right. With his teammate's help, he did it, even though ",https://audio.bigmooneducation.com/52/52827380374b86e2fc6c4fe8745b0c6e725626183981d4aa93a3a33ffc208ae1.mp3,https://degqpiiddkxcuzwombwp.supabase.co/storage/v1/object/public/tts-audio/52/52827380374b86e2fc6c4fe8745b0c6e725626183981d4aa93a3a33ffc208ae1.mp3,junior_listening_items:5f7f2cac-c902-b2de-cd15-ae921e056641
整段对话(已改为按说话人切句),"elevenlabs|el:lily|0.8||I was careless and cut my finger with a knife. Press the cut to stop the bleeding, and keep the injury clean for safety.","I was careless and cut my finger with a knife. Press the cut to stop the bleeding, and keep the injury clean for safety.",https://audio.bigmooneducation.com/ad/adb78d4c243e8e4b9549290ac016dce48481b3fc94d1afe18faec21ab3407d6c.mp3,https://degqpiiddkxcuzwombwp.supabase.co/storage/v1/object/public/tts-audio/ad/adb78d4c243e8e4b9549290ac016dce48481b3fc94d1afe18faec21ab3407d6c.mp3,junior_listening_items:5f9b0b13-71ea-7b18-d845-cf5d319061bc
整段对话(已改为按说话人切句),"elevenlabs|el:lily|0.8||The patient says she has a headache and a high fever. She may have the flu, so she needs to rest and drink more water.","The patient says she has a headache and a high fever. She may have the flu, so she needs to rest and drink more water.",https://audio.bigmooneducation.com/07/07d75d82a2f92733c326883dea871db31733bf334fb56f867b55fabbb57a0581.mp3,https://degqpiiddkxcuzwombwp.supabase.co/storage/v1/object/public/tts-audio/07/07d75d82a2f92733c326883dea871db31733bf334fb56f867b55fabbb57a0581.mp3,junior_listening_items:60c55665-f7f3-5440-9d24-1c787e9cfaec
整段对话(已改为按说话人切句),"elevenlabs|el:lily|0.8||Why do you learn calligraphy every weekend? It allows me to relax, and each single stroke helps me forget my stress.","Why do you learn calligraphy every weekend? It allows me to relax, and each single stroke helps me forget my stress.",https://audio.bigmooneducation.com/c2/c2e192195d9d203b4997f6d55aee976aaf310d80b17a7b89a4b71ac1bfccd93c.mp3,https://degqpiiddkxcuzwombwp.supabase.co/storage/v1/object/public/tts-audio/c2/c2e192195d9d203b4997f6d55aee976aaf310d80b17a7b89a4b71ac1bfccd93c.mp3,junior_listening_items:60fc3445-d4a7-a339-4b09-a415ac92e5e2
整段对话(已改为按说话人切句),"elevenlabs|el:lily|0.8||What were your relatives doing when the floodwater came? They were carrying supplies to a truck, getting ready to leave.","What were your relatives doing when the floodwater came? They were carrying supplies to a truck, getting ready to leave.",https://audio.bigmooneducation.com/11/11df0304282d2a5da257cfd454ae6e0a1dbc8b2f2b5e6cb424d338075c483ace.mp3,https://degqpiiddkxcuzwombwp.supabase.co/storage/v1/object/public/tts-audio/11/11df0304282d2a5da257cfd454ae6e0a1dbc8b2f2b5e6cb424d338075c483ace.mp3,junior_listening_items:6557859d-3afc-5b16-d98b-6824b36e349b
整段对话(已改为按说话人切句),"elevenlabs|el:lily|0.8||You look so happy! Yes! I just came back from my holiday. The landscape was fantastic, and I even saw a rainbow over the hills.","You look so happy! Yes! I just came back from my holiday. The landscape was fantastic, and I even saw a rainbow over the",https://audio.bigmooneducation.com/05/052fc1b4059c3131214825f1a05c9d291385ea0193ce26e5afb32b46f1f0218a.mp3,https://degqpiiddkxcuzwombwp.supabase.co/storage/v1/object/public/tts-audio/05/052fc1b4059c3131214825f1a05c9d291385ea0193ce26e5afb32b46f1f0218a.mp3,junior_listening_items:6757bc8e-44d5-50f7-8840-6371ff846757
整段对话(已改为按说话人切句),elevenlabs|el:lily|0.8||Why do you like this place so much? The scenery here reminds me of peace. I feel comfortable and relaxed whenever I visit on holiday.,Why do you like this place so much? The scenery here reminds me of peace. I feel comfortable and relaxed whenever I visi,https://audio.bigmooneducation.com/c1/c1f1369e7ba9b43e4f2475672056f77e5659cec19e55490948db6bcf466f4d4d.mp3,https://degqpiiddkxcuzwombwp.supabase.co/storage/v1/object/public/tts-audio/c1/c1f1369e7ba9b43e4f2475672056f77e5659cec19e55490948db6bcf466f4d4d.mp3,junior_listening_items:67779ebd-0325-53c6-b9ea-c8d19e9829f1
整段对话(已改为按说话人切句),elevenlabs|el:lily|0.8||Do you have any recommendation for me? I want a good read for the holiday. Sure. I just read an adventure story last week. The hero got lost at sea but never gave up. I really enjoyed it. That sounds exciting. I'll borrow it tomorrow.,Do you have any recommendation for me? I want a good read for the holiday. Sure. I just read an adventure story last wee,https://audio.bigmooneducation.com/2e/2e1c5ee07c89ee1d338c650b4824626fdb069b54f829e2da4fe493c799e50f17.mp3,https://degqpiiddkxcuzwombwp.supabase.co/storage/v1/object/public/tts-audio/2e/2e1c5ee07c89ee1d338c650b4824626fdb069b54f829e2da4fe493c799e50f17.mp3,junior_listening_items:67fab7f0-c3e6-134b-c23c-db4a18500492
整段对话(已改为按说话人切句),elevenlabs|el:lily|0.8||How do you reduce your stress after exams? I do yoga and go on an outing once in a while.,How do you reduce your stress after exams? I do yoga and go on an outing once in a while.,https://audio.bigmooneducation.com/01/01d63e60062f6bdd0c3782e65d2b3c3207ab4164625fb6dc9f289da7ffe94e3c.mp3,https://degqpiiddkxcuzwombwp.supabase.co/storage/v1/object/public/tts-audio/01/01d63e60062f6bdd0c3782e65d2b3c3207ab4164625fb6dc9f289da7ffe94e3c.mp3,junior_listening_items:6abdc863-1cd6-67a3-8c42-d2da65f94b88
整段对话(已改为按说话人切句),"elevenlabs|el:lily|0.8||You look happy. What did you read? A historical novel. A weak boy grew strong day by day and proved everyone wrong. Did it inspire you? Yes, a lot. I want to recommend it to the whole class. Then please bring it to school tomorrow.",You look happy. What did you read? A historical novel. A weak boy grew strong day by day and proved everyone wrong. Did ,https://audio.bigmooneducation.com/c7/c7360272c4b1e1fa1a4d2d1f8290e6b088e13849a97e85b461bf25581e2b0bdc.mp3,https://degqpiiddkxcuzwombwp.supabase.co/storage/v1/object/public/tts-audio/c7/c7360272c4b1e1fa1a4d2d1f8290e6b088e13849a97e85b461bf25581e2b0bdc.mp3,junior_listening_items:6eae7cef-4543-6175-ec95-d6ebc9f8b0e4
整段对话(已改为按说话人切句),"elevenlabs|el:lily|0.8||How do people greet each other in your country? We usually shake hands, but close friends may hug.","How do people greet each other in your country? We usually shake hands, but close friends may hug.",https://audio.bigmooneducation.com/4c/4ce4318a4005ebc67359a16c6ed17b498b1b3a232ad95c852dc0d6d76c725bde.mp3,https://degqpiiddkxcuzwombwp.supabase.co/storage/v1/object/public/tts-audio/4c/4ce4318a4005ebc67359a16c6ed17b498b1b3a232ad95c852dc0d6d76c725bde.mp3,junior_listening_items:6eca8e2d-fe82-4a59-4f01-86aa1d9d19f1
整段对话(已改为按说话人切句),"elevenlabs|el:lily|0.8||I feel scared of skiing and want to give up. Don't give up. Give it a go once in a while, and you will get over your fear.","I feel scared of skiing and want to give up. Don't give up. Give it a go once in a while, and you will get over your fea",https://audio.bigmooneducation.com/a6/a68ca5bbcf5525cf34610fabb570d2e0cf0e2ddc76ded849cae3cfa032f566c2.mp3,https://degqpiiddkxcuzwombwp.supabase.co/storage/v1/object/public/tts-audio/a6/a68ca5bbcf5525cf34610fabb570d2e0cf0e2ddc76ded849cae3cfa032f566c2.mp3,junior_listening_items:73cac355-73a3-6e6b-fd7c-6f6b73ee0f27
整段对话(已改为按说话人切句),elevenlabs|el:lily|0.8||My stomach has been aching since this morning. You should avoid cold food and see a doctor if the pain doesn't go away.,My stomach has been aching since this morning. You should avoid cold food and see a doctor if the pain doesn't go away.,https://audio.bigmooneducation.com/1b/1b95288637f110b1316e02e78e3115a04c6494d35af72599fc584f787739c9e8.mp3,https://degqpiiddkxcuzwombwp.supabase.co/storage/v1/object/public/tts-audio/1b/1b95288637f110b1316e02e78e3115a04c6494d35af72599fc584f787739c9e8.mp3,junior_listening_items:7bc7806f-3940-c67c-2fd1-294a22dda564
整段对话(已改为按说话人切句),"elevenlabs|el:lily|0.8||I heard a coral reef is alive. Yes. It is a huge living structure, and many types of turtles live there in their lifetime.","I heard a coral reef is alive. Yes. It is a huge living structure, and many types of turtles live there in their lifetim",https://audio.bigmooneducation.com/8e/8ec731cae3a725a69be383911fd1315e0ca33997ef85013a13e3a3a7c6165a94.mp3,https://degqpiiddkxcuzwombwp.supabase.co/storage/v1/object/public/tts-audio/8e/8ec731cae3a725a69be383911fd1315e0ca33997ef85013a13e3a3a7c6165a94.mp3,junior_listening_items:81e7c101-e179-0959-caf2-d6f29776edf7
整段对话(已改为按说话人切句),elevenlabs|el:lily|0.8||Why do climbers risk their lives on such high cliffs? I think curiosity drives them. They want to reach the top at all costs.,Why do climbers risk their lives on such high cliffs? I think curiosity drives them. They want to reach the top at all c,https://audio.bigmooneducation.com/70/708134cb74be1624241cbe26deaa8ed1ea6362de12704f020fee98d3a59baba1.mp3,https://degqpiiddkxcuzwombwp.supabase.co/storage/v1/object/public/tts-audio/70/708134cb74be1624241cbe26deaa8ed1ea6362de12704f020fee98d3a59baba1.mp3,junior_listening_items:87abb82c-74ac-5d0c-e6ea-482c2fc8f813
整段对话(已改为按说话人切句),"elevenlabs|el:lily|0.8||Hi, Lucy. Is that your twin sister Lily? You look exactly the same! Haha, yes. But actually, Lily is a bit taller than me, and her hair is longer than mine.","Hi, Lucy. Is that your twin sister Lily? You look exactly the same! Haha, yes. But actually, Lily is a bit taller than m",https://audio.bigmooneducation.com/28/28cdc6e23c456c7041c399e84f47cb64c1eaa0ede7160b190cdeb1ccf538ff02.mp3,https://degqpiiddkxcuzwombwp.supabase.co/storage/v1/object/public/tts-audio/28/28cdc6e23c456c7041c399e84f47cb64c1eaa0ede7160b190cdeb1ccf538ff02.mp3,junior_listening_items:8a4c0301-0000-4000-8000-000000000001
整段对话(已改为按说话人切句),"elevenlabs|el:lily|0.8||Jack, do you think friends should be exactly the same? Not really. For example, my best friend Tom is much more outgoing than me, but we both love playing basketball, so we are great friends.","Jack, do you think friends should be exactly the same? Not really. For example, my best friend Tom is much more outgoing",https://audio.bigmooneducation.com/b7/b7b7623c97d5976c903cc91c86d317b544d1a18606e662811ec85917c081e822.mp3,https://degqpiiddkxcuzwombwp.supabase.co/storage/v1/object/public/tts-audio/b7/b7b7623c97d5976c903cc91c86d317b544d1a18606e662811ec85917c081e822.mp3,junior_listening_items:8a4c0302-0000-4000-8000-000000000002
整段对话(已改为按说话人切句),"elevenlabs|el:lily|0.8||Sam, did you see the exam results? You did great! Thanks! I got an A this time because my friend Kevin is very straightforward. He pointed out my mistakes before the exam so I could correct them.","Sam, did you see the exam results? You did great! Thanks! I got an A this time because my friend Kevin is very straightf",https://audio.bigmooneducation.com/60/60a06790f890c09bd36a0909f6aafe260a7c240395a3a82c4db609db3d08e4b9.mp3,https://degqpiiddkxcuzwombwp.supabase.co/storage/v1/object/public/tts-audio/60/60a06790f890c09bd36a0909f6aafe260a7c240395a3a82c4db609db3d08e4b9.mp3,junior_listening_items:8a4c0303-0000-4000-8000-000000000003
整段对话(已改为按说话人切句),"elevenlabs|el:lily|0.8||Is that your brother, Paul? He looks much taller than you. Yes, that is Mike. He is taller, but I am faster at running.","Is that your brother, Paul? He looks much taller than you. Yes, that is Mike. He is taller, but I am faster at running.",https://audio.bigmooneducation.com/5c/5c2fbe46168cf36ecf606e46ea93dde4a801119aac5c06b89afea12fdfd93332.mp3,https://degqpiiddkxcuzwombwp.supabase.co/storage/v1/object/public/tts-audio/5c/5c2fbe46168cf36ecf606e46ea93dde4a801119aac5c06b89afea12fdfd93332.mp3,junior_listening_items:8a4c0304-0000-4000-8000-000000000004
整段对话(已改为按说话人切句),"elevenlabs|el:lily|0.8||Who do you think should be a friend, Betty? Someone alike or different? I think friends should be different. My best friend Sally is very outgoing, while I am kind of shy. She helps me become more confident.","Who do you think should be a friend, Betty? Someone alike or different? I think friends should be different. My best fri",https://audio.bigmooneducation.com/84/8464da93ddbed98c5fb52b423d73454d45375268d0683f7f196e4b0e7f7a0e54.mp3,https://degqpiiddkxcuzwombwp.supabase.co/storage/v1/object/public/tts-audio/84/8464da93ddbed98c5fb52b423d73454d45375268d0683f7f196e4b0e7f7a0e54.mp3,junior_listening_items:8a4c0305-0000-4000-8000-000000000005
整段对话(已改为按说话人切句),"elevenlabs|el:lily|0.8||Hey, Dave. You look happy today! Yeah, my friend Frank just helped me find some grammar mistakes in my essay. He is always straightforward and honest, which makes me a better student.","Hey, Dave. You look happy today! Yeah, my friend Frank just helped me find some grammar mistakes in my essay. He is alwa",https://audio.bigmooneducation.com/35/3510710af82dbe33fe24e259242329ce418685349cc513ef299fcd88f0fec28f.mp3,https://degqpiiddkxcuzwombwp.supabase.co/storage/v1/object/public/tts-audio/35/3510710af82dbe33fe24e259242329ce418685349cc513ef299fcd88f0fec28f.mp3,junior_listening_items:8a4c0306-0000-4000-8000-000000000006
整段对话(已改为按说话人切句),"elevenlabs|el:lily|0.8||Do you and your twin sister have the same hobbies, Alice? Not really. I enjoy reading history books, but she reads a lot of novels.","Do you and your twin sister have the same hobbies, Alice? Not really. I enjoy reading history books, but she reads a lot",https://audio.bigmooneducation.com/4a/4a206aed24a43ac9c4c696332df1e6f7d6188ece1b71ddb20cd3e9d5f927850e.mp3,https://degqpiiddkxcuzwombwp.supabase.co/storage/v1/object/public/tts-audio/4a/4a206aed24a43ac9c4c696332df1e6f7d6188ece1b71ddb20cd3e9d5f927850e.mp3,junior_listening_items:8a4c0307-0000-4000-8000-000000000007
整段对话(已改为按说话人切句),"elevenlabs|el:lily|0.8||Why are you practicing badminton so hard, Tom? Because my friend Stephen always wins our matches! He plays better than me, so I want to try harder.","Why are you practicing badminton so hard, Tom? Because my friend Stephen always wins our matches! He plays better than m",https://audio.bigmooneducation.com/38/3854a9f8110c33505f995a47a4f9407062018dc06d32e05864f18f81277721a3.mp3,https://degqpiiddkxcuzwombwp.supabase.co/storage/v1/object/public/tts-audio/38/3854a9f8110c33505f995a47a4f9407062018dc06d32e05864f18f81277721a3.mp3,junior_listening_items:8a4c0308-0000-4000-8000-000000000008
整段对话(已改为按说话人切句),"elevenlabs|el:lily|0.8||Lily, you look sad. What is wrong? I failed my music test. But my friend Rose told me a funny joke and helped me see the silver lining. Now I feel much better.","Lily, you look sad. What is wrong? I failed my music test. But my friend Rose told me a funny joke and helped me see the",https://audio.bigmooneducation.com/76/762b8adab9048ad1232c49a51d7e77d450eb6f99e5c10dfb05b09b23254e382e.mp3,https://degqpiiddkxcuzwombwp.supabase.co/storage/v1/object/public/tts-audio/76/762b8adab9048ad1232c49a51d7e77d450eb6f99e5c10dfb05b09b23254e382e.mp3,junior_listening_items:8a4c0309-0000-4000-8000-000000000009
整段对话(已改为按说话人切句),"elevenlabs|el:lily|0.8||Max, who is more hard-working, you or your cousin Sam? Sam is. He always gets up earlier than me to study in the morning.","Max, who is more hard-working, you or your cousin Sam? Sam is. He always gets up earlier than me to study in the morning",https://audio.bigmooneducation.com/e6/e6e21a2b6ad44731934ad1be1aa8de4b14ffe0987ba048fe73f9d6e9be99b673.mp3,https://degqpiiddkxcuzwombwp.supabase.co/storage/v1/object/public/tts-audio/e6/e6e21a2b6ad44731934ad1be1aa8de4b14ffe0987ba048fe73f9d6e9be99b673.mp3,junior_listening_items:8a4c0310-0000-4000-8000-00000000000a
整段对话(已改为按说话人切句),"elevenlabs|el:lily|0.8||Who is your favorite friend, Kevin? I like Lucy best. She is not very funny, but she is a great listener. She is always there when I have a problem.","Who is your favorite friend, Kevin? I like Lucy best. She is not very funny, but she is a great listener. She is always ",https://audio.bigmooneducation.com/13/13f2b1e8b2f2d340d7e8e74d0ea741f01f654d5b3b2aba6213398f60a5813c0f.mp3,https://degqpiiddkxcuzwombwp.supabase.co/storage/v1/object/public/tts-audio/13/13f2b1e8b2f2d340d7e8e74d0ea741f01f654d5b3b2aba6213398f60a5813c0f.mp3,junior_listening_items:8a4c0311-0000-4000-8000-00000000000b
整段对话(已改为按说话人切句),"elevenlabs|el:lily|0.8||Look at my new photo, Tom. It was taken in the Shunan Bamboo Forest. Wow, it is beautiful! I know it is the largest bamboo forest in China. Yes, and I learned that bamboo is one of the fastest-growing plants on Earth. It can grow up to one meter a day! That is amazing! It is also very useful for making tools.","Look at my new photo, Tom. It was taken in the Shunan Bamboo Forest. Wow, it is beautiful! I know it is the largest bamb",https://audio.bigmooneducation.com/3f/3fbed4969bb37363e6ae546d40031a703c7bd379a14ac2ac8ffd0e4edeeb232e.mp3,https://degqpiiddkxcuzwombwp.supabase.co/storage/v1/object/public/tts-audio/3f/3fbed4969bb37363e6ae546d40031a703c7bd379a14ac2ac8ffd0e4edeeb232e.mp3,junior_listening_items:8a4c0401-0000-4000-8000-000000000001
整段对话(已改为按说话人切句),elevenlabs|el:lily|0.8||I learned that bamboo is one of the fastest-growing plants on Earth. It can grow up to one meter a day! That is amazing! It is also very useful for making tools.,I learned that bamboo is one of the fastest-growing plants on Earth. It can grow up to one meter a day! That is amazing!,https://audio.bigmooneducation.com/08/08b92c5de1b1e620956b6be18dbce977733ec38b5a25186f9ffcac5b83f2ae07.mp3,https://degqpiiddkxcuzwombwp.supabase.co/storage/v1/object/public/tts-audio/08/08b92c5de1b1e620956b6be18dbce977733ec38b5a25186f9ffcac5b83f2ae07.mp3,junior_listening_items:8a4c0402-0000-4000-8000-000000000002
整段对话(已改为按说话人切句),"elevenlabs|el:lily|0.8||Why do scientists care so much about bees, Lily? They are so small. Because they are the most important animals for pollination. Without them, about 80% of the plants in the world could not grow. Really? I did not know they played such a big role in the ecosystem.","Why do scientists care so much about bees, Lily? They are so small. Because they are the most important animals for poll",https://audio.bigmooneducation.com/b4/b4af0ebfbc92f0b67a7d845974a836cc4435ac9d2c660326ffe085a706c18279.mp3,https://degqpiiddkxcuzwombwp.supabase.co/storage/v1/object/public/tts-audio/b4/b4af0ebfbc92f0b67a7d845974a836cc4435ac9d2c660326ffe085a706c18279.mp3,junior_listening_items:8a4c0403-0000-4000-8000-000000000003
整段对话(已改为按说话人切句),"elevenlabs|el:lily|0.8||They are the most important animals for pollination. Without them, about 80% of the plants in the world could not grow. Really? I did not know they played such a big role in the ecosystem. Yes, so protecting bees means protecting our own food supply.","They are the most important animals for pollination. Without them, about 80% of the plants in the world could not grow. ",https://audio.bigmooneducation.com/24/2424c171a7949072415a60d25f01adf35a07890a6d7b20fb334a8f80e40f6f33.mp3,https://degqpiiddkxcuzwombwp.supabase.co/storage/v1/object/public/tts-audio/24/2424c171a7949072415a60d25f01adf35a07890a6d7b20fb334a8f80e40f6f33.mp3,junior_listening_items:8a4c0404-0000-4000-8000-000000000004
整段对话(已改为按说话人切句),"elevenlabs|el:lily|0.8||I watched a documentary about blue whales yesterday. They are the heaviest animals on earth. Yes, they can weigh up to 200 tons. Where do they live? They live in almost all oceans, except the Arctic Ocean.","I watched a documentary about blue whales yesterday. They are the heaviest animals on earth. Yes, they can weigh up to 2",https://audio.bigmooneducation.com/0d/0df6c51ee6c3e91e83122543bfc275eadc517b18f4713117154df1db912f6e1d.mp3,https://degqpiiddkxcuzwombwp.supabase.co/storage/v1/object/public/tts-audio/0d/0df6c51ee6c3e91e83122543bfc275eadc517b18f4713117154df1db912f6e1d.mp3,junior_listening_items:8a4c0405-0000-4000-8000-000000000005
整段对话(已改为按说话人切句),"elevenlabs|el:lily|0.8||They are huge, but I heard they eat very small ocean animals. Yes. They live in almost all oceans, except the Arctic Ocean.","They are huge, but I heard they eat very small ocean animals. Yes. They live in almost all oceans, except the Arctic Oce",https://audio.bigmooneducation.com/5b/5be61e763fa1f98b24c41fb335c35613e22ec5f375f8359eb71ac02c0ae79506.mp3,https://degqpiiddkxcuzwombwp.supabase.co/storage/v1/object/public/tts-audio/5b/5be61e763fa1f98b24c41fb335c35613e22ec5f375f8359eb71ac02c0ae79506.mp3,junior_listening_items:8a4c0406-0000-4000-8000-000000000006
整段对话(已改为按说话人切句),"elevenlabs|el:lily|0.8||Did you know that bees use a dance to talk to each other? Yes, it is one of the most interesting things about them. They tell others where food is.","Did you know that bees use a dance to talk to each other? Yes, it is one of the most interesting things about them. They",https://audio.bigmooneducation.com/bb/bb6e9580985f7d4fe795bb3bbb1ca8b3c23780a457549363090babb62d361e7f.mp3,https://degqpiiddkxcuzwombwp.supabase.co/storage/v1/object/public/tts-audio/bb/bb6e9580985f7d4fe795bb3bbb1ca8b3c23780a457549363090babb62d361e7f.mp3,junior_listening_items:8a4c0407-0000-4000-8000-000000000007
整段对话(已改为按说话人切句),elevenlabs|el:lily|0.8||Nature is so amazing. But the text says their population is dropping. That is true. We must take action to protect them before it is too late.,Nature is so amazing. But the text says their population is dropping. That is true. We must take action to protect them ,https://audio.bigmooneducation.com/38/3880fc3456e45351143851ce6389a668dc92f12aff9db6d01e50293641b04264.mp3,https://degqpiiddkxcuzwombwp.supabase.co/storage/v1/object/public/tts-audio/38/3880fc3456e45351143851ce6389a668dc92f12aff9db6d01e50293641b04264.mp3,junior_listening_items:8a4c0408-0000-4000-8000-000000000008
整段对话(已改为按说话人切句),"elevenlabs|el:lily|0.8||Hey Lily, can you teach me how to cook a popular Chinese dish? Sure. How about stir-fried eggs and tomatoes? First, cut the tomatoes into small pieces. Next, mix the eggs in a bowl.","Hey Lily, can you teach me how to cook a popular Chinese dish? Sure. How about stir-fried eggs and tomatoes? First, cut ",https://audio.bigmooneducation.com/df/df9cddb28b92a97b8aae8862695211e76f7493f993e387d1f81cb4a1f4da9bfd.mp3,https://degqpiiddkxcuzwombwp.supabase.co/storage/v1/object/public/tts-audio/df/df9cddb28b92a97b8aae8862695211e76f7493f993e387d1f81cb4a1f4da9bfd.mp3,junior_listening_items:8a4c0511-0000-4000-8000-00000000000b
整段对话(已改为按说话人切句),"elevenlabs|el:lily|0.8||This banana milk shake tastes amazing! How do you make it? It is easy. You need three bananas, one tablespoon of ice cream, and a cup of milk. First, peel and cut up the bananas.","This banana milk shake tastes amazing! How do you make it? It is easy. You need three bananas, one tablespoon of ice cre",https://audio.bigmooneducation.com/95/958a21289d2619a4fc121a7f20c9becf601ee7cf2eaae8d4e317b5017ab2ae00.mp3,https://degqpiiddkxcuzwombwp.supabase.co/storage/v1/object/public/tts-audio/95/958a21289d2619a4fc121a7f20c9becf601ee7cf2eaae8d4e317b5017ab2ae00.mp3,junior_listening_items:8a4c0512-0000-4000-8000-00000000000c
整段对话(已改为按说话人切句),"elevenlabs|el:lily|0.8||Look at this strawberry cake! Did you make it by yourself? Yes, I made it for your birthday. Try some! Oh, what a lovely cake! And how delicious it tastes! You are a great cook.","Look at this strawberry cake! Did you make it by yourself? Yes, I made it for your birthday. Try some! Oh, what a lovely",https://audio.bigmooneducation.com/07/077851c85080f96d7c7d45c48cb8d236012452609e30108bb22a82d5d2fbab1a.mp3,https://degqpiiddkxcuzwombwp.supabase.co/storage/v1/object/public/tts-audio/07/077851c85080f96d7c7d45c48cb8d236012452609e30108bb22a82d5d2fbab1a.mp3,junior_listening_items:8a4c0514-0000-4000-8000-00000000000e
整段对话(已改为按说话人切句),"elevenlabs|el:lily|0.8||Jane, do you know how to make mashed potatoes? Yes. First, wash the potatoes, cut them into pieces, and boil them until they are soft. Then mash them.","Jane, do you know how to make mashed potatoes? Yes. First, wash the potatoes, cut them into pieces, and boil them until ",https://audio.bigmooneducation.com/f8/f86a2896bda8c2e43c6510bbe9521d3d433056c0dbcef76911be3c8e9b0d70cc.mp3,https://degqpiiddkxcuzwombwp.supabase.co/storage/v1/object/public/tts-audio/f8/f86a2896bda8c2e43c6510bbe9521d3d433056c0dbcef76911be3c8e9b0d70cc.mp3,junior_listening_items:8a4c0515-0000-4000-8000-00000000000f
整段对话(已改为按说话人切句),"elevenlabs|el:lily|0.8||What do you want to be when you grow up, Li Ming? I want to be an IT engineer. I am really interested in computers. That sounds cool! How are you going to do that? I am going to work hard at maths and learn coding this summer.","What do you want to be when you grow up, Li Ming? I want to be an IT engineer. I am really interested in computers. That",https://audio.bigmooneducation.com/7e/7e3b4043f777e6c8385f72998f4c2c60b786126a585f50767aef51720507b6e4.mp3,https://degqpiiddkxcuzwombwp.supabase.co/storage/v1/object/public/tts-audio/7e/7e3b4043f777e6c8385f72998f4c2c60b786126a585f50767aef51720507b6e4.mp3,junior_listening_items:8a4c0601-0000-4000-8000-000000000001
整段对话(已改为按说话人切句),elevenlabs|el:lily|0.8||How are you going to be an IT engineer? I am going to work hard at maths and learn coding this summer.,How are you going to be an IT engineer? I am going to work hard at maths and learn coding this summer.,https://audio.bigmooneducation.com/01/01e86c52783d34dcc132359057c22ccdbd8f222db67d9da71cce68053a3b8686.mp3,https://degqpiiddkxcuzwombwp.supabase.co/storage/v1/object/public/tts-audio/01/01e86c52783d34dcc132359057c22ccdbd8f222db67d9da71cce68053a3b8686.mp3,junior_listening_items:8a4c0602-0000-4000-8000-000000000002
整段对话(已改为按说话人切句),"elevenlabs|el:lily|0.8||Hey, Sarah. Are you going to exercise more next year? Yes. I made a health resolution. I am going to take up jogging.","Hey, Sarah. Are you going to exercise more next year? Yes. I made a health resolution. I am going to take up jogging.",https://audio.bigmooneducation.com/88/88ddc1fe1a9b977df30f3b64f37a9ed96118f0d13b44ebc91a18b3e7db136714.mp3,https://degqpiiddkxcuzwombwp.supabase.co/storage/v1/object/public/tts-audio/88/88ddc1fe1a9b977df30f3b64f37a9ed96118f0d13b44ebc91a18b3e7db136714.mp3,junior_listening_items:8a4c0603-0000-4000-8000-000000000003
整段对话(已改为按说话人切句),elevenlabs|el:lily|0.8||How often are you going to jog? I am going to jog every morning before school.,How often are you going to jog? I am going to jog every morning before school.,https://audio.bigmooneducation.com/8a/8a3469e44fd38b4f48eaafed6434187355f1ea0d8a5b0a5f6e9a4cfe791d7830.mp3,https://degqpiiddkxcuzwombwp.supabase.co/storage/v1/object/public/tts-audio/8a/8a3469e44fd38b4f48eaafed6434187355f1ea0d8a5b0a5f6e9a4cfe791d7830.mp3,junior_listening_items:8a4c0604-0000-4000-8000-000000000004
整段对话(已改为按说话人切句),"elevenlabs|el:lily|0.8||Sam, your English speaking skills are getting better. Thanks, Lily. I practice speaking English for half an hour every day.","Sam, your English speaking skills are getting better. Thanks, Lily. I practice speaking English for half an hour every d",https://audio.bigmooneducation.com/91/91b21409efa41e7f4d341f0b62c74e5046a6309267e290c8d01e9f8fe1460edf.mp3,https://degqpiiddkxcuzwombwp.supabase.co/storage/v1/object/public/tts-audio/91/91b21409efa41e7f4d341f0b62c74e5046a6309267e290c8d01e9f8fe1460edf.mp3,junior_listening_items:8a4c0605-0000-4000-8000-000000000005
整段对话(已改为按说话人切句),"elevenlabs|el:lily|0.8||Are you going to do anything else to improve your English? Yes, I am going to read more English classics this term.","Are you going to do anything else to improve your English? Yes, I am going to read more English classics this term.",https://audio.bigmooneducation.com/22/221f14a5dbb4d76bba321ac29b45a158f3e1541da544bf82ac989c7086b2a1ee.mp3,https://degqpiiddkxcuzwombwp.supabase.co/storage/v1/object/public/tts-audio/22/221f14a5dbb4d76bba321ac29b45a158f3e1541da544bf82ac989c7086b2a1ee.mp3,junior_listening_items:8a4c0606-0000-4000-8000-000000000006
整段对话(已改为按说话人切句),"elevenlabs|el:lily|0.8||My parents want me to be a teacher like my mother. Do you want to be a teacher, Tom? Not really. I prefer drawing.","My parents want me to be a teacher like my mother. Do you want to be a teacher, Tom? Not really. I prefer drawing.",https://audio.bigmooneducation.com/6c/6c44f8df410c30ff54ebbd86e51d79ff73f7c4523019f2b1791744e6a8e61ab4.mp3,https://degqpiiddkxcuzwombwp.supabase.co/storage/v1/object/public/tts-audio/6c/6c44f8df410c30ff54ebbd86e51d79ff73f7c4523019f2b1791744e6a8e61ab4.mp3,junior_listening_items:8a4c0607-0000-4000-8000-000000000007
整段对话(已改为按说话人切句),"elevenlabs|el:lily|0.8||What will the transport system be like in 50 years, Tom? There will be fewer traffic accidents because we will have self-driving flying cars.","What will the transport system be like in 50 years, Tom? There will be fewer traffic accidents because we will have self",https://audio.bigmooneducation.com/2d/2d806ca728388be03a67df35cc84b7ba0b3f20968f43c9e544bcc2caff2721dd.mp3,https://degqpiiddkxcuzwombwp.supabase.co/storage/v1/object/public/tts-audio/2d/2d806ca728388be03a67df35cc84b7ba0b3f20968f43c9e544bcc2caff2721dd.mp3,junior_listening_items:8a4c0701-0000-4000-8000-000000000001
整段对话(已改为按说话人切句),"elevenlabs|el:lily|0.8||Do you think robots will do all the housework for us one day? Yes, I do. Service robots will make our life much easier, but they will not replace humans completely.","Do you think robots will do all the housework for us one day? Yes, I do. Service robots will make our life much easier, ",https://audio.bigmooneducation.com/21/210cc4463dd80c2c4e3ac9e4e9bc7e4450a808ed83b6466c5c06e8659d26a74f.mp3,https://degqpiiddkxcuzwombwp.supabase.co/storage/v1/object/public/tts-audio/21/210cc4463dd80c2c4e3ac9e4e9bc7e4450a808ed83b6466c5c06e8659d26a74f.mp3,junior_listening_items:8a4c0702-0000-4000-8000-000000000002
整段对话(已改为按说话人切句),"elevenlabs|el:lily|0.8||Will many jobs today disappear because of AI? Yes, but there will be more challenging new jobs, like space pilots and AI experts.","Will many jobs today disappear because of AI? Yes, but there will be more challenging new jobs, like space pilots and AI",https://audio.bigmooneducation.com/0b/0b8e56862b4132418f60839d2a44f1391f70a9e6deb646fde7aab24cd82dff07.mp3,https://degqpiiddkxcuzwombwp.supabase.co/storage/v1/object/public/tts-audio/0b/0b8e56862b4132418f60839d2a44f1391f70a9e6deb646fde7aab24cd82dff07.mp3,junior_listening_items:8a4c0703-0000-4000-8000-000000000003
整段对话(已改为按说话人切句),"elevenlabs|el:lily|0.8||How can we prepare for the rapid changes in the future, Mr. Lu? It is simple. We should accept change, keep learning, and work hard every day.","How can we prepare for the rapid changes in the future, Mr. Lu? It is simple. We should accept change, keep learning, an",https://audio.bigmooneducation.com/0f/0f56ea006374bb0c1d899cc74279a478b2ebcf1a34d74b550ea12b4a76227c98.mp3,https://degqpiiddkxcuzwombwp.supabase.co/storage/v1/object/public/tts-audio/0f/0f56ea006374bb0c1d899cc74279a478b2ebcf1a34d74b550ea12b4a76227c98.mp3,junior_listening_items:8a4c0704-0000-4000-8000-000000000004
整段对话(已改为按说话人切句),"elevenlabs|el:lily|0.8||Hi, Lily. I am so nervous about talking to the new student in our class. Do not worry, Sam. If you smile and ask him about his hobbies, he will be happy to talk to you.","Hi, Lily. I am so nervous about talking to the new student in our class. Do not worry, Sam. If you smile and ask him abo",https://audio.bigmooneducation.com/0e/0e0632f09d572191dcc2316c28cfe28efee610be26b52d390023e3e8d8dc9913.mp3,https://degqpiiddkxcuzwombwp.supabase.co/storage/v1/object/public/tts-audio/0e/0e0632f09d572191dcc2316c28cfe28efee610be26b52d390023e3e8d8dc9913.mp3,junior_listening_items:8a4c0801-0000-4000-8000-000000000001
整段对话(已改为按说话人切句),"elevenlabs|el:lily|0.8||Hey, John. What is a good topic to talk about when meeting someone for the first time? Well, if you talk about the weather, sports, or travel, it usually works the best. But remember not to ask personal questions.","Hey, John. What is a good topic to talk about when meeting someone for the first time? Well, if you talk about the weath",https://audio.bigmooneducation.com/c0/c09a490226440ec9e75aaa0c10bb54cf8b1d01b3c94574a5914a9622f1d9bbb5.mp3,https://degqpiiddkxcuzwombwp.supabase.co/storage/v1/object/public/tts-audio/c0/c09a490226440ec9e75aaa0c10bb54cf8b1d01b3c94574a5914a9622f1d9bbb5.mp3,junior_listening_items:8a4c0802-0000-4000-8000-000000000002
整段对话(已改为按说话人切句),"elevenlabs|el:lily|0.8||I had a fight with my best friend yesterday because we did not agree with each other. If you do not agree with others, you should not argue with them. You should stay calm and say sorry.","I had a fight with my best friend yesterday because we did not agree with each other. If you do not agree with others, y",https://audio.bigmooneducation.com/bc/bc84f96ef268b4e1edba6e04906543e197b91317bbf1b38c04dfff68e8474747.mp3,https://degqpiiddkxcuzwombwp.supabase.co/storage/v1/object/public/tts-audio/bc/bc84f96ef268b4e1edba6e04906543e197b91317bbf1b38c04dfff68e8474747.mp3,junior_listening_items:8a4c0803-0000-4000-8000-000000000003
整段对话(已改为按说话人切句),"elevenlabs|el:lily|0.8||Tom, you look so stiff. Are you nervous about your speech? Yes, my body language is terrible when I stand in front of many people. Just stand up straight, smile, and be yourself. You will do great!","Tom, you look so stiff. Are you nervous about your speech? Yes, my body language is terrible when I stand in front of ma",https://audio.bigmooneducation.com/ea/eaecf6d3399dacc7d889c7741c842be28725dd1ec72e9cb7d3387159dd642ece.mp3,https://degqpiiddkxcuzwombwp.supabase.co/storage/v1/object/public/tts-audio/ea/eaecf6d3399dacc7d889c7741c842be28725dd1ec72e9cb7d3387159dd642ece.mp3,junior_listening_items:8a4c0804-0000-4000-8000-000000000004
整段对话(已改为按说话人切句),"elevenlabs|el:lily|0.8||When you listen to someone, what should you show? You should show interest in others. If you are a good listener, you will find good points to ask questions about.","When you listen to someone, what should you show? You should show interest in others. If you are a good listener, you wi",https://audio.bigmooneducation.com/10/106bbbd74c725d868d32241d00f2551940c449e7dd3b2bad2c342d3a6778f2bc.mp3,https://degqpiiddkxcuzwombwp.supabase.co/storage/v1/object/public/tts-audio/10/106bbbd74c725d868d32241d00f2551940c449e7dd3b2bad2c342d3a6778f2bc.mp3,junior_listening_items:8a4c0809-0000-4000-8000-000000000009
整段对话(已改为按说话人切句),"elevenlabs|el:lily|0.8||Is it okay to ask about someone personal information when we first meet? No, it is impolite to ask someone age, weight, or other personal information.","Is it okay to ask about someone personal information when we first meet? No, it is impolite to ask someone age, weight, ",https://audio.bigmooneducation.com/3f/3f2bcdfc449f7b8c0f77bc182c40ca93037621f8dbfb23dc3d19def75e010b8a.mp3,https://degqpiiddkxcuzwombwp.supabase.co/storage/v1/object/public/tts-audio/3f/3f2bcdfc449f7b8c0f77bc182c40ca93037621f8dbfb23dc3d19def75e010b8a.mp3,junior_listening_items:8a4c0810-0000-4000-8000-00000000000a
整段对话(已改为按说话人切句),"elevenlabs|el:lily|0.8||My friend told me about a topic I know nothing about. What should I say? Just be honest. Say I do not know much about it. Do not pretend, because people can find out you are not telling the truth.",My friend told me about a topic I know nothing about. What should I say? Just be honest. Say I do not know much about it,https://audio.bigmooneducation.com/e5/e5442c112dfa66986620f30f5edbbc261a29e0f51e5fedd445c4817edfd48722.mp3,https://degqpiiddkxcuzwombwp.supabase.co/storage/v1/object/public/tts-audio/e5/e5442c112dfa66986620f30f5edbbc261a29e0f51e5fedd445c4817edfd48722.mp3,junior_listening_items:8a4c0811-0000-4000-8000-00000000000b
整段对话(已改为按说话人切句),"elevenlabs|el:lily|0.8||I always feel nervous before giving a speech. If you feel nervous, try to take a deep breath first. Then stand up straight and smile.","I always feel nervous before giving a speech. If you feel nervous, try to take a deep breath first. Then stand up straig",https://audio.bigmooneducation.com/c3/c356ff99bd16cbac745d287068dc7e60afbd9a12cbfd350084f71d4d7cc3a832.mp3,https://degqpiiddkxcuzwombwp.supabase.co/storage/v1/object/public/tts-audio/c3/c356ff99bd16cbac745d287068dc7e60afbd9a12cbfd350084f71d4d7cc3a832.mp3,junior_listening_items:8a4c0813-0000-4000-8000-00000000000d
整段对话(已改为按说话人切句),"elevenlabs|el:lily|0.8||If someone disagrees with me during a conversation, what should I do? Do not argue with them. Just move on to another topic politely.","If someone disagrees with me during a conversation, what should I do? Do not argue with them. Just move on to another to",https://audio.bigmooneducation.com/e0/e0ef957bfa399f15b8e88d3a5e9af913c56d29a0070f751fe35f27b7c1f0bce3.mp3,https://degqpiiddkxcuzwombwp.supabase.co/storage/v1/object/public/tts-audio/e0/e0ef957bfa399f15b8e88d3a5e9af913c56d29a0070f751fe35f27b7c1f0bce3.mp3,junior_listening_items:8a4c0814-0000-4000-8000-00000000000e
整段对话(已改为按说话人切句),elevenlabs|el:lily|0.8||Why is body language so important in a conversation? Sometimes it is just as important as your words. A smile and good posture show that you are friendly.,Why is body language so important in a conversation? Sometimes it is just as important as your words. A smile and good p,https://audio.bigmooneducation.com/83/8356771c80f284d1c3d89a3c105e20da167d2762590ee68f1d79de7a85e67b11.mp3,https://degqpiiddkxcuzwombwp.supabase.co/storage/v1/object/public/tts-audio/83/8356771c80f284d1c3d89a3c105e20da167d2762590ee68f1d79de7a85e67b11.mp3,junior_listening_items:8a4c0816-0000-4000-8000-000000000010
整段对话(已改为按说话人切句),"elevenlabs|el:lily|0.8||Are you scared of ice-skating? A little, but my instructor allows me to try slowly, so I give it a go.","Are you scared of ice-skating? A little, but my instructor allows me to try slowly, so I give it a go.",https://audio.bigmooneducation.com/d0/d06d9c01a420ffbf983246636d9c88e036c9c304555f362add331b3e43de6002.mp3,https://degqpiiddkxcuzwombwp.supabase.co/storage/v1/object/public/tts-audio/d0/d06d9c01a420ffbf983246636d9c88e036c9c304555f362add331b3e43de6002.mp3,junior_listening_items:9260d87f-e0c6-5ed4-76f3-1dfb6a303a4e
整段对话(已改为按说话人切句),"elevenlabs|el:lily|0.8||When the wildfire was spreading, was everyone leaving the neighbourhood? No, one old man was refusing to go, so a hero was carrying him to a truck through the thick smoke.","When the wildfire was spreading, was everyone leaving the neighbourhood? No, one old man was refusing to go, so a hero w",https://audio.bigmooneducation.com/62/62d6b2ed6882a1ec2588af15fda90f3e4467e01ee697cf37a2afcda1bb37912d.mp3,https://degqpiiddkxcuzwombwp.supabase.co/storage/v1/object/public/tts-audio/62/62d6b2ed6882a1ec2588af15fda90f3e4467e01ee697cf37a2afcda1bb37912d.mp3,junior_listening_items:929943ef-c41d-2176-cf8f-7fb66262104c
整段对话(已改为按说话人切句),"elevenlabs|el:lily|0.8||My friend said something hurtful, and I don't dare to talk to her. Why not clear the air so that you both feel relaxed again?","My friend said something hurtful, and I don't dare to talk to her. Why not clear the air so that you both feel relaxed a",https://audio.bigmooneducation.com/c1/c1e27d83f8e14ca198f87a13a05d26d9fe7448ed63a920a8861b86d7c68cd9d4.mp3,https://degqpiiddkxcuzwombwp.supabase.co/storage/v1/object/public/tts-audio/c1/c1e27d83f8e14ca198f87a13a05d26d9fe7448ed63a920a8861b86d7c68cd9d4.mp3,junior_listening_items:96968b40-af09-377d-c117-2361afe52b09
整段对话(已改为按说话人切句),elevenlabs|el:lily|0.8||Where do koalas come from? They come from Australia.,Where do koalas come from? They come from Australia.,https://audio.bigmooneducation.com/c1/c18983ebc0ab83927f02b4d0f81918cd6ec4cb96303643af27408a44bc6c8d95.mp3,https://degqpiiddkxcuzwombwp.supabase.co/storage/v1/object/public/tts-audio/c1/c18983ebc0ab83927f02b4d0f81918cd6ec4cb96303643af27408a44bc6c8d95.mp3,junior_listening_items:a11e0004-0b1c-4d2e-8f3a-000000000004
整段对话(已改为按说话人切句),elevenlabs|el:lily|0.8||Why do you like monkeys? Because they are very smart.,Why do you like monkeys? Because they are very smart.,https://audio.bigmooneducation.com/dd/dd7e85319c05fff35c1538c330018c395998fdb591acd070efae93fe4698afba.mp3,https://degqpiiddkxcuzwombwp.supabase.co/storage/v1/object/public/tts-audio/dd/dd7e85319c05fff35c1538c330018c395998fdb591acd070efae93fe4698afba.mp3,junior_listening_items:a11e0005-0b1c-4d2e-8f3a-000000000005
整段对话(已改为按说话人切句),"elevenlabs|el:lily|0.8||Do you see any giraffes here? Yes, they are eating leaves over there.","Do you see any giraffes here? Yes, they are eating leaves over there.",https://audio.bigmooneducation.com/26/2651ba167abe2f6f3ac194c7fa4c70e7aaa7d0d854f3bbaba450dd758ef7887f.mp3,https://degqpiiddkxcuzwombwp.supabase.co/storage/v1/object/public/tts-audio/26/2651ba167abe2f6f3ac194c7fa4c70e7aaa7d0d854f3bbaba450dd758ef7887f.mp3,junior_listening_items:a11e0006-0b1c-4d2e-8f3a-000000000006
整段对话(已改为按说话人切句),"elevenlabs|el:lily|0.8||Let's see the pandas first. No, the pandas are sleeping now. Let's see the bears.","Let's see the pandas first. No, the pandas are sleeping now. Let's see the bears.",https://audio.bigmooneducation.com/26/266050bb1da45cae2758984e349cd88b1e7d185247967c6028cd502c8756b8b5.mp3,https://degqpiiddkxcuzwombwp.supabase.co/storage/v1/object/public/tts-audio/26/266050bb1da45cae2758984e349cd88b1e7d185247967c6028cd502c8756b8b5.mp3,junior_listening_items:a11e0009-0b1c-4d2e-8f3a-000000000009
整段对话(已改为按说话人切句),"elevenlabs|el:lily|0.8||Do you have a pet at home? Yes, I have a small black cat.","Do you have a pet at home? Yes, I have a small black cat.",https://audio.bigmooneducation.com/27/271f1d8d801d1409975b6c06e6602bf61acc03b4496cbea0c9d0b35d0c809f2b.mp3,https://degqpiiddkxcuzwombwp.supabase.co/storage/v1/object/public/tts-audio/27/271f1d8d801d1409975b6c06e6602bf61acc03b4496cbea0c9d0b35d0c809f2b.mp3,junior_listening_items:a11e0010-0b1c-4d2e-8f3a-000000000010
整段对话(已改为按说话人切句),"elevenlabs|el:lily|0.8||Is the white animal a rabbit? No, it is a polar bear from the snow.","Is the white animal a rabbit? No, it is a polar bear from the snow.",https://audio.bigmooneducation.com/dd/dddd575e51ee12f12b6c338df8bb4b5a8bd7f9940802f1ac8a03c1424884aecb.mp3,https://degqpiiddkxcuzwombwp.supabase.co/storage/v1/object/public/tts-audio/dd/dddd575e51ee12f12b6c338df8bb4b5a8bd7f9940802f1ac8a03c1424884aecb.mp3,junior_listening_items:a11e0011-0b1c-4d2e-8f3a-000000000011
整段对话(已改为按说话人切句),"elevenlabs|el:lily|0.8||Does your father like the big elephants? No, he thinks they are too lazy.","Does your father like the big elephants? No, he thinks they are too lazy.",https://audio.bigmooneducation.com/c0/c08209ecbcf73a7cee863ff44f2e76f9febabf37edf581d74f633e9b910cf1e6.mp3,https://degqpiiddkxcuzwombwp.supabase.co/storage/v1/object/public/tts-audio/c0/c08209ecbcf73a7cee863ff44f2e76f9febabf37edf581d74f633e9b910cf1e6.mp3,junior_listening_items:a11e0012-0b1c-4d2e-8f3a-000000000012
整段对话(已改为按说话人切句),elevenlabs|el:lily|0.8||I want to see the dangerous tigers and lions. I don't like them. I like beautiful birds and cute koalas. Let's go to the bird house.,I want to see the dangerous tigers and lions. I don't like them. I like beautiful birds and cute koalas. Let's go to the,https://audio.bigmooneducation.com/ab/abf19c93f3f6455e5344a70ba476e313c81e09126a27bafc2a88273ef28b16ac.mp3,https://degqpiiddkxcuzwombwp.supabase.co/storage/v1/object/public/tts-audio/ab/abf19c93f3f6455e5344a70ba476e313c81e09126a27bafc2a88273ef28b16ac.mp3,junior_listening_items:a11e0013-0b1c-4d2e-8f3a-000000000013
整段对话(已改为按说话人切句),"elevenlabs|el:lily|0.8||Hey Mary, where are the monkeys? They are next to the big elephants, and the elephants are across from the lions.","Hey Mary, where are the monkeys? They are next to the big elephants, and the elephants are across from the lions.",https://audio.bigmooneducation.com/30/3070b5c2945094087ec400944d8b013f852346df3cf04174bfd6531d4ab30f46.mp3,https://degqpiiddkxcuzwombwp.supabase.co/storage/v1/object/public/tts-audio/30/3070b5c2945094087ec400944d8b013f852346df3cf04174bfd6531d4ab30f46.mp3,junior_listening_items:a11e0014-0b1c-4d2e-8f3a-000000000014
整段对话(已改为按说话人切句),"elevenlabs|el:lily|0.8||Does this school zoo have any animals from Africa? Yes, we have two lions, but we don't have any giraffes this year.","Does this school zoo have any animals from Africa? Yes, we have two lions, but we don't have any giraffes this year.",https://audio.bigmooneducation.com/63/63cc4653273a0ddb229cb74ed5a3bbaf9525e1fe5df46f881881b11e0ba94190.mp3,https://degqpiiddkxcuzwombwp.supabase.co/storage/v1/object/public/tts-audio/63/63cc4653273a0ddb229cb74ed5a3bbaf9525e1fe5df46f881881b11e0ba94190.mp3,junior_listening_items:a11e0015-0b1c-4d2e-8f3a-000000000015
整段对话(已改为按说话人切句),"elevenlabs|el:lily|0.8||Wow, that small dog can walk on two legs! Yes, it is very smart. My dog can't do that, it only sleeps all day.","Wow, that small dog can walk on two legs! Yes, it is very smart. My dog can't do that, it only sleeps all day.",https://audio.bigmooneducation.com/78/7881f0da230e8952f2b7f81d5c16ac86551314eedb6ae69444cc9e28843308b2.mp3,https://degqpiiddkxcuzwombwp.supabase.co/storage/v1/object/public/tts-audio/78/7881f0da230e8952f2b7f81d5c16ac86551314eedb6ae69444cc9e28843308b2.mp3,junior_listening_items:a11e0016-0b1c-4d2e-8f3a-000000000016
整段对话(已改为按说话人切句),"elevenlabs|el:lily|0.8||Can we wear hats in class? No, we can't.","Can we wear hats in class? No, we can't.",https://audio.bigmooneducation.com/9c/9c15fafa95b9bd103612d71a0ba39ccaa939527903f7cd81bb8c967a800278e1.mp3,https://degqpiiddkxcuzwombwp.supabase.co/storage/v1/object/public/tts-audio/9c/9c15fafa95b9bd103612d71a0ba39ccaa939527903f7cd81bb8c967a800278e1.mp3,junior_listening_items:a11e0204-0b1c-4d2e-8f3a-000000000204
整段对话(已改为按说话人切句),"elevenlabs|el:lily|0.8||Do we have to wear uniforms today? Yes, we do.","Do we have to wear uniforms today? Yes, we do.",https://audio.bigmooneducation.com/bc/bce51aa83bf3f852162f1b1a2ace4968659a974ad00b5dce8c53284004f1695e.mp3,https://degqpiiddkxcuzwombwp.supabase.co/storage/v1/object/public/tts-audio/bc/bce51aa83bf3f852162f1b1a2ace4968659a974ad00b5dce8c53284004f1695e.mp3,junior_listening_items:a11e0205-0b1c-4d2e-8f3a-000000000205
整段对话(已改为按说话人切句),"elevenlabs|el:lily|0.8||Don't eat in the classroom, Tom. Sorry, Miss White.","Don't eat in the classroom, Tom. Sorry, Miss White.",https://audio.bigmooneducation.com/50/5080f1ce3be6f03e29d25d6445c7bb57a7b8bedc2c970fecf53ce6358c2d5bd5.mp3,https://degqpiiddkxcuzwombwp.supabase.co/storage/v1/object/public/tts-audio/50/5080f1ce3be6f03e29d25d6445c7bb57a7b8bedc2c970fecf53ce6358c2d5bd5.mp3,junior_listening_items:a11e0206-0b1c-4d2e-8f3a-000000000206
整段对话(已改为按说话人切句),"elevenlabs|el:lily|0.8||Can I bring my mobile phone to school, Mr. Smith? No, you can't. You should leave it at home.","Can I bring my mobile phone to school, Mr. Smith? No, you can't. You should leave it at home.",https://audio.bigmooneducation.com/4b/4b109cdbe3eaf8facee1a267a173abc7c67dfdcb42c4f7476d5c7dc33641fb30.mp3,https://degqpiiddkxcuzwombwp.supabase.co/storage/v1/object/public/tts-audio/4b/4b109cdbe3eaf8facee1a267a173abc7c67dfdcb42c4f7476d5c7dc33641fb30.mp3,junior_listening_items:a11e0209-0b1c-4d2e-8f3a-000000000209
整段对话(已改为按说话人切句),"elevenlabs|el:lily|0.8||We have many rules at school. Yes, but we don't have any rules on weekends.","We have many rules at school. Yes, but we don't have any rules on weekends.",https://audio.bigmooneducation.com/82/82b2d22381c898bad6971f921dd0d09615a5beb1e115e65438737dd81749bff8.mp3,https://degqpiiddkxcuzwombwp.supabase.co/storage/v1/object/public/tts-audio/82/82b2d22381c898bad6971f921dd0d09615a5beb1e115e65438737dd81749bff8.mp3,junior_listening_items:a11e0210-0b1c-4d2e-8f3a-000000000210
整段对话(已改为按说话人切句),"elevenlabs|el:lily|0.8||Please line up for your food, young man. Okay, I am sorry. I always forget this dining hall rule.","Please line up for your food, young man. Okay, I am sorry. I always forget this dining hall rule.",https://audio.bigmooneducation.com/9a/9a1df689c0e36d80261c6596102d6fb3fba30566a71550795367cd61fd3b0715.mp3,https://degqpiiddkxcuzwombwp.supabase.co/storage/v1/object/public/tts-audio/9a/9a1df689c0e36d80261c6596102d6fb3fba30566a71550795367cd61fd3b0715.mp3,junior_listening_items:a11e0211-0b1c-4d2e-8f3a-000000000211
整段对话(已改为按说话人切句),"elevenlabs|el:lily|0.8||Remember to return the book to the library today, Lily. No, I can keep it for three more days.","Remember to return the book to the library today, Lily. No, I can keep it for three more days.",https://audio.bigmooneducation.com/c9/c94c7780abca57e211619f8ec9d6ade3c842496900f9dfe33468bae2074dfd6b.mp3,https://degqpiiddkxcuzwombwp.supabase.co/storage/v1/object/public/tts-audio/c9/c94c7780abca57e211619f8ec9d6ade3c842496900f9dfe33468bae2074dfd6b.mp3,junior_listening_items:a11e0212-0b1c-4d2e-8f3a-000000000212
整段对话(已改为按说话人切句),"elevenlabs|el:lily|0.8||Can we listen to music here, Linda? We can't do it in the library, but we can put on our headphones in the computer room.","Can we listen to music here, Linda? We can't do it in the library, but we can put on our headphones in the computer room",https://audio.bigmooneducation.com/58/589c0105b9a710de920943f889b264e2f5d353bfee12898ac93e0f780473fcbe.mp3,https://degqpiiddkxcuzwombwp.supabase.co/storage/v1/object/public/tts-audio/58/589c0105b9a710de920943f889b264e2f5d353bfee12898ac93e0f780473fcbe.mp3,junior_listening_items:a11e0213-0b1c-4d2e-8f3a-000000000213
整段对话(已改为按说话人切句),"elevenlabs|el:lily|0.8||Do you like your music class, Peter? Yes, I like singing. But we must be on time, and we can't bring food to the music room.","Do you like your music class, Peter? Yes, I like singing. But we must be on time, and we can't bring food to the music r",https://audio.bigmooneducation.com/24/2407273362b6c62380f7639bb89f0d479db7aa9b5953af2658320a9dc692cb1f.mp3,https://degqpiiddkxcuzwombwp.supabase.co/storage/v1/object/public/tts-audio/24/2407273362b6c62380f7639bb89f0d479db7aa9b5953af2658320a9dc692cb1f.mp3,junior_listening_items:a11e0214-0b1c-4d2e-8f3a-000000000214
整段对话(已改为按说话人切句),"elevenlabs|el:lily|0.8||Why are you so angry, Alice? Tom always runs fast in the hallways. It's against the school rules. I think he should walk slowly.","Why are you so angry, Alice? Tom always runs fast in the hallways. It's against the school rules. I think he should walk",https://audio.bigmooneducation.com/5e/5e7f5b9a050043bcbbbbcec4f38e5c6a81d9eff9e31613fdb61b93250bb60fee.mp3,https://degqpiiddkxcuzwombwp.supabase.co/storage/v1/object/public/tts-audio/5e/5e7f5b9a050043bcbbbbcec4f38e5c6a81d9eff9e31613fdb61b93250bb60fee.mp3,junior_listening_items:a11e0215-0b1c-4d2e-8f3a-000000000215
整段对话(已改为按说话人切句),"elevenlabs|el:lily|0.8||Can we take photos in the school art museum? Look at that sign. It says ""No Food"", but we can take photos if we don't use flash.","Can we take photos in the school art museum? Look at that sign. It says ""No Food"", but we can take photos if we don't us",https://audio.bigmooneducation.com/10/105a528e4ca2dca1b3198f1732940402e4020228ea73d80cef754d9aa824f3f0.mp3,https://degqpiiddkxcuzwombwp.supabase.co/storage/v1/object/public/tts-audio/10/105a528e4ca2dca1b3198f1732940402e4020228ea73d80cef754d9aa824f3f0.mp3,junior_listening_items:a11e0216-0b1c-4d2e-8f3a-000000000216
整段对话(已改为按说话人切句),elevenlabs|el:lily|0.8||How often do you exercise? I exercise every day.,How often do you exercise? I exercise every day.,https://audio.bigmooneducation.com/10/107136b0f134552be3b1084c0b867a6479796800d4e5353990bac0d5230892a1.mp3,https://degqpiiddkxcuzwombwp.supabase.co/storage/v1/object/public/tts-audio/10/107136b0f134552be3b1084c0b867a6479796800d4e5353990bac0d5230892a1.mp3,junior_listening_items:a11e0304-0b1c-4d2e-8f3a-000000000304
整段对话(已改为按说话人切句),"elevenlabs|el:lily|0.8||Do you like tennis? No, I like football.","Do you like tennis? No, I like football.",https://audio.bigmooneducation.com/fe/fefc51ce8b0ed703befa473e9749450b735a3192597b489e9ec8df5507712d59.mp3,https://degqpiiddkxcuzwombwp.supabase.co/storage/v1/object/public/tts-audio/fe/fefc51ce8b0ed703befa473e9749450b735a3192597b489e9ec8df5507712d59.mp3,junior_listening_items:a11e0305-0b1c-4d2e-8f3a-000000000305
整段对话(已改为按说话人切句),elevenlabs|el:lily|0.8||Where do you usually swim? In the school swimming pool.,Where do you usually swim? In the school swimming pool.,https://audio.bigmooneducation.com/a9/a945e49af7b9ae23d74cdb8a009c531e5e06ec5d8bdd5d4ce65f10bf0fdb152f.mp3,https://degqpiiddkxcuzwombwp.supabase.co/storage/v1/object/public/tts-audio/a9/a945e49af7b9ae23d74cdb8a009c531e5e06ec5d8bdd5d4ce65f10bf0fdb152f.mp3,junior_listening_items:a11e0306-0b1c-4d2e-8f3a-000000000306
整段对话(已改为按说话人切句),"elevenlabs|el:lily|0.8||Let's play badminton this afternoon, Lucy. I have no time. I need to run.","Let's play badminton this afternoon, Lucy. I have no time. I need to run.",https://audio.bigmooneducation.com/92/92ef7cd2246f0dfd451ad886140422a8bccb4030a7a6a84209464360a6b74f7f.mp3,https://degqpiiddkxcuzwombwp.supabase.co/storage/v1/object/public/tts-audio/92/92ef7cd2246f0dfd451ad886140422a8bccb4030a7a6a84209464360a6b74f7f.mp3,junior_listening_items:a11e0309-0b1c-4d2e-8f3a-000000000309
整段对话(已改为按说话人切句),"elevenlabs|el:lily|0.8||Do you exercise on weekends? No, I only exercise from Monday to Friday.","Do you exercise on weekends? No, I only exercise from Monday to Friday.",https://audio.bigmooneducation.com/a4/a448ba4bd48bddd5ffe143928b9c26e37ecb3cca5b334c8c6c27dbab7e845287.mp3,https://degqpiiddkxcuzwombwp.supabase.co/storage/v1/object/public/tts-audio/a4/a448ba4bd48bddd5ffe143928b9c26e37ecb3cca5b334c8c6c27dbab7e845287.mp3,junior_listening_items:a11e0310-0b1c-4d2e-8f3a-000000000310
整段对话(已改为按说话人切句),"elevenlabs|el:lily|0.8||Is football your favorite sport? No, it's boring. I think club sports are better.","Is football your favorite sport? No, it's boring. I think club sports are better.",https://audio.bigmooneducation.com/a4/a42ec19972b1656fe491587fd1ecc7cd0482707c76bff8575ce40f8156e3ae20.mp3,https://degqpiiddkxcuzwombwp.supabase.co/storage/v1/object/public/tts-audio/a4/a42ec19972b1656fe491587fd1ecc7cd0482707c76bff8575ce40f8156e3ae20.mp3,junior_listening_items:a11e0311-0b1c-4d2e-8f3a-000000000311
整段对话(已改为按说话人切句),"elevenlabs|el:lily|0.8||Your sport shirt looks clean and beautiful. Thanks, I always wash it after playing tennis.","Your sport shirt looks clean and beautiful. Thanks, I always wash it after playing tennis.",https://audio.bigmooneducation.com/2d/2dab72b703f68903ca78ecae62f225eebd7fd4663235f8071646fd6424c0cb3c.mp3,https://degqpiiddkxcuzwombwp.supabase.co/storage/v1/object/public/tts-audio/2d/2dab72b703f68903ca78ecae62f225eebd7fd4663235f8071646fd6424c0cb3c.mp3,junior_listening_items:a11e0312-0b1c-4d2e-8f3a-000000000312
整段对话(已改为按说话人切句),"elevenlabs|el:lily|0.8||Do you want to go swimming with me, Eric? I want to, but I have a bad cold today. I can only watch you swim.","Do you want to go swimming with me, Eric? I want to, but I have a bad cold today. I can only watch you swim.",https://audio.bigmooneducation.com/4a/4aaa88e996a75d7802cdf63959abbb37b1395fe9598ef28cd0c5b5b606e08ad4.mp3,https://degqpiiddkxcuzwombwp.supabase.co/storage/v1/object/public/tts-audio/4a/4aaa88e996a75d7802cdf63959abbb37b1395fe9598ef28cd0c5b5b606e08ad4.mp3,junior_listening_items:a11e0313-0b1c-4d2e-8f3a-000000000313
整段对话(已改为按说话人切句),"elevenlabs|el:lily|0.8||Do we have a sports club meeting on Tuesday or Thursday? It is usually on Tuesday, but this week we have it on Friday.","Do we have a sports club meeting on Tuesday or Thursday? It is usually on Tuesday, but this week we have it on Friday.",https://audio.bigmooneducation.com/77/77b8d260d6fe4ef5b7517394dcd61e81ad4238ab4b54beca16ca0aebdb7fa886.mp3,https://degqpiiddkxcuzwombwp.supabase.co/storage/v1/object/public/tts-audio/77/77b8d260d6fe4ef5b7517394dcd61e81ad4238ab4b54beca16ca0aebdb7fa886.mp3,junior_listening_items:a11e0314-0b1c-4d2e-8f3a-000000000314
整段对话(已改为按说话人切句),"elevenlabs|el:lily|0.8||Why do you run so much every day, Lily? I am a weak girl. My doctor says running makes my heart strong.","Why do you run so much every day, Lily? I am a weak girl. My doctor says running makes my heart strong.",https://audio.bigmooneducation.com/95/9525ea1ce1da791791ca0db3a8e399d35944837d12e9e682bd63df4bfdab0911.mp3,https://degqpiiddkxcuzwombwp.supabase.co/storage/v1/object/public/tts-audio/95/9525ea1ce1da791791ca0db3a8e399d35944837d12e9e682bd63df4bfdab0911.mp3,junior_listening_items:a11e0315-0b1c-4d2e-8f3a-000000000315
整段对话(已改为按说话人切句),elevenlabs|el:lily|0.8||Let's join the basketball club together. I don't like basketball. I prefer the dance club because I think it keeps me fit.,Let's join the basketball club together. I don't like basketball. I prefer the dance club because I think it keeps me fi,https://audio.bigmooneducation.com/81/818b949592d7086c72af527fdea0653ba8becbb630d8559958ae0d4110073e03.mp3,https://degqpiiddkxcuzwombwp.supabase.co/storage/v1/object/public/tts-audio/81/818b949592d7086c72af527fdea0653ba8becbb630d8559958ae0d4110073e03.mp3,junior_listening_items:a11e0316-0b1c-4d2e-8f3a-000000000316
整段对话(已改为按说话人切句),elevenlabs|el:lily|0.8||What do you have for lunch? I have rice and fish.,What do you have for lunch? I have rice and fish.,https://audio.bigmooneducation.com/4c/4c25137fe92bf497d038a6922687483c7595e79513ee523853c6dd0c23954bf4.mp3,https://degqpiiddkxcuzwombwp.supabase.co/storage/v1/object/public/tts-audio/4c/4c25137fe92bf497d038a6922687483c7595e79513ee523853c6dd0c23954bf4.mp3,junior_listening_items:a11e0404-0b1c-4d2e-8f3a-000000000404
整段对话(已改为按说话人切句),"elevenlabs|el:lily|0.8||Do you like vegetables? Yes, carrots are my favorite.","Do you like vegetables? Yes, carrots are my favorite.",https://audio.bigmooneducation.com/80/804714265b372eefbf9b81d648924fdcd0dcc2d7626efc7931676014049088d3.mp3,https://degqpiiddkxcuzwombwp.supabase.co/storage/v1/object/public/tts-audio/80/804714265b372eefbf9b81d648924fdcd0dcc2d7626efc7931676014049088d3.mp3,junior_listening_items:a11e0405-0b1c-4d2e-8f3a-000000000405
整段对话(已改为按说话人切句),"elevenlabs|el:lily|0.8||Is fast food healthy? No, it has too much fat.","Is fast food healthy? No, it has too much fat.",https://audio.bigmooneducation.com/59/59fc0f756d3582fb596fc758c5e221c4e37865de8307d2d366d8f3f0d316d2f2.mp3,https://degqpiiddkxcuzwombwp.supabase.co/storage/v1/object/public/tts-audio/59/59fc0f756d3582fb596fc758c5e221c4e37865de8307d2d366d8f3f0d316d2f2.mp3,junior_listening_items:a11e0406-0b1c-4d2e-8f3a-000000000406
整段对话(已改为按说话人切句),"elevenlabs|el:lily|0.8||Do you want some hamburgers for dinner? No, let's have tomato noodles.","Do you want some hamburgers for dinner? No, let's have tomato noodles.",https://audio.bigmooneducation.com/9f/9fa6f4eec9ea23369b376bb10bbbc58caf03db582911f88607eb5efb0eb0a47b.mp3,https://degqpiiddkxcuzwombwp.supabase.co/storage/v1/object/public/tts-audio/9f/9fa6f4eec9ea23369b376bb10bbbc58caf03db582911f88607eb5efb0eb0a47b.mp3,junior_listening_items:a11e0409-0b1c-4d2e-8f3a-000000000409
整段对话(已改为按说话人切句),"elevenlabs|el:lily|0.8||Do you eat dessert after lunch? No, I usually eat a banana or an orange.","Do you eat dessert after lunch? No, I usually eat a banana or an orange.",https://audio.bigmooneducation.com/60/601df11278df664fa462d8baae849099e14965742a5fd2a69b40482dad91131d.mp3,https://degqpiiddkxcuzwombwp.supabase.co/storage/v1/object/public/tts-audio/60/601df11278df664fa462d8baae849099e14965742a5fd2a69b40482dad91131d.mp3,junior_listening_items:a11e0410-0b1c-4d2e-8f3a-000000000410
整段对话(已改为按说话人切句),"elevenlabs|el:lily|0.8||How many meals do you have a day? I have three meals, and breakfast is the biggest.","How many meals do you have a day? I have three meals, and breakfast is the biggest.",https://audio.bigmooneducation.com/a3/a303869d0e691fcc62d8df37e70d457c1d28792684b2ac272708cc9a1e14c3bc.mp3,https://degqpiiddkxcuzwombwp.supabase.co/storage/v1/object/public/tts-audio/a3/a303869d0e691fcc62d8df37e70d457c1d28792684b2ac272708cc9a1e14c3bc.mp3,junior_listening_items:a11e0411-0b1c-4d2e-8f3a-000000000411
整段对话(已改为按说话人切句),"elevenlabs|el:lily|0.8||Do you like onions, Tom? No, they taste bad. But my parents like them.","Do you like onions, Tom? No, they taste bad. But my parents like them.",https://audio.bigmooneducation.com/75/750f72b18a4b65d4edd2722d5426d19548d382c34f5f0216f95a2324734c47a3.mp3,https://degqpiiddkxcuzwombwp.supabase.co/storage/v1/object/public/tts-audio/75/750f72b18a4b65d4edd2722d5426d19548d382c34f5f0216f95a2324734c47a3.mp3,junior_listening_items:a11e0412-0b1c-4d2e-8f3a-000000000412
整段对话(已改为按说话人切句),"elevenlabs|el:lily|0.8||What do you want to drink, milk or cola? I know cola tastes great, but milk is much healthier. Give me milk, please.","What do you want to drink, milk or cola? I know cola tastes great, but milk is much healthier. Give me milk, please.",https://audio.bigmooneducation.com/13/13d7b5829a4395656873b73aeccc2e3ff9b83cb04ecbdcbeb6570dd80e0ca19b.mp3,https://degqpiiddkxcuzwombwp.supabase.co/storage/v1/object/public/tts-audio/13/13d7b5829a4395656873b73aeccc2e3ff9b83cb04ecbdcbeb6570dd80e0ca19b.mp3,junior_listening_items:a11e0413-0b1c-4d2e-8f3a-000000000413
整段对话(已改为按说话人切句),"elevenlabs|el:lily|0.8||Let's buy some food for the weekend picnic. We need meat and vegetables. Okay, we can buy some chicken and fresh carrots.","Let's buy some food for the weekend picnic. We need meat and vegetables. Okay, we can buy some chicken and fresh carrots",https://audio.bigmooneducation.com/7c/7c984cc63f8c12381b3cc62bfaf1d0004f12fb5cf28d79ff5334f4c83a1de377.mp3,https://degqpiiddkxcuzwombwp.supabase.co/storage/v1/object/public/tts-audio/7c/7c984cc63f8c12381b3cc62bfaf1d0004f12fb5cf28d79ff5334f4c83a1de377.mp3,junior_listening_items:a11e0414-0b1c-4d2e-8f3a-000000000414
整段对话(已改为按说话人切句),"elevenlabs|el:lily|0.8||Do you eat a lot of candy, Mary? No. Candy has too much sugar. It is bad for my teeth, so I never buy it.","Do you eat a lot of candy, Mary? No. Candy has too much sugar. It is bad for my teeth, so I never buy it.",https://audio.bigmooneducation.com/56/5646855ccb2c4bdd5cba5e38480554d58f20358170797f7e6ec2913d025d0550.mp3,https://degqpiiddkxcuzwombwp.supabase.co/storage/v1/object/public/tts-audio/56/5646855ccb2c4bdd5cba5e38480554d58f20358170797f7e6ec2913d025d0550.mp3,junior_listening_items:a11e0415-0b1c-4d2e-8f3a-000000000415
整段对话(已改为按说话人切句),elevenlabs|el:lily|0.8||I usually skip breakfast when I am busy. That's bad. A good breakfast gives you energy for the whole morning. You should change this habit.,I usually skip breakfast when I am busy. That's bad. A good breakfast gives you energy for the whole morning. You should,https://audio.bigmooneducation.com/89/8954f55ae23f6820086875d5a433852b36d0d9bde2381eb70f0b1c5b867d3c71.mp3,https://degqpiiddkxcuzwombwp.supabase.co/storage/v1/object/public/tts-audio/89/8954f55ae23f6820086875d5a433852b36d0d9bde2381eb70f0b1c5b867d3c71.mp3,junior_listening_items:a11e0416-0b1c-4d2e-8f3a-000000000416
整段对话(已改为按说话人切句),"elevenlabs|el:lily|0.8||What are you doing now, Tom? I am doing my homework.","What are you doing now, Tom? I am doing my homework.",https://audio.bigmooneducation.com/e6/e69b98b5888cecdfbf69a9fa51a3f22ae05fe2f9861d472d11de7ec816cf7855.mp3,https://degqpiiddkxcuzwombwp.supabase.co/storage/v1/object/public/tts-audio/e6/e69b98b5888cecdfbf69a9fa51a3f22ae05fe2f9861d472d11de7ec816cf7855.mp3,junior_listening_items:a11e0504-0b1c-4d2e-8f3a-000000000504
整段对话(已改为按说话人切句),"elevenlabs|el:lily|0.8||Is your father sleeping now? No, he is reading a newspaper.","Is your father sleeping now? No, he is reading a newspaper.",https://audio.bigmooneducation.com/32/324166099c4b051d01dcf7e92df767547229c93741630953816aa37ff87f860e.mp3,https://degqpiiddkxcuzwombwp.supabase.co/storage/v1/object/public/tts-audio/32/324166099c4b051d01dcf7e92df767547229c93741630953816aa37ff87f860e.mp3,junior_listening_items:a11e0505-0b1c-4d2e-8f3a-000000000505
整段对话(已改为按说话人切句),elevenlabs|el:lily|0.8||Look! Who is swimming in the river? Mike is swimming there.,Look! Who is swimming in the river? Mike is swimming there.,https://audio.bigmooneducation.com/2a/2acbd186201d33d1bc65c204c9fa5676221a826fd9e344d61f96aaa468edc772.mp3,https://degqpiiddkxcuzwombwp.supabase.co/storage/v1/object/public/tts-audio/2a/2acbd186201d33d1bc65c204c9fa5676221a826fd9e344d61f96aaa468edc772.mp3,junior_listening_items:a11e0506-0b1c-4d2e-8f3a-000000000506
整段对话(已改为按说话人切句),"elevenlabs|el:lily|0.8||Is your sister cleaning her bedroom now, Lucy? No, she is washing her white shoes.","Is your sister cleaning her bedroom now, Lucy? No, she is washing her white shoes.",https://audio.bigmooneducation.com/91/913761bf68d80c05494ea56ff6abbb3491fd96825a44ee4d6e5c5305186e6784.mp3,https://degqpiiddkxcuzwombwp.supabase.co/storage/v1/object/public/tts-audio/91/913761bf68d80c05494ea56ff6abbb3491fd96825a44ee4d6e5c5305186e6784.mp3,junior_listening_items:a11e0509-0b1c-4d2e-8f3a-000000000509
整段对话(已改为按说话人切句),"elevenlabs|el:lily|0.8||Listen! Are the girls talking loudly in the classroom? No, they are listening to the teacher.","Listen! Are the girls talking loudly in the classroom? No, they are listening to the teacher.",https://audio.bigmooneducation.com/3a/3a38bdedb26ef91a3ead010e32d5f08722129a227093b9ec9937d8e1ba12b4c1.mp3,https://degqpiiddkxcuzwombwp.supabase.co/storage/v1/object/public/tts-audio/3a/3a38bdedb26ef91a3ead010e32d5f08722129a227093b9ec9937d8e1ba12b4c1.mp3,junior_listening_items:a11e0510-0b1c-4d2e-8f3a-000000000510
整段对话(已改为按说话人切句),elevenlabs|el:lily|0.8||What is David doing in the computer room now? He is typing a new story on the computer.,What is David doing in the computer room now? He is typing a new story on the computer.,https://audio.bigmooneducation.com/30/304699945089c58651d646bf6ef98dc2402fd63bf3f80d604bac59e96f73de77.mp3,https://degqpiiddkxcuzwombwp.supabase.co/storage/v1/object/public/tts-audio/30/304699945089c58651d646bf6ef98dc2402fd63bf3f80d604bac59e96f73de77.mp3,junior_listening_items:a11e0511-0b1c-4d2e-8f3a-000000000511
整段对话(已改为按说话人切句),"elevenlabs|el:lily|0.8||Are you eating hamburgers with your friends now? No, we are waiting for our hot vegetable soup.","Are you eating hamburgers with your friends now? No, we are waiting for our hot vegetable soup.",https://audio.bigmooneducation.com/c6/c6fd17430195126823ffaec51c522f4c399146612fa5ac685fb3f0ea905cb548.mp3,https://degqpiiddkxcuzwombwp.supabase.co/storage/v1/object/public/tts-audio/c6/c6fd17430195126823ffaec51c522f4c399146612fa5ac685fb3f0ea905cb548.mp3,junior_listening_items:a11e0512-0b1c-4d2e-8f3a-000000000512
整段对话(已改为按说话人切句),"elevenlabs|el:lily|0.8||Hey Mary, are you and your brother drawing pictures in your bedroom now? No, we are in the living room. My brother is playing with his toy cars, and I am drinking milk.","Hey Mary, are you and your brother drawing pictures in your bedroom now? No, we are in the living room. My brother is pl",https://audio.bigmooneducation.com/88/882201105028bc82abb31a0f793ed9b748dad26b33cadfad0326d256ce46107a.mp3,https://degqpiiddkxcuzwombwp.supabase.co/storage/v1/object/public/tts-audio/88/882201105028bc82abb31a0f793ed9b748dad26b33cadfad0326d256ce46107a.mp3,junior_listening_items:a11e0513-0b1c-4d2e-8f3a-000000000513
整段对话(已改为按说话人切句),"elevenlabs|el:lily|0.8||Look at the lake! Is the old man fishing under the tree now? No, he is walking his dog near the lake. Two young men are fishing there.","Look at the lake! Is the old man fishing under the tree now? No, he is walking his dog near the lake. Two young men are ",https://audio.bigmooneducation.com/a9/a998bc0c3bea4b6bf3c7179b7f98e8a81b6269cdfc7debae104ec30d995dbf90.mp3,https://degqpiiddkxcuzwombwp.supabase.co/storage/v1/object/public/tts-audio/a9/a998bc0c3bea4b6bf3c7179b7f98e8a81b6269cdfc7debae104ec30d995dbf90.mp3,junior_listening_items:a11e0514-0b1c-4d2e-8f3a-000000000514
整段对话(已改为按说话人切句),"elevenlabs|el:lily|0.8||Is everyone having fun at the school party now, Lily? Yes, Eric is dancing, and Alice is singing. But Tom is just sitting and drinking water.","Is everyone having fun at the school party now, Lily? Yes, Eric is dancing, and Alice is singing. But Tom is just sittin",https://audio.bigmooneducation.com/61/61e10794573014f8899c4985fbdac0d225f13fb036163a0e034edcf5db1489b1.mp3,https://degqpiiddkxcuzwombwp.supabase.co/storage/v1/object/public/tts-audio/61/61e10794573014f8899c4985fbdac0d225f13fb036163a0e034edcf5db1489b1.mp3,junior_listening_items:a11e0515-0b1c-4d2e-8f3a-000000000515
整段对话(已改为按说话人切句),"elevenlabs|el:lily|0.8||Where is Miss White now? She is standing near the school gate. She is talking to a young mother, and we are waiting for her.","Where is Miss White now? She is standing near the school gate. She is talking to a young mother, and we are waiting for ",https://audio.bigmooneducation.com/3d/3d1fd2fe9a2d1ad8772e9d92e6346fa937daf5c0c3c20c707320e4c61d0b6185.mp3,https://degqpiiddkxcuzwombwp.supabase.co/storage/v1/object/public/tts-audio/3d/3d1fd2fe9a2d1ad8772e9d92e6346fa937daf5c0c3c20c707320e4c61d0b6185.mp3,junior_listening_items:a11e0516-0b1c-4d2e-8f3a-000000000516
整段对话(已改为按说话人切句),"elevenlabs|el:lily|0.8||Is it snowy in Harbin now? Yes, it is snowing heavily.","Is it snowy in Harbin now? Yes, it is snowing heavily.",https://audio.bigmooneducation.com/52/52a08b27ccafcc8aa8b753397f6f68bea763b8bae21824f53bb018d79e17dd90.mp3,https://degqpiiddkxcuzwombwp.supabase.co/storage/v1/object/public/tts-audio/52/52a08b27ccafcc8aa8b753397f6f68bea763b8bae21824f53bb018d79e17dd90.mp3,junior_listening_items:a11e0604-0b1c-4d2e-8f3a-000000000604
整段对话(已改为按说话人切句),elevenlabs|el:lily|0.8||How is the weather in London today? It is very windy.,How is the weather in London today? It is very windy.,https://audio.bigmooneducation.com/82/82607a1fc6bc51660a77ec33ae8f253a2c62e577968722a13cb1e9ef10c741e7.mp3,https://degqpiiddkxcuzwombwp.supabase.co/storage/v1/object/public/tts-audio/82/82607a1fc6bc51660a77ec33ae8f253a2c62e577968722a13cb1e9ef10c741e7.mp3,junior_listening_items:a11e0605-0b1c-4d2e-8f3a-000000000605
整段对话(已改为按说话人切句),"elevenlabs|el:lily|0.8||Do you want to go swimming? No, look at the sky. It is very dark and cloudy.","Do you want to go swimming? No, look at the sky. It is very dark and cloudy.",https://audio.bigmooneducation.com/91/9172e337cea44067c7e8a5796a9226dea866e07bdd995acadbd4cfa8c57014e0.mp3,https://degqpiiddkxcuzwombwp.supabase.co/storage/v1/object/public/tts-audio/91/9172e337cea44067c7e8a5796a9226dea866e07bdd995acadbd4cfa8c57014e0.mp3,junior_listening_items:a11e0606-0b1c-4d2e-8f3a-000000000606
整段对话(已改为按说话人切句),elevenlabs|el:lily|0.8||The sun is shining brightly. Let's go to the beach. That's a great idea! I love sunny weather.,The sun is shining brightly. Let's go to the beach. That's a great idea! I love sunny weather.,https://audio.bigmooneducation.com/87/87ba33fd707be2af928b02377a4180ce26fd765b82a454ed77082c13bf9a2257.mp3,https://degqpiiddkxcuzwombwp.supabase.co/storage/v1/object/public/tts-audio/87/87ba33fd707be2af928b02377a4180ce26fd765b82a454ed77082c13bf9a2257.mp3,junior_listening_items:a11e0609-0b1c-4d2e-8f3a-000000000609
整段对话(已改为按说话人切句),"elevenlabs|el:lily|0.8||Listen to the wind! Is it raining outside now? No, it is just very windy, but the rain stops.","Listen to the wind! Is it raining outside now? No, it is just very windy, but the rain stops.",https://audio.bigmooneducation.com/bf/bffba88dc6f3b0d381d15eec9aa87f7dbf792bf90fcdbb1d46c4ba396a548f7e.mp3,https://degqpiiddkxcuzwombwp.supabase.co/storage/v1/object/public/tts-audio/bf/bffba88dc6f3b0d381d15eec9aa87f7dbf792bf90fcdbb1d46c4ba396a548f7e.mp3,junior_listening_items:a11e0610-0b1c-4d2e-8f3a-000000000610
整段对话(已改为按说话人切句),"elevenlabs|el:lily|0.8||Why are you taking a raincoat, Peter? Look out of the window! The weather is changing and it is turning cloudy.","Why are you taking a raincoat, Peter? Look out of the window! The weather is changing and it is turning cloudy.",https://audio.bigmooneducation.com/86/86192a40b676de335950d06ed6e727cfe1595b6832e75ef21bde799c8198eadf.mp3,https://degqpiiddkxcuzwombwp.supabase.co/storage/v1/object/public/tts-audio/86/86192a40b676de335950d06ed6e727cfe1595b6832e75ef21bde799c8198eadf.mp3,junior_listening_items:a11e0611-0b1c-4d2e-8f3a-000000000611
整段对话(已改为按说话人切句),"elevenlabs|el:lily|0.8||Is the weather hot and dry in your city in summer? No, it is usually very wet because it rains a lot.","Is the weather hot and dry in your city in summer? No, it is usually very wet because it rains a lot.",https://audio.bigmooneducation.com/bc/bcd094d35a66b28f720b36f274eace7103c986e96f7c0f54b6061d91f4328232.mp3,https://degqpiiddkxcuzwombwp.supabase.co/storage/v1/object/public/tts-audio/bc/bcd094d35a66b28f720b36f274eace7103c986e96f7c0f54b6061d91f4328232.mp3,junior_listening_items:a11e0612-0b1c-4d2e-8f3a-000000000612
整段对话(已改为按说话人切句),"elevenlabs|el:lily|0.8||Hi Jane. Is it sunny and hot in New York today? No. It is cloudy here, but my mom says it is raining hard in London, and my dad is working in snowy Beijing.","Hi Jane. Is it sunny and hot in New York today? No. It is cloudy here, but my mom says it is raining hard in London, and",https://audio.bigmooneducation.com/96/9673e59a10b6dd66b0d50e00091117c5b47e4efa18998a00437171d6aec7f458.mp3,https://degqpiiddkxcuzwombwp.supabase.co/storage/v1/object/public/tts-audio/96/9673e59a10b6dd66b0d50e00091117c5b47e4efa18998a00437171d6aec7f458.mp3,junior_listening_items:a11e0613-0b1c-4d2e-8f3a-000000000613
整段对话(已改为按说话人切句),elevenlabs|el:lily|0.8||It's a fine sunny day. Let's play basketball on the playground. But the wind is too strong now. Why don't we watch a movie at home?,It's a fine sunny day. Let's play basketball on the playground. But the wind is too strong now. Why don't we watch a mov,https://audio.bigmooneducation.com/7f/7f0c66effbda5c2016f15bf1ad6cce8d17867641b2f254e5e4ef69bc46e1e08a.mp3,https://degqpiiddkxcuzwombwp.supabase.co/storage/v1/object/public/tts-audio/7f/7f0c66effbda5c2016f15bf1ad6cce8d17867641b2f254e5e4ef69bc46e1e08a.mp3,junior_listening_items:a11e0614-0b1c-4d2e-8f3a-000000000614
整段对话(已改为按说话人切句),"elevenlabs|el:lily|0.8||Look at the heavy snow! Let's go out and make a snowman, Sally. I want to go, but my cold is bad, so I am just watching the snow through the window.","Look at the heavy snow! Let's go out and make a snowman, Sally. I want to go, but my cold is bad, so I am just watching ",https://audio.bigmooneducation.com/d7/d700eb5d11abe15e6b9c5260313a9a1ebb3701085080c2428f6d49c51397d693.mp3,https://degqpiiddkxcuzwombwp.supabase.co/storage/v1/object/public/tts-audio/d7/d700eb5d11abe15e6b9c5260313a9a1ebb3701085080c2428f6d49c51397d693.mp3,junior_listening_items:a11e0615-0b1c-4d2e-8f3a-000000000615
整段对话(已改为按说话人切句),"elevenlabs|el:lily|0.8||The morning newspaper says it is sunny today, but look! It is raining now. Yes, the weather always changes quickly in spring. Let's take an umbrella with us.","The morning newspaper says it is sunny today, but look! It is raining now. Yes, the weather always changes quickly in sp",https://audio.bigmooneducation.com/dc/dcdf0ede71c504d6792fbdd1f37b4556c523f49081f4f520c37eaab3b00b121e.mp3,https://degqpiiddkxcuzwombwp.supabase.co/storage/v1/object/public/tts-audio/dc/dcdf0ede71c504d6792fbdd1f37b4556c523f49081f4f520c37eaab3b00b121e.mp3,junior_listening_items:a11e0616-0b1c-4d2e-8f3a-000000000616
整段对话(已改为按说话人切句),"elevenlabs|el:lily|0.8||Where did you go last night, Linda? I went to the restaurant and had a big dinner with my parents.","Where did you go last night, Linda? I went to the restaurant and had a big dinner with my parents.",https://audio.bigmooneducation.com/d9/d9cecca6f60070a04e09ac6e2b229a4774d36a937c8ebcfe8973f72b1bfe6046.mp3,https://degqpiiddkxcuzwombwp.supabase.co/storage/v1/object/public/tts-audio/d9/d9cecca6f60070a04e09ac6e2b229a4774d36a937c8ebcfe8973f72b1bfe6046.mp3,junior_listening_items:a11e0704-0b1c-4d2e-8f3a-000000000704
整段对话(已改为按说话人切句),"elevenlabs|el:lily|0.8||Did you watch the football match on TV yesterday afternoon? No, I played chess with my grandpa.","Did you watch the football match on TV yesterday afternoon? No, I played chess with my grandpa.",https://audio.bigmooneducation.com/08/087ac5da9eab32981cb011ab07ac99c79d17319306e5f791c3aab46762df20c1.mp3,https://degqpiiddkxcuzwombwp.supabase.co/storage/v1/object/public/tts-audio/08/087ac5da9eab32981cb011ab07ac99c79d17319306e5f791c3aab46762df20c1.mp3,junior_listening_items:a11e0705-0b1c-4d2e-8f3a-000000000705
整段对话(已改为按说话人切句),"elevenlabs|el:lily|0.8||Was the school trip interesting yesterday? Yes, it was great. We saw many dangerous animals.","Was the school trip interesting yesterday? Yes, it was great. We saw many dangerous animals.",https://audio.bigmooneducation.com/35/3586f12e5fddab605cdea695f68d93f6a730b70ca9c1ce84089ba7993a1fc6fa.mp3,https://degqpiiddkxcuzwombwp.supabase.co/storage/v1/object/public/tts-audio/35/3586f12e5fddab605cdea695f68d93f6a730b70ca9c1ce84089ba7993a1fc6fa.mp3,junior_listening_items:a11e0706-0b1c-4d2e-8f3a-000000000706
整段对话(已改为按说话人切句),"elevenlabs|el:lily|0.8||Did you buy that expensive English book in the bookstore yesterday, Sally? No, it was too dear, so I just borrowed a magazine from the library.","Did you buy that expensive English book in the bookstore yesterday, Sally? No, it was too dear, so I just borrowed a mag",https://audio.bigmooneducation.com/76/76b7afa36c7c9f2da3d039c360b585ba96e3d3736228b2cfc3951611ce48e13b.mp3,https://degqpiiddkxcuzwombwp.supabase.co/storage/v1/object/public/tts-audio/76/76b7afa36c7c9f2da3d039c360b585ba96e3d3736228b2cfc3951611ce48e13b.mp3,junior_listening_items:a11e0709-0b1c-4d2e-8f3a-000000000709
整段对话(已改为按说话人切句),"elevenlabs|el:lily|0.8||How was your weekend, Eric? It was busy. I cleaned my room on Saturday and helped my uncle on his farm on Sunday.","How was your weekend, Eric? It was busy. I cleaned my room on Saturday and helped my uncle on his farm on Sunday.",https://audio.bigmooneducation.com/38/38546fc6a947d996393fc010a1ae306644705d9b7098fddee99cf210867f16fd.mp3,https://degqpiiddkxcuzwombwp.supabase.co/storage/v1/object/public/tts-audio/38/38546fc6a947d996393fc010a1ae306644705d9b7098fddee99cf210867f16fd.mp3,junior_listening_items:a11e0710-0b1c-4d2e-8f3a-000000000710
整段对话(已改为按说话人切句),"elevenlabs|el:lily|0.8||I didn't see you at the school party last night. Were you ill? No, I was fine. I practiced the guitar for the music competition all night.","I didn't see you at the school party last night. Were you ill? No, I was fine. I practiced the guitar for the music comp",https://audio.bigmooneducation.com/01/013b2ce96d87be30927b5a34f5c7bb5f01e99acb506dd9df2f9876016deca04d.mp3,https://degqpiiddkxcuzwombwp.supabase.co/storage/v1/object/public/tts-audio/01/013b2ce96d87be30927b5a34f5c7bb5f01e99acb506dd9df2f9876016deca04d.mp3,junior_listening_items:a11e0711-0b1c-4d2e-8f3a-000000000711
整段对话(已改为按说话人切句),"elevenlabs|el:lily|0.8||Did you find your black wallet under the desk yesterday afternoon? No, I found it in my schoolbag this morning.","Did you find your black wallet under the desk yesterday afternoon? No, I found it in my schoolbag this morning.",https://audio.bigmooneducation.com/f3/f3d260cd8ee87f761b9b3ceadee301e5fd3124ddb0def9d20655703dcdcc5b88.mp3,https://degqpiiddkxcuzwombwp.supabase.co/storage/v1/object/public/tts-audio/f3/f3d260cd8ee87f761b9b3ceadee301e5fd3124ddb0def9d20655703dcdcc5b88.mp3,junior_listening_items:a11e0712-0b1c-4d2e-8f3a-000000000712
整段对话(已改为按说话人切句),"elevenlabs|el:lily|0.8||Hi, Mike. Did you go to the beach with David last Sunday? David wanted to go there, but I liked the mountains. In the end, we went to the science museum together.","Hi, Mike. Did you go to the beach with David last Sunday? David wanted to go there, but I liked the mountains. In the en",https://audio.bigmooneducation.com/33/33c943381fc67e12427ce5c3bd8fd7b7907806afc75934f90ee684dd89f89e82.mp3,https://degqpiiddkxcuzwombwp.supabase.co/storage/v1/object/public/tts-audio/33/33c943381fc67e12427ce5c3bd8fd7b7907806afc75934f90ee684dd89f89e82.mp3,junior_listening_items:a11e0713-0b1c-4d2e-8f3a-000000000713
整段对话(已改为按说话人切句),"elevenlabs|el:lily|0.8||What did you buy for your father's birthday yesterday, Helen? I saw a nice tie in the shop, but it was too long. So I made a beautiful birthday card for him at home.","What did you buy for your father's birthday yesterday, Helen? I saw a nice tie in the shop, but it was too long. So I ma",https://audio.bigmooneducation.com/e5/e53a0ce5aaeb3d9d5141e9f74ec32cd1eda8561283f0b96d25f4db956bc28e14.mp3,https://degqpiiddkxcuzwombwp.supabase.co/storage/v1/object/public/tts-audio/e5/e53a0ce5aaeb3d9d5141e9f74ec32cd1eda8561283f0b96d25f4db956bc28e14.mp3,junior_listening_items:a11e0714-0b1c-4d2e-8f3a-000000000714
整段对话(已改为按说话人切句),"elevenlabs|el:lily|0.8||I went to the park yesterday, but it started to rain. Did you have a good time at the cinema, Lucy? I didn't go to the cinema because the tickets sold out. I just stayed at home and cooked with my mom.","I went to the park yesterday, but it started to rain. Did you have a good time at the cinema, Lucy? I didn't go to the c",https://audio.bigmooneducation.com/b5/b59a5593e086867096fe92dc5a9e94265f2916a90476c0c669b6d002cfe1c708.mp3,https://degqpiiddkxcuzwombwp.supabase.co/storage/v1/object/public/tts-audio/b5/b59a5593e086867096fe92dc5a9e94265f2916a90476c0c669b6d002cfe1c708.mp3,junior_listening_items:a11e0715-0b1c-4d2e-8f3a-000000000715
整段对话(已改为按说话人切句),"elevenlabs|el:lily|0.8||Did your classroom win the basketball match yesterday morning, Jack? Yes! At first, the other team was ahead, but Tom caught the ball and scored in the last minute. We were so happy!","Did your classroom win the basketball match yesterday morning, Jack? Yes! At first, the other team was ahead, but Tom ca",https://audio.bigmooneducation.com/bb/bbcbafef2d8750cce84af1785cff82987454a9571f9ca9706f2db3bd575cc4f2.mp3,https://degqpiiddkxcuzwombwp.supabase.co/storage/v1/object/public/tts-audio/bb/bbcbafef2d8750cce84af1785cff82987454a9571f9ca9706f2db3bd575cc4f2.mp3,junior_listening_items:a11e0716-0b1c-4d2e-8f3a-000000000716
整段对话(已改为按说话人切句),"elevenlabs|el:lily|0.8||Did the little boy cry when he lost his way in the forest? No, he was very brave and found his home.","Did the little boy cry when he lost his way in the forest? No, he was very brave and found his home.",https://audio.bigmooneducation.com/52/52e0f74f4fdb588fd17c6809012337e711e6998872fc5097a2fb7222d89f9859.mp3,https://degqpiiddkxcuzwombwp.supabase.co/storage/v1/object/public/tts-audio/52/52e0f74f4fdb588fd17c6809012337e711e6998872fc5097a2fb7222d89f9859.mp3,junior_listening_items:a11e0804-0b1c-4d2e-8f3a-000000000804
整段对话(已改为按说话人切句),elevenlabs|el:lily|0.8||Who took the gold ring from the king's table? A smart bird flew into the room and took it away.,Who took the gold ring from the king's table? A smart bird flew into the room and took it away.,https://audio.bigmooneducation.com/7c/7c8e348db0a288e3b94a62e22483a2da9374c7a902ee1105db3525d8bebf01fa.mp3,https://degqpiiddkxcuzwombwp.supabase.co/storage/v1/object/public/tts-audio/7c/7c8e348db0a288e3b94a62e22483a2da9374c7a902ee1105db3525d8bebf01fa.mp3,junior_listening_items:a11e0805-0b1c-4d2e-8f3a-000000000805
整段对话(已改为按说话人切句),elevenlabs|el:lily|0.8||Where did the kind queen go once upon a time? She visited a poor family and gave them some bread.,Where did the kind queen go once upon a time? She visited a poor family and gave them some bread.,https://audio.bigmooneducation.com/4d/4d91f1e51a8455ddcf8c107d2a5540072e820ea5877565322f174f281d21994d.mp3,https://degqpiiddkxcuzwombwp.supabase.co/storage/v1/object/public/tts-audio/4d/4d91f1e51a8455ddcf8c107d2a5540072e820ea5877565322f174f281d21994d.mp3,junior_listening_items:a11e0806-0b1c-4d2e-8f3a-000000000806
整段对话(已改为按说话人切句),"elevenlabs|el:lily|0.8||Did the old man kill the snake when he found it in the cold snow? No, he was very kind. He saved the snake and made it warm.","Did the old man kill the snake when he found it in the cold snow? No, he was very kind. He saved the snake and made it w",https://audio.bigmooneducation.com/18/1837fe4067eb97592202fb3c3bba34e1faa7d3c0d8acdb3bcedcbfec814ac3eb.mp3,https://degqpiiddkxcuzwombwp.supabase.co/storage/v1/object/public/tts-audio/18/1837fe4067eb97592202fb3c3bba34e1faa7d3c0d8acdb3bcedcbfec814ac3eb.mp3,junior_listening_items:a11e0809-0b1c-4d2e-8f3a-000000000809
整段对话(已改为按说话人切句),"elevenlabs|el:lily|0.8||What did the clever girl do when the giant chased her? She ran fast and climbed up a tall tree, so the giant didn't catch her.","What did the clever girl do when the giant chased her? She ran fast and climbed up a tall tree, so the giant didn't catc",https://audio.bigmooneducation.com/fe/feb79f26ff09ab726086df9f6da8180bbe1ed5fcb2604aeb7f5fcff317bb908e.mp3,https://degqpiiddkxcuzwombwp.supabase.co/storage/v1/object/public/tts-audio/fe/feb79f26ff09ab726086df9f6da8180bbe1ed5fcb2604aeb7f5fcff317bb908e.mp3,junior_listening_items:a11e0810-0b1c-4d2e-8f3a-000000000810
整段对话(已改为按说话人切句),"elevenlabs|el:lily|0.8||Did the young hunter shoot the tiger with his bow yesterday? No, he missed the tiger, and the animal ran away into the mountains.","Did the young hunter shoot the tiger with his bow yesterday? No, he missed the tiger, and the animal ran away into the m",https://audio.bigmooneducation.com/21/21e841719f958fdc41140a85345061db270519e70a16e0146dfeb47d15f0287e.mp3,https://degqpiiddkxcuzwombwp.supabase.co/storage/v1/object/public/tts-audio/21/21e841719f958fdc41140a85345061db270519e70a16e0146dfeb47d15f0287e.mp3,junior_listening_items:a11e0811-0b1c-4d2e-8f3a-000000000811
整段对话(已改为按说话人切句),elevenlabs|el:lily|0.8||Why did the king become very angry with the cook this morning? Because the cook dropped the delicious fish onto the dirty floor.,Why did the king become very angry with the cook this morning? Because the cook dropped the delicious fish onto the dirt,https://audio.bigmooneducation.com/89/89719aaebc88005ee63939c37ff7d84ba80bef662eb5d56269e940b278e4eae1.mp3,https://degqpiiddkxcuzwombwp.supabase.co/storage/v1/object/public/tts-audio/89/89719aaebc88005ee63939c37ff7d84ba80bef662eb5d56269e940b278e4eae1.mp3,junior_listening_items:a11e0812-0b1c-4d2e-8f3a-000000000812
整段对话(已改为按说话人切句),"elevenlabs|el:lily|0.8||One day, a little mouse helped a big lion. Did the mouse bite the net or dig a hole? It didn't dig a hole. The lion was in a strong net, and the mouse bit the net with its sharp teeth.","One day, a little mouse helped a big lion. Did the mouse bite the net or dig a hole? It didn't dig a hole. The lion was ",https://audio.bigmooneducation.com/03/0380893dc7515ee830a0c073116b2983c9fed62e3eafbd82bc1b77c829bf7659.mp3,https://degqpiiddkxcuzwombwp.supabase.co/storage/v1/object/public/tts-audio/03/0380893dc7515ee830a0c073116b2983c9fed62e3eafbd82bc1b77c829bf7659.mp3,junior_listening_items:a11e0813-0b1c-4d2e-8f3a-000000000813
整段对话(已改为按说话人切句),"elevenlabs|el:lily|0.8||I read a story yesterday. A boy found a goose, and it laid a golden egg every day. Wow! Did the boy become rich? Yes, but he was greedy. He killed the goose because he wanted more eggs inside, but he found nothing.","I read a story yesterday. A boy found a goose, and it laid a golden egg every day. Wow! Did the boy become rich? Yes, bu",https://audio.bigmooneducation.com/04/04ad43a188cf74ca6d39902b205dbd9159bd1b5f2bafcee2d91a5cb85544265e.mp3,https://degqpiiddkxcuzwombwp.supabase.co/storage/v1/object/public/tts-audio/04/04ad43a188cf74ca6d39902b205dbd9159bd1b5f2bafcee2d91a5cb85544265e.mp3,junior_listening_items:a11e0814-0b1c-4d2e-8f3a-000000000814
整段对话(已改为按说话人切句),"elevenlabs|el:lily|0.8||Once, a thirsty crow wanted to drink water in a bottle, but the water was too low. Did it break the bottle? No, it dropped many small stones into the bottle, and the water rose up.","Once, a thirsty crow wanted to drink water in a bottle, but the water was too low. Did it break the bottle? No, it dropp",https://audio.bigmooneducation.com/b9/b959c9d643f472dab78e930a14d9b0e49f959b143aa2597b17a9670cf7e59ea0.mp3,https://degqpiiddkxcuzwombwp.supabase.co/storage/v1/object/public/tts-audio/b9/b959c9d643f472dab78e930a14d9b0e49f959b143aa2597b17a9670cf7e59ea0.mp3,junior_listening_items:a11e0815-0b1c-4d2e-8f3a-000000000815
整段对话(已改为按说话人切句),"elevenlabs|el:lily|0.8||Long ago, a young boy looked after many sheep. One day, he shouted ""Wolf! Wolf!"" to play a joke. Did the villagers come to help him? Yes, they ran up the hill, but they saw no wolf. The boy laughed loudly.","Long ago, a young boy looked after many sheep. One day, he shouted ""Wolf! Wolf!"" to play a joke. Did the villagers come ",https://audio.bigmooneducation.com/32/322ae11b3d1ae5e0d4d69fc389b78af6f02120128df2c2fcf6dd122c328a1b36.mp3,https://degqpiiddkxcuzwombwp.supabase.co/storage/v1/object/public/tts-audio/32/322ae11b3d1ae5e0d4d69fc389b78af6f02120128df2c2fcf6dd122c328a1b36.mp3,junior_listening_items:a11e0816-0b1c-4d2e-8f3a-000000000816
整段对话(已改为按说话人切句),"elevenlabs|el:lily|0.8||Where were you when the earthquake hit? I was sitting in class, and we were nearly all hiding under the desks.","Where were you when the earthquake hit? I was sitting in class, and we were nearly all hiding under the desks.",https://audio.bigmooneducation.com/1f/1f16d2be5e810607a62e77afc306fbcdbdc021964cb560d3b1777905d111b6c6.mp3,https://degqpiiddkxcuzwombwp.supabase.co/storage/v1/object/public/tts-audio/1f/1f16d2be5e810607a62e77afc306fbcdbdc021964cb560d3b1777905d111b6c6.mp3,junior_listening_items:a3219222-0b98-efe0-71df-6e8d533f99a1
整段对话(已改为按说话人切句),"elevenlabs|el:lily|0.8||The new flat smells of fresh paint. Yes, but it feels like home already.","The new flat smells of fresh paint. Yes, but it feels like home already.",https://audio.bigmooneducation.com/b9/b96be2259b95d2be23246f0e582ef0c5b0bccc8aba815ba9433f73dc8f122d65.mp3,https://degqpiiddkxcuzwombwp.supabase.co/storage/v1/object/public/tts-audio/b9/b96be2259b95d2be23246f0e582ef0c5b0bccc8aba815ba9433f73dc8f122d65.mp3,junior_listening_items:a3d7ce33-690e-8a1a-deee-c304eece925f
整段对话(已改为按说话人切句),elevenlabs|el:lily|0.8||How do you control your anger when things go wrong? I take a deep breath and try to look on the bright side.,How do you control your anger when things go wrong? I take a deep breath and try to look on the bright side.,https://audio.bigmooneducation.com/3f/3ff6ffc0f63a5394c766f45f8ae73e916ae82e197aa28e718546245198e9ed70.mp3,https://degqpiiddkxcuzwombwp.supabase.co/storage/v1/object/public/tts-audio/3f/3ff6ffc0f63a5394c766f45f8ae73e916ae82e197aa28e718546245198e9ed70.mp3,junior_listening_items:ace84924-2fef-d6d9-4963-b6dd27c11c27
整段对话(已改为按说话人切句),"elevenlabs|el:lily|0.8||Why do you look so upset today? I had an argument with my best friend, and I feel lonely now.","Why do you look so upset today? I had an argument with my best friend, and I feel lonely now.",https://audio.bigmooneducation.com/6c/6cada905102a16aeb9306620878c12ff0ea1fc788da8ad4f0e4d6f73db33be05.mp3,https://degqpiiddkxcuzwombwp.supabase.co/storage/v1/object/public/tts-audio/6c/6cada905102a16aeb9306620878c12ff0ea1fc788da8ad4f0e4d6f73db33be05.mp3,junior_listening_items:b20e0873-1bdb-88dc-5d2e-cedf6d3ebeee
整段对话(已改为按说话人切句),"elevenlabs|el:lily|0.8||Even though I lost the game, my coach still feels proud of me. He is right. You behave well and never give up, and that matters more than the score.","Even though I lost the game, my coach still feels proud of me. He is right. You behave well and never give up, and that ",https://audio.bigmooneducation.com/0a/0ab7a36af95453801ea3c8aabc9798c8123c31085174a04119bd7e1542aeff2f.mp3,https://degqpiiddkxcuzwombwp.supabase.co/storage/v1/object/public/tts-audio/0a/0ab7a36af95453801ea3c8aabc9798c8123c31085174a04119bd7e1542aeff2f.mp3,junior_listening_items:b7bbaf91-504c-2628-4f64-cea1581fe90c
整段对话(已改为按说话人切句),elevenlabs|el:lily|0.8||Why do you go to the nursing home every weekend? I want to help the elderly. It really makes a difference.,Why do you go to the nursing home every weekend? I want to help the elderly. It really makes a difference.,https://audio.bigmooneducation.com/b9/b992aee56f861fb65e5c907bdefa0d88c41e289a9a56d9b951baf2365f8347d4.mp3,https://degqpiiddkxcuzwombwp.supabase.co/storage/v1/object/public/tts-audio/b9/b992aee56f861fb65e5c907bdefa0d88c41e289a9a56d9b951baf2365f8347d4.mp3,junior_listening_items:b86f4798-e0fd-37ee-dcb3-a85cd47093e7
整段对话(已改为按说话人切句),"elevenlabs|el:lily|0.8||Why do you eat the curry with your hand instead of a fork? It is our custom in India. Unless you grow up here, it may seem surprising.","Why do you eat the curry with your hand instead of a fork? It is our custom in India. Unless you grow up here, it may se",https://audio.bigmooneducation.com/e3/e3372ccfb23fac62626c12ac1e5ebf14215df6eb0615a12abd241dff3032312d.mp3,https://degqpiiddkxcuzwombwp.supabase.co/storage/v1/object/public/tts-audio/e3/e3372ccfb23fac62626c12ac1e5ebf14215df6eb0615a12abd241dff3032312d.mp3,junior_listening_items:beba0ac5-5a42-f202-8717-7f9a1ac87c9c
整段对话(已改为按说话人切句),elevenlabs|el:lily|0.8||What's wrong with you today? I have a toothache and my gums feel sore.,What's wrong with you today? I have a toothache and my gums feel sore.,https://audio.bigmooneducation.com/5e/5e30015ccbf8aef0f7539c12b91af6325200472cddd51219337cd5aa6ceec87c.mp3,https://degqpiiddkxcuzwombwp.supabase.co/storage/v1/object/public/tts-audio/5e/5e30015ccbf8aef0f7539c12b91af6325200472cddd51219337cd5aa6ceec87c.mp3,junior_listening_items:c0e29171-fb72-a9cf-feda-746d337f9fdf
整段对话(已改为按说话人切句),"elevenlabs|el:lily|0.8||They say it was the worst earthquake in years. What were you doing when it hit? I was making preparations for school, and suddenly the roof was shaking and froth was coming up from the ground.","They say it was the worst earthquake in years. What were you doing when it hit? I was making preparations for school, an",https://audio.bigmooneducation.com/78/7880db486725e86acdadaa586045649fb36b23144979b574195660130f205e9f.mp3,https://degqpiiddkxcuzwombwp.supabase.co/storage/v1/object/public/tts-audio/78/7880db486725e86acdadaa586045649fb36b23144979b574195660130f205e9f.mp3,junior_listening_items:c34a3b0a-08eb-6ce6-1cd0-b55d8a69e2e0
整段对话(已改为按说话人切句),elevenlabs|el:lily|0.8||I have a sore throat and feel tired. What should I do? You'd better take some medicine and wear a mask to protect others.,I have a sore throat and feel tired. What should I do? You'd better take some medicine and wear a mask to protect others,https://audio.bigmooneducation.com/8f/8f420423cf6d0c034c7c435b7def0984bdbf4a9afbba716da4742a57a5c1d859.mp3,https://degqpiiddkxcuzwombwp.supabase.co/storage/v1/object/public/tts-audio/8f/8f420423cf6d0c034c7c435b7def0984bdbf4a9afbba716da4742a57a5c1d859.mp3,junior_listening_items:d96a73e1-0d21-372a-ed52-511b5aaf80a5
整段对话(已改为按说话人切句),"elevenlabs|el:lily|0.8||While the tsunami waves were coming, what were people doing on the beach? Unfortunately, many were still swimming, and a guard was screaming and warning them to run.","While the tsunami waves were coming, what were people doing on the beach? Unfortunately, many were still swimming, and a",https://audio.bigmooneducation.com/a9/a956a5dce72e3a8fe8c9c0bd4f750c7af8df06a85bd1fda8c4bb8711e37aef6f.mp3,https://degqpiiddkxcuzwombwp.supabase.co/storage/v1/object/public/tts-audio/a9/a956a5dce72e3a8fe8c9c0bd4f750c7af8df06a85bd1fda8c4bb8711e37aef6f.mp3,junior_listening_items:dabd1dd2-1741-dc43-20ca-794c797b9ebd
整段对话(已改为按说话人切句),"elevenlabs|el:lily|0.8||Have you cleaned the bathroom yet? Not yet, but I've already packed up all my clothes.","Have you cleaned the bathroom yet? Not yet, but I've already packed up all my clothes.",https://audio.bigmooneducation.com/a2/a2e5244f5eaf9afa4c09a7a581ce19d227e2e2adf1217a828235a800007549a2.mp3,https://degqpiiddkxcuzwombwp.supabase.co/storage/v1/object/public/tts-audio/a2/a2e5244f5eaf9afa4c09a7a581ce19d227e2e2adf1217a828235a800007549a2.mp3,junior_listening_items:dbc6bfc6-5dd0-aeb6-c3af-367f4e5905b4
整段对话(已改为按说话人切句),"elevenlabs|el:lily|0.8||At the dinner, should I sit up straight and keep my elbows off the table? Yes. Good table manners show respect on such an occasion.","At the dinner, should I sit up straight and keep my elbows off the table? Yes. Good table manners show respect on such a",https://audio.bigmooneducation.com/83/83a5cb7e3f2d7bf046a64e860cea18daed6f806601548fc518910ca0f01dc216.mp3,https://degqpiiddkxcuzwombwp.supabase.co/storage/v1/object/public/tts-audio/83/83a5cb7e3f2d7bf046a64e860cea18daed6f806601548fc518910ca0f01dc216.mp3,junior_listening_items:e0bccab0-e959-6b77-d7d2-60c4ae401a7b
整段对话(已改为按说话人切句),elevenlabs|el:lily|0.8||Why do you love this old apartment so much? Because every room is full of happy memories.,Why do you love this old apartment so much? Because every room is full of happy memories.,https://audio.bigmooneducation.com/9e/9e1dce442aab3bcebc567fc0d1f78456d11ecb98fa0aadf698c799e5ab1e42ed.mp3,https://degqpiiddkxcuzwombwp.supabase.co/storage/v1/object/public/tts-audio/9e/9e1dce442aab3bcebc567fc0d1f78456d11ecb98fa0aadf698c799e5ab1e42ed.mp3,junior_listening_items:e38d994a-012f-f778-b203-c9d24e169ad1
整段对话(已改为按说话人切句),"elevenlabs|el:lily|0.8||This box is too heavy to carry upstairs. No problem, let's take the lift with the luggage.","This box is too heavy to carry upstairs. No problem, let's take the lift with the luggage.",https://audio.bigmooneducation.com/de/de2cde5aa159b022bdd55cab6000b9bf463c029cf1ef512c068c71d3a8cfcc03.mp3,https://degqpiiddkxcuzwombwp.supabase.co/storage/v1/object/public/tts-audio/de/de2cde5aa159b022bdd55cab6000b9bf463c029cf1ef512c068c71d3a8cfcc03.mp3,junior_listening_items:e4cb2220-55af-a099-65aa-4087f7af9484
整段对话(已改为按说话人切句),"elevenlabs|el:lily|0.8||I felt embarrassed when I bowed and my Indian friend put his palms together. Don't worry. Every culture has its own way to greet, and your friend won't think it's rude.",I felt embarrassed when I bowed and my Indian friend put his palms together. Don't worry. Every culture has its own way ,https://audio.bigmooneducation.com/a8/a861e26a8b3571a160de00b1563067270b87f58421e1e2a39c58220d05b4a2c2.mp3,https://degqpiiddkxcuzwombwp.supabase.co/storage/v1/object/public/tts-audio/a8/a861e26a8b3571a160de00b1563067270b87f58421e1e2a39c58220d05b4a2c2.mp3,junior_listening_items:e51ccc23-9603-9774-1f5f-7a1b7ca2fafd
整段对话(已改为按说话人切句),elevenlabs|el:lily|0.8||Shall we invite our new neighbours for tea? Good idea! I'll bake some biscuits and clean up the living room.,Shall we invite our new neighbours for tea? Good idea! I'll bake some biscuits and clean up the living room.,https://audio.bigmooneducation.com/cd/cd645f3ecbfd0e0deaa3d4fa20705cc8257d71ccb48c85f77f74f0c9a276d658.mp3,https://degqpiiddkxcuzwombwp.supabase.co/storage/v1/object/public/tts-audio/cd/cd645f3ecbfd0e0deaa3d4fa20705cc8257d71ccb48c85f77f74f0c9a276d658.mp3,junior_listening_items:e8aae6f1-4167-689a-cae5-5dee1f8b5675
整段对话(已改为按说话人切句),elevenlabs|el:lily|0.8||Where do these donations go? A charity hands them out to elderly people who live alone and need help.,Where do these donations go? A charity hands them out to elderly people who live alone and need help.,https://audio.bigmooneducation.com/e0/e025fcae8c474b4d084f02492e0ea3101fb9dc22a672f588a0f971693216dadb.mp3,https://degqpiiddkxcuzwombwp.supabase.co/storage/v1/object/public/tts-audio/e0/e025fcae8c474b4d084f02492e0ea3101fb9dc22a672f588a0f971693216dadb.mp3,junior_listening_items:ef021540-45fc-2cf8-5f20-ad9319568e9e
整段对话(已改为按说话人切句),"elevenlabs|el:lily|0.8||Was the detective novel you finished a good read? Yes, it was. The detective was clever, and I had no doubt that he would catch the thief.","Was the detective novel you finished a good read? Yes, it was. The detective was clever, and I had no doubt that he woul",https://audio.bigmooneducation.com/c0/c0bfcb07f768ef6777dc301303d206f95f41075c79c0ee28a7f9347813f3b01a.mp3,https://degqpiiddkxcuzwombwp.supabase.co/storage/v1/object/public/tts-audio/c0/c0bfcb07f768ef6777dc301303d206f95f41075c79c0ee28a7f9347813f3b01a.mp3,junior_listening_items:ef9b4ee6-8a2e-2360-901b-ff3aa7d93d9e
整段对话(已改为按说话人切句),"elevenlabs|el:lily|0.8||I think it is my fault, so I want to apologize to him. That's good. When you say sorry, he will surely forgive you.","I think it is my fault, so I want to apologize to him. That's good. When you say sorry, he will surely forgive you.",https://audio.bigmooneducation.com/ee/ee0bfe94bd28e24d0a9322a5fbad687955c28fb84d21a34158f9e14ca1819c00.mp3,https://degqpiiddkxcuzwombwp.supabase.co/storage/v1/object/public/tts-audio/ee/ee0bfe94bd28e24d0a9322a5fbad687955c28fb84d21a34158f9e14ca1819c00.mp3,junior_listening_items:f3a15841-8b62-f228-b716-1a853d9fe0d3
整段对话(已改为按说话人切句),elevenlabs|el:lily|0.8||Where shall we hang up the photos? Let's put them on the living room wall.,Where shall we hang up the photos? Let's put them on the living room wall.,https://audio.bigmooneducation.com/a5/a51b7bd9010c4f78283d49ea9f63e183675b7d85e5147d08377c15965e09d9a0.mp3,https://degqpiiddkxcuzwombwp.supabase.co/storage/v1/object/public/tts-audio/a5/a51b7bd9010c4f78283d49ea9f63e183675b7d85e5147d08377c15965e09d9a0.mp3,junior_listening_items:f48f37b6-6744-b778-51b5-ced1d7236469
整段对话(已改为按说话人切句),elevenlabs|el:lily|0.8||How was your holiday? It was fantastic! The mountain scenery was amazing.,How was your holiday? It was fantastic! The mountain scenery was amazing.,https://audio.bigmooneducation.com/7a/7a7b0a0a2194500c0cfca170db5252753be16491bc9eea6d79ae10e312c8e5e6.mp3,https://degqpiiddkxcuzwombwp.supabase.co/storage/v1/object/public/tts-audio/7a/7a7b0a0a2194500c0cfca170db5252753be16491bc9eea6d79ae10e312c8e5e6.mp3,junior_listening_items:f4e96752-cec7-5288-aaae-4d6400813cb3
整段对话(已改为按说话人切句),"elevenlabs|el:lily|0.8||Is it polite to use serving chopsticks here? Yes, it is proper to use them for shared dishes.","Is it polite to use serving chopsticks here? Yes, it is proper to use them for shared dishes.",https://audio.bigmooneducation.com/a2/a2b2797354c58fbc20e37964690b41c99c3e4a8bf6928ac33f1d7ac959c04de1.mp3,https://degqpiiddkxcuzwombwp.supabase.co/storage/v1/object/public/tts-audio/a2/a2b2797354c58fbc20e37964690b41c99c3e4a8bf6928ac33f1d7ac959c04de1.mp3,junior_listening_items:fc8944d0-d87f-a207-1494-a9e75c71b8bd
cleanForTTS 修正前的旧 key,elevenlabs|el:lily|0.85||make sb's bed,make sb's bed,https://audio.bigmooneducation.com/7f/7f5bf8376f47a7cf537ba8133cf75d53f40497849bc33ac9adfb71ab60ccbe87.mp3,https://degqpiiddkxcuzwombwp.supabase.co/storage/v1/object/public/tts-audio/7f/7f5bf8376f47a7cf537ba8133cf75d53f40497849bc33ac9adfb71ab60ccbe87.mp3,junior_vocab:00c207dc-793b-4111-9a49-262c225ab9c9
cleanForTTS 修正前的旧 key,elevenlabs|el:lily|0.8||make sb's bed,make sb's bed,https://audio.bigmooneducation.com/0f/0f795de2c5fc11eb851694da49f747ba8469803dd51e27a459389e631c3a6859.mp3,https://degqpiiddkxcuzwombwp.supabase.co/storage/v1/object/public/tts-audio/0f/0f795de2c5fc11eb851694da49f747ba8469803dd51e27a459389e631c3a6859.mp3,junior_vocab:00c207dc-793b-4111-9a49-262c225ab9c9
cleanForTTS 修正前的旧 key,elevenlabs|el:lily|0.7||make sb's bed,make sb's bed,https://audio.bigmooneducation.com/87/87cca5d8b0e8e85353fcb17bd7fd0a3486a83bcbd4bcb66fedf04aa6bc5f3a10.mp3,https://degqpiiddkxcuzwombwp.supabase.co/storage/v1/object/public/tts-audio/87/87cca5d8b0e8e85353fcb17bd7fd0a3486a83bcbd4bcb66fedf04aa6bc5f3a10.mp3,junior_vocab:00c207dc-793b-4111-9a49-262c225ab9c9
cleanForTTS 修正前的旧 key,elevenlabs|el:lily|0.85||put oneself in sb's shoes,put oneself in sb's shoes,https://audio.bigmooneducation.com/c1/c19b8f282c7fcc63e25e88b4818734951c6b25300f1fca205918795d7023a90e.mp3,https://degqpiiddkxcuzwombwp.supabase.co/storage/v1/object/public/tts-audio/c1/c19b8f282c7fcc63e25e88b4818734951c6b25300f1fca205918795d7023a90e.mp3,junior_vocab:0176fef9-6ce1-5297-9a45-34cb806a9426
cleanForTTS 修正前的旧 key,elevenlabs|el:lily|0.8||put oneself in sb's shoes,put oneself in sb's shoes,https://audio.bigmooneducation.com/6a/6a19d5c90183bfc1c604f3cedb63dde84631e105d7c214d3b12bcf8bfccd75b0.mp3,https://degqpiiddkxcuzwombwp.supabase.co/storage/v1/object/public/tts-audio/6a/6a19d5c90183bfc1c604f3cedb63dde84631e105d7c214d3b12bcf8bfccd75b0.mp3,junior_vocab:0176fef9-6ce1-5297-9a45-34cb806a9426
cleanForTTS 修正前的旧 key,elevenlabs|el:lily|0.7||put oneself in sb's shoes,put oneself in sb's shoes,https://audio.bigmooneducation.com/a3/a32c7a39015babb6426827e6924f19c60a21383b291fcd330ba4fba5b4c086c5.mp3,https://degqpiiddkxcuzwombwp.supabase.co/storage/v1/object/public/tts-audio/a3/a32c7a39015babb6426827e6924f19c60a21383b291fcd330ba4fba5b4c086c5.mp3,junior_vocab:0176fef9-6ce1-5297-9a45-34cb806a9426
cleanForTTS 修正前的旧 key,elevenlabs|el:lily|0.85||share sth with sb,share sth with sb,https://audio.bigmooneducation.com/13/133ddf63a133f5295d56dd3d13b11d885fc6bd7269c49db99b9043daffe8e590.mp3,https://degqpiiddkxcuzwombwp.supabase.co/storage/v1/object/public/tts-audio/13/133ddf63a133f5295d56dd3d13b11d885fc6bd7269c49db99b9043daffe8e590.mp3,junior_vocab:0710dd43-01fc-5c3d-a337-497190a81aeb
cleanForTTS 修正前的旧 key,elevenlabs|el:lily|0.8||share sth with sb,share sth with sb,https://audio.bigmooneducation.com/45/45ac374127ebc2c2dbca9b20f29f4693f8aa83db528c538de9a97ba1ace81cca.mp3,https://degqpiiddkxcuzwombwp.supabase.co/storage/v1/object/public/tts-audio/45/45ac374127ebc2c2dbca9b20f29f4693f8aa83db528c538de9a97ba1ace81cca.mp3,junior_vocab:0710dd43-01fc-5c3d-a337-497190a81aeb
cleanForTTS 修正前的旧 key,elevenlabs|el:lily|0.7||share sth with sb,share sth with sb,https://audio.bigmooneducation.com/71/7183504373f197b03023759f55d0bbf71a715b32b48d1ba86169a7deec54c9c8.mp3,https://degqpiiddkxcuzwombwp.supabase.co/storage/v1/object/public/tts-audio/71/7183504373f197b03023759f55d0bbf71a715b32b48d1ba86169a7deec54c9c8.mp3,junior_vocab:0710dd43-01fc-5c3d-a337-497190a81aeb
cleanForTTS 修正前的旧 key,elevenlabs|el:lily|0.85||show sb around,show sb around,https://audio.bigmooneducation.com/3d/3d313869b3de53cbae2c2557ce1afe672814c4390cfe783851130e34c5acb6ec.mp3,https://degqpiiddkxcuzwombwp.supabase.co/storage/v1/object/public/tts-audio/3d/3d313869b3de53cbae2c2557ce1afe672814c4390cfe783851130e34c5acb6ec.mp3,junior_vocab:0933cf72-822d-51bf-9ce0-8cc7c70cc981
cleanForTTS 修正前的旧 key,elevenlabs|el:lily|0.8||show sb around,show sb around,https://audio.bigmooneducation.com/71/71a8d05b637c2f74a7397974a397f0b315f7a361e619329b24baaf93f51b69d8.mp3,https://degqpiiddkxcuzwombwp.supabase.co/storage/v1/object/public/tts-audio/71/71a8d05b637c2f74a7397974a397f0b315f7a361e619329b24baaf93f51b69d8.mp3,junior_vocab:0933cf72-822d-51bf-9ce0-8cc7c70cc981
cleanForTTS 修正前的旧 key,elevenlabs|el:lily|0.7||show sb around,show sb around,https://audio.bigmooneducation.com/c4/c47623ec96f6cec0a21bdb6d83a909b8ed4630dd708d7e906234b4a3705d69dc.mp3,https://degqpiiddkxcuzwombwp.supabase.co/storage/v1/object/public/tts-audio/c4/c47623ec96f6cec0a21bdb6d83a909b8ed4630dd708d7e906234b4a3705d69dc.mp3,junior_vocab:0933cf72-822d-51bf-9ce0-8cc7c70cc981
cleanForTTS 修正前的旧 key,elevenlabs|el:lily|0.85||ready to do sth,ready to do sth,https://audio.bigmooneducation.com/fc/fcdf2d4eebeb4be69fe773dc48e52302daa602eecb442204cda5ec553309afdd.mp3,https://degqpiiddkxcuzwombwp.supabase.co/storage/v1/object/public/tts-audio/fc/fcdf2d4eebeb4be69fe773dc48e52302daa602eecb442204cda5ec553309afdd.mp3,junior_vocab:0e15c182-2153-5a8a-a950-bb804e558578
cleanForTTS 修正前的旧 key,elevenlabs|el:lily|0.8||ready to do sth,ready to do sth,https://audio.bigmooneducation.com/8a/8a5f4361d0b07d7817d2e83882b1ff5cda50b1c5a444af5f735e5caa60039b5a.mp3,https://degqpiiddkxcuzwombwp.supabase.co/storage/v1/object/public/tts-audio/8a/8a5f4361d0b07d7817d2e83882b1ff5cda50b1c5a444af5f735e5caa60039b5a.mp3,junior_vocab:0e15c182-2153-5a8a-a950-bb804e558578
cleanForTTS 修正前的旧 key,elevenlabs|el:lily|0.7||ready to do sth,ready to do sth,https://audio.bigmooneducation.com/af/af8f2a25beeea9012ebf0b9c76b7b260242a486ae2dad0df432324a2d1559270.mp3,https://degqpiiddkxcuzwombwp.supabase.co/storage/v1/object/public/tts-audio/af/af8f2a25beeea9012ebf0b9c76b7b260242a486ae2dad0df432324a2d1559270.mp3,junior_vocab:0e15c182-2153-5a8a-a950-bb804e558578
cleanForTTS 修正前的旧 key,elevenlabs|el:lily|0.85||stick to sth,stick to sth,https://audio.bigmooneducation.com/17/17892a04a50c57bff51f0039ee85fa897ee176d4b3b339c3d5c155b313d6c25b.mp3,https://degqpiiddkxcuzwombwp.supabase.co/storage/v1/object/public/tts-audio/17/17892a04a50c57bff51f0039ee85fa897ee176d4b3b339c3d5c155b313d6c25b.mp3,junior_vocab:16011ac3-ef73-5290-9759-bab232926dc6
cleanForTTS 修正前的旧 key,elevenlabs|el:lily|0.8||stick to sth,stick to sth,https://audio.bigmooneducation.com/e8/e8325d6b1315597ab8d98de4c714fc25655f840648ee070aa29bc1f11c0d6aa3.mp3,https://degqpiiddkxcuzwombwp.supabase.co/storage/v1/object/public/tts-audio/e8/e8325d6b1315597ab8d98de4c714fc25655f840648ee070aa29bc1f11c0d6aa3.mp3,junior_vocab:16011ac3-ef73-5290-9759-bab232926dc6
cleanForTTS 修正前的旧 key,elevenlabs|el:lily|0.7||stick to sth,stick to sth,https://audio.bigmooneducation.com/66/66bf15bf3d7f6dcb64a2b67ab3ed63376e802ad191785bdb9330e69d9a7294f3.mp3,https://degqpiiddkxcuzwombwp.supabase.co/storage/v1/object/public/tts-audio/66/66bf15bf3d7f6dcb64a2b67ab3ed63376e802ad191785bdb9330e69d9a7294f3.mp3,junior_vocab:16011ac3-ef73-5290-9759-bab232926dc6
cleanForTTS 修正前的旧 key,elevenlabs|el:lily|0.85||be friends with sb.,be friends with sb.,https://audio.bigmooneducation.com/4c/4c39cedda71a4e944c964f7af53b38f14e423d364f957e9f38bb976bc03835de.mp3,https://degqpiiddkxcuzwombwp.supabase.co/storage/v1/object/public/tts-audio/4c/4c39cedda71a4e944c964f7af53b38f14e423d364f957e9f38bb976bc03835de.mp3,junior_vocab:240ce962-8a75-441a-8158-cd6598030915
cleanForTTS 修正前的旧 key,elevenlabs|el:lily|0.8||be friends with sb.,be friends with sb.,https://audio.bigmooneducation.com/04/0412bdd71f387e4750b4d1a483d0d96190ec104cc4f0de1a142fb45597f91628.mp3,https://degqpiiddkxcuzwombwp.supabase.co/storage/v1/object/public/tts-audio/04/0412bdd71f387e4750b4d1a483d0d96190ec104cc4f0de1a142fb45597f91628.mp3,junior_vocab:240ce962-8a75-441a-8158-cd6598030915
cleanForTTS 修正前的旧 key,elevenlabs|el:lily|0.7||be friends with sb.,be friends with sb.,https://audio.bigmooneducation.com/90/90ab51e7d091157b62bde3382af73af3c01b4e90f1d80ec11200e57e2d55087c.mp3,https://degqpiiddkxcuzwombwp.supabase.co/storage/v1/object/public/tts-audio/90/90ab51e7d091157b62bde3382af73af3c01b4e90f1d80ec11200e57e2d55087c.mp3,junior_vocab:240ce962-8a75-441a-8158-cd6598030915
cleanForTTS 修正前的旧 key,elevenlabs|el:lily|0.85||to sb's surprise,to sb's surprise,https://audio.bigmooneducation.com/6e/6ebc32617139b602902a35bd98fbe42eb94675b9f27a6859957751c7d3ef32c8.mp3,https://degqpiiddkxcuzwombwp.supabase.co/storage/v1/object/public/tts-audio/6e/6ebc32617139b602902a35bd98fbe42eb94675b9f27a6859957751c7d3ef32c8.mp3,junior_vocab:2f08c046-f9aa-487e-bdcd-2449787d6b5d
cleanForTTS 修正前的旧 key,elevenlabs|el:lily|0.8||to sb's surprise,to sb's surprise,https://audio.bigmooneducation.com/8c/8cb2b7bdb0590518d8ddac752f6a0eecc4da5e4c54a6ad6e5a4b6a963393beec.mp3,https://degqpiiddkxcuzwombwp.supabase.co/storage/v1/object/public/tts-audio/8c/8cb2b7bdb0590518d8ddac752f6a0eecc4da5e4c54a6ad6e5a4b6a963393beec.mp3,junior_vocab:2f08c046-f9aa-487e-bdcd-2449787d6b5d
cleanForTTS 修正前的旧 key,elevenlabs|el:lily|0.7||to sb's surprise,to sb's surprise,https://audio.bigmooneducation.com/56/56d04e741ee4ab8f34638d87c84545b24adb24b584bb64ad2df6f40e85dc1c1d.mp3,https://degqpiiddkxcuzwombwp.supabase.co/storage/v1/object/public/tts-audio/56/56d04e741ee4ab8f34638d87c84545b24adb24b584bb64ad2df6f40e85dc1c1d.mp3,junior_vocab:2f08c046-f9aa-487e-bdcd-2449787d6b5d
cleanForTTS 修正前的旧 key,elevenlabs|el:lily|0.85||give sb a lift,give sb a lift,https://audio.bigmooneducation.com/cc/ccd89779eeeb9ee3b827a11711056f06b1b2d3469715b167b74d2392bd95576f.mp3,https://degqpiiddkxcuzwombwp.supabase.co/storage/v1/object/public/tts-audio/cc/ccd89779eeeb9ee3b827a11711056f06b1b2d3469715b167b74d2392bd95576f.mp3,junior_vocab:303a84d4-5c09-583a-b2a6-35e4b4986287
cleanForTTS 修正前的旧 key,elevenlabs|el:lily|0.8||give sb a lift,give sb a lift,https://audio.bigmooneducation.com/1c/1c4a5872c3f95e0b964426d31236db98df848d89dee43896bfc00e25ee4003ab.mp3,https://degqpiiddkxcuzwombwp.supabase.co/storage/v1/object/public/tts-audio/1c/1c4a5872c3f95e0b964426d31236db98df848d89dee43896bfc00e25ee4003ab.mp3,junior_vocab:303a84d4-5c09-583a-b2a6-35e4b4986287
cleanForTTS 修正前的旧 key,elevenlabs|el:lily|0.7||give sb a lift,give sb a lift,https://audio.bigmooneducation.com/ca/ca28c3119ff018169b83be446ecbdc15677b2b9039c23e223a2ba9adc85cf5c9.mp3,https://degqpiiddkxcuzwombwp.supabase.co/storage/v1/object/public/tts-audio/ca/ca28c3119ff018169b83be446ecbdc15677b2b9039c23e223a2ba9adc85cf5c9.mp3,junior_vocab:303a84d4-5c09-583a-b2a6-35e4b4986287
cleanForTTS 修正前的旧 key,elevenlabs|el:lily|0.85||move on (to sth),move on (to sth),https://audio.bigmooneducation.com/52/52670f847ae79e8cb89272b26cc8cf6b4e7942fc9e514caa7f1a8a3c58b40799.mp3,https://degqpiiddkxcuzwombwp.supabase.co/storage/v1/object/public/tts-audio/52/52670f847ae79e8cb89272b26cc8cf6b4e7942fc9e514caa7f1a8a3c58b40799.mp3,junior_vocab:304996ef-6dea-5b9f-a8cc-9bc1b7f6fadc
cleanForTTS 修正前的旧 key,elevenlabs|el:lily|0.8||move on (to sth),move on (to sth),https://audio.bigmooneducation.com/a1/a1416774e34c712b371ea11f8af36ba7b2e3d7d2a0063afbe98838f3664c7e2f.mp3,https://degqpiiddkxcuzwombwp.supabase.co/storage/v1/object/public/tts-audio/a1/a1416774e34c712b371ea11f8af36ba7b2e3d7d2a0063afbe98838f3664c7e2f.mp3,junior_vocab:304996ef-6dea-5b9f-a8cc-9bc1b7f6fadc
cleanForTTS 修正前的旧 key,elevenlabs|el:lily|0.7||move on (to sth),move on (to sth),https://audio.bigmooneducation.com/26/261e1097d4d597a4097dfe055653f80bc2525e2714895fffd4a9fa11d5e6865a.mp3,https://degqpiiddkxcuzwombwp.supabase.co/storage/v1/object/public/tts-audio/26/261e1097d4d597a4097dfe055653f80bc2525e2714895fffd4a9fa11d5e6865a.mp3,junior_vocab:304996ef-6dea-5b9f-a8cc-9bc1b7f6fadc
cleanForTTS 修正前的旧 key,elevenlabs|el:lily|0.85||cut sth in/into sth,cut sth in/into sth,https://audio.bigmooneducation.com/98/98d95f9be7b9f160c8149ab2e85734d192a9c20433e527a8093d3902d64ccd1a.mp3,https://degqpiiddkxcuzwombwp.supabase.co/storage/v1/object/public/tts-audio/98/98d95f9be7b9f160c8149ab2e85734d192a9c20433e527a8093d3902d64ccd1a.mp3,junior_vocab:346b0ba9-b1ed-5463-8255-35ea10dd46b1
cleanForTTS 修正前的旧 key,elevenlabs|el:lily|0.8||cut sth in/into sth,cut sth in/into sth,https://audio.bigmooneducation.com/84/845c7f8cc4f038f409e2af7dea738037aa6a9290e28e7883ffb3a6eb2003a94e.mp3,https://degqpiiddkxcuzwombwp.supabase.co/storage/v1/object/public/tts-audio/84/845c7f8cc4f038f409e2af7dea738037aa6a9290e28e7883ffb3a6eb2003a94e.mp3,junior_vocab:346b0ba9-b1ed-5463-8255-35ea10dd46b1
cleanForTTS 修正前的旧 key,elevenlabs|el:lily|0.7||cut sth in/into sth,cut sth in/into sth,https://audio.bigmooneducation.com/82/82a74c5c555ed0558ffda8d6324e2af09e717575b9218fa0e5a35233add3748c.mp3,https://degqpiiddkxcuzwombwp.supabase.co/storage/v1/object/public/tts-audio/82/82a74c5c555ed0558ffda8d6324e2af09e717575b9218fa0e5a35233add3748c.mp3,junior_vocab:346b0ba9-b1ed-5463-8255-35ea10dd46b1
cleanForTTS 修正前的旧 key,elevenlabs|el:lily|0.85||succeed in doing sth,succeed in doing sth,https://audio.bigmooneducation.com/df/dfd70ec7f36591e8f35e9b7d2cc574f245f25acf664b79eeb90abb0822968631.mp3,https://degqpiiddkxcuzwombwp.supabase.co/storage/v1/object/public/tts-audio/df/dfd70ec7f36591e8f35e9b7d2cc574f245f25acf664b79eeb90abb0822968631.mp3,junior_vocab:3d03dc54-b6cd-4079-9cde-90c38bf62faf
cleanForTTS 修正前的旧 key,elevenlabs|el:lily|0.8||succeed in doing sth,succeed in doing sth,https://audio.bigmooneducation.com/aa/aa37a32474d528adbfc7197e0de783c6dfec28eeb13551f60bb8320c11286948.mp3,https://degqpiiddkxcuzwombwp.supabase.co/storage/v1/object/public/tts-audio/aa/aa37a32474d528adbfc7197e0de783c6dfec28eeb13551f60bb8320c11286948.mp3,junior_vocab:3d03dc54-b6cd-4079-9cde-90c38bf62faf
cleanForTTS 修正前的旧 key,elevenlabs|el:lily|0.7||succeed in doing sth,succeed in doing sth,https://audio.bigmooneducation.com/33/335edfb464dbb6abfc18807146efd5b63b3503a479f23b2583fb7b2555fadc4b.mp3,https://degqpiiddkxcuzwombwp.supabase.co/storage/v1/object/public/tts-audio/33/335edfb464dbb6abfc18807146efd5b63b3503a479f23b2583fb7b2555fadc4b.mp3,junior_vocab:3d03dc54-b6cd-4079-9cde-90c38bf62faf
cleanForTTS 修正前的旧 key,elevenlabs|el:lily|0.85||take sb's breath away,take sb's breath away,https://audio.bigmooneducation.com/ba/ba21832d38e0952ddd0c46f26ed86bc0f0e638f69378c70e397233b4470ef36e.mp3,https://degqpiiddkxcuzwombwp.supabase.co/storage/v1/object/public/tts-audio/ba/ba21832d38e0952ddd0c46f26ed86bc0f0e638f69378c70e397233b4470ef36e.mp3,junior_vocab:3e8b84a5-dff4-5432-90a5-5cc4621a7b6e
cleanForTTS 修正前的旧 key,elevenlabs|el:lily|0.8||take sb's breath away,take sb's breath away,https://audio.bigmooneducation.com/01/010178cae43bc575d9584ed48d2c952cf751f26bfdb85536f2607ce65be15a99.mp3,https://degqpiiddkxcuzwombwp.supabase.co/storage/v1/object/public/tts-audio/01/010178cae43bc575d9584ed48d2c952cf751f26bfdb85536f2607ce65be15a99.mp3,junior_vocab:3e8b84a5-dff4-5432-90a5-5cc4621a7b6e
cleanForTTS 修正前的旧 key,elevenlabs|el:lily|0.7||take sb's breath away,take sb's breath away,https://audio.bigmooneducation.com/3e/3e940a36dd91c8ee4908c9f8a5f134d33f4b19a6b68a19aac58cf3fe1b7730b4.mp3,https://degqpiiddkxcuzwombwp.supabase.co/storage/v1/object/public/tts-audio/3e/3e940a36dd91c8ee4908c9f8a5f134d33f4b19a6b68a19aac58cf3fe1b7730b4.mp3,junior_vocab:3e8b84a5-dff4-5432-90a5-5cc4621a7b6e
cleanForTTS 修正前的旧 key,elevenlabs|el:lily|0.85||argue with sb,argue with sb,https://audio.bigmooneducation.com/e4/e4f39ac1159a2b4ed29e517716da1c45d958f3ae7399d222840619e6aa589f80.mp3,https://degqpiiddkxcuzwombwp.supabase.co/storage/v1/object/public/tts-audio/e4/e4f39ac1159a2b4ed29e517716da1c45d958f3ae7399d222840619e6aa589f80.mp3,junior_vocab:4dc95e09-bdc1-5df5-882a-43cb2958ec44
cleanForTTS 修正前的旧 key,elevenlabs|el:lily|0.8||argue with sb,argue with sb,https://audio.bigmooneducation.com/84/84154d7e21d34626e5554b20ce3cdab5d583122b6b619871239dab6748025bd5.mp3,https://degqpiiddkxcuzwombwp.supabase.co/storage/v1/object/public/tts-audio/84/84154d7e21d34626e5554b20ce3cdab5d583122b6b619871239dab6748025bd5.mp3,junior_vocab:4dc95e09-bdc1-5df5-882a-43cb2958ec44
cleanForTTS 修正前的旧 key,elevenlabs|el:lily|0.7||argue with sb,argue with sb,https://audio.bigmooneducation.com/f2/f2bb0e860c53b83d8643f62f6ffc4dcbc0de1d7835c595f71412b75d14e36377.mp3,https://degqpiiddkxcuzwombwp.supabase.co/storage/v1/object/public/tts-audio/f2/f2bb0e860c53b83d8643f62f6ffc4dcbc0de1d7835c595f71412b75d14e36377.mp3,junior_vocab:4dc95e09-bdc1-5df5-882a-43cb2958ec44
cleanForTTS 修正前的旧 key,elevenlabs|el:lily|0.85||drive sb. crazy,drive sb. crazy,https://audio.bigmooneducation.com/fd/fdf6c468e9fd7a0e997148e8db0a460dba69b3202fd133342684342377ee5fc6.mp3,https://degqpiiddkxcuzwombwp.supabase.co/storage/v1/object/public/tts-audio/fd/fdf6c468e9fd7a0e997148e8db0a460dba69b3202fd133342684342377ee5fc6.mp3,junior_vocab:8c369bdd-a9ab-403e-9ba4-b449cd35e724
cleanForTTS 修正前的旧 key,elevenlabs|el:lily|0.8||drive sb. crazy,drive sb. crazy,https://audio.bigmooneducation.com/a5/a522bfafbaeb62a982d11d1c8f4863a7204e404e64965e0cfc42a211b13f4872.mp3,https://degqpiiddkxcuzwombwp.supabase.co/storage/v1/object/public/tts-audio/a5/a522bfafbaeb62a982d11d1c8f4863a7204e404e64965e0cfc42a211b13f4872.mp3,junior_vocab:8c369bdd-a9ab-403e-9ba4-b449cd35e724
cleanForTTS 修正前的旧 key,elevenlabs|el:lily|0.7||drive sb. crazy,drive sb. crazy,https://audio.bigmooneducation.com/a4/a4d0652e164ec476db22c3d8e1c73c462e69fb34b97b9e9854a3a33e01b2b439.mp3,https://degqpiiddkxcuzwombwp.supabase.co/storage/v1/object/public/tts-audio/a4/a4d0652e164ec476db22c3d8e1c73c462e69fb34b97b9e9854a3a33e01b2b439.mp3,junior_vocab:8c369bdd-a9ab-403e-9ba4-b449cd35e724
cleanForTTS 修正前的旧 key,elevenlabs|el:lily|0.85||have sth in common,have sth in common,https://audio.bigmooneducation.com/5a/5a964dc869a2616d42241d2e2bd4b22b7162be97fec53a38b01ac8cf79d008d1.mp3,https://degqpiiddkxcuzwombwp.supabase.co/storage/v1/object/public/tts-audio/5a/5a964dc869a2616d42241d2e2bd4b22b7162be97fec53a38b01ac8cf79d008d1.mp3,junior_vocab:691197d8-19f4-5d84-aa3c-892f701dd1ed
cleanForTTS 修正前的旧 key,elevenlabs|el:lily|0.8||have sth in common,have sth in common,https://audio.bigmooneducation.com/bf/bff4eff7a43845fa27c1ee94ccb31ab15b0b28728c4ee1d1cf1c752438232cf9.mp3,https://degqpiiddkxcuzwombwp.supabase.co/storage/v1/object/public/tts-audio/bf/bff4eff7a43845fa27c1ee94ccb31ab15b0b28728c4ee1d1cf1c752438232cf9.mp3,junior_vocab:691197d8-19f4-5d84-aa3c-892f701dd1ed
cleanForTTS 修正前的旧 key,elevenlabs|el:lily|0.7||have sth in common,have sth in common,https://audio.bigmooneducation.com/6a/6af7a2a31a7d3f0c0681497626208211bf8b8d7d18b11edf32665e308d90c919.mp3,https://degqpiiddkxcuzwombwp.supabase.co/storage/v1/object/public/tts-audio/6a/6af7a2a31a7d3f0c0681497626208211bf8b8d7d18b11edf32665e308d90c919.mp3,junior_vocab:691197d8-19f4-5d84-aa3c-892f701dd1ed
cleanForTTS 修正前的旧 key,elevenlabs|el:lily|0.85||along with sb/sth,along with sb/sth,https://audio.bigmooneducation.com/1a/1ade70570d2eae5d48ccee0b64a1c0d9c0c186575815e6dd2ef2db44be5c6cd4.mp3,https://degqpiiddkxcuzwombwp.supabase.co/storage/v1/object/public/tts-audio/1a/1ade70570d2eae5d48ccee0b64a1c0d9c0c186575815e6dd2ef2db44be5c6cd4.mp3,junior_vocab:78e0d560-0236-5bfb-985e-d05ee5631526
cleanForTTS 修正前的旧 key,elevenlabs|el:lily|0.8||along with sb/sth,along with sb/sth,https://audio.bigmooneducation.com/78/782b3f9b38b15f342bb51c53c7244f319dad5fa20f04c817cba130343ece69f2.mp3,https://degqpiiddkxcuzwombwp.supabase.co/storage/v1/object/public/tts-audio/78/782b3f9b38b15f342bb51c53c7244f319dad5fa20f04c817cba130343ece69f2.mp3,junior_vocab:78e0d560-0236-5bfb-985e-d05ee5631526
cleanForTTS 修正前的旧 key,elevenlabs|el:lily|0.7||along with sb/sth,along with sb/sth,https://audio.bigmooneducation.com/01/01d5ec59df1c1b7000e339e4efc30f45ddb62fd515a7b1571c355fcec8d72865.mp3,https://degqpiiddkxcuzwombwp.supabase.co/storage/v1/object/public/tts-audio/01/01d5ec59df1c1b7000e339e4efc30f45ddb62fd515a7b1571c355fcec8d72865.mp3,junior_vocab:78e0d560-0236-5bfb-985e-d05ee5631526
cleanForTTS 修正前的旧 key,elevenlabs|el:lily|0.85||be glued to sth,be glued to sth,https://audio.bigmooneducation.com/8a/8af0deca232a105bf21b4b599651b881a3b8b2f90d9937b7814c659e2b5bdd1b.mp3,https://degqpiiddkxcuzwombwp.supabase.co/storage/v1/object/public/tts-audio/8a/8af0deca232a105bf21b4b599651b881a3b8b2f90d9937b7814c659e2b5bdd1b.mp3,junior_vocab:806f8e4b-8bf3-4571-bd9a-fb1c52ba6c1b
cleanForTTS 修正前的旧 key,elevenlabs|el:lily|0.8||be glued to sth,be glued to sth,https://audio.bigmooneducation.com/fc/fc07fd61d69ba80eee2c41d081928b1355d6b25ff0ea98ec0418619fe9f1cbfb.mp3,https://degqpiiddkxcuzwombwp.supabase.co/storage/v1/object/public/tts-audio/fc/fc07fd61d69ba80eee2c41d081928b1355d6b25ff0ea98ec0418619fe9f1cbfb.mp3,junior_vocab:806f8e4b-8bf3-4571-bd9a-fb1c52ba6c1b
cleanForTTS 修正前的旧 key,elevenlabs|el:lily|0.7||be glued to sth,be glued to sth,https://audio.bigmooneducation.com/08/08233e479ef2cf0c2bda210f3e4360ae8f1e44ad23596d81ed1df4611ca514e9.mp3,https://degqpiiddkxcuzwombwp.supabase.co/storage/v1/object/public/tts-audio/08/08233e479ef2cf0c2bda210f3e4360ae8f1e44ad23596d81ed1df4611ca514e9.mp3,junior_vocab:806f8e4b-8bf3-4571-bd9a-fb1c52ba6c1b
cleanForTTS 修正前的旧 key,elevenlabs|el:lily|0.85||put sth. to good use,put sth. to good use,https://audio.bigmooneducation.com/76/76f3b630be9bea7aeb3a34c1ec8e204942a18d0bc2f10c216e63cb9a3ce22ae2.mp3,https://degqpiiddkxcuzwombwp.supabase.co/storage/v1/object/public/tts-audio/76/76f3b630be9bea7aeb3a34c1ec8e204942a18d0bc2f10c216e63cb9a3ce22ae2.mp3,junior_vocab:81e350b2-5339-45f5-b272-ca8f73bf3ef9
cleanForTTS 修正前的旧 key,elevenlabs|el:lily|0.8||put sth. to good use,put sth. to good use,https://audio.bigmooneducation.com/22/22021534af8bc3f6ae86ec6cd1b0dc9748642d27f47cd47f582bb1c40d1a9577.mp3,https://degqpiiddkxcuzwombwp.supabase.co/storage/v1/object/public/tts-audio/22/22021534af8bc3f6ae86ec6cd1b0dc9748642d27f47cd47f582bb1c40d1a9577.mp3,junior_vocab:81e350b2-5339-45f5-b272-ca8f73bf3ef9
cleanForTTS 修正前的旧 key,elevenlabs|el:lily|0.7||put sth. to good use,put sth. to good use,https://audio.bigmooneducation.com/d3/d33cbff1c90c0fb64f22e3683910eb680225ffb4ba590b778ce656ab6bee81bc.mp3,https://degqpiiddkxcuzwombwp.supabase.co/storage/v1/object/public/tts-audio/d3/d33cbff1c90c0fb64f22e3683910eb680225ffb4ba590b778ce656ab6bee81bc.mp3,junior_vocab:81e350b2-5339-45f5-b272-ca8f73bf3ef9
cleanForTTS 修正前的旧 key,elevenlabs|el:lily|0.85||show interest in sth,show interest in sth,https://audio.bigmooneducation.com/14/14c79b857e8893300fa91382b17b4ab06286fada95d0f1962f7203ae9dcd6af0.mp3,https://degqpiiddkxcuzwombwp.supabase.co/storage/v1/object/public/tts-audio/14/14c79b857e8893300fa91382b17b4ab06286fada95d0f1962f7203ae9dcd6af0.mp3,junior_vocab:8702e1dd-e3a8-55be-8b93-413deed44b58
cleanForTTS 修正前的旧 key,elevenlabs|el:lily|0.8||show interest in sth,show interest in sth,https://audio.bigmooneducation.com/ae/ae09fc66015ab8f6ed7261871d99dc919e8a20667a98fb9ef6fe4fe87d19c899.mp3,https://degqpiiddkxcuzwombwp.supabase.co/storage/v1/object/public/tts-audio/ae/ae09fc66015ab8f6ed7261871d99dc919e8a20667a98fb9ef6fe4fe87d19c899.mp3,junior_vocab:8702e1dd-e3a8-55be-8b93-413deed44b58
cleanForTTS 修正前的旧 key,elevenlabs|el:lily|0.7||show interest in sth,show interest in sth,https://audio.bigmooneducation.com/48/482e1e1b007586a99c178da8e56bf522abffdf32bdcfb05f419437c14a98402a.mp3,https://degqpiiddkxcuzwombwp.supabase.co/storage/v1/object/public/tts-audio/48/482e1e1b007586a99c178da8e56bf522abffdf32bdcfb05f419437c14a98402a.mp3,junior_vocab:8702e1dd-e3a8-55be-8b93-413deed44b58
cleanForTTS 修正前的旧 key,elevenlabs|el:lily|0.85||lend (sb) a hand,lend (sb) a hand,https://audio.bigmooneducation.com/3d/3d2743ee19be13889b38052a60a6164ce6b4d206eedabb81e52da11f19844534.mp3,https://degqpiiddkxcuzwombwp.supabase.co/storage/v1/object/public/tts-audio/3d/3d2743ee19be13889b38052a60a6164ce6b4d206eedabb81e52da11f19844534.mp3,junior_vocab:8757182d-a8c3-40e4-9981-a48ff981ce42
cleanForTTS 修正前的旧 key,elevenlabs|el:lily|0.8||lend (sb) a hand,lend (sb) a hand,https://audio.bigmooneducation.com/3d/3d957d08c3271e5145af6bad82d4f9f8e5b56713448d23ce225d1416b399ae23.mp3,https://degqpiiddkxcuzwombwp.supabase.co/storage/v1/object/public/tts-audio/3d/3d957d08c3271e5145af6bad82d4f9f8e5b56713448d23ce225d1416b399ae23.mp3,junior_vocab:8757182d-a8c3-40e4-9981-a48ff981ce42
cleanForTTS 修正前的旧 key,elevenlabs|el:lily|0.7||lend (sb) a hand,lend (sb) a hand,https://audio.bigmooneducation.com/5a/5af665882e31ee681b219c2dd460eb06bc3d56f53ce25c213bf258a6eaf50153.mp3,https://degqpiiddkxcuzwombwp.supabase.co/storage/v1/object/public/tts-audio/5a/5af665882e31ee681b219c2dd460eb06bc3d56f53ce25c213bf258a6eaf50153.mp3,junior_vocab:8757182d-a8c3-40e4-9981-a48ff981ce42
cleanForTTS 修正前的旧 key,elevenlabs|el:lily|0.85||kick sb. off,kick sb. off,https://audio.bigmooneducation.com/54/542161890878a1c10a5f0566a3ce08cc2f2c7723c72ac279d5cf7b111c49b83c.mp3,https://degqpiiddkxcuzwombwp.supabase.co/storage/v1/object/public/tts-audio/54/542161890878a1c10a5f0566a3ce08cc2f2c7723c72ac279d5cf7b111c49b83c.mp3,junior_vocab:885aacab-f34a-4c05-81a3-162390b06764
cleanForTTS 修正前的旧 key,elevenlabs|el:lily|0.8||kick sb. off,kick sb. off,https://audio.bigmooneducation.com/63/63adcb161e1efc58e26e79f3c4369ea09c97a9e9ddf6b12c88c6200a5245d780.mp3,https://degqpiiddkxcuzwombwp.supabase.co/storage/v1/object/public/tts-audio/63/63adcb161e1efc58e26e79f3c4369ea09c97a9e9ddf6b12c88c6200a5245d780.mp3,junior_vocab:885aacab-f34a-4c05-81a3-162390b06764
cleanForTTS 修正前的旧 key,elevenlabs|el:lily|0.7||kick sb. off,kick sb. off,https://audio.bigmooneducation.com/98/987f026df745a0fe4f13c2b6a90e2fb4e8146bba2e1c39afd88f63a74cb5e3a0.mp3,https://degqpiiddkxcuzwombwp.supabase.co/storage/v1/object/public/tts-audio/98/987f026df745a0fe4f13c2b6a90e2fb4e8146bba2e1c39afd88f63a74cb5e3a0.mp3,junior_vocab:885aacab-f34a-4c05-81a3-162390b06764
cleanForTTS 修正前的旧 key,elevenlabs|el:lily|0.85||add sth to sth,add sth to sth,https://audio.bigmooneducation.com/48/483dcbd50a367f680128064aab9129888116a8c742aff56a5d6eef231b4a9bbf.mp3,https://degqpiiddkxcuzwombwp.supabase.co/storage/v1/object/public/tts-audio/48/483dcbd50a367f680128064aab9129888116a8c742aff56a5d6eef231b4a9bbf.mp3,junior_vocab:9c2de612-6d7d-5036-83f7-0f321d83bbc7
cleanForTTS 修正前的旧 key,elevenlabs|el:lily|0.8||add sth to sth,add sth to sth,https://audio.bigmooneducation.com/f5/f529ea2f3b7ca42de1009c4c17c12856ee358406752ab364a25d1b9fd7667ec8.mp3,https://degqpiiddkxcuzwombwp.supabase.co/storage/v1/object/public/tts-audio/f5/f529ea2f3b7ca42de1009c4c17c12856ee358406752ab364a25d1b9fd7667ec8.mp3,junior_vocab:9c2de612-6d7d-5036-83f7-0f321d83bbc7
cleanForTTS 修正前的旧 key,elevenlabs|el:lily|0.7||add sth to sth,add sth to sth,https://audio.bigmooneducation.com/2d/2d45f0e22a6fa879bc4b9be5dcc3975a6a58116e6ef02d2f174124400bd04973.mp3,https://degqpiiddkxcuzwombwp.supabase.co/storage/v1/object/public/tts-audio/2d/2d45f0e22a6fa879bc4b9be5dcc3975a6a58116e6ef02d2f174124400bd04973.mp3,junior_vocab:9c2de612-6d7d-5036-83f7-0f321d83bbc7
cleanForTTS 修正前的旧 key,elevenlabs|el:lily|0.85||take sb's temperature,take sb's temperature,https://audio.bigmooneducation.com/3d/3debaa6eebbcb1c74fb8a4477c9e9d68d89f38cc6f5b0f5fef3ac640503d5075.mp3,https://degqpiiddkxcuzwombwp.supabase.co/storage/v1/object/public/tts-audio/3d/3debaa6eebbcb1c74fb8a4477c9e9d68d89f38cc6f5b0f5fef3ac640503d5075.mp3,junior_vocab:a2641783-235d-56e2-9467-8c7335cdf841
cleanForTTS 修正前的旧 key,elevenlabs|el:lily|0.8||take sb's temperature,take sb's temperature,https://audio.bigmooneducation.com/e3/e3cae672790521c8d9fb0317d2d1ce94ce0ceeaf99f199b9bffd1332f5223895.mp3,https://degqpiiddkxcuzwombwp.supabase.co/storage/v1/object/public/tts-audio/e3/e3cae672790521c8d9fb0317d2d1ce94ce0ceeaf99f199b9bffd1332f5223895.mp3,junior_vocab:a2641783-235d-56e2-9467-8c7335cdf841
cleanForTTS 修正前的旧 key,elevenlabs|el:lily|0.7||take sb's temperature,take sb's temperature,https://audio.bigmooneducation.com/cd/cdec00ac5022664c03701a9fe11d8efd8f597b0d5d4c537187664b1f88c47664.mp3,https://degqpiiddkxcuzwombwp.supabase.co/storage/v1/object/public/tts-audio/cd/cdec00ac5022664c03701a9fe11d8efd8f597b0d5d4c537187664b1f88c47664.mp3,junior_vocab:a2641783-235d-56e2-9467-8c7335cdf841
cleanForTTS 修正前的旧 key,elevenlabs|el:lily|0.85||unlock the secrets of sth,unlock the secrets of sth,https://audio.bigmooneducation.com/de/dec1ef36b2cf8638979eb621b8f3b710a992ef1f544f3fa22c02494a00e14fcf.mp3,https://degqpiiddkxcuzwombwp.supabase.co/storage/v1/object/public/tts-audio/de/dec1ef36b2cf8638979eb621b8f3b710a992ef1f544f3fa22c02494a00e14fcf.mp3,junior_vocab:a38b2a98-ddcd-4b37-bf40-bb6ad0cb3c70
cleanForTTS 修正前的旧 key,elevenlabs|el:lily|0.8||unlock the secrets of sth,unlock the secrets of sth,https://audio.bigmooneducation.com/bf/bf0453d99b04798e921fa66c334b31004aee5c352394b3dd8c88886a1b721075.mp3,https://degqpiiddkxcuzwombwp.supabase.co/storage/v1/object/public/tts-audio/bf/bf0453d99b04798e921fa66c334b31004aee5c352394b3dd8c88886a1b721075.mp3,junior_vocab:a38b2a98-ddcd-4b37-bf40-bb6ad0cb3c70
cleanForTTS 修正前的旧 key,elevenlabs|el:lily|0.7||unlock the secrets of sth,unlock the secrets of sth,https://audio.bigmooneducation.com/3d/3d45835d898e85bcc410c66e6943de18dd77597cb67cae4f0d2eea8b53d60fa5.mp3,https://degqpiiddkxcuzwombwp.supabase.co/storage/v1/object/public/tts-audio/3d/3d45835d898e85bcc410c66e6943de18dd77597cb67cae4f0d2eea8b53d60fa5.mp3,junior_vocab:a38b2a98-ddcd-4b37-bf40-bb6ad0cb3c70
cleanForTTS 修正前的旧 key,elevenlabs|el:lily|0.85||lend sb a hand,lend sb a hand,https://audio.bigmooneducation.com/33/33de9ef17166aa9bdbf8ddf7b3ea7ecbc6e4829794817948ec9a5d1e2cf58a61.mp3,https://degqpiiddkxcuzwombwp.supabase.co/storage/v1/object/public/tts-audio/33/33de9ef17166aa9bdbf8ddf7b3ea7ecbc6e4829794817948ec9a5d1e2cf58a61.mp3,junior_vocab:a462b75d-4a73-5b28-9018-b9bb73eac41b
cleanForTTS 修正前的旧 key,elevenlabs|el:lily|0.8||lend sb a hand,lend sb a hand,https://audio.bigmooneducation.com/b6/b62fcf35543af3aecbb0e94f2db764c9bb0c09573d0cd434dc530b3bf3d64018.mp3,https://degqpiiddkxcuzwombwp.supabase.co/storage/v1/object/public/tts-audio/b6/b62fcf35543af3aecbb0e94f2db764c9bb0c09573d0cd434dc530b3bf3d64018.mp3,junior_vocab:a462b75d-4a73-5b28-9018-b9bb73eac41b
cleanForTTS 修正前的旧 key,elevenlabs|el:lily|0.7||lend sb a hand,lend sb a hand,https://audio.bigmooneducation.com/51/519233c0cb198e1078e1d058f65609b12ad4dbc331d6e8bdf74eb0fd614ce5e7.mp3,https://degqpiiddkxcuzwombwp.supabase.co/storage/v1/object/public/tts-audio/51/519233c0cb198e1078e1d058f65609b12ad4dbc331d6e8bdf74eb0fd614ce5e7.mp3,junior_vocab:a462b75d-4a73-5b28-9018-b9bb73eac41b
cleanForTTS 修正前的旧 key,elevenlabs|el:lily|0.85||keep on doing sth,keep on doing sth,https://audio.bigmooneducation.com/9c/9c10cbac2e9bbe66fa9818dff03e8df92eb082aa6baa39cc4c1592504b960564.mp3,https://degqpiiddkxcuzwombwp.supabase.co/storage/v1/object/public/tts-audio/9c/9c10cbac2e9bbe66fa9818dff03e8df92eb082aa6baa39cc4c1592504b960564.mp3,junior_vocab:a85fe8ca-a37a-530e-994b-47d9c012bd8e
cleanForTTS 修正前的旧 key,elevenlabs|el:lily|0.8||keep on doing sth,keep on doing sth,https://audio.bigmooneducation.com/62/6296d58132f991f2ce6fa92a29fc3dde38874e4d309a2dd4978f62ffffc5d86f.mp3,https://degqpiiddkxcuzwombwp.supabase.co/storage/v1/object/public/tts-audio/62/6296d58132f991f2ce6fa92a29fc3dde38874e4d309a2dd4978f62ffffc5d86f.mp3,junior_vocab:a85fe8ca-a37a-530e-994b-47d9c012bd8e
cleanForTTS 修正前的旧 key,elevenlabs|el:lily|0.7||keep on doing sth,keep on doing sth,https://audio.bigmooneducation.com/58/582eac327b6927c825834b4410d632194b25817053803000393ae70cf277cff1.mp3,https://degqpiiddkxcuzwombwp.supabase.co/storage/v1/object/public/tts-audio/58/582eac327b6927c825834b4410d632194b25817053803000393ae70cf277cff1.mp3,junior_vocab:a85fe8ca-a37a-530e-994b-47d9c012bd8e
cleanForTTS 修正前的旧 key,elevenlabs|el:lily|0.85||prepare sth for,prepare sth for,https://audio.bigmooneducation.com/b8/b8e7facd998e624f7f5d3b0a636438e00d7e73276f7a6deaa8054a746c0a7049.mp3,https://degqpiiddkxcuzwombwp.supabase.co/storage/v1/object/public/tts-audio/b8/b8e7facd998e624f7f5d3b0a636438e00d7e73276f7a6deaa8054a746c0a7049.mp3,junior_vocab:b814053f-2160-5936-9d2f-c33e37a1ae22
cleanForTTS 修正前的旧 key,elevenlabs|el:lily|0.8||prepare sth for,prepare sth for,https://audio.bigmooneducation.com/6b/6b8535582ed7706d2799a622385ee32696f84a636c410ceafa868f97fd113807.mp3,https://degqpiiddkxcuzwombwp.supabase.co/storage/v1/object/public/tts-audio/6b/6b8535582ed7706d2799a622385ee32696f84a636c410ceafa868f97fd113807.mp3,junior_vocab:b814053f-2160-5936-9d2f-c33e37a1ae22
cleanForTTS 修正前的旧 key,elevenlabs|el:lily|0.7||prepare sth for,prepare sth for,https://audio.bigmooneducation.com/97/97e447a5d9beb38dc7ba46191a92cce24e5d9339dd3043def2e8454cf953416e.mp3,https://degqpiiddkxcuzwombwp.supabase.co/storage/v1/object/public/tts-audio/97/97e447a5d9beb38dc7ba46191a92cce24e5d9339dd3043def2e8454cf953416e.mp3,junior_vocab:b814053f-2160-5936-9d2f-c33e37a1ae22
cleanForTTS 修正前的旧 key,elevenlabs|el:lily|0.85||feel free (to do sth),feel free (to do sth),https://audio.bigmooneducation.com/16/16fc3b6a1736de8c563201381691a9125150992599d403db59662a17505eec6d.mp3,https://degqpiiddkxcuzwombwp.supabase.co/storage/v1/object/public/tts-audio/16/16fc3b6a1736de8c563201381691a9125150992599d403db59662a17505eec6d.mp3,junior_vocab:ba97dcc9-1ea8-59d3-8c26-2df7898b8de6
cleanForTTS 修正前的旧 key,elevenlabs|el:lily|0.8||feel free (to do sth),feel free (to do sth),https://audio.bigmooneducation.com/94/94d893ccd54c1f9f497df73ce97e0b2401c7b12fc92d2000a5ce09951bad12cf.mp3,https://degqpiiddkxcuzwombwp.supabase.co/storage/v1/object/public/tts-audio/94/94d893ccd54c1f9f497df73ce97e0b2401c7b12fc92d2000a5ce09951bad12cf.mp3,junior_vocab:ba97dcc9-1ea8-59d3-8c26-2df7898b8de6
cleanForTTS 修正前的旧 key,elevenlabs|el:lily|0.7||feel free (to do sth),feel free (to do sth),https://audio.bigmooneducation.com/88/8843319a26b401f225efb30b348aa1482b763fc215c05abbaf73a0a151fcba5d.mp3,https://degqpiiddkxcuzwombwp.supabase.co/storage/v1/object/public/tts-audio/88/8843319a26b401f225efb30b348aa1482b763fc215c05abbaf73a0a151fcba5d.mp3,junior_vocab:ba97dcc9-1ea8-59d3-8c26-2df7898b8de6
cleanForTTS 修正前的旧 key,elevenlabs|el:lily|0.85||be home to sb/sth,be home to sb/sth,https://audio.bigmooneducation.com/ef/ef2f124d035fbd1c6ff9428308f3ccfa2e1dba8ced92eba8814e889ca175719e.mp3,https://degqpiiddkxcuzwombwp.supabase.co/storage/v1/object/public/tts-audio/ef/ef2f124d035fbd1c6ff9428308f3ccfa2e1dba8ced92eba8814e889ca175719e.mp3,junior_vocab:bd5d4180-968c-5b2c-a407-8c7bdf6cab48
cleanForTTS 修正前的旧 key,elevenlabs|el:lily|0.8||be home to sb/sth,be home to sb/sth,https://audio.bigmooneducation.com/ef/ef12fc245a40c1a2424d6c2dddf2bd3c3c5650c9ec3028ece6d782254139e0f4.mp3,https://degqpiiddkxcuzwombwp.supabase.co/storage/v1/object/public/tts-audio/ef/ef12fc245a40c1a2424d6c2dddf2bd3c3c5650c9ec3028ece6d782254139e0f4.mp3,junior_vocab:bd5d4180-968c-5b2c-a407-8c7bdf6cab48
cleanForTTS 修正前的旧 key,elevenlabs|el:lily|0.7||be home to sb/sth,be home to sb/sth,https://audio.bigmooneducation.com/92/920ca824ae2b7515c304ca3ba94abf4fa1cb25e996c20e22950e5bf3fc9eea39.mp3,https://degqpiiddkxcuzwombwp.supabase.co/storage/v1/object/public/tts-audio/92/920ca824ae2b7515c304ca3ba94abf4fa1cb25e996c20e22950e5bf3fc9eea39.mp3,junior_vocab:bd5d4180-968c-5b2c-a407-8c7bdf6cab48
cleanForTTS 修正前的旧 key,elevenlabs|el:lily|0.85||put sth back,put sth back,https://audio.bigmooneducation.com/46/4664de6d1057be7109ae2f2c7a66d5f1ff4ba225edaccef27c78fb41d8031ee6.mp3,https://degqpiiddkxcuzwombwp.supabase.co/storage/v1/object/public/tts-audio/46/4664de6d1057be7109ae2f2c7a66d5f1ff4ba225edaccef27c78fb41d8031ee6.mp3,junior_vocab:c16801d7-2310-52b0-babc-da828f290db1
cleanForTTS 修正前的旧 key,elevenlabs|el:lily|0.8||put sth back,put sth back,https://audio.bigmooneducation.com/dd/dddcfd384d7abcb78d556838388f053c5fe71809c443d1ec8e5dba14cf55f996.mp3,https://degqpiiddkxcuzwombwp.supabase.co/storage/v1/object/public/tts-audio/dd/dddcfd384d7abcb78d556838388f053c5fe71809c443d1ec8e5dba14cf55f996.mp3,junior_vocab:c16801d7-2310-52b0-babc-da828f290db1
cleanForTTS 修正前的旧 key,elevenlabs|el:lily|0.7||put sth back,put sth back,https://audio.bigmooneducation.com/47/478852fb9970b3fc40559e02b179632e0ebdc60a0ff1a3564ae711261c7b6000.mp3,https://degqpiiddkxcuzwombwp.supabase.co/storage/v1/object/public/tts-audio/47/478852fb9970b3fc40559e02b179632e0ebdc60a0ff1a3564ae711261c7b6000.mp3,junior_vocab:c16801d7-2310-52b0-babc-da828f290db1
cleanForTTS 修正前的旧 key,elevenlabs|el:lily|0.85||stop sth from doing,stop sth from doing,https://audio.bigmooneducation.com/71/71a66ab2c485ae6dc0c69ff3532bec138df4b0587096fc4e661f13b1c7c5096d.mp3,https://degqpiiddkxcuzwombwp.supabase.co/storage/v1/object/public/tts-audio/71/71a66ab2c485ae6dc0c69ff3532bec138df4b0587096fc4e661f13b1c7c5096d.mp3,junior_vocab:ce697147-648b-5218-89be-42b430a895a8
cleanForTTS 修正前的旧 key,elevenlabs|el:lily|0.8||stop sth from doing,stop sth from doing,https://audio.bigmooneducation.com/68/686335bd4c29795287570b7e8173f0a1700b5b3b6432cb4e708a0c62565acdd8.mp3,https://degqpiiddkxcuzwombwp.supabase.co/storage/v1/object/public/tts-audio/68/686335bd4c29795287570b7e8173f0a1700b5b3b6432cb4e708a0c62565acdd8.mp3,junior_vocab:ce697147-648b-5218-89be-42b430a895a8
cleanForTTS 修正前的旧 key,elevenlabs|el:lily|0.7||stop sth from doing,stop sth from doing,https://audio.bigmooneducation.com/3f/3f1e6fcef5f6172aa09b1b73b97dd0ecda30f74dc7bd013b5ffc5efc253a6ccf.mp3,https://degqpiiddkxcuzwombwp.supabase.co/storage/v1/object/public/tts-audio/3f/3f1e6fcef5f6172aa09b1b73b97dd0ecda30f74dc7bd013b5ffc5efc253a6ccf.mp3,junior_vocab:ce697147-648b-5218-89be-42b430a895a8
cleanForTTS 修正前的旧 key,elevenlabs|el:lily|0.85||be thankful to sb.,be thankful to sb.,https://audio.bigmooneducation.com/17/177f7cc3a4bc80168dc796d54483c1fa840f374af39d5b16a1a258eac2fc704a.mp3,https://degqpiiddkxcuzwombwp.supabase.co/storage/v1/object/public/tts-audio/17/177f7cc3a4bc80168dc796d54483c1fa840f374af39d5b16a1a258eac2fc704a.mp3,junior_vocab:d193e251-83ba-49c3-8743-ac1287f117cb
cleanForTTS 修正前的旧 key,elevenlabs|el:lily|0.8||be thankful to sb.,be thankful to sb.,https://audio.bigmooneducation.com/65/654b6a37a537aae588ef8add592fb580b83cdc34ccf5757454178d8376d0e720.mp3,https://degqpiiddkxcuzwombwp.supabase.co/storage/v1/object/public/tts-audio/65/654b6a37a537aae588ef8add592fb580b83cdc34ccf5757454178d8376d0e720.mp3,junior_vocab:d193e251-83ba-49c3-8743-ac1287f117cb
cleanForTTS 修正前的旧 key,elevenlabs|el:lily|0.7||be thankful to sb.,be thankful to sb.,https://audio.bigmooneducation.com/72/7246553bf108614cfda3d2473c2f650eb7ac354e3729f106ffc8981c174fd95f.mp3,https://degqpiiddkxcuzwombwp.supabase.co/storage/v1/object/public/tts-audio/72/7246553bf108614cfda3d2473c2f650eb7ac354e3729f106ffc8981c174fd95f.mp3,junior_vocab:d193e251-83ba-49c3-8743-ac1287f117cb
cleanForTTS 修正前的旧 key,elevenlabs|el:lily|0.85||etc.,etc.,https://audio.bigmooneducation.com/7f/7f8b7d1693633288045e5290b1fb3effb5bb0bb1749877f1d8fb187c6a2bc8bb.mp3,https://degqpiiddkxcuzwombwp.supabase.co/storage/v1/object/public/tts-audio/7f/7f8b7d1693633288045e5290b1fb3effb5bb0bb1749877f1d8fb187c6a2bc8bb.mp3,junior_vocab:db6f7cff-3ce4-5cdf-a2c5-141549e82e0f
cleanForTTS 修正前的旧 key,elevenlabs|el:lily|0.8||etc.,etc.,https://audio.bigmooneducation.com/fa/fa9bb66b86e182ea9760cc28479b6d894b8a7b2ff99a480d8c0f3e84a6bd24d5.mp3,https://degqpiiddkxcuzwombwp.supabase.co/storage/v1/object/public/tts-audio/fa/fa9bb66b86e182ea9760cc28479b6d894b8a7b2ff99a480d8c0f3e84a6bd24d5.mp3,junior_vocab:db6f7cff-3ce4-5cdf-a2c5-141549e82e0f
cleanForTTS 修正前的旧 key,elevenlabs|el:lily|0.7||etc.,etc.,https://audio.bigmooneducation.com/de/de74e28c90befcdac64d24744331b9d4313f2183070dd448862d9a67f944153a.mp3,https://degqpiiddkxcuzwombwp.supabase.co/storage/v1/object/public/tts-audio/de/de74e28c90befcdac64d24744331b9d4313f2183070dd448862d9a67f944153a.mp3,junior_vocab:db6f7cff-3ce4-5cdf-a2c5-141549e82e0f
cleanForTTS 修正前的旧 key,elevenlabs|el:lily|0.85||pour sth into sth,pour sth into sth,https://audio.bigmooneducation.com/95/9569c5ca972dcd836b6879eec0f9b30af4d841bbdaebfe4cc580ebb4456b67cb.mp3,https://degqpiiddkxcuzwombwp.supabase.co/storage/v1/object/public/tts-audio/95/9569c5ca972dcd836b6879eec0f9b30af4d841bbdaebfe4cc580ebb4456b67cb.mp3,junior_vocab:dee70d60-86f2-5315-9658-a715c8b046b8
cleanForTTS 修正前的旧 key,elevenlabs|el:lily|0.8||pour sth into sth,pour sth into sth,https://audio.bigmooneducation.com/bb/bbdaa21a3ce3041d38f22f598f9a8f92bb69c1e84950206c7c62e00afdc74701.mp3,https://degqpiiddkxcuzwombwp.supabase.co/storage/v1/object/public/tts-audio/bb/bbdaa21a3ce3041d38f22f598f9a8f92bb69c1e84950206c7c62e00afdc74701.mp3,junior_vocab:dee70d60-86f2-5315-9658-a715c8b046b8
cleanForTTS 修正前的旧 key,elevenlabs|el:lily|0.7||pour sth into sth,pour sth into sth,https://audio.bigmooneducation.com/ee/eeff5d78516b8923ffa7bb6614c5978bdc56ff248256a2f351830ca90d26eb75.mp3,https://degqpiiddkxcuzwombwp.supabase.co/storage/v1/object/public/tts-audio/ee/eeff5d78516b8923ffa7bb6614c5978bdc56ff248256a2f351830ca90d26eb75.mp3,junior_vocab:dee70d60-86f2-5315-9658-a715c8b046b8
cleanForTTS 修正前的旧 key,elevenlabs|el:lily|0.85||be hard on sb.,be hard on sb.,https://audio.bigmooneducation.com/b5/b5e13cbb719e07b6424bb4e193ebfdb41aed66d838329de76bad3aa19f42f730.mp3,https://degqpiiddkxcuzwombwp.supabase.co/storage/v1/object/public/tts-audio/b5/b5e13cbb719e07b6424bb4e193ebfdb41aed66d838329de76bad3aa19f42f730.mp3,junior_vocab:e5896c28-27a5-40bb-8cb8-02191a32996b
cleanForTTS 修正前的旧 key,elevenlabs|el:lily|0.8||be hard on sb.,be hard on sb.,https://audio.bigmooneducation.com/2f/2f9e51a50544ffcbdb1f36a7baeaff19b8048229f524d9afba374a13c65a4de6.mp3,https://degqpiiddkxcuzwombwp.supabase.co/storage/v1/object/public/tts-audio/2f/2f9e51a50544ffcbdb1f36a7baeaff19b8048229f524d9afba374a13c65a4de6.mp3,junior_vocab:e5896c28-27a5-40bb-8cb8-02191a32996b
cleanForTTS 修正前的旧 key,elevenlabs|el:lily|0.7||be hard on sb.,be hard on sb.,https://audio.bigmooneducation.com/e7/e7b41289b367900ba96a22a075229adbc4f9bd951b5bd807dc682c8ea4557af6.mp3,https://degqpiiddkxcuzwombwp.supabase.co/storage/v1/object/public/tts-audio/e7/e7b41289b367900ba96a22a075229adbc4f9bd951b5bd807dc682c8ea4557af6.mp3,junior_vocab:e5896c28-27a5-40bb-8cb8-02191a32996b
cleanForTTS 修正前的旧 key,elevenlabs|el:lily|0.85||drop sb a line,drop sb a line,https://audio.bigmooneducation.com/a5/a5d21d69ff994e4d7d1b0dc4ef4ed484f0795d72a6c8643a0f207ef3174bae54.mp3,https://degqpiiddkxcuzwombwp.supabase.co/storage/v1/object/public/tts-audio/a5/a5d21d69ff994e4d7d1b0dc4ef4ed484f0795d72a6c8643a0f207ef3174bae54.mp3,junior_vocab:e78a0800-8cce-5fad-b30d-c059d668eb3d
cleanForTTS 修正前的旧 key,elevenlabs|el:lily|0.8||drop sb a line,drop sb a line,https://audio.bigmooneducation.com/1f/1f19fcab4716bca88aea74a2779523626c76b3d29d181de877bc8d4e7bf4f8f4.mp3,https://degqpiiddkxcuzwombwp.supabase.co/storage/v1/object/public/tts-audio/1f/1f19fcab4716bca88aea74a2779523626c76b3d29d181de877bc8d4e7bf4f8f4.mp3,junior_vocab:e78a0800-8cce-5fad-b30d-c059d668eb3d
cleanForTTS 修正前的旧 key,elevenlabs|el:lily|0.7||drop sb a line,drop sb a line,https://audio.bigmooneducation.com/8e/8e136baf48a1c73489f6b971592a82ea09609f12f0b8d751cd024ef1ad1d01d6.mp3,https://degqpiiddkxcuzwombwp.supabase.co/storage/v1/object/public/tts-audio/8e/8e136baf48a1c73489f6b971592a82ea09609f12f0b8d751cd024ef1ad1d01d6.mp3,junior_vocab:e78a0800-8cce-5fad-b30d-c059d668eb3d
cleanForTTS 修正前的旧 key,elevenlabs|el:lily|0.85||lift sb's spirits,lift sb's spirits,https://audio.bigmooneducation.com/29/29eaa1a30b1493f98d5dfc797f72bd5b7a1141a51b358bd55c2cad5034d95544.mp3,https://degqpiiddkxcuzwombwp.supabase.co/storage/v1/object/public/tts-audio/29/29eaa1a30b1493f98d5dfc797f72bd5b7a1141a51b358bd55c2cad5034d95544.mp3,junior_vocab:ea237cb7-f0b2-4977-ba2f-ef0e5bd48ed7
cleanForTTS 修正前的旧 key,elevenlabs|el:lily|0.8||lift sb's spirits,lift sb's spirits,https://audio.bigmooneducation.com/ef/ef4e79aafdcf310a73c447ef19554b64552c7bc3b6233ed4975c286e58ac837e.mp3,https://degqpiiddkxcuzwombwp.supabase.co/storage/v1/object/public/tts-audio/ef/ef4e79aafdcf310a73c447ef19554b64552c7bc3b6233ed4975c286e58ac837e.mp3,junior_vocab:ea237cb7-f0b2-4977-ba2f-ef0e5bd48ed7
cleanForTTS 修正前的旧 key,elevenlabs|el:lily|0.7||lift sb's spirits,lift sb's spirits,https://audio.bigmooneducation.com/03/0329fe29b4fcf3282897bf0224bc636b6793e6f9758144b29d499df2314a9806.mp3,https://degqpiiddkxcuzwombwp.supabase.co/storage/v1/object/public/tts-audio/03/0329fe29b4fcf3282897bf0224bc636b6793e6f9758144b29d499df2314a9806.mp3,junior_vocab:ea237cb7-f0b2-4977-ba2f-ef0e5bd48ed7
cleanForTTS 修正前的旧 key,elevenlabs|el:lily|0.85||run low (on sth),run low (on sth),https://audio.bigmooneducation.com/98/98f77a382e0ca6716cd1ae6aae2c3f8101f8789e1acacce569b596d3339a9e8e.mp3,https://degqpiiddkxcuzwombwp.supabase.co/storage/v1/object/public/tts-audio/98/98f77a382e0ca6716cd1ae6aae2c3f8101f8789e1acacce569b596d3339a9e8e.mp3,junior_vocab:eabf4260-7332-5e39-b283-80122a0c7329
cleanForTTS 修正前的旧 key,elevenlabs|el:lily|0.8||run low (on sth),run low (on sth),https://audio.bigmooneducation.com/39/39776bc4c638ae9fd19d2dfd2d56788871a89b72d6e24f389527f1b3bc1fffa6.mp3,https://degqpiiddkxcuzwombwp.supabase.co/storage/v1/object/public/tts-audio/39/39776bc4c638ae9fd19d2dfd2d56788871a89b72d6e24f389527f1b3bc1fffa6.mp3,junior_vocab:eabf4260-7332-5e39-b283-80122a0c7329
cleanForTTS 修正前的旧 key,elevenlabs|el:lily|0.7||run low (on sth),run low (on sth),https://audio.bigmooneducation.com/6a/6aaced5ec166d0b0e2e5c3d7784d5b07a71c98c013d4e502eccbab6fd4e2c72b.mp3,https://degqpiiddkxcuzwombwp.supabase.co/storage/v1/object/public/tts-audio/6a/6aaced5ec166d0b0e2e5c3d7784d5b07a71c98c013d4e502eccbab6fd4e2c72b.mp3,junior_vocab:eabf4260-7332-5e39-b283-80122a0c7329
cleanForTTS 修正前的旧 key,elevenlabs|el:lily|0.85||help sb with,help sb with,https://audio.bigmooneducation.com/f3/f32d62ba55081dd9c94b2a05cc0e0e3297f59ebbe7b48ea671aba6631400bc34.mp3,https://degqpiiddkxcuzwombwp.supabase.co/storage/v1/object/public/tts-audio/f3/f32d62ba55081dd9c94b2a05cc0e0e3297f59ebbe7b48ea671aba6631400bc34.mp3,junior_vocab:f403f36a-7996-5525-8466-ae441ccf7559
cleanForTTS 修正前的旧 key,elevenlabs|el:lily|0.8||help sb with,help sb with,https://audio.bigmooneducation.com/54/54e2ac68be46ef9e38f0331b555191ed519440b0fc21b4ffb2d75935b7c5c27a.mp3,https://degqpiiddkxcuzwombwp.supabase.co/storage/v1/object/public/tts-audio/54/54e2ac68be46ef9e38f0331b555191ed519440b0fc21b4ffb2d75935b7c5c27a.mp3,junior_vocab:f403f36a-7996-5525-8466-ae441ccf7559
cleanForTTS 修正前的旧 key,elevenlabs|el:lily|0.7||help sb with,help sb with,https://audio.bigmooneducation.com/80/807e0db005912aa72a699eb1a6525736c667288a90b9ead1947fee9d6a2dbd35.mp3,https://degqpiiddkxcuzwombwp.supabase.co/storage/v1/object/public/tts-audio/80/807e0db005912aa72a699eb1a6525736c667288a90b9ead1947fee9d6a2dbd35.mp3,junior_vocab:f403f36a-7996-5525-8466-ae441ccf7559
cleanForTTS 修正前的旧 key,elevenlabs|el:lily|0.85||fight against sb/sth,fight against sb/sth,https://audio.bigmooneducation.com/8b/8bba1e5197d071a294722564fce492981384a8221f11383d67de48ccbe8cc5fb.mp3,https://degqpiiddkxcuzwombwp.supabase.co/storage/v1/object/public/tts-audio/8b/8bba1e5197d071a294722564fce492981384a8221f11383d67de48ccbe8cc5fb.mp3,junior_vocab:ff9028ec-a479-5d6a-a511-962efca472bb
cleanForTTS 修正前的旧 key,elevenlabs|el:lily|0.8||fight against sb/sth,fight against sb/sth,https://audio.bigmooneducation.com/af/aff33b16ccbb5f1b4742927eb42c5d25df9cbe8cae2c908229266c718a64649f.mp3,https://degqpiiddkxcuzwombwp.supabase.co/storage/v1/object/public/tts-audio/af/aff33b16ccbb5f1b4742927eb42c5d25df9cbe8cae2c908229266c718a64649f.mp3,junior_vocab:ff9028ec-a479-5d6a-a511-962efca472bb
cleanForTTS 修正前的旧 key,elevenlabs|el:lily|0.7||fight against sb/sth,fight against sb/sth,https://audio.bigmooneducation.com/e4/e4bb9a8c09b38629a70f2046563a5cade4e96ef1b3db0e90b26d29801f795a3a.mp3,https://degqpiiddkxcuzwombwp.supabase.co/storage/v1/object/public/tts-audio/e4/e4bb9a8c09b38629a70f2046563a5cade4e96ef1b3db0e90b26d29801f795a3a.mp3,junior_vocab:ff9028ec-a479-5d6a-a511-962efca472bb
cleanForTTS 修正前的旧 key,openai|nova|0.85||make sb's bed,make sb's bed,https://audio.bigmooneducation.com/ff/ff95a4ae111f7ed8b8a012bedf16e1ecdb6ed7cf3791e344168dec72fb681502.mp3,https://degqpiiddkxcuzwombwp.supabase.co/storage/v1/object/public/tts-audio/ff/ff95a4ae111f7ed8b8a012bedf16e1ecdb6ed7cf3791e344168dec72fb681502.mp3,junior_vocab:00c207dc-793b-4111-9a49-262c225ab9c9
cleanForTTS 修正前的旧 key,openai|nova|0.85||put oneself in sb's shoes,put oneself in sb's shoes,https://audio.bigmooneducation.com/be/bee0841e27aada63b29b3d84daf34589c50c45247a229e2b60a872136ffbe6d6.mp3,https://degqpiiddkxcuzwombwp.supabase.co/storage/v1/object/public/tts-audio/be/bee0841e27aada63b29b3d84daf34589c50c45247a229e2b60a872136ffbe6d6.mp3,junior_vocab:0176fef9-6ce1-5297-9a45-34cb806a9426
cleanForTTS 修正前的旧 key,openai|nova|0.85||share sth with sb,share sth with sb,https://audio.bigmooneducation.com/b1/b161e0c67058549cd477ef203d493c45c2de89da1a3ffe3cb108a0b6997bf5bd.mp3,https://degqpiiddkxcuzwombwp.supabase.co/storage/v1/object/public/tts-audio/b1/b161e0c67058549cd477ef203d493c45c2de89da1a3ffe3cb108a0b6997bf5bd.mp3,junior_vocab:0710dd43-01fc-5c3d-a337-497190a81aeb
cleanForTTS 修正前的旧 key,openai|nova|0.85||show sb around,show sb around,https://audio.bigmooneducation.com/11/116733ab6a376f9727de46e4f531b19e27570a7f6a0d2eac5a1b7ffbe14c61c5.mp3,https://degqpiiddkxcuzwombwp.supabase.co/storage/v1/object/public/tts-audio/11/116733ab6a376f9727de46e4f531b19e27570a7f6a0d2eac5a1b7ffbe14c61c5.mp3,junior_vocab:0933cf72-822d-51bf-9ce0-8cc7c70cc981
cleanForTTS 修正前的旧 key,openai|nova|0.85||ready to do sth,ready to do sth,https://audio.bigmooneducation.com/a2/a2afc9b2b91858fd413e1e493c22411647a3aaff2207a70000779793792a6035.mp3,https://degqpiiddkxcuzwombwp.supabase.co/storage/v1/object/public/tts-audio/a2/a2afc9b2b91858fd413e1e493c22411647a3aaff2207a70000779793792a6035.mp3,junior_vocab:0e15c182-2153-5a8a-a950-bb804e558578
cleanForTTS 修正前的旧 key,openai|nova|0.85||stick to sth,stick to sth,https://audio.bigmooneducation.com/cc/ccd25be216dae3b1790198350b7d4161a2388540e22c6e1439230688d7b13922.mp3,https://degqpiiddkxcuzwombwp.supabase.co/storage/v1/object/public/tts-audio/cc/ccd25be216dae3b1790198350b7d4161a2388540e22c6e1439230688d7b13922.mp3,junior_vocab:16011ac3-ef73-5290-9759-bab232926dc6
cleanForTTS 修正前的旧 key,openai|nova|0.85||be friends with sb.,be friends with sb.,https://audio.bigmooneducation.com/d9/d9ca6c21f2ded046ecc293aafee7187bbc247f44ad93085f11bfb22b51272176.mp3,https://degqpiiddkxcuzwombwp.supabase.co/storage/v1/object/public/tts-audio/d9/d9ca6c21f2ded046ecc293aafee7187bbc247f44ad93085f11bfb22b51272176.mp3,junior_vocab:240ce962-8a75-441a-8158-cd6598030915
cleanForTTS 修正前的旧 key,openai|nova|0.85||to sb's surprise,to sb's surprise,https://audio.bigmooneducation.com/cc/cc32546bfc316fa8dc61a450c14b922e39d67f0ce73ad72db03cb0134d74d269.mp3,https://degqpiiddkxcuzwombwp.supabase.co/storage/v1/object/public/tts-audio/cc/cc32546bfc316fa8dc61a450c14b922e39d67f0ce73ad72db03cb0134d74d269.mp3,junior_vocab:2f08c046-f9aa-487e-bdcd-2449787d6b5d
cleanForTTS 修正前的旧 key,openai|nova|0.85||give sb a lift,give sb a lift,https://audio.bigmooneducation.com/d6/d668a6feadfacbcf22ff9ef5b7ad9d130a5e92e0d31ea7e759abea8c106b2d17.mp3,https://degqpiiddkxcuzwombwp.supabase.co/storage/v1/object/public/tts-audio/d6/d668a6feadfacbcf22ff9ef5b7ad9d130a5e92e0d31ea7e759abea8c106b2d17.mp3,junior_vocab:303a84d4-5c09-583a-b2a6-35e4b4986287
cleanForTTS 修正前的旧 key,openai|nova|0.85||move on (to sth),move on (to sth),https://audio.bigmooneducation.com/cf/cfe8648bc82252ffcb60237bfc644c6af35a2c1055ff3261fc4eee696cc5018c.mp3,https://degqpiiddkxcuzwombwp.supabase.co/storage/v1/object/public/tts-audio/cf/cfe8648bc82252ffcb60237bfc644c6af35a2c1055ff3261fc4eee696cc5018c.mp3,junior_vocab:304996ef-6dea-5b9f-a8cc-9bc1b7f6fadc
cleanForTTS 修正前的旧 key,openai|nova|0.85||cut sth in/into sth,cut sth in/into sth,https://audio.bigmooneducation.com/36/3655fcfda4d32d19f783bb41636b35e6e783ef03fefe8f6a97f571abf1bcaf03.mp3,https://degqpiiddkxcuzwombwp.supabase.co/storage/v1/object/public/tts-audio/36/3655fcfda4d32d19f783bb41636b35e6e783ef03fefe8f6a97f571abf1bcaf03.mp3,junior_vocab:346b0ba9-b1ed-5463-8255-35ea10dd46b1
cleanForTTS 修正前的旧 key,openai|nova|0.85||succeed in doing sth,succeed in doing sth,https://audio.bigmooneducation.com/7d/7dbcd58d8743ef597c5e5f059e1e0285c5b762a4f44c227e05325a6fca4d3551.mp3,https://degqpiiddkxcuzwombwp.supabase.co/storage/v1/object/public/tts-audio/7d/7dbcd58d8743ef597c5e5f059e1e0285c5b762a4f44c227e05325a6fca4d3551.mp3,junior_vocab:3d03dc54-b6cd-4079-9cde-90c38bf62faf
cleanForTTS 修正前的旧 key,openai|nova|0.85||take sb's breath away,take sb's breath away,https://audio.bigmooneducation.com/e6/e6ad2039ae7aaf281a0150255dd64ab6cfb1f4ac06328fe0d0f99099776170c5.mp3,https://degqpiiddkxcuzwombwp.supabase.co/storage/v1/object/public/tts-audio/e6/e6ad2039ae7aaf281a0150255dd64ab6cfb1f4ac06328fe0d0f99099776170c5.mp3,junior_vocab:3e8b84a5-dff4-5432-90a5-5cc4621a7b6e
cleanForTTS 修正前的旧 key,openai|nova|0.85||argue with sb,argue with sb,https://audio.bigmooneducation.com/54/541bab920654f773cc2f7353b36c70841b52c87c2231a89ce00258747067ed73.mp3,https://degqpiiddkxcuzwombwp.supabase.co/storage/v1/object/public/tts-audio/54/541bab920654f773cc2f7353b36c70841b52c87c2231a89ce00258747067ed73.mp3,junior_vocab:4dc95e09-bdc1-5df5-882a-43cb2958ec44
cleanForTTS 修正前的旧 key,openai|nova|0.85||drive sb. crazy,drive sb. crazy,https://audio.bigmooneducation.com/d1/d15b66f570f69cfd557f610ab29e17d078247a243f4bf7b05386133a862b1a9d.mp3,https://degqpiiddkxcuzwombwp.supabase.co/storage/v1/object/public/tts-audio/d1/d15b66f570f69cfd557f610ab29e17d078247a243f4bf7b05386133a862b1a9d.mp3,junior_vocab:4e1f2eea-8688-4cd0-aacb-b457e4c22020
cleanForTTS 修正前的旧 key,openai|nova|0.85||have sth in common,have sth in common,https://audio.bigmooneducation.com/e4/e4e7703c775158fe3e80d8381b7aa59784561c87b0bc402764a163bccfe966a5.mp3,https://degqpiiddkxcuzwombwp.supabase.co/storage/v1/object/public/tts-audio/e4/e4e7703c775158fe3e80d8381b7aa59784561c87b0bc402764a163bccfe966a5.mp3,junior_vocab:691197d8-19f4-5d84-aa3c-892f701dd1ed
cleanForTTS 修正前的旧 key,openai|nova|0.85||along with sb/sth,along with sb/sth,https://audio.bigmooneducation.com/fb/fb96a0e6f47feedf8edb0896b9c331152f0ccc4074316f739e3f44d6bd61036c.mp3,https://degqpiiddkxcuzwombwp.supabase.co/storage/v1/object/public/tts-audio/fb/fb96a0e6f47feedf8edb0896b9c331152f0ccc4074316f739e3f44d6bd61036c.mp3,junior_vocab:78e0d560-0236-5bfb-985e-d05ee5631526
cleanForTTS 修正前的旧 key,openai|nova|0.85||be glued to sth,be glued to sth,https://audio.bigmooneducation.com/72/72283ff4b2d76b53cbc6f2095820d1f0d40dbf405f98ba283d66160422d29df7.mp3,https://degqpiiddkxcuzwombwp.supabase.co/storage/v1/object/public/tts-audio/72/72283ff4b2d76b53cbc6f2095820d1f0d40dbf405f98ba283d66160422d29df7.mp3,junior_vocab:806f8e4b-8bf3-4571-bd9a-fb1c52ba6c1b
cleanForTTS 修正前的旧 key,openai|nova|0.85||put sth. to good use,put sth. to good use,https://audio.bigmooneducation.com/a2/a2478bb25a82200c48a463f91f6d8755d763fe18f2dd63fe8aef9a170e506968.mp3,https://degqpiiddkxcuzwombwp.supabase.co/storage/v1/object/public/tts-audio/a2/a2478bb25a82200c48a463f91f6d8755d763fe18f2dd63fe8aef9a170e506968.mp3,junior_vocab:81e350b2-5339-45f5-b272-ca8f73bf3ef9
cleanForTTS 修正前的旧 key,openai|nova|0.85||show interest in sth,show interest in sth,https://audio.bigmooneducation.com/ca/ca34bb49a1767b7944c748c08d05c72559853ee80973e59df2620df36742e27c.mp3,https://degqpiiddkxcuzwombwp.supabase.co/storage/v1/object/public/tts-audio/ca/ca34bb49a1767b7944c748c08d05c72559853ee80973e59df2620df36742e27c.mp3,junior_vocab:8702e1dd-e3a8-55be-8b93-413deed44b58
cleanForTTS 修正前的旧 key,openai|nova|0.85||lend (sb) a hand,lend (sb) a hand,https://audio.bigmooneducation.com/db/db648e8863d7129d2b881d3aca887f48ab2bdde32d51e81ee86aeef06c403ee0.mp3,https://degqpiiddkxcuzwombwp.supabase.co/storage/v1/object/public/tts-audio/db/db648e8863d7129d2b881d3aca887f48ab2bdde32d51e81ee86aeef06c403ee0.mp3,junior_vocab:8757182d-a8c3-40e4-9981-a48ff981ce42
cleanForTTS 修正前的旧 key,openai|nova|0.85||kick sb. off,kick sb. off,https://audio.bigmooneducation.com/b7/b75674d47b6b591187331f69ea963e9a9117eea63b73f8933dc28281e851e919.mp3,https://degqpiiddkxcuzwombwp.supabase.co/storage/v1/object/public/tts-audio/b7/b75674d47b6b591187331f69ea963e9a9117eea63b73f8933dc28281e851e919.mp3,junior_vocab:885aacab-f34a-4c05-81a3-162390b06764
cleanForTTS 修正前的旧 key,openai|nova|0.85||add sth to sth,add sth to sth,https://audio.bigmooneducation.com/d2/d2e7f5a548bfd28643bdfce93b2f5423496325b0ba62d468ce4f7f618af978cb.mp3,https://degqpiiddkxcuzwombwp.supabase.co/storage/v1/object/public/tts-audio/d2/d2e7f5a548bfd28643bdfce93b2f5423496325b0ba62d468ce4f7f618af978cb.mp3,junior_vocab:9c2de612-6d7d-5036-83f7-0f321d83bbc7
cleanForTTS 修正前的旧 key,openai|nova|0.85||take sb's temperature,take sb's temperature,https://audio.bigmooneducation.com/56/564470f2e234f9521f1269b24a8b57dec418b021d374aafecb8a57456ba14d69.mp3,https://degqpiiddkxcuzwombwp.supabase.co/storage/v1/object/public/tts-audio/56/564470f2e234f9521f1269b24a8b57dec418b021d374aafecb8a57456ba14d69.mp3,junior_vocab:a2641783-235d-56e2-9467-8c7335cdf841
cleanForTTS 修正前的旧 key,openai|nova|0.85||unlock the secrets of sth,unlock the secrets of sth,https://audio.bigmooneducation.com/72/7249af6b6cf8a657576d622eef81a561d9cecf79ffc2592198101840e2abb7fc.mp3,https://degqpiiddkxcuzwombwp.supabase.co/storage/v1/object/public/tts-audio/72/7249af6b6cf8a657576d622eef81a561d9cecf79ffc2592198101840e2abb7fc.mp3,junior_vocab:a38b2a98-ddcd-4b37-bf40-bb6ad0cb3c70
cleanForTTS 修正前的旧 key,openai|nova|0.85||lend sb a hand,lend sb a hand,https://audio.bigmooneducation.com/8d/8dc5ec25dad559efb728c04372f69d247eadd566773fce0047a0255a69cc6ca5.mp3,https://degqpiiddkxcuzwombwp.supabase.co/storage/v1/object/public/tts-audio/8d/8dc5ec25dad559efb728c04372f69d247eadd566773fce0047a0255a69cc6ca5.mp3,junior_vocab:a462b75d-4a73-5b28-9018-b9bb73eac41b
cleanForTTS 修正前的旧 key,openai|nova|0.85||keep on doing sth,keep on doing sth,https://audio.bigmooneducation.com/56/56f8ac5d1479e9be0f246a6a40c9161a31d4f166d6859e36d00799c0308fa72c.mp3,https://degqpiiddkxcuzwombwp.supabase.co/storage/v1/object/public/tts-audio/56/56f8ac5d1479e9be0f246a6a40c9161a31d4f166d6859e36d00799c0308fa72c.mp3,junior_vocab:a85fe8ca-a37a-530e-994b-47d9c012bd8e
cleanForTTS 修正前的旧 key,openai|nova|0.85||prepare sth for,prepare sth for,https://audio.bigmooneducation.com/14/141d94e9cb2c90c174719ea9c7208bacf518a7ff8a36a3eafb23c754087b0ba4.mp3,https://degqpiiddkxcuzwombwp.supabase.co/storage/v1/object/public/tts-audio/14/141d94e9cb2c90c174719ea9c7208bacf518a7ff8a36a3eafb23c754087b0ba4.mp3,junior_vocab:b814053f-2160-5936-9d2f-c33e37a1ae22
cleanForTTS 修正前的旧 key,openai|nova|0.85||feel free (to do sth),feel free (to do sth),https://audio.bigmooneducation.com/ac/accbae7bc668dd83239e6ee65780e2e46243ca0737bdc4f7248c3a73b8b07402.mp3,https://degqpiiddkxcuzwombwp.supabase.co/storage/v1/object/public/tts-audio/ac/accbae7bc668dd83239e6ee65780e2e46243ca0737bdc4f7248c3a73b8b07402.mp3,junior_vocab:ba97dcc9-1ea8-59d3-8c26-2df7898b8de6
cleanForTTS 修正前的旧 key,openai|nova|0.85||be home to sb/sth,be home to sb/sth,https://audio.bigmooneducation.com/a9/a9005d4f4a773b89a1b609110f33e9ce79a93b8a6ae5da50fcd9f96af5336b4c.mp3,https://degqpiiddkxcuzwombwp.supabase.co/storage/v1/object/public/tts-audio/a9/a9005d4f4a773b89a1b609110f33e9ce79a93b8a6ae5da50fcd9f96af5336b4c.mp3,junior_vocab:bd5d4180-968c-5b2c-a407-8c7bdf6cab48
cleanForTTS 修正前的旧 key,openai|nova|0.85||put sth back,put sth back,https://audio.bigmooneducation.com/55/5599231367a38291a20c3384382f58d9c23492103219cd14180ccfa519694e77.mp3,https://degqpiiddkxcuzwombwp.supabase.co/storage/v1/object/public/tts-audio/55/5599231367a38291a20c3384382f58d9c23492103219cd14180ccfa519694e77.mp3,junior_vocab:c16801d7-2310-52b0-babc-da828f290db1
cleanForTTS 修正前的旧 key,openai|nova|0.85||stop sth from doing,stop sth from doing,https://audio.bigmooneducation.com/19/198675ea7d441ab3fa496604779aefa207a966539118c314909e74d0b206d596.mp3,https://degqpiiddkxcuzwombwp.supabase.co/storage/v1/object/public/tts-audio/19/198675ea7d441ab3fa496604779aefa207a966539118c314909e74d0b206d596.mp3,junior_vocab:ce697147-648b-5218-89be-42b430a895a8
cleanForTTS 修正前的旧 key,openai|nova|0.85||be thankful to sb.,be thankful to sb.,https://audio.bigmooneducation.com/b0/b00d221a1a9c8a61d874293706b6bc70f29856ff148d3b5e70c704b9f4b9bd6b.mp3,https://degqpiiddkxcuzwombwp.supabase.co/storage/v1/object/public/tts-audio/b0/b00d221a1a9c8a61d874293706b6bc70f29856ff148d3b5e70c704b9f4b9bd6b.mp3,junior_vocab:d193e251-83ba-49c3-8743-ac1287f117cb
cleanForTTS 修正前的旧 key,openai|nova|0.85||etc.,etc.,https://audio.bigmooneducation.com/6a/6a8ce913f32e272cf8ed220a15cabb8f36023b07720662758c2cd86b7586fd83.mp3,https://degqpiiddkxcuzwombwp.supabase.co/storage/v1/object/public/tts-audio/6a/6a8ce913f32e272cf8ed220a15cabb8f36023b07720662758c2cd86b7586fd83.mp3,junior_vocab:db6f7cff-3ce4-5cdf-a2c5-141549e82e0f
cleanForTTS 修正前的旧 key,openai|nova|0.85||pour sth into sth,pour sth into sth,https://audio.bigmooneducation.com/a8/a807a9092af929fbd888f4d9ef8830ef5e169a471ba2d862bb4d9784eff64b5d.mp3,https://degqpiiddkxcuzwombwp.supabase.co/storage/v1/object/public/tts-audio/a8/a807a9092af929fbd888f4d9ef8830ef5e169a471ba2d862bb4d9784eff64b5d.mp3,junior_vocab:dee70d60-86f2-5315-9658-a715c8b046b8
cleanForTTS 修正前的旧 key,openai|nova|0.85||be hard on sb.,be hard on sb.,https://audio.bigmooneducation.com/66/6676f15667e366d2b64ec8fb7a6274e78c66732c3fae63a30af34432b865dbfa.mp3,https://degqpiiddkxcuzwombwp.supabase.co/storage/v1/object/public/tts-audio/66/6676f15667e366d2b64ec8fb7a6274e78c66732c3fae63a30af34432b865dbfa.mp3,junior_vocab:e5896c28-27a5-40bb-8cb8-02191a32996b
cleanForTTS 修正前的旧 key,openai|nova|0.85||drop sb a line,drop sb a line,https://audio.bigmooneducation.com/83/833c307a5102c0ec97e930a60354d391814b054abcdab15c7347fbaceaad3390.mp3,https://degqpiiddkxcuzwombwp.supabase.co/storage/v1/object/public/tts-audio/83/833c307a5102c0ec97e930a60354d391814b054abcdab15c7347fbaceaad3390.mp3,junior_vocab:e78a0800-8cce-5fad-b30d-c059d668eb3d
cleanForTTS 修正前的旧 key,openai|nova|0.85||lift sb's spirits,lift sb's spirits,https://audio.bigmooneducation.com/22/22cab7ff49b8fc1bdcc18c136a0fba92100112cb02ad1819969340ebfe9ad676.mp3,https://degqpiiddkxcuzwombwp.supabase.co/storage/v1/object/public/tts-audio/22/22cab7ff49b8fc1bdcc18c136a0fba92100112cb02ad1819969340ebfe9ad676.mp3,junior_vocab:ea237cb7-f0b2-4977-ba2f-ef0e5bd48ed7
cleanForTTS 修正前的旧 key,openai|nova|0.85||run low (on sth),run low (on sth),https://audio.bigmooneducation.com/22/22b1eedce3dc68c634d7b41638a5aef36a4d4ce2e45d713fa0a522264dacda44.mp3,https://degqpiiddkxcuzwombwp.supabase.co/storage/v1/object/public/tts-audio/22/22b1eedce3dc68c634d7b41638a5aef36a4d4ce2e45d713fa0a522264dacda44.mp3,junior_vocab:eabf4260-7332-5e39-b283-80122a0c7329
cleanForTTS 修正前的旧 key,openai|nova|0.85||help sb with,help sb with,https://audio.bigmooneducation.com/1e/1e3bbdf53d6e597769783f5cac31559dcaa8d8d1d7551fd99bf161177970ef66.mp3,https://degqpiiddkxcuzwombwp.supabase.co/storage/v1/object/public/tts-audio/1e/1e3bbdf53d6e597769783f5cac31559dcaa8d8d1d7551fd99bf161177970ef66.mp3,junior_vocab:f403f36a-7996-5525-8466-ae441ccf7559
cleanForTTS 修正前的旧 key,openai|nova|0.85||fight against sb/sth,fight against sb/sth,https://audio.bigmooneducation.com/b0/b04dff104da28abaa26a2c43898e7ed0cec0cb17e59fbf07da768a706f9039e4.mp3,https://degqpiiddkxcuzwombwp.supabase.co/storage/v1/object/public/tts-audio/b0/b04dff104da28abaa26a2c43898e7ed0cec0cb17e59fbf07da768a706f9039e4.mp3,junior_vocab:ff9028ec-a479-5d6a-a511-962efca472bb
cleanForTTS 修正前的旧 key,"openai|nova|0.85||W: How do you feel about the upcoming high school entrance exam?
M: A little nervous, but I've been preparing hard.","W: How do you feel about the upcoming high school entrance exam?
M: A little nervous, but I've been preparing hard.",https://audio.bigmooneducation.com/ae/aeaa6a646f61001f9862fb1cdafc90c97e186622a0c56e8924a27eda7d33cde5.mp3,https://degqpiiddkxcuzwombwp.supabase.co/storage/v1/object/public/tts-audio/ae/aeaa6a646f61001f9862fb1cdafc90c97e186622a0c56e8924a27eda7d33cde5.mp3,junior_listening:025171fe-b84b-45e7-b8dd-2112926c1b4c
cleanForTTS 修正前的旧 key,"openai|nova|0.85||W: Have you signed up for the beach cleanup?
M: Yes, I'll go this Saturday with my classmates.","W: Have you signed up for the beach cleanup?
M: Yes, I'll go this Saturday with my classmates.",https://audio.bigmooneducation.com/86/86d732893e67417762f9c6000ef0f235d77cddefba60ca116e724c85583e9733.mp3,https://degqpiiddkxcuzwombwp.supabase.co/storage/v1/object/public/tts-audio/86/86d732893e67417762f9c6000ef0f235d77cddefba60ca116e724c85583e9733.mp3,junior_listening:0430d38c-e2ad-465a-bd63-2769ce2c1635
cleanForTTS 修正前的旧 key,"openai|nova|0.85||W: Mike, what do you usually do in your free time?
M: I love watching movies. I watch at least two movies every week.
W: Cool! What kind of movies do you like best?
M: Action movies and science fiction. I'm crazy about superhero films.
W: Have you seen the new Spider-Man movie?
M: Yes, twice already! It's the best one I've seen this year.
W: What about reading? Do you enjoy reading too?
M: Honestly, not as much as movies. But I do read comic books sometimes.
W: My hobby is different. I love painting. It's relaxing after a long day at school.
M: Painting? Are you good at it?
W: I'm getting better. I've been taking lessons for two years. I want to enter a competition next month.
M: Good luck! I'd love to see your paintings sometime.","W: Mike, what do you usually do in your free time?
M: I love watching movies. I watch at least two movies every week.
W:",https://audio.bigmooneducation.com/22/22e0632b15468d50a22616c3644bf12fd8334953fc8a6951259c60cf57fa6b7c.mp3,https://degqpiiddkxcuzwombwp.supabase.co/storage/v1/object/public/tts-audio/22/22e0632b15468d50a22616c3644bf12fd8334953fc8a6951259c60cf57fa6b7c.mp3,junior_listening:051c829d-7df1-4078-88af-ad8272cd4bf7
cleanForTTS 修正前的旧 key,"openai|nova|0.85||W: I'm going to help at the animal shelter this Saturday. Want to come?
M: Sure! I'd love to help take care of the dogs.","W: I'm going to help at the animal shelter this Saturday. Want to come?
M: Sure! I'd love to help take care of the dogs.",https://audio.bigmooneducation.com/68/6818645fe5f53ae1a4bae48cbaf9b91b9476efbe8b9c9c7683c03525057243c2.mp3,https://degqpiiddkxcuzwombwp.supabase.co/storage/v1/object/public/tts-audio/68/6818645fe5f53ae1a4bae48cbaf9b91b9476efbe8b9c9c7683c03525057243c2.mp3,junior_listening:0650fca3-9c1c-4c9f-821f-4194fff43e8e
cleanForTTS 修正前的旧 key,"openai|nova|0.85||W: We should plant more trees to fight climate change.
M: Absolutely. Every tree counts.","W: We should plant more trees to fight climate change.
M: Absolutely. Every tree counts.",https://audio.bigmooneducation.com/d4/d4d7cb920eabb8c7bb2fbb562e89086a6ffcd4f886dc79585479c9a0f9236672.mp3,https://degqpiiddkxcuzwombwp.supabase.co/storage/v1/object/public/tts-audio/d4/d4d7cb920eabb8c7bb2fbb562e89086a6ffcd4f886dc79585479c9a0f9236672.mp3,junior_listening:06c8f379-dce0-4795-8b4e-4d0a1094bcc0
cleanForTTS 修正前的旧 key,"openai|nova|0.85||W: How do you handle exam stress?
M: I take deep breaths and remind myself I've prepared well.","W: How do you handle exam stress?
M: I take deep breaths and remind myself I've prepared well.",https://audio.bigmooneducation.com/d1/d1e688ae54f0b09a2dc2edac672f35426af5966db087f1ba82aa1f33eb89b48f.mp3,https://degqpiiddkxcuzwombwp.supabase.co/storage/v1/object/public/tts-audio/d1/d1e688ae54f0b09a2dc2edac672f35426af5966db087f1ba82aa1f33eb89b48f.mp3,junior_listening:07fac5c4-1773-4994-a5f4-71ce89dedb3f
cleanForTTS 修正前的旧 key,"openai|nova|0.85||M: Did you hear about the new bike-sharing program in our city?
W: Yes, it's great. It encourages people to use less cars.","M: Did you hear about the new bike-sharing program in our city?
W: Yes, it's great. It encourages people to use less car",https://audio.bigmooneducation.com/50/5093d328ad4783b619620eae661d6473a4e69d2ac637599a579ce31120d6f62d.mp3,https://degqpiiddkxcuzwombwp.supabase.co/storage/v1/object/public/tts-audio/50/5093d328ad4783b619620eae661d6473a4e69d2ac637599a579ce31120d6f62d.mp3,junior_listening:085087e9-5e6b-4739-bfeb-aadf40de594f
cleanForTTS 修正前的旧 key,"openai|nova|0.85||M: Why are you carrying a reusable bag?
W: To reduce plastic waste. We should all do our part.","M: Why are you carrying a reusable bag?
W: To reduce plastic waste. We should all do our part.",https://audio.bigmooneducation.com/fb/fbd09c9b9b621aef2f39fdffde3dfd6125c598e4702c5a7320e4d87bd0d9d1d9.mp3,https://degqpiiddkxcuzwombwp.supabase.co/storage/v1/object/public/tts-audio/fb/fbd09c9b9b621aef2f39fdffde3dfd6125c598e4702c5a7320e4d87bd0d9d1d9.mp3,junior_listening:08a6f78e-16a5-40ac-aea5-7528268823ef
cleanForTTS 修正前的旧 key,"openai|nova|0.85||M: What kind of books do you like?
W: I prefer science fiction. They open up my imagination.","M: What kind of books do you like?
W: I prefer science fiction. They open up my imagination.",https://audio.bigmooneducation.com/99/99923eacb1c1bc914f27771a8545cf1c4de37ae599b6edb7ef36c0dac3963f2f.mp3,https://degqpiiddkxcuzwombwp.supabase.co/storage/v1/object/public/tts-audio/99/99923eacb1c1bc914f27771a8545cf1c4de37ae599b6edb7ef36c0dac3963f2f.mp3,junior_listening:09aae1ab-ccf2-40d1-9e27-e8800ba4fe17
cleanForTTS 修正前的旧 key,"openai|nova|0.85||M: I'm so bored. There's nothing to do.
W: Why don't we go to the new shopping mall? It opened last weekend.","M: I'm so bored. There's nothing to do.
W: Why don't we go to the new shopping mall? It opened last weekend.",https://audio.bigmooneducation.com/44/444a31bc4009cc1fbda1f1ac8b6f39a7d4f26967836ed395b43fe246b2583102.mp3,https://degqpiiddkxcuzwombwp.supabase.co/storage/v1/object/public/tts-audio/44/444a31bc4009cc1fbda1f1ac8b6f39a7d4f26967836ed395b43fe246b2583102.mp3,junior_listening:0c2bb27b-68fc-418d-bfef-127d5891951e
cleanForTTS 修正前的旧 key,"openai|nova|0.85||M: How often do you visit your grandparents?
W: Every other weekend. They live in the next city.","M: How often do you visit your grandparents?
W: Every other weekend. They live in the next city.",https://audio.bigmooneducation.com/79/79beadbf764326652ab14d1233b5ff5697f9f908025a6c44f67b5cefdf941b3b.mp3,https://degqpiiddkxcuzwombwp.supabase.co/storage/v1/object/public/tts-audio/79/79beadbf764326652ab14d1233b5ff5697f9f908025a6c44f67b5cefdf941b3b.mp3,junior_listening:0ccd0d01-0f87-4d35-b136-8a73d248efaf
cleanForTTS 修正前的旧 key,"openai|nova|0.85||M: Why are you wearing that special vest?
W: I'm a volunteer at the marathon today, helping with traffic control.","M: Why are you wearing that special vest?
W: I'm a volunteer at the marathon today, helping with traffic control.",https://audio.bigmooneducation.com/af/af0b7ad179c6683789a7ff79823b9425a71a5b9728dd76ada105767873e92242.mp3,https://degqpiiddkxcuzwombwp.supabase.co/storage/v1/object/public/tts-audio/af/af0b7ad179c6683789a7ff79823b9425a71a5b9728dd76ada105767873e92242.mp3,junior_listening:0e60ff50-444e-4839-a6bc-7e1764372112
cleanForTTS 修正前的旧 key,"openai|nova|0.85||M: Hi Lin! Have you made your New Year's resolutions for this year?
W: Yes! I've made three big plans this year. First, I want to read 50 books.
M: Wow, that's ambitious! Why so many?
W: I want to improve my Chinese and English at the same time. Half in each language.
M: That's smart. What's your second plan?
W: I've decided to learn the violin. I've always wanted to play a musical instrument.
M: Cool! What's the third one?
W: I plan to volunteer at the local library every Saturday. It's a way to give back to my community.
M: That's wonderful, Lin. How will you find time for everything?
W: I'll wake up an hour earlier and use my time better. I hope to be more disciplined this year.
M: I admire your goals. Maybe I should make some too.
W: You should! Setting goals helps us grow.","M: Hi Lin! Have you made your New Year's resolutions for this year?
W: Yes! I've made three big plans this year. First, ",https://audio.bigmooneducation.com/be/be7041081265f91238e5d426595c4046de79d512e203bd4eb0a4f40db0df16b6.mp3,https://degqpiiddkxcuzwombwp.supabase.co/storage/v1/object/public/tts-audio/be/be7041081265f91238e5d426595c4046de79d512e203bd4eb0a4f40db0df16b6.mp3,junior_listening:0eb26fcb-8cc6-4709-a5d7-4259f8b0ef36
cleanForTTS 修正前的旧 key,"openai|nova|0.85||M: How long have you been learning Spanish?
W: For about two years now. I can have basic conversations.","M: How long have you been learning Spanish?
W: For about two years now. I can have basic conversations.",https://audio.bigmooneducation.com/09/09821a046fba6b54d73e73d4e3af087bfd9736e9c716ce9aa9fe4428f7f3ab1b.mp3,https://degqpiiddkxcuzwombwp.supabase.co/storage/v1/object/public/tts-audio/09/09821a046fba6b54d73e73d4e3af087bfd9736e9c716ce9aa9fe4428f7f3ab1b.mp3,junior_listening:10f6363f-4d64-4469-b55d-eac8c53c1faf
cleanForTTS 修正前的旧 key,"openai|nova|0.85||M: I'm trying to eat healthier. Any tips?
W: Eat more vegetables and drink less soda.","M: I'm trying to eat healthier. Any tips?
W: Eat more vegetables and drink less soda.",https://audio.bigmooneducation.com/ae/aea2a82fe54f13c0df1d0c96812fe6386f0bd3f2f267bed8de40f2a76e15f3c2.mp3,https://degqpiiddkxcuzwombwp.supabase.co/storage/v1/object/public/tts-audio/ae/aea2a82fe54f13c0df1d0c96812fe6386f0bd3f2f267bed8de40f2a76e15f3c2.mp3,junior_listening:1390dd5d-db1f-4410-899a-42d8cb8ee9fc
cleanForTTS 修正前的旧 key,"openai|nova|0.85||W: I've learned to swim this summer. What about you?
M: I've learned to ride a bike! It took me weeks to balance.","W: I've learned to swim this summer. What about you?
M: I've learned to ride a bike! It took me weeks to balance.",https://audio.bigmooneducation.com/0a/0a8a60fdf049feb6cfe38050e950dd73c33c201771eccf7ba682be62dd9748d6.mp3,https://degqpiiddkxcuzwombwp.supabase.co/storage/v1/object/public/tts-audio/0a/0a8a60fdf049feb6cfe38050e950dd73c33c201771eccf7ba682be62dd9748d6.mp3,junior_listening:1610402d-5740-4aff-8828-0ac605514912
cleanForTTS 修正前的旧 key,"openai|nova|0.85||W: What clubs are you joining this semester?
M: The chess club and the photography club.","W: What clubs are you joining this semester?
M: The chess club and the photography club.",https://audio.bigmooneducation.com/6d/6d67d17ba750ef32f020da7ed559d87866d6e50088a41ddf60c674a22a4f077f.mp3,https://degqpiiddkxcuzwombwp.supabase.co/storage/v1/object/public/tts-audio/6d/6d67d17ba750ef32f020da7ed559d87866d6e50088a41ddf60c674a22a4f077f.mp3,junior_listening:1c4ed51c-f63a-4a5d-bb97-1a7093c8a107
cleanForTTS 修正前的旧 key,"openai|nova|0.85||W: I can't decide between the red dress and the blue one.
M: I think the blue one suits you better. It matches your eyes.","W: I can't decide between the red dress and the blue one.
M: I think the blue one suits you better. It matches your eyes",https://audio.bigmooneducation.com/a6/a655d6eeaa9c1ffb575e462702d6bb28efbdc28fef4e0c7bbb63f8b489de2841.mp3,https://degqpiiddkxcuzwombwp.supabase.co/storage/v1/object/public/tts-audio/a6/a655d6eeaa9c1ffb575e462702d6bb28efbdc28fef4e0c7bbb63f8b489de2841.mp3,junior_listening:1e5d702f-39bd-4da4-aab7-3f1587dcb4d1
cleanForTTS 修正前的旧 key,"openai|nova|0.85||W: How are your studies going for the entrance exam?
M: I review every subject systematically and practice past papers.","W: How are your studies going for the entrance exam?
M: I review every subject systematically and practice past papers.",https://audio.bigmooneducation.com/70/70afc6b11da6d1fb5aced989251e811538626a239c76390bc0214fbd5b9f9710.mp3,https://degqpiiddkxcuzwombwp.supabase.co/storage/v1/object/public/tts-audio/70/70afc6b11da6d1fb5aced989251e811538626a239c76390bc0214fbd5b9f9710.mp3,junior_listening:2435a702-9377-4071-b545-485368840853
cleanForTTS 修正前的旧 key,"openai|nova|0.85||W: Where were you on Sunday morning?
M: I helped my neighbors clean up the community garden.","W: Where were you on Sunday morning?
M: I helped my neighbors clean up the community garden.",https://audio.bigmooneducation.com/07/07a9fbd434070be570b7dbe7993fc99b64984ff9a3059eddbd1fb26fc46d760b.mp3,https://degqpiiddkxcuzwombwp.supabase.co/storage/v1/object/public/tts-audio/07/07a9fbd434070be570b7dbe7993fc99b64984ff9a3059eddbd1fb26fc46d760b.mp3,junior_listening:257540de-7d83-4376-b086-f820d6f97c71
cleanForTTS 修正前的旧 key,"openai|nova|0.85||W: Your English has improved a lot. What's your secret?
M: I watch English movies with subtitles every day.","W: Your English has improved a lot. What's your secret?
M: I watch English movies with subtitles every day.",https://audio.bigmooneducation.com/c3/c3c17a0447c6a6d14de187be1ecb1a34c251fbc2edd4a885fd18bcbaecf2e3fd.mp3,https://degqpiiddkxcuzwombwp.supabase.co/storage/v1/object/public/tts-audio/c3/c3c17a0447c6a6d14de187be1ecb1a34c251fbc2edd4a885fd18bcbaecf2e3fd.mp3,junior_listening:2bdd77fc-90b4-42f4-a423-9dac2933d385
cleanForTTS 修正前的旧 key,"openai|nova|0.85||M: Lily, you look worried. What's wrong?
W: I lost my wallet on the way home from school yesterday!
M: Oh no! Did you have a lot of money in it?
W: About 200 yuan, plus my school card and my house key.
M: When did you notice it was missing?
W: When I got home, I tried to open the door. Then I realized my key was gone.
M: Where did you go yesterday?
W: After school, I took the bus, then I went to the supermarket to buy snacks.
M: Maybe you dropped it on the bus or in the supermarket?
W: I called the bus company and they didn't find anything. The supermarket said the same.
M: Don't give up. Let's go check again. Maybe someone turned it in.
W: That's a good idea. Thank you for helping me, Mike.
M: No problem. Did you tell your parents?
W: Yes. My dad was so worried, but he said next time I should keep important things in different places.","M: Lily, you look worried. What's wrong?
W: I lost my wallet on the way home from school yesterday!
M: Oh no! Did you ha",https://audio.bigmooneducation.com/c5/c506469f9224d30735a5e014272ef09c45f74913e80f5fdc4136184b86787e95.mp3,https://degqpiiddkxcuzwombwp.supabase.co/storage/v1/object/public/tts-audio/c5/c506469f9224d30735a5e014272ef09c45f74913e80f5fdc4136184b86787e95.mp3,junior_listening:2c7ce48f-2b00-4911-8620-b8e36c06908b
cleanForTTS 修正前的旧 key,"openai|nova|0.85||M: Have you done any volunteer work before?
W: Yes, I enjoy reading to the elderly at the senior center every Sunday.","M: Have you done any volunteer work before?
W: Yes, I enjoy reading to the elderly at the senior center every Sunday.",https://audio.bigmooneducation.com/91/9183f6304a94b48366cb4e439fb8f0b5e6cb1827e03de43fce835b3ef3bbb31c.mp3,https://degqpiiddkxcuzwombwp.supabase.co/storage/v1/object/public/tts-audio/91/9183f6304a94b48366cb4e439fb8f0b5e6cb1827e03de43fce835b3ef3bbb31c.mp3,junior_listening:2d38d402-b019-4ab7-8157-5e96df491b65
cleanForTTS 修正前的旧 key,"openai|nova|0.85||W: Mike, what were you doing during the rainstorm last Friday?
M: I was walking home from school. I didn't bring an umbrella!
W: Oh no! Did you get totally wet?
M: Yes, completely. While I was running for shelter, I slipped and fell into a puddle.
W: That's terrible! Were you hurt?
M: My knee was bleeding a little. But the worst part was — my phone fell out of my bag.
W: Oh no, did it break?
M: Luckily it landed on grass. The screen cracked but it still works. What about you?
W: I was at the library when the storm started. I had to wait two hours for it to stop.
M: Did you study while you were waiting?
W: I tried, but the wind was so loud I couldn't concentrate. I just watched the rain.
M: It was a memorable Friday for both of us!
W: Yes, and now I always check the weather before leaving home.","W: Mike, what were you doing during the rainstorm last Friday?
M: I was walking home from school. I didn't bring an umbr",https://audio.bigmooneducation.com/91/918d1b03ee5aa882ddbde7cb674d9586c021b970b233e0935828948c7bd1d61f.mp3,https://degqpiiddkxcuzwombwp.supabase.co/storage/v1/object/public/tts-audio/91/918d1b03ee5aa882ddbde7cb674d9586c021b970b233e0935828948c7bd1d61f.mp3,junior_listening:2d62c658-0582-4f89-a683-3babefae90c0
cleanForTTS 修正前的旧 key,"openai|nova|0.85||W: David, have you decided on which high school you want to apply to?
M: Yes, I'm aiming for Central High School. Their science program is excellent.
W: That's a tough school. The cut-off score was 580 last year.
M: I know. I've been preparing intensively for 6 months now.
W: What subjects do you focus on the most?
M: Math and physics, since they're my weak points but Central values them highly.
W: Have you visited the school?
M: Yes, twice. My older sister also went there, so I'm familiar with it.
W: That's great. Good luck with your exams!
M: Thanks. I'll need it.","W: David, have you decided on which high school you want to apply to?
M: Yes, I'm aiming for Central High School. Their ",https://audio.bigmooneducation.com/4a/4a47eadbbaa56747e693a8baa35bba789e447526a0db5bce691bad86f556e7d4.mp3,https://degqpiiddkxcuzwombwp.supabase.co/storage/v1/object/public/tts-audio/4a/4a47eadbbaa56747e693a8baa35bba789e447526a0db5bce691bad86f556e7d4.mp3,junior_listening:2df0390d-44ca-4cbc-96aa-d0d5292257fe
cleanForTTS 修正前的旧 key,"openai|nova|0.85||M: I love this book so much! It's the best mystery I've ever read.
W: Can I borrow it after you finish?","M: I love this book so much! It's the best mystery I've ever read.
W: Can I borrow it after you finish?",https://audio.bigmooneducation.com/1a/1a400b45841d39454e2626f00aeaa0468c5b2860c88bdcc94cf5d6c54117b6b5.mp3,https://degqpiiddkxcuzwombwp.supabase.co/storage/v1/object/public/tts-audio/1a/1a400b45841d39454e2626f00aeaa0468c5b2860c88bdcc94cf5d6c54117b6b5.mp3,junior_listening:2f8efe2d-a1f2-4f69-9790-6ce7b7c5e468
cleanForTTS 修正前的旧 key,"openai|nova|0.85||W: Have you ever been to the Great Wall, Tom?
M: Yes, I have. I went there twice with my parents last year.","W: Have you ever been to the Great Wall, Tom?
M: Yes, I have. I went there twice with my parents last year.",https://audio.bigmooneducation.com/3a/3a83fa8101ad561c54595b385a915223c5948e708ba951dfd55e4556f9461f06.mp3,https://degqpiiddkxcuzwombwp.supabase.co/storage/v1/object/public/tts-audio/3a/3a83fa8101ad561c54595b385a915223c5948e708ba951dfd55e4556f9461f06.mp3,junior_listening:2fea441c-6df0-484f-8dcb-dc8edf7a2761
cleanForTTS 修正前的旧 key,"openai|nova|0.85||M: I've decided to learn the piano this year.
W: Great idea! How often will you practice?","M: I've decided to learn the piano this year.
W: Great idea! How often will you practice?",https://audio.bigmooneducation.com/8b/8b5b2b2a5fbade61930d72acec82fc5e705cc91d5140cb705b7a846b44916e61.mp3,https://degqpiiddkxcuzwombwp.supabase.co/storage/v1/object/public/tts-audio/8b/8b5b2b2a5fbade61930d72acec82fc5e705cc91d5140cb705b7a846b44916e61.mp3,junior_listening:314be25c-abf4-478f-9568-4ec96712b87d
cleanForTTS 修正前的旧 key,"openai|nova|0.85||W: I lost my key on the way home. Can you help me find it?
M: Sure! Where do you think you might have dropped it?","W: I lost my key on the way home. Can you help me find it?
M: Sure! Where do you think you might have dropped it?",https://audio.bigmooneducation.com/2b/2b3514c03e24dbd774bd8ca5472623354e102122716fb9a1fb56c619fdc9634b.mp3,https://degqpiiddkxcuzwombwp.supabase.co/storage/v1/object/public/tts-audio/2b/2b3514c03e24dbd774bd8ca5472623354e102122716fb9a1fb56c619fdc9634b.mp3,junior_listening:33d4ecba-53a0-4a82-a469-eebbdcb606b7
cleanForTTS 修正前的旧 key,"openai|nova|0.85||W: Have you ever celebrated Mid-Autumn Festival abroad?
M: Yes, last year I shared mooncakes with my host family in America.","W: Have you ever celebrated Mid-Autumn Festival abroad?
M: Yes, last year I shared mooncakes with my host family in Amer",https://audio.bigmooneducation.com/c4/c495c3d5b147d0e1f341f9911b062067453863d49321805904e6ef62877b87fd.mp3,https://degqpiiddkxcuzwombwp.supabase.co/storage/v1/object/public/tts-audio/c4/c495c3d5b147d0e1f341f9911b062067453863d49321805904e6ef62877b87fd.mp3,junior_listening:33f27d28-0940-4f70-ac61-95d1102dc48c
cleanForTTS 修正前的旧 key,"openai|nova|0.85||M: Have you ever tried Chinese calligraphy?
W: Yes, I started learning it three years ago. It's very relaxing.","M: Have you ever tried Chinese calligraphy?
W: Yes, I started learning it three years ago. It's very relaxing.",https://audio.bigmooneducation.com/71/711b464da5eaf5076a5312cc51597509e2b27e9887bb72019a64cb9fb12e474e.mp3,https://degqpiiddkxcuzwombwp.supabase.co/storage/v1/object/public/tts-audio/71/711b464da5eaf5076a5312cc51597509e2b27e9887bb72019a64cb9fb12e474e.mp3,junior_listening:370e363c-191f-40ae-80e1-72571644ee28
cleanForTTS 修正前的旧 key,"openai|nova|0.85||W: Why are you so excited?
M: Our team won the basketball championship!","W: Why are you so excited?
M: Our team won the basketball championship!",https://audio.bigmooneducation.com/85/859ead1fe47432f93aac413ce0d833c1587cdf033723d172055e66c0097a0017.mp3,https://degqpiiddkxcuzwombwp.supabase.co/storage/v1/object/public/tts-audio/85/859ead1fe47432f93aac413ce0d833c1587cdf033723d172055e66c0097a0017.mp3,junior_listening:37c8e25c-c8e9-4ff4-9a59-18a6cb9b2574
cleanForTTS 修正前的旧 key,"openai|nova|0.85||W: Have you decided which high school to apply to?
M: I'm aiming for No. 1 High School. It's the best in our district.","W: Have you decided which high school to apply to?
M: I'm aiming for No. 1 High School. It's the best in our district.",https://audio.bigmooneducation.com/e8/e86bd9b83514c368d857ae8acbe96aef7d1c6514914ac8623cd07e0c326d6269.mp3,https://degqpiiddkxcuzwombwp.supabase.co/storage/v1/object/public/tts-audio/e8/e86bd9b83514c368d857ae8acbe96aef7d1c6514914ac8623cd07e0c326d6269.mp3,junior_listening:3cbe7405-c667-4177-a775-f0d718e49d56
cleanForTTS 修正前的旧 key,"openai|nova|0.85||W: I just adopted a cat from a shelter.
M: That's wonderful! Adoption saves lives.","W: I just adopted a cat from a shelter.
M: That's wonderful! Adoption saves lives.",https://audio.bigmooneducation.com/5c/5cb99966c6137e02df4c2d107eba8ace6d32dc7689048322dee4f51533f48bd2.mp3,https://degqpiiddkxcuzwombwp.supabase.co/storage/v1/object/public/tts-audio/5c/5cb99966c6137e02df4c2d107eba8ace6d32dc7689048322dee4f51533f48bd2.mp3,junior_listening:3d1a174f-e8fc-4ff5-a444-66f626b3ba0f
cleanForTTS 修正前的旧 key,"openai|nova|0.85||M: Are you participating in the sports day?
W: Yes, I'm running the 400 meters.","M: Are you participating in the sports day?
W: Yes, I'm running the 400 meters.",https://audio.bigmooneducation.com/63/639689ed572a2b9e43b954cb1c2863aaffc09f1d7b1d77ecbf5a16a49fa6a81c.mp3,https://degqpiiddkxcuzwombwp.supabase.co/storage/v1/object/public/tts-audio/63/639689ed572a2b9e43b954cb1c2863aaffc09f1d7b1d77ecbf5a16a49fa6a81c.mp3,junior_listening:3ef119ac-6706-45b5-b770-578cd379b1b1
cleanForTTS 修正前的旧 key,"openai|nova|0.85||M: I have a bad cold, Doctor.
W: You should drink lots of water and stay in bed. Don't go to school today.","M: I have a bad cold, Doctor.
W: You should drink lots of water and stay in bed. Don't go to school today.",https://audio.bigmooneducation.com/26/269f722caeca5e3bb7b19b1ed6ab968c487efa54f254da7571e152d0b84b47d2.mp3,https://degqpiiddkxcuzwombwp.supabase.co/storage/v1/object/public/tts-audio/26/269f722caeca5e3bb7b19b1ed6ab968c487efa54f254da7571e152d0b84b47d2.mp3,junior_listening:3fc3b2b1-9e61-46a0-9218-f8384de1abd7
cleanForTTS 修正前的旧 key,"openai|nova|0.85||M: How often do you eat fruit, Lily?
W: Every day. I have an apple after lunch and some berries with breakfast.","M: How often do you eat fruit, Lily?
W: Every day. I have an apple after lunch and some berries with breakfast.",https://audio.bigmooneducation.com/e1/e15cef88bc0f976fbde1d2001f40e1792f8d6814568493e71728f994f83c7aa9.mp3,https://degqpiiddkxcuzwombwp.supabase.co/storage/v1/object/public/tts-audio/e1/e15cef88bc0f976fbde1d2001f40e1792f8d6814568493e71728f994f83c7aa9.mp3,junior_listening:4044b476-1099-4956-9e42-cedf261f0c90
cleanForTTS 修正前的旧 key,"openai|nova|0.85||W: Do you exercise regularly?
M: Yes, I run for 30 minutes every morning before school.","W: Do you exercise regularly?
M: Yes, I run for 30 minutes every morning before school.",https://audio.bigmooneducation.com/63/639de3568e815aec85ae5ce253ea363817559aadda1c049c477a4adbb3908295.mp3,https://degqpiiddkxcuzwombwp.supabase.co/storage/v1/object/public/tts-audio/63/639de3568e815aec85ae5ce253ea363817559aadda1c049c477a4adbb3908295.mp3,junior_listening:45cb454a-2865-4be7-b24d-a51f5bab0af8
cleanForTTS 修正前的旧 key,"openai|nova|0.85||M: My grandma can't read Chinese very well anymore.
W: I can come over and read to her on weekends.","M: My grandma can't read Chinese very well anymore.
W: I can come over and read to her on weekends.",https://audio.bigmooneducation.com/fb/fb37ae1873065f859c0ff4cc13a77b6eb96625e4241e5f0f14f1c6d4fd381097.mp3,https://degqpiiddkxcuzwombwp.supabase.co/storage/v1/object/public/tts-audio/fb/fb37ae1873065f859c0ff4cc13a77b6eb96625e4241e5f0f14f1c6d4fd381097.mp3,junior_listening:468b711c-71fa-4995-a24d-a35054139b7e
cleanForTTS 修正前的旧 key,"openai|nova|0.85||M: Lin, your English is really impressive. How long have you been learning?
W: Thanks! I've been studying English for nine years now. I started in Grade 1.
M: That's a long time. Have you ever been to an English-speaking country?
W: Yes, I've been to Singapore once with my parents. It was really helpful.
M: What's the most important thing you've learned about English?
W: Practice makes perfect. I read English news every day and watch English movies.
M: Have you ever entered any English competitions?
W: Yes! I've won three certificates so far. Last year I got first place in the city speaking contest.
M: First place? Wow, that's amazing!
W: Thank you. The competition was really tough. I had to prepare for two months.
M: I'd love to improve my English. Do you have any tips?
W: Yes! Don't be afraid to speak. Make mistakes, learn, and improve. I've made thousands of mistakes!
M: That's good advice. Have you decided what to do next?
W: I want to become an English teacher. I hope to help others love English the way I do.","M: Lin, your English is really impressive. How long have you been learning?
W: Thanks! I've been studying English for ni",https://audio.bigmooneducation.com/f1/f1915d3e27bc155d5b500b762894088c46083c64b02b1dccad74e698f8428141.mp3,https://degqpiiddkxcuzwombwp.supabase.co/storage/v1/object/public/tts-audio/f1/f1915d3e27bc155d5b500b762894088c46083c64b02b1dccad74e698f8428141.mp3,junior_listening:49d7e039-41b2-4552-a0d2-adde9ba15bc6
cleanForTTS 修正前的旧 key,"openai|nova|0.85||W: I really enjoy Mrs. Chen's class. Her stories are amazing.
M: I agree. She makes history come alive.","W: I really enjoy Mrs. Chen's class. Her stories are amazing.
M: I agree. She makes history come alive.",https://audio.bigmooneducation.com/9b/9b65c66403b4fba35a959a65d5ea6b96a14f5c3c052258b4beb841ea10a729f1.mp3,https://degqpiiddkxcuzwombwp.supabase.co/storage/v1/object/public/tts-audio/9b/9b65c66403b4fba35a959a65d5ea6b96a14f5c3c052258b4beb841ea10a729f1.mp3,junior_listening:49ea31a3-c4f7-46e3-8896-2314de34f380
cleanForTTS 修正前的旧 key,"openai|nova|0.85||M: I heard you fell off your bike yesterday. Are you OK?
W: Yes, I'm fine. I was riding too fast when I hit a stone.","M: I heard you fell off your bike yesterday. Are you OK?
W: Yes, I'm fine. I was riding too fast when I hit a stone.",https://audio.bigmooneducation.com/ad/adff6996640c132bf9ba7e235973cfb8b34fffb114f32b8be03dc337bfb65ff9.mp3,https://degqpiiddkxcuzwombwp.supabase.co/storage/v1/object/public/tts-audio/ad/adff6996640c132bf9ba7e235973cfb8b34fffb114f32b8be03dc337bfb65ff9.mp3,junior_listening:4ba36a3d-6565-4401-9e52-a695529ff855
cleanForTTS 修正前的旧 key,"openai|nova|0.85||W: I started playing guitar last month.
M: That's cool! Can you play any songs yet?","W: I started playing guitar last month.
M: That's cool! Can you play any songs yet?",https://audio.bigmooneducation.com/3d/3dfa2d1f581047a40e993195584964339cea466c46b242878624be4a8780408a.mp3,https://degqpiiddkxcuzwombwp.supabase.co/storage/v1/object/public/tts-audio/3d/3dfa2d1f581047a40e993195584964339cea466c46b242878624be4a8780408a.mp3,junior_listening:4cb33c4a-4652-4e29-83e8-1d3b8a74b25a
cleanForTTS 修正前的旧 key,"openai|nova|0.85||M: Lin, you travel a lot. How many countries have you been to?
W: I've been to seven countries so far. I started traveling when I was 8.
M: Wow! Which one was your favorite?
W: Japan, definitely. The food, the culture, and the people are all wonderful.
M: Have you ever been to Europe?
W: Yes, I've been to France and Italy. Paris was beautiful but very crowded.
M: What's on your travel list now?
W: I really want to visit Australia. I've never seen kangaroos in person before.
M: Are you going there this year?
W: I hope so. My parents have promised to take me there next summer if I get good grades.","M: Lin, you travel a lot. How many countries have you been to?
W: I've been to seven countries so far. I started traveli",https://audio.bigmooneducation.com/54/54301c50ea90268c7142d160c0986208d8c67ceeb1bb5d024527495609731a17.mp3,https://degqpiiddkxcuzwombwp.supabase.co/storage/v1/object/public/tts-audio/54/54301c50ea90268c7142d160c0986208d8c67ceeb1bb5d024527495609731a17.mp3,junior_listening:4e488c21-154f-4154-b596-2b542aa0d9d8
cleanForTTS 修正前的旧 key,"openai|nova|0.85||M: Our school will hold a charity sale next week.
W: Great! I'll donate some old toys and books from home.","M: Our school will hold a charity sale next week.
W: Great! I'll donate some old toys and books from home.",https://audio.bigmooneducation.com/12/12d95952bc9109cee01c0679debcf1a0c84a4c79b46115c959bed7bc56e84022.mp3,https://degqpiiddkxcuzwombwp.supabase.co/storage/v1/object/public/tts-audio/12/12d95952bc9109cee01c0679debcf1a0c84a4c79b46115c959bed7bc56e84022.mp3,junior_listening:509fb02e-4962-4c0b-a79a-be2a63708e95
cleanForTTS 修正前的旧 key,"openai|nova|0.85||W: Is your brother taller than you, Mike?
M: No, I'm taller. But he's heavier than me — he loves eating!","W: Is your brother taller than you, Mike?
M: No, I'm taller. But he's heavier than me — he loves eating!",https://audio.bigmooneducation.com/00/00794d845cc7b99f1135b6824c6d660a307dcb2e6d862e8209b368d1d5517f78.mp3,https://degqpiiddkxcuzwombwp.supabase.co/storage/v1/object/public/tts-audio/00/00794d845cc7b99f1135b6824c6d660a307dcb2e6d862e8209b368d1d5517f78.mp3,junior_listening:55915e2f-0dee-4c5a-b3a3-41b22a2edd54
cleanForTTS 修正前的旧 key,"openai|nova|0.85||W: Are you joining the volunteer club this year?
M: Yes, I want to help kids in the children's hospital.","W: Are you joining the volunteer club this year?
M: Yes, I want to help kids in the children's hospital.",https://audio.bigmooneducation.com/a2/a278e896c5da59f6f643ac2228aa2b6ded21197db7e1b7ef72260ff98f8c1f90.mp3,https://degqpiiddkxcuzwombwp.supabase.co/storage/v1/object/public/tts-audio/a2/a278e896c5da59f6f643ac2228aa2b6ded21197db7e1b7ef72260ff98f8c1f90.mp3,junior_listening:5684c8a8-d759-47b8-8854-faa50fc7dee8
cleanForTTS 修正前的旧 key,"openai|nova|0.85||M: How was your weekend, Sara?
W: Pretty good. I went to a music festival on Saturday and visited my grandma on Sunday.","M: How was your weekend, Sara?
W: Pretty good. I went to a music festival on Saturday and visited my grandma on Sunday.",https://audio.bigmooneducation.com/fa/faaae9001d289624959d833474a821b28c568151617f75a1c91c21275e2d773c.mp3,https://degqpiiddkxcuzwombwp.supabase.co/storage/v1/object/public/tts-audio/fa/faaae9001d289624959d833474a821b28c568151617f75a1c91c21275e2d773c.mp3,junior_listening:586f9131-f9c7-43bb-8214-daca0f05943b
cleanForTTS 修正前的旧 key,"openai|nova|0.85||W: Have you been to any foreign countries?
M: Yes, I've been to Japan and Thailand. Both were amazing experiences.","W: Have you been to any foreign countries?
M: Yes, I've been to Japan and Thailand. Both were amazing experiences.",https://audio.bigmooneducation.com/c4/c4e9cc815eee8b47217e58222c8024e481778c43138c4d9e1d371513df4ed5e9.mp3,https://degqpiiddkxcuzwombwp.supabase.co/storage/v1/object/public/tts-audio/c4/c4e9cc815eee8b47217e58222c8024e481778c43138c4d9e1d371513df4ed5e9.mp3,junior_listening:5b537fc8-a3df-4b19-991f-079bc86b4f95
cleanForTTS 修正前的旧 key,"openai|nova|0.85||W: Tom, I heard you joined the volunteer club. What do you do?
M: We do many things! Last weekend, we cleaned up the local park.
W: That sounds great. Have you done any other activities?
M: Yes. We've visited the elderly home twice this month. We sing songs and chat with the residents.
W: Wonderful. How long have you been a volunteer?
M: About six months. I started in March.
W: What's your favorite activity so far?
M: Teaching English to migrant workers' children. Their smiles make me really happy.
W: Why did you decide to volunteer in the first place?
M: My mom is a nurse. She always taught me to help others. I wanted to do my part too.
W: How can I join? It sounds amazing.
M: Come to our meeting next Saturday at 2 p.m. in the community center. You can sign up there.","W: Tom, I heard you joined the volunteer club. What do you do?
M: We do many things! Last weekend, we cleaned up the loc",https://audio.bigmooneducation.com/f1/f145bc81470c7088e8dba6b277826a14f89113abbd6ee931f85eea79ed34c57a.mp3,https://degqpiiddkxcuzwombwp.supabase.co/storage/v1/object/public/tts-audio/f1/f145bc81470c7088e8dba6b277826a14f89113abbd6ee931f85eea79ed34c57a.mp3,junior_listening:5c157988-10ed-48c1-8a77-d2508e9134bd
cleanForTTS 修正前的旧 key,"openai|nova|0.85||W: How was your trip to the Great Wall?
M: Amazing! It was much longer than I imagined.","W: How was your trip to the Great Wall?
M: Amazing! It was much longer than I imagined.",https://audio.bigmooneducation.com/c0/c02ceaf0327233a7fbfd5312ae60144a19ea34b5be1757ae73c03eced3608763.mp3,https://degqpiiddkxcuzwombwp.supabase.co/storage/v1/object/public/tts-audio/c0/c02ceaf0327233a7fbfd5312ae60144a19ea34b5be1757ae73c03eced3608763.mp3,junior_listening:5f3251a8-0057-4e5e-ba06-aa89dd0938da
cleanForTTS 修正前的旧 key,"openai|nova|0.85||M: Why are you so tired, Lily?
W: I had to do the laundry, sweep the floor and wash the dishes today. My mom is sick.","M: Why are you so tired, Lily?
W: I had to do the laundry, sweep the floor and wash the dishes today. My mom is sick.",https://audio.bigmooneducation.com/9d/9d032dd224d3a5c7d452ecc75120123df46eb457413cdf45ba683af65c33170f.mp3,https://degqpiiddkxcuzwombwp.supabase.co/storage/v1/object/public/tts-audio/9d/9d032dd224d3a5c7d452ecc75120123df46eb457413cdf45ba683af65c33170f.mp3,junior_listening:6094f285-1fd3-49ca-a7f6-c155e070ed95
cleanForTTS 修正前的旧 key,"openai|nova|0.85||W: What were you doing when the earthquake happened?
M: I was cooking in the kitchen. It was so scary!","W: What were you doing when the earthquake happened?
M: I was cooking in the kitchen. It was so scary!",https://audio.bigmooneducation.com/3e/3ed56947f4a07269e57a28c769b954a3bb532203430c3bf113577ab464a3a07a.mp3,https://degqpiiddkxcuzwombwp.supabase.co/storage/v1/object/public/tts-audio/3e/3ed56947f4a07269e57a28c769b954a3bb532203430c3bf113577ab464a3a07a.mp3,junior_listening:6226efa1-8e6d-4b03-8627-9118dc26875e
cleanForTTS 修正前的旧 key,"openai|nova|0.85||W: Tom, did you finish the math homework?
M: Not yet. It's really difficult. I'll ask Mr. Wang for help tomorrow.","W: Tom, did you finish the math homework?
M: Not yet. It's really difficult. I'll ask Mr. Wang for help tomorrow.",https://audio.bigmooneducation.com/27/27e1e1096238526c0a08e17fd5933db790775407342af9a4bc5fd7a99a1f662c.mp3,https://degqpiiddkxcuzwombwp.supabase.co/storage/v1/object/public/tts-audio/27/27e1e1096238526c0a08e17fd5933db790775407342af9a4bc5fd7a99a1f662c.mp3,junior_listening:63b2acf2-bbf7-4a34-8c1b-b172398107cf
cleanForTTS 修正前的旧 key,"openai|nova|0.85||W: Have you seen the new Marvel movie yet?
M: Yes! I watched it last weekend with my friends. It was awesome.","W: Have you seen the new Marvel movie yet?
M: Yes! I watched it last weekend with my friends. It was awesome.",https://audio.bigmooneducation.com/e0/e0df05338287b10a5d7a5fdd2aca83eb769f581cf5f4eb2acdcf4ad36e9ac8dd.mp3,https://degqpiiddkxcuzwombwp.supabase.co/storage/v1/object/public/tts-audio/e0/e0df05338287b10a5d7a5fdd2aca83eb769f581cf5f4eb2acdcf4ad36e9ac8dd.mp3,junior_listening:6506b19c-cdd0-4b10-b44e-41e2d57b1818
cleanForTTS 修正前的旧 key,"openai|nova|0.85||M: Who is the funniest student in your class, Lily?
W: Definitely Tom. He always makes everyone laugh.","M: Who is the funniest student in your class, Lily?
W: Definitely Tom. He always makes everyone laugh.",https://audio.bigmooneducation.com/73/73c387f7cb1dff9e315d01159e7c6c445afa977f09e829efa723df66ed41bd38.mp3,https://degqpiiddkxcuzwombwp.supabase.co/storage/v1/object/public/tts-audio/73/73c387f7cb1dff9e315d01159e7c6c445afa977f09e829efa723df66ed41bd38.mp3,junior_listening:6a56958b-4741-4da4-854b-2479b1daf432
cleanForTTS 修正前的旧 key,"openai|nova|0.85||M: Do you spend a lot of time on social media?
W: I try to limit it to one hour a day. Too much screen time isn't healthy.","M: Do you spend a lot of time on social media?
W: I try to limit it to one hour a day. Too much screen time isn't health",https://audio.bigmooneducation.com/0a/0a8a8df68a3823f5fadd3d799d0f70a57c21fadf357d2b58995f7252ba1e1bd6.mp3,https://degqpiiddkxcuzwombwp.supabase.co/storage/v1/object/public/tts-audio/0a/0a8a8df68a3823f5fadd3d799d0f70a57c21fadf357d2b58995f7252ba1e1bd6.mp3,junior_listening:6c3bf28e-200d-4e01-a0ab-5841cb65ad67
cleanForTTS 修正前的旧 key,"openai|nova|0.85||M: I always argue with my parents lately.
W: Don't worry. It's a normal part of growing up.","M: I always argue with my parents lately.
W: Don't worry. It's a normal part of growing up.",https://audio.bigmooneducation.com/b1/b1465b38fe06562894688e6297efdfc9dea501f8aab03da1a100249c1adff520.mp3,https://degqpiiddkxcuzwombwp.supabase.co/storage/v1/object/public/tts-audio/b1/b1465b38fe06562894688e6297efdfc9dea501f8aab03da1a100249c1adff520.mp3,junior_listening:6c42df68-4c6b-4949-acdb-6a946e044ccd
cleanForTTS 修正前的旧 key,"openai|nova|0.85||W: I had a fight with my best friend yesterday.
M: You should apologize and talk it out.","W: I had a fight with my best friend yesterday.
M: You should apologize and talk it out.",https://audio.bigmooneducation.com/79/79e34add778b3b7b70d98f0570706eac547637580fc0b1c0b3c18a4e7b91529e.mp3,https://degqpiiddkxcuzwombwp.supabase.co/storage/v1/object/public/tts-audio/79/79e34add778b3b7b70d98f0570706eac547637580fc0b1c0b3c18a4e7b91529e.mp3,junior_listening:6c788102-fcfb-428b-b6fa-0ae57d5564fc
cleanForTTS 修正前的旧 key,"openai|nova|0.85||M: How was the volunteer work at the nursing home?
W: Very meaningful. The elderly people had so many stories to share.","M: How was the volunteer work at the nursing home?
W: Very meaningful. The elderly people had so many stories to share.",https://audio.bigmooneducation.com/13/13888d17c28119fe555d5ce216d7ebf66a79a3bae765c5ea8f9f6c6d5acb427e.mp3,https://degqpiiddkxcuzwombwp.supabase.co/storage/v1/object/public/tts-audio/13/13888d17c28119fe555d5ce216d7ebf66a79a3bae765c5ea8f9f6c6d5acb427e.mp3,junior_listening:6e18eec1-d9ea-4776-bc0e-4dfc468f6f63
cleanForTTS 修正前的旧 key,"openai|nova|0.85||M: What do you want to do in the future?
W: I want to become a teacher and help students learn.","M: What do you want to do in the future?
W: I want to become a teacher and help students learn.",https://audio.bigmooneducation.com/17/1780034e9c3b4bc59ff80fb3e687f971ea4bfed54515f11e570d1f9473356a30.mp3,https://degqpiiddkxcuzwombwp.supabase.co/storage/v1/object/public/tts-audio/17/1780034e9c3b4bc59ff80fb3e687f971ea4bfed54515f11e570d1f9473356a30.mp3,junior_listening:6efb97dc-11cb-41e7-86e0-e67c00ff043b
cleanForTTS 修正前的旧 key,"openai|nova|0.85||M: Are you sad about leaving middle school soon?
W: A bit, but I'm also excited about the new chapter ahead.","M: Are you sad about leaving middle school soon?
W: A bit, but I'm also excited about the new chapter ahead.",https://audio.bigmooneducation.com/5c/5c5fc471af236d769ae70e29c23b230b05fd9dd7b123314a04cb5245043ea017.mp3,https://degqpiiddkxcuzwombwp.supabase.co/storage/v1/object/public/tts-audio/5c/5c5fc471af236d769ae70e29c23b230b05fd9dd7b123314a04cb5245043ea017.mp3,junior_listening:6fdc10f8-e95a-46f7-a30d-ebfd08151a2b
cleanForTTS 修正前的旧 key,"openai|nova|0.85||M: My best friend is moving to another city next month.
W: I'm sorry to hear that. You can still keep in touch online.","M: My best friend is moving to another city next month.
W: I'm sorry to hear that. You can still keep in touch online.",https://audio.bigmooneducation.com/69/69cdfd1a1dfc006dfe176eef70cf74d072b0d93d75374ccbd3c0c1968681f561.mp3,https://degqpiiddkxcuzwombwp.supabase.co/storage/v1/object/public/tts-audio/69/69cdfd1a1dfc006dfe176eef70cf74d072b0d93d75374ccbd3c0c1968681f561.mp3,junior_listening:76afa4d1-a6d0-4fde-9958-dd57f9a22aab
cleanForTTS 修正前的旧 key,"openai|nova|0.85||M: Have you ever won a prize, Lin?
W: Yes! I won first place in the school singing contest last month.","M: Have you ever won a prize, Lin?
W: Yes! I won first place in the school singing contest last month.",https://audio.bigmooneducation.com/69/69dad908ba5dc56b049f57a358bb67ae2df39931926581cb66ce0523fd84f0f7.mp3,https://degqpiiddkxcuzwombwp.supabase.co/storage/v1/object/public/tts-audio/69/69dad908ba5dc56b049f57a358bb67ae2df39931926581cb66ce0523fd84f0f7.mp3,junior_listening:7e219dca-57dd-4131-a006-9565e9dd9ef5
cleanForTTS 修正前的旧 key,"openai|nova|0.85||W: Do you enjoy watching soap operas, Tom?
M: Not really. I prefer watching news and sports.","W: Do you enjoy watching soap operas, Tom?
M: Not really. I prefer watching news and sports.",https://audio.bigmooneducation.com/f1/f1230aed3cdb35ee6d0d2cdadae8c961825d0d2240106a6444bb236269541071.mp3,https://degqpiiddkxcuzwombwp.supabase.co/storage/v1/object/public/tts-audio/f1/f1230aed3cdb35ee6d0d2cdadae8c961825d0d2240106a6444bb236269541071.mp3,junior_listening:7e2758e3-3d88-4594-8aa8-4b95323f9a19
cleanForTTS 修正前的旧 key,"openai|nova|0.85||W: What do you want to be when you grow up, Mike?
M: I want to be a doctor like my mother. I want to help people.","W: What do you want to be when you grow up, Mike?
M: I want to be a doctor like my mother. I want to help people.",https://audio.bigmooneducation.com/71/71199729a54e3f890fdef1406164252a437e1cd978025a70cfc45d2a17bd87e8.mp3,https://degqpiiddkxcuzwombwp.supabase.co/storage/v1/object/public/tts-audio/71/71199729a54e3f890fdef1406164252a437e1cd978025a70cfc45d2a17bd87e8.mp3,junior_listening:80565047-ac8f-47cc-80e6-526fa13a6293
cleanForTTS 修正前的旧 key,"openai|nova|0.85||W: Ben, you look stressed lately. Is everything OK?
M: I've been worried about the entrance exam. I can't sleep well.
W: That's tough. How long have you felt this way?
M: For about two months now. I study late every night.
W: You should talk to someone. Have you considered seeing the school counselor?
M: I haven't, but maybe I should.
W: Also, taking breaks and exercising can help reduce stress.
M: I'll try to add some exercise to my daily routine.
W: That's great. Remember, your health comes first.
M: Thanks for the advice, Sara. I really appreciate it.","W: Ben, you look stressed lately. Is everything OK?
M: I've been worried about the entrance exam. I can't sleep well.
W:",https://audio.bigmooneducation.com/fa/fa571f558f43046afdb03ba938fc9064fa48b56e8cb55e10f02ea52020fbacd4.mp3,https://degqpiiddkxcuzwombwp.supabase.co/storage/v1/object/public/tts-audio/fa/fa571f558f43046afdb03ba938fc9064fa48b56e8cb55e10f02ea52020fbacd4.mp3,junior_listening:834b588b-8354-4e91-aec0-ee4f6b5b8c58
cleanForTTS 修正前的旧 key,"openai|nova|0.85||W: Hi Tom! How was your summer holiday?
M: It was amazing! My family and I went to Yunnan for two weeks.
W: Yunnan? That sounds wonderful. Where exactly did you go?
M: We visited Kunming, Dali, and Lijiang. Lijiang was my favorite — the old town is so beautiful at night.
W: How was the weather there?
M: Much cooler than Shanghai. We needed jackets in the evening, even in August.
W: Did you try any local food?
M: Yes! We had crossing-the-bridge noodles in Kunming. The soup was really hot but delicious.
W: I want to go there too. How long did it take to travel from city to city?
M: About 3-4 hours by bus. Yunnan is bigger than I thought. You should plan at least 10 days for a trip.","W: Hi Tom! How was your summer holiday?
M: It was amazing! My family and I went to Yunnan for two weeks.
W: Yunnan? That",https://audio.bigmooneducation.com/69/69fac9ad072c5745136e897fe0f42110f3c4b67d7e471a080042b1d47aa3b328.mp3,https://degqpiiddkxcuzwombwp.supabase.co/storage/v1/object/public/tts-audio/69/69fac9ad072c5745136e897fe0f42110f3c4b67d7e471a080042b1d47aa3b328.mp3,junior_listening:8aa9c8bb-125b-44fd-a863-12bbcc0cf133
cleanForTTS 修正前的旧 key,"openai|nova|0.85||W: I'm going to an art exhibition this weekend. Want to come?
M: Sure, I love modern art.","W: I'm going to an art exhibition this weekend. Want to come?
M: Sure, I love modern art.",https://audio.bigmooneducation.com/36/364960c833c941ddb23847825822b6ed033d4bed433b3de11fee1d1f8f858ffc.mp3,https://degqpiiddkxcuzwombwp.supabase.co/storage/v1/object/public/tts-audio/36/364960c833c941ddb23847825822b6ed033d4bed433b3de11fee1d1f8f858ffc.mp3,junior_listening:8c4a7a8a-f9d4-4443-8c53-429b1e19ae29
cleanForTTS 修正前的旧 key,"openai|nova|0.85||W: Should I go to the party tonight, Mike?
M: If you go, you'll have a great time. But if you stay home, you can finish your project.","W: Should I go to the party tonight, Mike?
M: If you go, you'll have a great time. But if you stay home, you can finish ",https://audio.bigmooneducation.com/ae/ae13bcd69209b750d01f851c787455eb5dac7346c3240e4a554604a04da1f900.mp3,https://degqpiiddkxcuzwombwp.supabase.co/storage/v1/object/public/tts-audio/ae/ae13bcd69209b750d01f851c787455eb5dac7346c3240e4a554604a04da1f900.mp3,junior_listening:8c4db50d-0802-43e0-b365-bbb6270f2e9a
cleanForTTS 修正前的旧 key,"openai|nova|0.85||M: Lin, what are you going to do during the winter holiday?
W: I'm going to visit my grandma in the countryside. We'll stay there for a week.","M: Lin, what are you going to do during the winter holiday?
W: I'm going to visit my grandma in the countryside. We'll s",https://audio.bigmooneducation.com/f3/f3bb2ec78158bb0bc969754bf8d08315e24cee54f4a7d1108048a2e9d10d3454.mp3,https://degqpiiddkxcuzwombwp.supabase.co/storage/v1/object/public/tts-audio/f3/f3bb2ec78158bb0bc969754bf8d08315e24cee54f4a7d1108048a2e9d10d3454.mp3,junior_listening:8d769265-ad95-4bd2-9728-f8e493aa0e69
cleanForTTS 修正前的旧 key,"openai|nova|0.85||W: Tom, what happened to your phone screen? It's cracked!
M: I dropped it while I was running for the bus this morning.","W: Tom, what happened to your phone screen? It's cracked!
M: I dropped it while I was running for the bus this morning.",https://audio.bigmooneducation.com/43/43e06f9855e5f4311b2cb3968ab5fa05243c45a4aab15c7f0bcc85017b3b5082.mp3,https://degqpiiddkxcuzwombwp.supabase.co/storage/v1/object/public/tts-audio/43/43e06f9855e5f4311b2cb3968ab5fa05243c45a4aab15c7f0bcc85017b3b5082.mp3,junior_listening:8f2a2a8b-19b9-42b5-b201-e8c54f9fb597
cleanForTTS 修正前的旧 key,"openai|nova|0.85||W: Tom, what are you doing this Saturday? Want to hang out?
M: Sure! What did you have in mind?
W: How about going to the new science museum? They have a special robot exhibit this month.
M: Sounds fun! What time should we meet?
W: Let's meet at 10 a.m. at the subway station. We can grab coffee on the way.
M: Perfect. Should we invite Lin too?
W: Good idea! She loves science. I'll send her a message.
M: After the museum, would you like to have lunch together?
W: Yes! There's a great Chinese restaurant nearby. They make amazing dumplings.
M: I love dumplings! What time does the museum close?
W: At 5 p.m. So we have plenty of time. Maybe we can also see a movie afterwards?
M: That sounds like a perfect Saturday!","W: Tom, what are you doing this Saturday? Want to hang out?
M: Sure! What did you have in mind?
W: How about going to th",https://audio.bigmooneducation.com/5f/5ff84401c1c233b581c443d5c1f6f24d5363fb3a81e334c647ee1b566cda6ab5.mp3,https://degqpiiddkxcuzwombwp.supabase.co/storage/v1/object/public/tts-audio/5f/5ff84401c1c233b581c443d5c1f6f24d5363fb3a81e334c647ee1b566cda6ab5.mp3,junior_listening:90ef93ff-0da5-4837-8e59-e480d43311a0
cleanForTTS 修正前的旧 key,"openai|nova|0.85||M: How much did you pay for that backpack?
W: It was 200 yuan, but I got 20% off.","M: How much did you pay for that backpack?
W: It was 200 yuan, but I got 20% off.",https://audio.bigmooneducation.com/82/822e9d9547bb94cb03621cc8bb14d223a7de4f2ade8386b688b4a90d23cc89a6.mp3,https://degqpiiddkxcuzwombwp.supabase.co/storage/v1/object/public/tts-audio/82/822e9d9547bb94cb03621cc8bb14d223a7de4f2ade8386b688b4a90d23cc89a6.mp3,junior_listening:937b3fe4-4303-45cb-b52f-f5ab9ac86152
cleanForTTS 修正前的旧 key,"openai|nova|0.85||M: I'm going to buy a new phone this weekend.
W: Why? Your phone looks fine to me.","M: I'm going to buy a new phone this weekend.
W: Why? Your phone looks fine to me.",https://audio.bigmooneducation.com/7e/7e422fe524459e8f943ce22d7c9620fff2a8840acde1fbd1d1405f68cd8bf3a9.mp3,https://degqpiiddkxcuzwombwp.supabase.co/storage/v1/object/public/tts-audio/7e/7e422fe524459e8f943ce22d7c9620fff2a8840acde1fbd1d1405f68cd8bf3a9.mp3,junior_listening:93e1e05a-7e24-4426-9da9-01e732e47cd2
cleanForTTS 修正前的旧 key,"openai|nova|0.85||M: Sophie, where did you go on Saturday morning?
W: I joined a volunteer activity at the city library.
M: That sounds interesting. What did you do?
W: We organized a reading event for kids from 6 to 10 years old.
M: How many kids came?
W: About 25. We read stories and helped them with crafts.
M: Was it tiring?
W: A little, but very rewarding. The kids were so enthusiastic.
M: How did you get involved?
W: I signed up through the volunteer center website. They have many opportunities.
M: I'd like to try too. Can you send me the link?","M: Sophie, where did you go on Saturday morning?
W: I joined a volunteer activity at the city library.
M: That sounds in",https://audio.bigmooneducation.com/eb/eb1e9cda6e460a0de0fb8cc8a87b2c325a05cde5f5fc0e6aa2c31ada3630cef6.mp3,https://degqpiiddkxcuzwombwp.supabase.co/storage/v1/object/public/tts-audio/eb/eb1e9cda6e460a0de0fb8cc8a87b2c325a05cde5f5fc0e6aa2c31ada3630cef6.mp3,junior_listening:93f48d3b-b1ba-4769-91db-6de7227e255b
cleanForTTS 修正前的旧 key,"openai|nova|0.85||M: Lisa, I heard you spent last summer studying in Australia?
W: Yes, I attended an English summer camp in Sydney for 4 weeks.
M: How was it?
W: Eye-opening. We had classes in the morning and explored the city in the afternoons.
M: Did you make friends?
W: Yes, students from 10 different countries! I still chat with my Japanese roommate online.
M: What was the most challenging part?
W: Adjusting to the food and the time difference. But I learned to cook some Australian dishes.
M: Would you do it again?
W: Absolutely! It made me more independent and broadened my view of the world.","M: Lisa, I heard you spent last summer studying in Australia?
W: Yes, I attended an English summer camp in Sydney for 4 ",https://audio.bigmooneducation.com/a8/a89d7d4ed8f13dc187e81fa5cc26c84562eb3cb07387eafd294dd604b6e012e2.mp3,https://degqpiiddkxcuzwombwp.supabase.co/storage/v1/object/public/tts-audio/a8/a89d7d4ed8f13dc187e81fa5cc26c84562eb3cb07387eafd294dd604b6e012e2.mp3,junior_listening:93f6823d-fb75-4a51-a46b-dcd8dcf9ef71
cleanForTTS 修正前的旧 key,"openai|nova|0.85||W: What are your plans for next year, Tom?
M: I'm going to work harder on math and join the school basketball team.","W: What are your plans for next year, Tom?
M: I'm going to work harder on math and join the school basketball team.",https://audio.bigmooneducation.com/43/432ba416d0e4fb2173b666baaee6e919dab194116ddad16637327e9d2d179f78.mp3,https://degqpiiddkxcuzwombwp.supabase.co/storage/v1/object/public/tts-audio/43/432ba416d0e4fb2173b666baaee6e919dab194116ddad16637327e9d2d179f78.mp3,junior_listening:99fc44d9-2cfe-441b-9696-e9c4b3c32465
cleanForTTS 修正前的旧 key,"openai|nova|0.85||W: Do you want to come over for dinner tonight? I'm making dumplings.
M: Sounds great, but I have to study for tomorrow's test. Maybe next time?","W: Do you want to come over for dinner tonight? I'm making dumplings.
M: Sounds great, but I have to study for tomorrow'",https://audio.bigmooneducation.com/3c/3c435a95b59eef45c18e537124ea10e1634d61f92abea46830e160ead74818a8.mp3,https://degqpiiddkxcuzwombwp.supabase.co/storage/v1/object/public/tts-audio/3c/3c435a95b59eef45c18e537124ea10e1634d61f92abea46830e160ead74818a8.mp3,junior_listening:9d5995c3-2e54-4df0-b7a1-8ec60ffde6f8
cleanForTTS 修正前的旧 key,"openai|nova|0.85||W: Jack, I heard our school is starting a recycling project. Are you joining?
M: Yes! I'm actually one of the organizers.
W: That's great. What does it involve?
M: We collect plastic bottles, paper and cans across the campus weekly.
W: How does the school benefit?
M: We sell them and use the money to plant trees on campus.
W: How many trees have you planted so far?
M: Over 50 in the past year. We aim for 100 by next summer.
W: Amazing! Can I help?
M: Definitely! We meet every Friday afternoon at 4.","W: Jack, I heard our school is starting a recycling project. Are you joining?
M: Yes! I'm actually one of the organizers",https://audio.bigmooneducation.com/4c/4c38d31613c2c9a0f15d03d58117d15fcfaaaee5586aacbf08e1ee3921de3b41.mp3,https://degqpiiddkxcuzwombwp.supabase.co/storage/v1/object/public/tts-audio/4c/4c38d31613c2c9a0f15d03d58117d15fcfaaaee5586aacbf08e1ee3921de3b41.mp3,junior_listening:9f48a989-f945-416d-98e6-b19bf167f3d0
cleanForTTS 修正前的旧 key,"openai|nova|0.85||W: How will people travel in 50 years, do you think?
M: I think we'll have flying cars and travel to the moon for vacation.","W: How will people travel in 50 years, do you think?
M: I think we'll have flying cars and travel to the moon for vacati",https://audio.bigmooneducation.com/bf/bf9e6e2c810ee301e2b32e653d02f2c110147f893b9129e8862457a6d8f747bc.mp3,https://degqpiiddkxcuzwombwp.supabase.co/storage/v1/object/public/tts-audio/bf/bf9e6e2c810ee301e2b32e653d02f2c110147f893b9129e8862457a6d8f747bc.mp3,junior_listening:9f826ea9-bb2f-437a-a055-9f4841c364e4
cleanForTTS 修正前的旧 key,"openai|nova|0.85||M: My dream is to travel around the world someday.
W: That sounds amazing! I hope to study abroad after graduation.","M: My dream is to travel around the world someday.
W: That sounds amazing! I hope to study abroad after graduation.",https://audio.bigmooneducation.com/76/76b2348f21e5f120b83f562bab458214ee512b0a025cdb2b9340277f352c50eb.mp3,https://degqpiiddkxcuzwombwp.supabase.co/storage/v1/object/public/tts-audio/76/76b2348f21e5f120b83f562bab458214ee512b0a025cdb2b9340277f352c50eb.mp3,junior_listening:a3907e7a-f043-4b73-8fe1-cdabe5543be9
cleanForTTS 修正前的旧 key,"openai|nova|0.85||M: What's your favorite type of music?
W: I love classical music. It helps me focus when studying.","M: What's your favorite type of music?
W: I love classical music. It helps me focus when studying.",https://audio.bigmooneducation.com/9d/9dadb32ba677933631d2d00506a04ad9b64c23f595e1d097e3e9966123344133.mp3,https://degqpiiddkxcuzwombwp.supabase.co/storage/v1/object/public/tts-audio/9d/9dadb32ba677933631d2d00506a04ad9b64c23f595e1d097e3e9966123344133.mp3,junior_listening:a79b8727-1556-4f45-9011-184da5bb055b
cleanForTTS 修正前的旧 key,"openai|nova|0.85||M: I had a fight with my best friend. What should I do?
W: You should apologize first. A real friendship is worth saving.","M: I had a fight with my best friend. What should I do?
W: You should apologize first. A real friendship is worth saving",https://audio.bigmooneducation.com/0d/0da4c405dd9be24e5f73096161f23e281f417426dfcb0da706845b25a4d4ee7c.mp3,https://degqpiiddkxcuzwombwp.supabase.co/storage/v1/object/public/tts-audio/0d/0da4c405dd9be24e5f73096161f23e281f417426dfcb0da706845b25a4d4ee7c.mp3,junior_listening:a894bc12-ad14-485f-b302-c122c5c2c275
cleanForTTS 修正前的旧 key,"openai|nova|0.85||W: Did you finish the project on time?
M: Yes, but I had to stay up late for two nights.","W: Did you finish the project on time?
M: Yes, but I had to stay up late for two nights.",https://audio.bigmooneducation.com/81/81737820c839d2b7191d6285e972e9c0e94bd5555182e966294e89e5b3588f51.mp3,https://degqpiiddkxcuzwombwp.supabase.co/storage/v1/object/public/tts-audio/81/81737820c839d2b7191d6285e972e9c0e94bd5555182e966294e89e5b3588f51.mp3,junior_listening:a8c33932-a894-4616-85ef-b2d07c670eb7
cleanForTTS 修正前的旧 key,"openai|nova|0.85||M: How many books do you read in a month?
W: Usually 3 to 4. Reading is my biggest hobby.","M: How many books do you read in a month?
W: Usually 3 to 4. Reading is my biggest hobby.",https://audio.bigmooneducation.com/32/3264978804fe6de602f44e3c53b1dea9cb06b68b2150fa354f65f0c313ef268a.mp3,https://degqpiiddkxcuzwombwp.supabase.co/storage/v1/object/public/tts-audio/32/3264978804fe6de602f44e3c53b1dea9cb06b68b2150fa354f65f0c313ef268a.mp3,junior_listening:aaa73e30-c81f-4b1d-ae5b-4bbc76716d8f
cleanForTTS 修正前的旧 key,"openai|nova|0.85||M: Are you celebrating Spring Festival traditionally this year?
W: Yes, but with some modern twists. We use video calls to connect with relatives abroad.
M: That's a nice mix. Do you still make dumplings together?
W: Of course! That's the highlight of our family celebration.
M: How many do you make?
W: Hundreds! We make different fillings — pork, vegetables, even seafood.
M: What about the New Year's Eve dinner?
W: We go to my grandmother's house. She prepares 12 dishes for good luck.
M: Why 12?
W: Each dish represents a month of the new year, full of good wishes.","M: Are you celebrating Spring Festival traditionally this year?
W: Yes, but with some modern twists. We use video calls ",https://audio.bigmooneducation.com/26/26c1d891e6c6affc6bc4383032f79c7f1b23003b7dcddf4a540e4c7d9779fc83.mp3,https://degqpiiddkxcuzwombwp.supabase.co/storage/v1/object/public/tts-audio/26/26c1d891e6c6affc6bc4383032f79c7f1b23003b7dcddf4a540e4c7d9779fc83.mp3,junior_listening:ae36d028-f8c8-47b7-981a-d8f85db8b2f4
cleanForTTS 修正前的旧 key,"openai|nova|0.85||M: How was your trip to Yunnan, Mom?
W: Wonderful! The weather was perfect and the food was amazing.","M: How was your trip to Yunnan, Mom?
W: Wonderful! The weather was perfect and the food was amazing.",https://audio.bigmooneducation.com/06/06311f4e96301b9c899d5e3c673480f9356b71e32ea29af3577a10398c653e3c.mp3,https://degqpiiddkxcuzwombwp.supabase.co/storage/v1/object/public/tts-audio/06/06311f4e96301b9c899d5e3c673480f9356b71e32ea29af3577a10398c653e3c.mp3,junior_listening:b0d8d946-9d5a-486d-b5bf-b02aab6f783b
cleanForTTS 修正前的旧 key,"openai|nova|0.85||M: You look tired today. Did you sleep well?
W: Not really. I was preparing for the speech contest until midnight.","M: You look tired today. Did you sleep well?
W: Not really. I was preparing for the speech contest until midnight.",https://audio.bigmooneducation.com/99/99189f62f305748eec028ec888c079a96a0288ceec1c172c9236121d7459af59.mp3,https://degqpiiddkxcuzwombwp.supabase.co/storage/v1/object/public/tts-audio/99/99189f62f305748eec028ec888c079a96a0288ceec1c172c9236121d7459af59.mp3,junior_listening:b3568bc1-c78f-49d7-a4fc-e1bd8ac0e0bb
cleanForTTS 修正前的旧 key,"openai|nova|0.85||M: Lily, what do you want to be in the future?
W: I want to be a doctor. Specifically, a pediatrician.
M: Why pediatrics?
W: I love working with children. They're full of innocence and hope.
M: That requires many years of study.
W: Yes, about 8 years total — university plus residency.
M: That's a long path. What inspired you?
W: My younger brother had a serious illness when I was 10. The doctor saved his life.
M: That's a powerful experience.
W: Yes. From that moment, I knew I wanted to help children too.","M: Lily, what do you want to be in the future?
W: I want to be a doctor. Specifically, a pediatrician.
M: Why pediatrics",https://audio.bigmooneducation.com/01/01fef1c99cc8199b4867a9edfe4488293e06cff5b9937e44e309c505e62554c0.mp3,https://degqpiiddkxcuzwombwp.supabase.co/storage/v1/object/public/tts-audio/01/01fef1c99cc8199b4867a9edfe4488293e06cff5b9937e44e309c505e62554c0.mp3,junior_listening:b60c032f-e514-4dd0-acac-35e711a349c0
cleanForTTS 修正前的旧 key,"openai|nova|0.85||M: Do you help with the housework at home?
W: Yes, I always make my bed and sometimes cook dinner.","M: Do you help with the housework at home?
W: Yes, I always make my bed and sometimes cook dinner.",https://audio.bigmooneducation.com/85/85ca715b6affa568a65cba2aa338e1794976796fa055a3243c366bf30d7c1af1.mp3,https://degqpiiddkxcuzwombwp.supabase.co/storage/v1/object/public/tts-audio/85/85ca715b6affa568a65cba2aa338e1794976796fa055a3243c366bf30d7c1af1.mp3,junior_listening:b916bf24-d097-458a-bb21-011f0e065b34
cleanForTTS 修正前的旧 key,"openai|nova|0.85||W: Tom! I heard you finished your first marathon last weekend! Congratulations!
M: Thank you! It was the hardest thing I've ever done.
W: How long was the race?
M: 42 kilometers. I never thought I could run that far.
W: How did you train?
M: I've been training for six months. I started with 5 km, then 10, 20, and finally up to 35.
W: Did you reach your goal time?
M: My goal was to finish in 5 hours. I actually finished in 4 hours and 45 minutes!
W: Wow, even better than your goal! How did you feel at the end?
M: Tired but very proud. My family came to cheer for me. My little sister was so excited.
W: What was the hardest part?
M: The last 5 km. My legs were so heavy. But the cheering crowd kept me going.
W: Will you do another one?
M: Definitely! I've already signed up for another race in October. I want to improve my time.
W: You're really inspiring, Tom. Maybe I should try running too.
M: You should! Start small. Anyone can train if they really want to.","W: Tom! I heard you finished your first marathon last weekend! Congratulations!
M: Thank you! It was the hardest thing I",https://audio.bigmooneducation.com/48/4879fa6775988da44f8b7ae76df553f7a76f4ed6870186069afe8583887ba502.mp3,https://degqpiiddkxcuzwombwp.supabase.co/storage/v1/object/public/tts-audio/48/4879fa6775988da44f8b7ae76df553f7a76f4ed6870186069afe8583887ba502.mp3,junior_listening:b9cf43a1-e807-4d43-aa60-eb2d527ce41e
cleanForTTS 修正前的旧 key,"openai|nova|0.85||M: Reading is my favorite hobby. What about you?
W: I love painting. It's relaxing after a long day.","M: Reading is my favorite hobby. What about you?
W: I love painting. It's relaxing after a long day.",https://audio.bigmooneducation.com/d5/d53dfaab3c1d26e6cfbe39c5b618c8bef10b339816c1b993e0a69abbde336096.mp3,https://degqpiiddkxcuzwombwp.supabase.co/storage/v1/object/public/tts-audio/d5/d53dfaab3c1d26e6cfbe39c5b618c8bef10b339816c1b993e0a69abbde336096.mp3,junior_listening:bbff1d4d-5210-4b53-a4a2-87b5d7c4f71e
cleanForTTS 修正前的旧 key,"openai|nova|0.85||W: Do you think robots will replace teachers in the future?
M: No, I don't think so. Teachers are too important to be replaced.","W: Do you think robots will replace teachers in the future?
M: No, I don't think so. Teachers are too important to be re",https://audio.bigmooneducation.com/4c/4cdfad562235d79ef819d08e087d6a12bf657b814ea4027684ccdfc1afccefc1.mp3,https://degqpiiddkxcuzwombwp.supabase.co/storage/v1/object/public/tts-audio/4c/4cdfad562235d79ef819d08e087d6a12bf657b814ea4027684ccdfc1afccefc1.mp3,junior_listening:bd4ddc9e-017d-4115-a30a-5467258be3aa
cleanForTTS 修正前的旧 key,"openai|nova|0.85||M: What shall we do this Saturday?
W: How about going hiking? The weather forecast says it will be sunny.","M: What shall we do this Saturday?
W: How about going hiking? The weather forecast says it will be sunny.",https://audio.bigmooneducation.com/1d/1d593ded9818a1149d43df47f23c1f74262a6610c1a76a410aed369b41a55c51.mp3,https://degqpiiddkxcuzwombwp.supabase.co/storage/v1/object/public/tts-audio/1d/1d593ded9818a1149d43df47f23c1f74262a6610c1a76a410aed369b41a55c51.mp3,junior_listening:cad24e87-2ff5-4acf-aacc-06543b49d611
cleanForTTS 修正前的旧 key,"openai|nova|0.85||M: Did you have a good summer holiday, Lily?
W: Yes, I went to Sanya with my family. The beach was so beautiful!","M: Did you have a good summer holiday, Lily?
W: Yes, I went to Sanya with my family. The beach was so beautiful!",https://audio.bigmooneducation.com/d5/d545e94020bd51b79f873012d4db013edb678b5fe0461c95ba3852669f03ab48.mp3,https://degqpiiddkxcuzwombwp.supabase.co/storage/v1/object/public/tts-audio/d5/d545e94020bd51b79f873012d4db013edb678b5fe0461c95ba3852669f03ab48.mp3,junior_listening:d0e0de62-82a3-4f45-86aa-f488cded22c9
cleanForTTS 修正前的旧 key,"openai|nova|0.85||W: Have you tried using AI tools to help with study?
M: Yes, I use them to check grammar in my English essays.
W: Aren't you worried they might give wrong answers?
M: That's why I always double-check with my teacher.
W: Smart approach. What other tools do you use?
M: I use online dictionaries and language exchange apps.
W: How do they help you?
M: I practice English with native speakers from different countries.
W: That sounds interesting. Where do you find them?
M: There's an app where students from around the world can practice languages together.","W: Have you tried using AI tools to help with study?
M: Yes, I use them to check grammar in my English essays.
W: Aren't",https://audio.bigmooneducation.com/5a/5a6cfd4b18a3d21ec66310263830206f144daeb188380b427f1edb608bbbd685.mp3,https://degqpiiddkxcuzwombwp.supabase.co/storage/v1/object/public/tts-audio/5a/5a6cfd4b18a3d21ec66310263830206f144daeb188380b427f1edb608bbbd685.mp3,junior_listening:d3d5f936-0542-4e85-ba84-38e2ee0d5247
cleanForTTS 修正前的旧 key,"openai|nova|0.85||M: How do you feel about online learning?
W: It's convenient, but I miss interacting with classmates in person.","M: How do you feel about online learning?
W: It's convenient, but I miss interacting with classmates in person.",https://audio.bigmooneducation.com/cb/cb71950097cc826f17163261fa2bb286aa30d556176ecf12692ae05c800f85d1.mp3,https://degqpiiddkxcuzwombwp.supabase.co/storage/v1/object/public/tts-audio/cb/cb71950097cc826f17163261fa2bb286aa30d556176ecf12692ae05c800f85d1.mp3,junior_listening:d4b66862-5073-4693-bf57-3110b1df130d
cleanForTTS 修正前的旧 key,"openai|nova|0.85||W: Tony, you've lost weight! What's your secret?
M: I started a fitness program 3 months ago.
W: Tell me about it!
M: I exercise for 1 hour daily — running, swimming and weight training.
W: What about your diet?
M: I cut down on sugar and fried food. I eat more fruits, vegetables and lean protein.
W: Is it hard to maintain?
M: At first, yes. But after 2 months, it became natural.
W: How much weight have you lost?
M: About 8 kilograms. But more importantly, I feel much stronger and more energetic.","W: Tony, you've lost weight! What's your secret?
M: I started a fitness program 3 months ago.
W: Tell me about it!
M: I ",https://audio.bigmooneducation.com/f0/f0e122d3ab6ca4327535508534c870e9e6693d529454cf84b2da0aa935573abc.mp3,https://degqpiiddkxcuzwombwp.supabase.co/storage/v1/object/public/tts-audio/f0/f0e122d3ab6ca4327535508534c870e9e6693d529454cf84b2da0aa935573abc.mp3,junior_listening:d618f162-6a5e-46c4-9906-36b29c2d16da
cleanForTTS 修正前的旧 key,"openai|nova|0.85||M: Lin, I can't decide between two summer camps. Can you help me?
W: Sure! What are the two options?
M: One is a math camp in Beijing, the other is an English camp in Shanghai. Both are two weeks.
W: Hmm. If you go to the math camp, what will you learn?
M: Advanced math and how to solve competition problems.
W: And the English camp?
M: I'll practice speaking with foreign teachers and improve my listening.
W: Which one do you need more right now?
M: My math is OK, but my English speaking is weak. If I go to the English camp, I'll feel more confident.
W: Then go to the English camp! If you don't practice now, you might miss this great chance.
M: But the math camp has a competition at the end. I could win a prize.
W: If a prize is more important than improving English, choose math. Otherwise, choose English.
M: You're right. I'll go to the English camp. Thanks for helping me decide!","M: Lin, I can't decide between two summer camps. Can you help me?
W: Sure! What are the two options?
M: One is a math ca",https://audio.bigmooneducation.com/b1/b13a3f6ff1f8dd8b19fa11c6dc796c1525c84661dfe12a5a552f2a9231db9591.mp3,https://degqpiiddkxcuzwombwp.supabase.co/storage/v1/object/public/tts-audio/b1/b13a3f6ff1f8dd8b19fa11c6dc796c1525c84661dfe12a5a552f2a9231db9591.mp3,junior_listening:d641e9ef-f8d3-4e8a-92a9-88424da465f7
cleanForTTS 修正前的旧 key,"openai|nova|0.85||M: Emma, your painting won first prize in the city competition!
W: Thank you! I worked on it for 3 months.
M: Tell me about it. What's the theme?
W: It's called ""Hope"". I drew children planting trees on a hillside.
M: That's beautiful. Why this theme?
W: I wanted to show that the future is in young people's hands.
M: How long have you been painting?
W: Since I was 8 years old. My grandmother taught me.
M: Will you continue painting in high school?
W: Definitely. I want to apply to art universities someday.","M: Emma, your painting won first prize in the city competition!
W: Thank you! I worked on it for 3 months.
M: Tell me ab",https://audio.bigmooneducation.com/d7/d71a25c44c1b0124aad494418c56e4c135f251ddc11fc8be9681b5f38e118c36.mp3,https://degqpiiddkxcuzwombwp.supabase.co/storage/v1/object/public/tts-audio/d7/d71a25c44c1b0124aad494418c56e4c135f251ddc11fc8be9681b5f38e118c36.mp3,junior_listening:d64926be-be2a-4284-83ca-b2fda8c52a8c
cleanForTTS 修正前的旧 key,"openai|nova|0.85||W: Where will you go for the summer vacation?
M: My family is planning a trip to Yunnan to see the beautiful scenery.","W: Where will you go for the summer vacation?
M: My family is planning a trip to Yunnan to see the beautiful scenery.",https://audio.bigmooneducation.com/fd/fde3845a6f07b8f66d146a107f5ab3a5c72afd418045d8d4d9e8d267510ef39c.mp3,https://degqpiiddkxcuzwombwp.supabase.co/storage/v1/object/public/tts-audio/fd/fde3845a6f07b8f66d146a107f5ab3a5c72afd418045d8d4d9e8d267510ef39c.mp3,junior_listening:da44553a-d688-4ff1-8a3c-c125289e57fb
cleanForTTS 修正前的旧 key,"openai|nova|0.85||M: After high school, what's your plan?
W: I want to study abroad and become a translator.","M: After high school, what's your plan?
W: I want to study abroad and become a translator.",https://audio.bigmooneducation.com/7b/7b4b14b67e9d3840ff66c35788c57c57ba83714e55afa2030688e5f0501766fc.mp3,https://degqpiiddkxcuzwombwp.supabase.co/storage/v1/object/public/tts-audio/7b/7b4b14b67e9d3840ff66c35788c57c57ba83714e55afa2030688e5f0501766fc.mp3,junior_listening:daac1454-d1f8-4fec-bc5b-eeddbc426ae2
cleanForTTS 修正前的旧 key,"openai|nova|0.85||M: Is your sister as outgoing as you, Lin?
W: No, she's much quieter. I'm more talkative than her.","M: Is your sister as outgoing as you, Lin?
W: No, she's much quieter. I'm more talkative than her.",https://audio.bigmooneducation.com/cc/cc34e8ed7c379e82dfce5779507722339491a1ae1a6189c38c67b0e51df96a75.mp3,https://degqpiiddkxcuzwombwp.supabase.co/storage/v1/object/public/tts-audio/cc/cc34e8ed7c379e82dfce5779507722339491a1ae1a6189c38c67b0e51df96a75.mp3,junior_listening:db435e7d-5be8-47d3-b3d0-5307faf7774c
cleanForTTS 修正前的旧 key,"openai|nova|0.85||M: Mom, why do I have to do so many chores? My friends don't!
W: Tom, doing chores teaches you responsibility. It's an important life skill.
M: But my friends spend their weekends playing. I have to clean and cook!
W: Listen, you don't have to cook every day, just on Saturdays. And I always help.
M: What chores does Lily do? She's younger than me.
W: She has to feed the cat and water the plants every day. She also folds her own laundry.
M: That's easier than my chores!
W: That's because she's younger. As you grow up, your responsibilities grow too.
M: When can I stop doing chores?
W: Never, Tom. Even adults do chores. But you'll thank me one day. Many of my friends couldn't cook when they got married. You won't have that problem.
M: I see your point. Maybe I should be grateful instead of complaining.
W: That's the spirit! Now please take out the trash before dinner.","M: Mom, why do I have to do so many chores? My friends don't!
W: Tom, doing chores teaches you responsibility. It's an i",https://audio.bigmooneducation.com/62/62c3ba77dc0581408d277f1f4dc54d05e0e364276217985b159c1f4965fb3230.mp3,https://degqpiiddkxcuzwombwp.supabase.co/storage/v1/object/public/tts-audio/62/62c3ba77dc0581408d277f1f4dc54d05e0e364276217985b159c1f4965fb3230.mp3,junior_listening:dc757ff1-06c2-40f6-a4c0-d108561d657a
cleanForTTS 修正前的旧 key,"openai|nova|0.85||W: Did you take the bus or subway today?
M: Neither. I biked because of the nice weather.","W: Did you take the bus or subway today?
M: Neither. I biked because of the nice weather.",https://audio.bigmooneducation.com/c8/c80adb83f4a4431d61842a98c0ac4b1096c89eba3fad243926365077a83a9b1b.mp3,https://degqpiiddkxcuzwombwp.supabase.co/storage/v1/object/public/tts-audio/c8/c80adb83f4a4431d61842a98c0ac4b1096c89eba3fad243926365077a83a9b1b.mp3,junior_listening:dccdec2f-bc33-4bcd-a754-12748ef1713e
cleanForTTS 修正前的旧 key,"openai|nova|0.85||W: Would you mind helping me with the dishes after dinner?
M: Not at all. I'll wash and you can dry.","W: Would you mind helping me with the dishes after dinner?
M: Not at all. I'll wash and you can dry.",https://audio.bigmooneducation.com/64/64d25a9c1247508de29c08684d5c0da85cde45411c1823a415d5425a931d60ee.mp3,https://degqpiiddkxcuzwombwp.supabase.co/storage/v1/object/public/tts-audio/64/64d25a9c1247508de29c08684d5c0da85cde45411c1823a415d5425a931d60ee.mp3,junior_listening:dd1b93fe-730d-4ad2-ae57-ca1b8df899a4
cleanForTTS 修正前的旧 key,"openai|nova|0.85||W: Where did you volunteer last summer, Tom?
M: I taught English to children in a small village for two weeks.","W: Where did you volunteer last summer, Tom?
M: I taught English to children in a small village for two weeks.",https://audio.bigmooneducation.com/7e/7e10853fcbe3deb406f71b816fd546976106ba38f09fb09a8c87563414e0ed9c.mp3,https://degqpiiddkxcuzwombwp.supabase.co/storage/v1/object/public/tts-audio/7e/7e10853fcbe3deb406f71b816fd546976106ba38f09fb09a8c87563414e0ed9c.mp3,junior_listening:de6753a0-5bf3-4b24-9706-d55f6a30f68b
cleanForTTS 修正前的旧 key,"openai|nova|0.85||M: Why did the train arrive so late?
W: There was a heavy rainstorm last night. It blocked some of the tracks.","M: Why did the train arrive so late?
W: There was a heavy rainstorm last night. It blocked some of the tracks.",https://audio.bigmooneducation.com/e2/e289c25578fd4c97783e7d49689c2a2d5a0085b36295a865f454c91f6eb12f51.mp3,https://degqpiiddkxcuzwombwp.supabase.co/storage/v1/object/public/tts-audio/e2/e289c25578fd4c97783e7d49689c2a2d5a0085b36295a865f454c91f6eb12f51.mp3,junior_listening:df06d3a1-289b-4572-b817-3e36dd0cbda5
cleanForTTS 修正前的旧 key,"openai|nova|0.85||W: Hi Tom, what's wrong with you today?
M: Doctor, I've been feeling tired all the time, even after a full night's sleep.
W: How long have you been feeling like this?
M: For about three weeks now. It's getting worse.
W: I see. How often do you exercise these days?
M: I rarely exercise. I'm too busy with school and homework.
W: That might be part of the problem. What about your eating habits?
M: I usually skip breakfast and have fast food for lunch and dinner.
W: You should change that. Eat breakfast every day, drink eight glasses of water, and exercise at least three times a week.
M: OK, I'll try. Should I also take any medicine?
W: Not yet. Try these changes for two weeks. If you still feel tired, come back and I'll do more tests.","W: Hi Tom, what's wrong with you today?
M: Doctor, I've been feeling tired all the time, even after a full night's sleep",https://audio.bigmooneducation.com/d0/d0072ae394759a1f1bffd37137650dc0dfa1c3a2307d699c70dbe1aecc45323c.mp3,https://degqpiiddkxcuzwombwp.supabase.co/storage/v1/object/public/tts-audio/d0/d0072ae394759a1f1bffd37137650dc0dfa1c3a2307d699c70dbe1aecc45323c.mp3,junior_listening:e02772b7-c9c4-41a0-8af7-11ebab409258
cleanForTTS 修正前的旧 key,"openai|nova|0.85||W: Mom, can I go play now?
M: Not yet. You have to clean your room and take out the trash first.","W: Mom, can I go play now?
M: Not yet. You have to clean your room and take out the trash first.",https://audio.bigmooneducation.com/b5/b51474e1be9893379e1704f7ab550954a982c1d08832d22753db1630a818a43a.mp3,https://degqpiiddkxcuzwombwp.supabase.co/storage/v1/object/public/tts-audio/b5/b51474e1be9893379e1704f7ab550954a982c1d08832d22753db1630a818a43a.mp3,junior_listening:e215629c-0c7b-4322-8940-5928ad38e5a4
cleanForTTS 修正前的旧 key,"openai|nova|0.85||W: I'm thinking of buying a new smartphone.
M: Why? Yours still works fine.","W: I'm thinking of buying a new smartphone.
M: Why? Yours still works fine.",https://audio.bigmooneducation.com/bc/bc0ee7a029f3957702003d2e41ee9b97fbdb53ee786d288dade37d589c2ec20e.mp3,https://degqpiiddkxcuzwombwp.supabase.co/storage/v1/object/public/tts-audio/bc/bc0ee7a029f3957702003d2e41ee9b97fbdb53ee786d288dade37d589c2ec20e.mp3,junior_listening:e3953a1d-d266-45c2-80df-2f79daaccba2
cleanForTTS 修正前的旧 key,"openai|nova|0.85||W: Tom, do you think technology will change our lives a lot in 20 years?
M: Definitely. I think robots will do most of the housework, like cleaning and cooking.
W: That sounds nice. What else?
M: Cars will drive themselves. We won't need to learn how to drive anymore.
W: Hmm, but what about jobs? Will robots take all our jobs?
M: Not all of them. We'll still need teachers, doctors, and artists. Robots can't be creative like humans.
W: I'm worried about the environment, though. Will it get better or worse?
M: I hope better. Many countries are using more solar and wind power. Cars will be electric.
W: What about education?
M: Students will learn from anywhere using virtual reality. School won't look like today's.
W: That's exciting! But I'll miss the classroom feel.
M: Same here. Some things shouldn't change.","W: Tom, do you think technology will change our lives a lot in 20 years?
M: Definitely. I think robots will do most of t",https://audio.bigmooneducation.com/0f/0f1381dcbb6945e5077e7d83712e95b6118f3e90914bab059b9eac48c1688067.mp3,https://degqpiiddkxcuzwombwp.supabase.co/storage/v1/object/public/tts-audio/0f/0f1381dcbb6945e5077e7d83712e95b6118f3e90914bab059b9eac48c1688067.mp3,junior_listening:e54f499c-67de-4f8a-8758-92ae8018abca
cleanForTTS 修正前的旧 key,"openai|nova|0.85||W: This soup smells delicious! What's in it?
M: Mushrooms, tomatoes and a bit of garlic. Try it!","W: This soup smells delicious! What's in it?
M: Mushrooms, tomatoes and a bit of garlic. Try it!",https://audio.bigmooneducation.com/22/227249eeccf35c115ce7fd8b973d43cc16c4c643fa8551e940a0aeaf17fe3d12.mp3,https://degqpiiddkxcuzwombwp.supabase.co/storage/v1/object/public/tts-audio/22/227249eeccf35c115ce7fd8b973d43cc16c4c643fa8551e940a0aeaf17fe3d12.mp3,junior_listening:e67ec37d-94f7-4092-80e4-bd72a0370a75
cleanForTTS 修正前的旧 key,"openai|nova|0.85||W: Is math more difficult than English for you?
M: Yes, much more. I'm good at English, but math is really hard.","W: Is math more difficult than English for you?
M: Yes, much more. I'm good at English, but math is really hard.",https://audio.bigmooneducation.com/03/03351be3e416f4dd22aa52a6fce403a1efb6337f51ead3b5a47f033756d9a545.mp3,https://degqpiiddkxcuzwombwp.supabase.co/storage/v1/object/public/tts-audio/03/03351be3e416f4dd22aa52a6fce403a1efb6337f51ead3b5a47f033756d9a545.mp3,junior_listening:e6a3ee83-1b12-4621-8027-aca0e37881f3
cleanForTTS 修正前的旧 key,"openai|nova|0.85||W: Have you ever traveled by plane, Mike?
M: No, never. I'd love to try it someday.","W: Have you ever traveled by plane, Mike?
M: No, never. I'd love to try it someday.",https://audio.bigmooneducation.com/1f/1f5cb11f1aaf400d95a34fff90e5751daec6685e4936743315627c38805028b3.mp3,https://degqpiiddkxcuzwombwp.supabase.co/storage/v1/object/public/tts-audio/1f/1f5cb11f1aaf400d95a34fff90e5751daec6685e4936743315627c38805028b3.mp3,junior_listening:e87e4b9d-19cc-4667-ba56-a20a4140cf7f
cleanForTTS 修正前的旧 key,"openai|nova|0.85||M: Would you mind turning down the music, Lily? I'm studying.
W: Oh, sorry. I'll use my headphones.","M: Would you mind turning down the music, Lily? I'm studying.
W: Oh, sorry. I'll use my headphones.",https://audio.bigmooneducation.com/41/415ca27a4370a95d3f10c540979e9075a6ff4c912cf0196710c20db373ff0835.mp3,https://degqpiiddkxcuzwombwp.supabase.co/storage/v1/object/public/tts-audio/41/415ca27a4370a95d3f10c540979e9075a6ff4c912cf0196710c20db373ff0835.mp3,junior_listening:e911fa51-d2b7-42ba-9edd-0d1cd1ed9254
cleanForTTS 修正前的旧 key,"openai|nova|0.85||M: Lily, I heard you have a twin brother. Are you two similar?
W: Actually, no. We're very different. Tom is more outgoing than me.
M: Really? In what other ways are you different?
W: I'm taller than him by 2 centimeters, but he's heavier. He loves eating!
M: Haha! Who is better at sports?
W: Definitely Tom. He's the best basketball player on his team. I prefer reading and art.
M: So you're more like an artist?
W: Yes. I'm the most creative person in my family, I think. Tom is more athletic.
M: What about study? Who gets better grades?
W: We're about the same. But Tom is better at math, while I'm the strongest at English.
M: Sounds like you complement each other well.
W: We do! That's why we're also best friends.","M: Lily, I heard you have a twin brother. Are you two similar?
W: Actually, no. We're very different. Tom is more outgoi",https://audio.bigmooneducation.com/5c/5c5b38a2bc54b6d91b3307ad7aa0db6387a4d3c3c7782b0e23a41ea83127a4a9.mp3,https://degqpiiddkxcuzwombwp.supabase.co/storage/v1/object/public/tts-audio/5c/5c5b38a2bc54b6d91b3307ad7aa0db6387a4d3c3c7782b0e23a41ea83127a4a9.mp3,junior_listening:ea7d6cde-f55f-4c15-a82d-2ee2a6f330b7
cleanForTTS 修正前的旧 key,"openai|nova|0.85||M: Should I take the bus or ride my bike to school?
W: It's raining today. The bus would be better — drier and warmer.","M: Should I take the bus or ride my bike to school?
W: It's raining today. The bus would be better — drier and warmer.",https://audio.bigmooneducation.com/3c/3cae27ab13da8b417ba7365699dc54a0ccd6ebe313ac20a6dcb510ea412eeb31.mp3,https://degqpiiddkxcuzwombwp.supabase.co/storage/v1/object/public/tts-audio/3c/3cae27ab13da8b417ba7365699dc54a0ccd6ebe313ac20a6dcb510ea412eeb31.mp3,junior_listening:ef5373a1-6e79-48a5-a699-0d3f4132ef15
cleanForTTS 修正前的旧 key,"openai|nova|0.85||M: Will computers be smarter than humans someday?
W: They are already smarter at many things, but humans still have feelings.","M: Will computers be smarter than humans someday?
W: They are already smarter at many things, but humans still have feel",https://audio.bigmooneducation.com/65/65f2f2cb4e3ceb2b9232834a6165914838ddd63e217735822e08658834ce71f5.mp3,https://degqpiiddkxcuzwombwp.supabase.co/storage/v1/object/public/tts-audio/65/65f2f2cb4e3ceb2b9232834a6165914838ddd63e217735822e08658834ce71f5.mp3,junior_listening:f3422f5a-5704-4a7a-bdf5-0d86db249240
cleanForTTS 修正前的旧 key,"openai|nova|0.85||W: How often do you exercise, Tom?
M: I run three times a week and play basketball every Sunday.","W: How often do you exercise, Tom?
M: I run three times a week and play basketball every Sunday.",https://audio.bigmooneducation.com/b3/b381334cebf80b3226dcabf0f50c9ee2739c9d2d4c418f26f448c13aa73f2f94.mp3,https://degqpiiddkxcuzwombwp.supabase.co/storage/v1/object/public/tts-audio/b3/b381334cebf80b3226dcabf0f50c9ee2739c9d2d4c418f26f448c13aa73f2f94.mp3,junior_listening:f4a279ea-64b1-4ee8-984b-b3f2e6ba848a
cleanForTTS 修正前的旧 key,"openai|nova|0.85||M: Do you help with housework?
W: Yes, I cook dinner twice a week and do the laundry on weekends.","M: Do you help with housework?
W: Yes, I cook dinner twice a week and do the laundry on weekends.",https://audio.bigmooneducation.com/20/206dbd862016757ce4c283945394aa28a60562017351f669429bcb2a5bf35364.mp3,https://degqpiiddkxcuzwombwp.supabase.co/storage/v1/object/public/tts-audio/20/206dbd862016757ce4c283945394aa28a60562017351f669429bcb2a5bf35364.mp3,junior_listening:f5be1b43-0bdf-4aa5-88c7-12980a62c055
cleanForTTS 修正前的旧 key,"openai|nova|0.85||M: How long have you been studying English?
W: For about six years. I started in primary school.","M: How long have you been studying English?
W: For about six years. I started in primary school.",https://audio.bigmooneducation.com/3e/3e0944350c77b65ab0c00d0c942ba962b596a3801c60ed7cd84517e3b7810940.mp3,https://degqpiiddkxcuzwombwp.supabase.co/storage/v1/object/public/tts-audio/3e/3e0944350c77b65ab0c00d0c942ba962b596a3801c60ed7cd84517e3b7810940.mp3,junior_listening:f5d33d5b-58fd-4479-8842-a3c12dbdc319
cleanForTTS 修正前的旧 key,"openai|nova|0.85||W: Should kids have smartphones?
M: It depends on age and how they use them.","W: Should kids have smartphones?
M: It depends on age and how they use them.",https://audio.bigmooneducation.com/cd/cd1c4bfd8893b9f4e786c0ef8a6dcd4b7e089b793be4b19899207a102e701268.mp3,https://degqpiiddkxcuzwombwp.supabase.co/storage/v1/object/public/tts-audio/cd/cd1c4bfd8893b9f4e786c0ef8a6dcd4b7e089b793be4b19899207a102e701268.mp3,junior_listening:f811aaee-5af4-422c-9d83-3e364ededc13
cleanForTTS 修正前的旧 key,"openai|nova|0.85||W: Would you like to come to my birthday party on Saturday?
M: I'd love to! What time should I be there?","W: Would you like to come to my birthday party on Saturday?
M: I'd love to! What time should I be there?",https://audio.bigmooneducation.com/0a/0aefb7f147dea0e3348d7e12ff16ae22dd13073a799925586521e78438801e94.mp3,https://degqpiiddkxcuzwombwp.supabase.co/storage/v1/object/public/tts-audio/0a/0aefb7f147dea0e3348d7e12ff16ae22dd13073a799925586521e78438801e94.mp3,junior_listening:ff4ce274-f123-4d85-8b01-952c65958306
